stable_key	stable_key_sha256	source_file	source_line	source_function	signature	resolved_owner	resolved_function	owner_resolution_evidence	reuse_disposition	extension_summary	predecessor_paths	source_target_branch	source_algorithm	source_fields	source_constants	source_side_effects	source_calls	retail_classification	retail_delta_status	retail_va_or_empty	retail_name_or_empty	retail_semantic_status_or_empty	retail_evidence	retail_evidence_boundary	retail_falsifier	closure_receipt_sources	closure_receipt_sha256	generation32_grade	generation32_contract_state	generation32_evidence	generation32_ready_sha256	current_name_candidates	original_partition_readiness	rebuild_disposition
"[""actor.h"",18,""SetThingType"",""SetThingType(ULONG t)""]"	14c040f92058b8436bf24432ce2470120dbc2a6c060006bc680986e2554c813b	actor.h	18	SetThingType	SetThingType(ULONG t)	CActor	CActor::SetThingType	actor.h:13 DECLARE_THING_CLASS(CActor, CComplexThing), closed at line 65	EXTENDED	Recovered the lexical class owner from the pinned macro class declaration, then reran qualified-name and promoted-semantic joins.	local-lab/ghidra-rtti-slot-residual-167-static-20260810-v1/contracts.tsv;local-lab/hermes-kanban-campaign-2026-08-22/source-first-expansion/partition.tsv;references/Onslaught/actor.h;reverse-engineering/EVIDENCE-REGISTER.tsv;reverse-engineering/binary-analysis/cactor-vtable-semantics-2026-08-11.tsv	all source targets (header include guard only)	Delegates to `SUPERTYPE::SetThingType`.		THING_TYPE_ACTOR	calls SUPERTYPE::SetThingType	SUPERTYPE::SetThingType	SOURCE_EXACT	SOURCE_AGREES	0x00401540	CActor__VFunc_38_00401540	SOURCE_INLINE	reverse-engineering/binary-analysis/cactor-vtable-semantics-2026-08-11.tsv	Stores the input OR the inherited thing mask and THING_TYPE_ACTOR exactly as source	Contradictory pristine-byte or independently reviewed semantic evidence showing this VA does not implement this exact source line/signature.	local-lab/ghidra-rtti-slot-residual-167-static-20260810-v1/contracts.tsv	44e6a1203e5924bec1585db21f9287674a6855d9586a4f737cb0a717652b63e0	C1_CANDIDATE_PARTIAL	OPEN_EXECUTED	BASELINE_STATIC;ANALYST_METADATA_ONLY;RUNTIME_BOUNDED;CAMPAIGN_C1_STATIC_RECEIPT	08ed89644ed25feb9e85fefb5b31ab2bdecbbd91b8aca720e20c53a7fbc5e73f		AMBIGUOUS_OVERLOAD_MACRO_NONFUNCTION	PARTIAL: Level100ActorRegistry/Level100ActorMechanics carry bounded Level-100 actor state, but no generic CThing/CComplexThing/CActor source-class port owns this exact row.
"[""actor.h"",24,""GetVelocity"",""GetVelocity()""]"	07fbdb5f96334bd5bcd469f7f293af2df1c7dd143565fba7e1b06e4383b48e30	actor.h	24	GetVelocity	GetVelocity()	CActor	CActor::GetVelocity	actor.h:13 DECLARE_THING_CLASS(CActor, CComplexThing), closed at line 65	EXTENDED	Recovered the lexical class owner from the pinned macro class declaration, then reran qualified-name and promoted-semantic joins.	local-lab/hermes-kanban-campaign-2026-08-22/source-first-expansion/partition.tsv;references/Onslaught/actor.h;reverse-engineering/binary-analysis/cactor-vtable-semantics-2026-08-11.tsv;reverse-engineering/binary-analysis/cbattleengine-vtable-semantics-2026-08-11.tsv;reverse-engineering/binary-analysis/ccomplexthing-vtable-semantics-2026-08-11.tsv;reverse-engineering/binary-analysis/cthing-vtable-semantics-2026-08-11.tsv;reverse-engineering/binary-analysis/function-c1-closure-2026-08-11.tsv;reverse-engineering/binary-analysis/ghidra-function-name-table-2026-08-17.tsv	all source targets (header include guard only)	Returns `mVelocity`.	mVelocity		none (read-only or no-op)		NO_MATCH_FOUND	SOURCE_ONLY				reverse-engineering/binary-analysis/ghidra-function-name-table-2026-08-17.tsv;reverse-engineering/binary-analysis/function-c1-closure-2026-08-11.tsv;promoted CThing/CActor/CBattleEngine/CComplexThing semantic tables;resolved lexical owner	No supported target after repaired-owner direct-name search and promoted-semantic search; bounded negative only, not binary absence or proof of inlining/folding.	A named semantic/body/xref authority locating a compiler-emitted or folded retail implementation of `CActor::GetVelocity`.								AMBIGUOUS_OVERLOAD_MACRO_NONFUNCTION	PARTIAL: Level100ActorRegistry/Level100ActorMechanics carry bounded Level-100 actor state, but no generic CThing/CComplexThing/CActor source-class port owns this exact row.
"[""actor.h"",25,""SetVelocity"",""SetVelocity(const FVector& vel)""]"	1636847c59d19c525770fc79b872f39f7272742c1d3c8a00143a5d227613cf56	actor.h	25	SetVelocity	SetVelocity(const FVector& vel)	CActor	CActor::SetVelocity	actor.h:13 DECLARE_THING_CLASS(CActor, CComplexThing), closed at line 65	EXTENDED	Recovered the lexical class owner from the pinned macro class declaration, then reran qualified-name and promoted-semantic joins.	local-lab/hermes-kanban-campaign-2026-08-22/source-first-expansion/partition.tsv;references/Onslaught/actor.h;reverse-engineering/binary-analysis/cactor-vtable-semantics-2026-08-11.tsv;reverse-engineering/binary-analysis/cbattleengine-vtable-semantics-2026-08-11.tsv;reverse-engineering/binary-analysis/ccomplexthing-vtable-semantics-2026-08-11.tsv;reverse-engineering/binary-analysis/cthing-vtable-semantics-2026-08-11.tsv;reverse-engineering/binary-analysis/function-c1-closure-2026-08-11.tsv;reverse-engineering/binary-analysis/ghidra-function-name-table-2026-08-17.tsv	all source targets (header include guard only)	Updates `mVelocity` from its arguments/constants.	mVelocity		writes mVelocity		NO_MATCH_FOUND	SOURCE_ONLY				reverse-engineering/binary-analysis/ghidra-function-name-table-2026-08-17.tsv;reverse-engineering/binary-analysis/function-c1-closure-2026-08-11.tsv;promoted CThing/CActor/CBattleEngine/CComplexThing semantic tables;resolved lexical owner	No supported target after repaired-owner direct-name search and promoted-semantic search; bounded negative only, not binary absence or proof of inlining/folding.	A named semantic/body/xref authority locating a compiler-emitted or folded retail implementation of `CActor::SetVelocity`.								AMBIGUOUS_OVERLOAD_MACRO_NONFUNCTION	PARTIAL: Level100ActorRegistry/Level100ActorMechanics carry bounded Level-100 actor state, but no generic CThing/CComplexThing/CActor source-class port owns this exact row.
"[""actor.h"",26,""AddVelocity"",""AddVelocity(const FVector& vel)""]"	3743de7f636b284699a927e8682a819ea1aa83ae632739e249270e9875298d25	actor.h	26	AddVelocity	AddVelocity(const FVector& vel)	CActor	CActor::AddVelocity	actor.h:13 DECLARE_THING_CLASS(CActor, CComplexThing), closed at line 65	EXTENDED	Recovered the lexical class owner from the pinned macro class declaration, then reran qualified-name and promoted-semantic joins.	local-lab/hermes-kanban-campaign-2026-08-22/source-first-expansion/partition.tsv;references/Onslaught/actor.h;reverse-engineering/binary-analysis/cactor-vtable-semantics-2026-08-11.tsv;reverse-engineering/binary-analysis/cbattleengine-vtable-semantics-2026-08-11.tsv;reverse-engineering/binary-analysis/ccomplexthing-vtable-semantics-2026-08-11.tsv;reverse-engineering/binary-analysis/cthing-vtable-semantics-2026-08-11.tsv;reverse-engineering/binary-analysis/function-c1-closure-2026-08-11.tsv;reverse-engineering/binary-analysis/ghidra-function-name-table-2026-08-17.tsv	all source targets (header include guard only)	Updates `mVelocity` from its arguments/constants.	mVelocity		writes mVelocity		NO_MATCH_FOUND	SOURCE_ONLY				reverse-engineering/binary-analysis/ghidra-function-name-table-2026-08-17.tsv;reverse-engineering/binary-analysis/function-c1-closure-2026-08-11.tsv;promoted CThing/CActor/CBattleEngine/CComplexThing semantic tables;resolved lexical owner	No supported target after repaired-owner direct-name search and promoted-semantic search; bounded negative only, not binary absence or proof of inlining/folding.	A named semantic/body/xref authority locating a compiler-emitted or folded retail implementation of `CActor::AddVelocity`.								AMBIGUOUS_OVERLOAD_MACRO_NONFUNCTION	PARTIAL: Level100ActorRegistry/Level100ActorMechanics carry bounded Level-100 actor state, but no generic CThing/CComplexThing/CActor source-class port owns this exact row.
"[""actor.h"",27,""GetOldPos"",""GetOldPos()""]"	42781fc9728e0ff30154191a25ebdfd331d14a1b3bf3e9595c3efb4a01b5e593	actor.h	27	GetOldPos	GetOldPos()	CActor	CActor::GetOldPos	actor.h:13 DECLARE_THING_CLASS(CActor, CComplexThing), closed at line 65	EXTENDED	Recovered the lexical class owner from the pinned macro class declaration, then reran qualified-name and promoted-semantic joins.	local-lab/hermes-kanban-campaign-2026-08-22/source-first-expansion/partition.tsv;references/Onslaught/actor.h;reverse-engineering/binary-analysis/cactor-vtable-semantics-2026-08-11.tsv;reverse-engineering/binary-analysis/cbattleengine-vtable-semantics-2026-08-11.tsv;reverse-engineering/binary-analysis/ccomplexthing-vtable-semantics-2026-08-11.tsv;reverse-engineering/binary-analysis/cthing-vtable-semantics-2026-08-11.tsv;reverse-engineering/binary-analysis/function-c1-closure-2026-08-11.tsv;reverse-engineering/binary-analysis/ghidra-function-name-table-2026-08-17.tsv	all source targets (header include guard only)	Returns `mOldPos`.	mOldPos		none (read-only or no-op)		NO_MATCH_FOUND	SOURCE_ONLY				reverse-engineering/binary-analysis/ghidra-function-name-table-2026-08-17.tsv;reverse-engineering/binary-analysis/function-c1-closure-2026-08-11.tsv;promoted CThing/CActor/CBattleEngine/CComplexThing semantic tables;resolved lexical owner	No supported target after repaired-owner direct-name search and promoted-semantic search; bounded negative only, not binary absence or proof of inlining/folding.	A named semantic/body/xref authority locating a compiler-emitted or folded retail implementation of `CActor::GetOldPos`.								AMBIGUOUS_OVERLOAD_MACRO_NONFUNCTION	PARTIAL: Level100ActorRegistry/Level100ActorMechanics carry bounded Level-100 actor state, but no generic CThing/CComplexThing/CActor source-class port owns this exact row.
"[""actor.h"",28,""GetOldOrientation"",""GetOldOrientation()""]"	668dc8e698378c3e48b21246b6bb4b3d36a43fc72c53ff42af5ec26929b35d72	actor.h	28	GetOldOrientation	GetOldOrientation()	CActor	CActor::GetOldOrientation	actor.h:13 DECLARE_THING_CLASS(CActor, CComplexThing), closed at line 65	EXTENDED	Recovered the lexical class owner from the pinned macro class declaration, then reran qualified-name and promoted-semantic joins.	local-lab/hermes-kanban-campaign-2026-08-22/source-first-expansion/partition.tsv;references/Onslaught/actor.h;reverse-engineering/binary-analysis/cactor-vtable-semantics-2026-08-11.tsv;reverse-engineering/binary-analysis/cbattleengine-vtable-semantics-2026-08-11.tsv;reverse-engineering/binary-analysis/ccomplexthing-vtable-semantics-2026-08-11.tsv;reverse-engineering/binary-analysis/cthing-vtable-semantics-2026-08-11.tsv;reverse-engineering/binary-analysis/function-c1-closure-2026-08-11.tsv;reverse-engineering/binary-analysis/ghidra-function-name-table-2026-08-17.tsv	all source targets (header include guard only)	Returns `mOldOrientation`.	mOldOrientation		none (read-only or no-op)		NO_MATCH_FOUND	SOURCE_ONLY				reverse-engineering/binary-analysis/ghidra-function-name-table-2026-08-17.tsv;reverse-engineering/binary-analysis/function-c1-closure-2026-08-11.tsv;promoted CThing/CActor/CBattleEngine/CComplexThing semantic tables;resolved lexical owner	No supported target after repaired-owner direct-name search and promoted-semantic search; bounded negative only, not binary absence or proof of inlining/folding.	A named semantic/body/xref authority locating a compiler-emitted or folded retail implementation of `CActor::GetOldOrientation`.								AMBIGUOUS_OVERLOAD_MACRO_NONFUNCTION	PARTIAL: Level100ActorRegistry/Level100ActorMechanics carry bounded Level-100 actor state, but no generic CThing/CComplexThing/CActor source-class port owns this exact row.
"[""actor.h"",35,""GetLocalLastFrameMovement"",""GetLocalLastFrameMovement()""]"	78c3c061849605c55efcde5e1e56053b22d30d5ab5749c56f2ece6c5035a5826	actor.h	35	GetLocalLastFrameMovement	GetLocalLastFrameMovement()	CActor	CActor::GetLocalLastFrameMovement	actor.h:13 DECLARE_THING_CLASS(CActor, CComplexThing), closed at line 65	EXTENDED	Recovered the lexical class owner from the pinned macro class declaration, then reran qualified-name and promoted-semantic joins.	local-lab/ghidra-playercontrol65-static-20260809-v1/contracts.tsv;local-lab/hermes-kanban-campaign-2026-08-22/source-first-expansion/partition.tsv;references/Onslaught/actor.h;reverse-engineering/EVIDENCE-REGISTER.tsv;reverse-engineering/binary-analysis/cactor-vtable-semantics-2026-08-11.tsv	all source targets (header include guard only)	Returns `mPos - mOldPos`.	mOldPos;mPos		none (read-only or no-op)		SOURCE_EXACT	SOURCE_AGREES	0x00401550	HYP__CActor__GetLocalLastFrameMovement	SOURCE_INLINE	reverse-engineering/binary-analysis/cactor-vtable-semantics-2026-08-11.tsv	Returns current position minus old position as the source inline declares	Contradictory pristine-byte or independently reviewed semantic evidence showing this VA does not implement this exact source line/signature.	local-lab/ghidra-playercontrol65-static-20260809-v1/contracts.tsv	3e9031b3fe71928c866e986cc7625603d5d91dbcd75df9a1a324f0eb4f4b796c	C1_CANDIDATE_PARTIAL	OPEN_EXECUTED	BASELINE_STATIC;ANALYST_METADATA_ONLY;RUNTIME_BOUNDED;CAMPAIGN_C1_STATIC_RECEIPT	08ed89644ed25feb9e85fefb5b31ab2bdecbbd91b8aca720e20c53a7fbc5e73f		AMBIGUOUS_OVERLOAD_MACRO_NONFUNCTION	PARTIAL: Level100ActorRegistry/Level100ActorMechanics carry bounded Level-100 actor state, but no generic CThing/CComplexThing/CActor source-class port owns this exact row.
"[""actor.h"",40,""Stop"",""Stop()""]"	418c892bf2ae386bc8072ce143a6addf96ba0c267820b403fc22312d330f7ae8	actor.h	40	Stop	Stop()	CActor	CActor::Stop	actor.h:13 DECLARE_THING_CLASS(CActor, CComplexThing), closed at line 65	EXTENDED	Recovered the lexical class owner from the pinned macro class declaration, then reran qualified-name and promoted-semantic joins.	local-lab/ghidra-rtti-slot-residual-167-static-20260810-v1/contracts.tsv;local-lab/hermes-kanban-campaign-2026-08-22/source-first-expansion/partition.tsv;references/Onslaught/actor.h;reverse-engineering/EVIDENCE-REGISTER.tsv;reverse-engineering/binary-analysis/cactor-vtable-semantics-2026-08-11.tsv	all source targets (header include guard only)	Updates `mVelocity` from its arguments/constants.	mVelocity	0	writes mVelocity; calls FVector	FVector	SOURCE_EXACT	SOURCE_AGREES	0x00401580	CActor__VFunc_64_00401580	SOURCE_INLINE	reverse-engineering/binary-analysis/cactor-vtable-semantics-2026-08-11.tsv	Zeros the velocity FVector; the fourth copied dword is structure padding rather than another semantic component	Contradictory pristine-byte or independently reviewed semantic evidence showing this VA does not implement this exact source line/signature.	local-lab/ghidra-rtti-slot-residual-167-static-20260810-v1/contracts.tsv	44e6a1203e5924bec1585db21f9287674a6855d9586a4f737cb0a717652b63e0	C1_CANDIDATE_PARTIAL	OPEN_DARK	BASELINE_STATIC;ANALYST_METADATA_ONLY;CAMPAIGN_C1_STATIC_RECEIPT	08ed89644ed25feb9e85fefb5b31ab2bdecbbd91b8aca720e20c53a7fbc5e73f		AMBIGUOUS_OVERLOAD_MACRO_NONFUNCTION	PARTIAL: Level100ActorRegistry/Level100ActorMechanics carry bounded Level-100 actor state, but no generic CThing/CComplexThing/CActor source-class port owns this exact row.
"[""actor.h"",53,""GetLastTimeOnGround"",""GetLastTimeOnGround()""]"	e5278c2d39861285e70d811e51f1ec60828d378dc0dc543c57892da43762ed6e	actor.h	53	GetLastTimeOnGround	GetLastTimeOnGround()	CActor	CActor::GetLastTimeOnGround	actor.h:13 DECLARE_THING_CLASS(CActor, CComplexThing), closed at line 65	EXTENDED	Recovered the lexical class owner from the pinned macro class declaration, then reran qualified-name and promoted-semantic joins.	local-lab/hermes-kanban-campaign-2026-08-22/source-first-expansion/partition.tsv;references/Onslaught/actor.h;reverse-engineering/binary-analysis/cactor-vtable-semantics-2026-08-11.tsv;reverse-engineering/binary-analysis/cbattleengine-vtable-semantics-2026-08-11.tsv;reverse-engineering/binary-analysis/ccomplexthing-vtable-semantics-2026-08-11.tsv;reverse-engineering/binary-analysis/cthing-vtable-semantics-2026-08-11.tsv;reverse-engineering/binary-analysis/function-c1-closure-2026-08-11.tsv;reverse-engineering/binary-analysis/ghidra-function-name-table-2026-08-17.tsv	all source targets (header include guard only)	Returns `mLastTimeOnGround`.	mLastTimeOnGround		none (read-only or no-op)		NO_MATCH_FOUND	SOURCE_ONLY				reverse-engineering/binary-analysis/ghidra-function-name-table-2026-08-17.tsv;reverse-engineering/binary-analysis/function-c1-closure-2026-08-11.tsv;promoted CThing/CActor/CBattleEngine/CComplexThing semantic tables;resolved lexical owner	No supported target after repaired-owner direct-name search and promoted-semantic search; bounded negative only, not binary absence or proof of inlining/folding.	A named semantic/body/xref authority locating a compiler-emitted or folded retail implementation of `CActor::GetLastTimeOnGround`.								AMBIGUOUS_OVERLOAD_MACRO_NONFUNCTION	PARTIAL: Level100ActorRegistry/Level100ActorMechanics carry bounded Level-100 actor state, but no generic CThing/CComplexThing/CActor source-class port owns this exact row.
"[""actor.h"",54,""GetLastTimeInWater"",""GetLastTimeInWater()""]"	938d20d4d2bf504f8d6ef7c580a38256660687a8e6866d0cbdd445e10029409d	actor.h	54	GetLastTimeInWater	GetLastTimeInWater()	CActor	CActor::GetLastTimeInWater	actor.h:13 DECLARE_THING_CLASS(CActor, CComplexThing), closed at line 65	EXTENDED	Recovered the lexical class owner from the pinned macro class declaration, then reran qualified-name and promoted-semantic joins.	local-lab/hermes-kanban-campaign-2026-08-22/source-first-expansion/partition.tsv;references/Onslaught/actor.h;reverse-engineering/binary-analysis/cactor-vtable-semantics-2026-08-11.tsv;reverse-engineering/binary-analysis/cbattleengine-vtable-semantics-2026-08-11.tsv;reverse-engineering/binary-analysis/ccomplexthing-vtable-semantics-2026-08-11.tsv;reverse-engineering/binary-analysis/cthing-vtable-semantics-2026-08-11.tsv;reverse-engineering/binary-analysis/function-c1-closure-2026-08-11.tsv;reverse-engineering/binary-analysis/ghidra-function-name-table-2026-08-17.tsv	all source targets (header include guard only)	Returns `mLastTimeInWater`.	mLastTimeInWater		none (read-only or no-op)		NO_MATCH_FOUND	SOURCE_ONLY				reverse-engineering/binary-analysis/ghidra-function-name-table-2026-08-17.tsv;reverse-engineering/binary-analysis/function-c1-closure-2026-08-11.tsv;promoted CThing/CActor/CBattleEngine/CComplexThing semantic tables;resolved lexical owner	No supported target after repaired-owner direct-name search and promoted-semantic search; bounded negative only, not binary absence or proof of inlining/folding.	A named semantic/body/xref authority locating a compiler-emitted or folded retail implementation of `CActor::GetLastTimeInWater`.								AMBIGUOUS_OVERLOAD_MACRO_NONFUNCTION	PARTIAL: Level100ActorRegistry/Level100ActorMechanics carry bounded Level-100 actor state, but no generic CThing/CComplexThing/CActor source-class port owns this exact row.
"[""actor.h"",55,""GetLastTimeOnObject"",""GetLastTimeOnObject()""]"	15adc40a0cdeb358852a343c323171884066e193bbe7200c99fd859b0b817b21	actor.h	55	GetLastTimeOnObject	GetLastTimeOnObject()	CActor	CActor::GetLastTimeOnObject	actor.h:13 DECLARE_THING_CLASS(CActor, CComplexThing), closed at line 65	EXTENDED	Recovered the lexical class owner from the pinned macro class declaration, then reran qualified-name and promoted-semantic joins.	local-lab/hermes-kanban-campaign-2026-08-22/source-first-expansion/partition.tsv;references/Onslaught/actor.h;reverse-engineering/binary-analysis/cactor-vtable-semantics-2026-08-11.tsv;reverse-engineering/binary-analysis/cbattleengine-vtable-semantics-2026-08-11.tsv;reverse-engineering/binary-analysis/ccomplexthing-vtable-semantics-2026-08-11.tsv;reverse-engineering/binary-analysis/cthing-vtable-semantics-2026-08-11.tsv;reverse-engineering/binary-analysis/function-c1-closure-2026-08-11.tsv;reverse-engineering/binary-analysis/ghidra-function-name-table-2026-08-17.tsv	all source targets (header include guard only)	Returns `mLastTimeOnObject`.	mLastTimeOnObject		none (read-only or no-op)		NO_MATCH_FOUND	SOURCE_ONLY				reverse-engineering/binary-analysis/ghidra-function-name-table-2026-08-17.tsv;reverse-engineering/binary-analysis/function-c1-closure-2026-08-11.tsv;promoted CThing/CActor/CBattleEngine/CComplexThing semantic tables;resolved lexical owner	No supported target after repaired-owner direct-name search and promoted-semantic search; bounded negative only, not binary absence or proof of inlining/folding.	A named semantic/body/xref authority locating a compiler-emitted or folded retail implementation of `CActor::GetLastTimeOnObject`.								AMBIGUOUS_OVERLOAD_MACRO_NONFUNCTION	PARTIAL: Level100ActorRegistry/Level100ActorMechanics carry bounded Level-100 actor state, but no generic CThing/CComplexThing/CActor source-class port owns this exact row.
"[""BattleEngine.h"",96,""GetZoom"",""GetZoom()""]"	90d96fcbc956200d8bff3f655972576f061de9b5aae285e0bd2b96665ba84a48	BattleEngine.h	96	GetZoom	GetZoom()	CBattleEngine	CBattleEngine::GetZoom	BattleEngine.h:72 DECLARE_THING_CLASS(CBattleEngine, CUnit), closed at line 485	EXTENDED	Recovered the lexical class owner from the pinned macro class declaration, then reran qualified-name and promoted-semantic joins.	local-lab/hermes-kanban-campaign-2026-08-22/source-first-expansion/partition.tsv;references/Onslaught/BattleEngine.h;reverse-engineering/binary-analysis/cactor-vtable-semantics-2026-08-11.tsv;reverse-engineering/binary-analysis/cbattleengine-vtable-semantics-2026-08-11.tsv;reverse-engineering/binary-analysis/ccomplexthing-vtable-semantics-2026-08-11.tsv;reverse-engineering/binary-analysis/cthing-vtable-semantics-2026-08-11.tsv;reverse-engineering/binary-analysis/function-c1-closure-2026-08-11.tsv;reverse-engineering/binary-analysis/ghidra-function-name-table-2026-08-17.tsv	all source targets (header include guard only)	Returns `mZoom`.	mZoom		none (read-only or no-op)		NO_MATCH_FOUND	SOURCE_ONLY				reverse-engineering/binary-analysis/ghidra-function-name-table-2026-08-17.tsv;reverse-engineering/binary-analysis/function-c1-closure-2026-08-11.tsv;promoted CThing/CActor/CBattleEngine/CComplexThing semantic tables;resolved lexical owner	No supported target after repaired-owner direct-name search and promoted-semantic search; bounded negative only, not binary absence or proof of inlining/folding.	A named semantic/body/xref authority locating a compiler-emitted or folded retail implementation of `CBattleEngine::GetZoom`.								AMBIGUOUS_OVERLOAD_MACRO_NONFUNCTION	PARTIAL: RetailBattleEngine* helpers and Simulation carry bounded movement, gravity, interpolation, damage, cloak, augment, weapon, and configuration laws; this exact source row is not assumed carried.
"[""BattleEngine.h"",97,""GetOldZoom"",""GetOldZoom()""]"	5e4f4af00010232822c5bc3513e01bbb2883c6ae1afe5ae43380c1174a887a54	BattleEngine.h	97	GetOldZoom	GetOldZoom()	CBattleEngine	CBattleEngine::GetOldZoom	BattleEngine.h:72 DECLARE_THING_CLASS(CBattleEngine, CUnit), closed at line 485	EXTENDED	Recovered the lexical class owner from the pinned macro class declaration, then reran qualified-name and promoted-semantic joins.	local-lab/hermes-kanban-campaign-2026-08-22/source-first-expansion/partition.tsv;references/Onslaught/BattleEngine.h;reverse-engineering/binary-analysis/cactor-vtable-semantics-2026-08-11.tsv;reverse-engineering/binary-analysis/cbattleengine-vtable-semantics-2026-08-11.tsv;reverse-engineering/binary-analysis/ccomplexthing-vtable-semantics-2026-08-11.tsv;reverse-engineering/binary-analysis/cthing-vtable-semantics-2026-08-11.tsv;reverse-engineering/binary-analysis/function-c1-closure-2026-08-11.tsv;reverse-engineering/binary-analysis/ghidra-function-name-table-2026-08-17.tsv	all source targets (header include guard only)	Returns `mOldZoom`.	mOldZoom		none (read-only or no-op)		NO_MATCH_FOUND	SOURCE_ONLY				reverse-engineering/binary-analysis/ghidra-function-name-table-2026-08-17.tsv;reverse-engineering/binary-analysis/function-c1-closure-2026-08-11.tsv;promoted CThing/CActor/CBattleEngine/CComplexThing semantic tables;resolved lexical owner	No supported target after repaired-owner direct-name search and promoted-semantic search; bounded negative only, not binary absence or proof of inlining/folding.	A named semantic/body/xref authority locating a compiler-emitted or folded retail implementation of `CBattleEngine::GetOldZoom`.								AMBIGUOUS_OVERLOAD_MACRO_NONFUNCTION	PARTIAL: RetailBattleEngine* helpers and Simulation carry bounded movement, gravity, interpolation, damage, cloak, augment, weapon, and configuration laws; this exact source row is not assumed carried.
"[""BattleEngine.h"",108,""AttachEquipment"",""AttachEquipment(CEquipment* eqi)""]"	4e81e753cd4c56075bbc849f652528ece41a2483485e4465bb1975c4f99e1d1a	BattleEngine.h	108	AttachEquipment	AttachEquipment(CEquipment* eqi)	CBattleEngine	CBattleEngine::AttachEquipment	BattleEngine.h:72 DECLARE_THING_CLASS(CBattleEngine, CUnit), closed at line 485	EXTENDED	Recovered the lexical class owner from the pinned macro class declaration, then reran qualified-name and promoted-semantic joins.	local-lab/hermes-kanban-campaign-2026-08-22/source-first-expansion/partition.tsv;references/Onslaught/BattleEngine.h;reverse-engineering/binary-analysis/cactor-vtable-semantics-2026-08-11.tsv;reverse-engineering/binary-analysis/cbattleengine-vtable-semantics-2026-08-11.tsv;reverse-engineering/binary-analysis/ccomplexthing-vtable-semantics-2026-08-11.tsv;reverse-engineering/binary-analysis/cthing-vtable-semantics-2026-08-11.tsv;reverse-engineering/binary-analysis/function-c1-closure-2026-08-11.tsv;reverse-engineering/binary-analysis/ghidra-function-name-table-2026-08-17.tsv	all source targets (header include guard only)	Delegates to `Add`.	mEquipment		calls Add	Add	NO_MATCH_FOUND	SOURCE_ONLY				reverse-engineering/binary-analysis/ghidra-function-name-table-2026-08-17.tsv;reverse-engineering/binary-analysis/function-c1-closure-2026-08-11.tsv;promoted CThing/CActor/CBattleEngine/CComplexThing semantic tables;resolved lexical owner	No supported target after repaired-owner direct-name search and promoted-semantic search; bounded negative only, not binary absence or proof of inlining/folding.	A named semantic/body/xref authority locating a compiler-emitted or folded retail implementation of `CBattleEngine::AttachEquipment`.								AMBIGUOUS_OVERLOAD_MACRO_NONFUNCTION	PARTIAL: RetailBattleEngine* helpers and Simulation carry bounded movement, gravity, interpolation, damage, cloak, augment, weapon, and configuration laws; this exact source row is not assumed carried.
"[""BattleEngine.h"",110,""GetUnitOverCrossHair"",""* GetUnitOverCrossHair()""]"	9716ead75bb5ecded23719099450d5ea7319bf76028ccc80f43d809e66537281	BattleEngine.h	110	GetUnitOverCrossHair	* GetUnitOverCrossHair()	CBattleEngine	CBattleEngine::GetUnitOverCrossHair	BattleEngine.h:72 DECLARE_THING_CLASS(CBattleEngine, CUnit), closed at line 485	EXTENDED	Recovered the lexical class owner from the pinned macro class declaration, then reran qualified-name and promoted-semantic joins.	local-lab/hermes-kanban-campaign-2026-08-22/source-first-expansion/partition.tsv;references/Onslaught/BattleEngine.h;reverse-engineering/binary-analysis/cactor-vtable-semantics-2026-08-11.tsv;reverse-engineering/binary-analysis/cbattleengine-vtable-semantics-2026-08-11.tsv;reverse-engineering/binary-analysis/ccomplexthing-vtable-semantics-2026-08-11.tsv;reverse-engineering/binary-analysis/cthing-vtable-semantics-2026-08-11.tsv;reverse-engineering/binary-analysis/function-c1-closure-2026-08-11.tsv;reverse-engineering/binary-analysis/ghidra-function-name-table-2026-08-17.tsv	all source targets (header include guard only)	Returns `mCurrentUnitOverCrosshair.ToRead()`.	mCurrentUnitOverCrosshair		none (read-only or no-op)	ToRead	NO_MATCH_FOUND	SOURCE_ONLY				reverse-engineering/binary-analysis/ghidra-function-name-table-2026-08-17.tsv;reverse-engineering/binary-analysis/function-c1-closure-2026-08-11.tsv;promoted CThing/CActor/CBattleEngine/CComplexThing semantic tables;resolved lexical owner	No supported target after repaired-owner direct-name search and promoted-semantic search; bounded negative only, not binary absence or proof of inlining/folding.	A named semantic/body/xref authority locating a compiler-emitted or folded retail implementation of `CBattleEngine::GetUnitOverCrossHair`.								AMBIGUOUS_OVERLOAD_MACRO_NONFUNCTION	PARTIAL: RetailBattleEngine* helpers and Simulation carry bounded movement, gravity, interpolation, damage, cloak, augment, weapon, and configuration laws; this exact source row is not assumed carried.
"[""BattleEngine.h"",111,""GetUnitOverCrossHairRegardlessOfRange"",""* GetUnitOverCrossHairRegardlessOfRange()""]"	44fdcee1b4afa738c2149bc2b59b86d5bac51b55c823b0c9a925a57790c2196a	BattleEngine.h	111	GetUnitOverCrossHairRegardlessOfRange	* GetUnitOverCrossHairRegardlessOfRange()	CBattleEngine	CBattleEngine::GetUnitOverCrossHairRegardlessOfRange	BattleEngine.h:72 DECLARE_THING_CLASS(CBattleEngine, CUnit), closed at line 485	EXTENDED	Recovered the lexical class owner from the pinned macro class declaration, then reran qualified-name and promoted-semantic joins.	local-lab/hermes-kanban-campaign-2026-08-22/source-first-expansion/partition.tsv;references/Onslaught/BattleEngine.h;reverse-engineering/binary-analysis/cactor-vtable-semantics-2026-08-11.tsv;reverse-engineering/binary-analysis/cbattleengine-vtable-semantics-2026-08-11.tsv;reverse-engineering/binary-analysis/ccomplexthing-vtable-semantics-2026-08-11.tsv;reverse-engineering/binary-analysis/cthing-vtable-semantics-2026-08-11.tsv;reverse-engineering/binary-analysis/function-c1-closure-2026-08-11.tsv;reverse-engineering/binary-analysis/ghidra-function-name-table-2026-08-17.tsv	all source targets (header include guard only)	Returns `mCurrentUnitOverCrosshairRegardlessOfRange.ToRead()`.	mCurrentUnitOverCrosshairRegardlessOfRange		none (read-only or no-op)	ToRead	NO_MATCH_FOUND	SOURCE_ONLY				reverse-engineering/binary-analysis/ghidra-function-name-table-2026-08-17.tsv;reverse-engineering/binary-analysis/function-c1-closure-2026-08-11.tsv;promoted CThing/CActor/CBattleEngine/CComplexThing semantic tables;resolved lexical owner	No supported target after repaired-owner direct-name search and promoted-semantic search; bounded negative only, not binary absence or proof of inlining/folding.	A named semantic/body/xref authority locating a compiler-emitted or folded retail implementation of `CBattleEngine::GetUnitOverCrossHairRegardlessOfRange`.								AMBIGUOUS_OVERLOAD_MACRO_NONFUNCTION	PARTIAL: RetailBattleEngine* helpers and Simulation carry bounded movement, gravity, interpolation, damage, cloak, augment, weapon, and configuration laws; this exact source row is not assumed carried.
"[""BattleEngine.h"",117,""GetAutoAimTarget"",""* GetAutoAimTarget()""]"	06f5bb73dda38168a441d504999d28d84383ec4d578d7d9cba06b52aebff37d7	BattleEngine.h	117	GetAutoAimTarget	* GetAutoAimTarget()	CBattleEngine	CBattleEngine::GetAutoAimTarget	BattleEngine.h:72 DECLARE_THING_CLASS(CBattleEngine, CUnit), closed at line 485	EXTENDED	Recovered the lexical class owner from the pinned macro class declaration, then reran qualified-name and promoted-semantic joins.	local-lab/hermes-kanban-campaign-2026-08-22/source-first-expansion/partition.tsv;references/Onslaught/BattleEngine.h;reverse-engineering/binary-analysis/cactor-vtable-semantics-2026-08-11.tsv;reverse-engineering/binary-analysis/cbattleengine-vtable-semantics-2026-08-11.tsv;reverse-engineering/binary-analysis/ccomplexthing-vtable-semantics-2026-08-11.tsv;reverse-engineering/binary-analysis/cthing-vtable-semantics-2026-08-11.tsv;reverse-engineering/binary-analysis/function-c1-closure-2026-08-11.tsv;reverse-engineering/binary-analysis/ghidra-function-name-table-2026-08-17.tsv	all source targets (header include guard only)	Returns `mAutoAimTarget.ToRead()`.	mAutoAimTarget		none (read-only or no-op)	ToRead	NO_MATCH_FOUND	SOURCE_ONLY				reverse-engineering/binary-analysis/ghidra-function-name-table-2026-08-17.tsv;reverse-engineering/binary-analysis/function-c1-closure-2026-08-11.tsv;promoted CThing/CActor/CBattleEngine/CComplexThing semantic tables;resolved lexical owner	No supported target after repaired-owner direct-name search and promoted-semantic search; bounded negative only, not binary absence or proof of inlining/folding.	A named semantic/body/xref authority locating a compiler-emitted or folded retail implementation of `CBattleEngine::GetAutoAimTarget`.								AMBIGUOUS_OVERLOAD_MACRO_NONFUNCTION	PARTIAL: RetailBattleEngine* helpers and Simulation carry bounded movement, gravity, interpolation, damage, cloak, augment, weapon, and configuration laws; this exact source row is not assumed carried.
"[""BattleEngine.h"",120,""TrackingActive"",""TrackingActive()""]"	9b51b8d5808a1317c8b1ff2bd7ddd814479bd710c3e1c36a567aeb9ae5aedb91	BattleEngine.h	120	TrackingActive	TrackingActive()	CBattleEngine	CBattleEngine::TrackingActive	BattleEngine.h:72 DECLARE_THING_CLASS(CBattleEngine, CUnit), closed at line 485	EXTENDED	Recovered the lexical class owner from the pinned macro class declaration, then reran qualified-name and promoted-semantic joins.	local-lab/hermes-kanban-campaign-2026-08-22/source-first-expansion/partition.tsv;references/Onslaught/BattleEngine.h;reverse-engineering/binary-analysis/cactor-vtable-semantics-2026-08-11.tsv;reverse-engineering/binary-analysis/cbattleengine-vtable-semantics-2026-08-11.tsv;reverse-engineering/binary-analysis/ccomplexthing-vtable-semantics-2026-08-11.tsv;reverse-engineering/binary-analysis/cthing-vtable-semantics-2026-08-11.tsv;reverse-engineering/binary-analysis/function-c1-closure-2026-08-11.tsv;reverse-engineering/binary-analysis/ghidra-function-name-table-2026-08-17.tsv	all source targets (header include guard only)	Returns `mTrackingActive`.	mTrackingActive		none (read-only or no-op)		NO_MATCH_FOUND	SOURCE_ONLY				reverse-engineering/binary-analysis/ghidra-function-name-table-2026-08-17.tsv;reverse-engineering/binary-analysis/function-c1-closure-2026-08-11.tsv;promoted CThing/CActor/CBattleEngine/CComplexThing semantic tables;resolved lexical owner	No supported target after repaired-owner direct-name search and promoted-semantic search; bounded negative only, not binary absence or proof of inlining/folding.	A named semantic/body/xref authority locating a compiler-emitted or folded retail implementation of `CBattleEngine::TrackingActive`.								AMBIGUOUS_OVERLOAD_MACRO_NONFUNCTION	PARTIAL: RetailBattleEngine* helpers and Simulation carry bounded movement, gravity, interpolation, damage, cloak, augment, weapon, and configuration laws; this exact source row is not assumed carried.
"[""BattleEngine.h"",125,""GetMaxVelocity"",""GetMaxVelocity()""]"	4ef236de995fa5fc5cdb5c0fbf0fd72e51418844014164fe85efb9bd74df2fb6	BattleEngine.h	125	GetMaxVelocity	GetMaxVelocity()	CBattleEngine	CBattleEngine::GetMaxVelocity	BattleEngine.h:72 DECLARE_THING_CLASS(CBattleEngine, CUnit), closed at line 485	EXTENDED	Recovered the lexical class owner from the pinned macro class declaration, then reran qualified-name and promoted-semantic joins.	local-lab/ghidra-rtti-slot-residual-167-static-20260810-v1/contracts.tsv;local-lab/hermes-kanban-campaign-2026-08-22/source-first-expansion/partition.tsv;references/Onslaught/BattleEngine.h;reverse-engineering/EVIDENCE-REGISTER.tsv;reverse-engineering/binary-analysis/cbattleengine-vtable-semantics-2026-08-11.tsv	all source targets (header include guard only)	Returns `35.0f`.		35.0f	none (read-only or no-op)		SOURCE_EXACT	SOURCE_AGREES	0x00405ef0	CBattleEngine__VFunc_15_00405ef0	SOURCE_INLINE	reverse-engineering/binary-analysis/cbattleengine-vtable-semantics-2026-08-11.tsv	Returns the source-declared 35.0f constant	Contradictory pristine-byte or independently reviewed semantic evidence showing this VA does not implement this exact source line/signature.	local-lab/ghidra-rtti-slot-residual-167-static-20260810-v1/contracts.tsv	44e6a1203e5924bec1585db21f9287674a6855d9586a4f737cb0a717652b63e0	C1_CANDIDATE_PARTIAL	OPEN_EXECUTED	BASELINE_STATIC;ANALYST_METADATA_ONLY;RUNTIME_BOUNDED;CAMPAIGN_C1_STATIC_RECEIPT	08ed89644ed25feb9e85fefb5b31ab2bdecbbd91b8aca720e20c53a7fbc5e73f		AMBIGUOUS_OVERLOAD_MACRO_NONFUNCTION	PARTIAL: RetailBattleEngine* helpers and Simulation carry bounded movement, gravity, interpolation, damage, cloak, augment, weapon, and configuration laws; this exact source row is not assumed carried.
"[""BattleEngine.h"",127,""SetThingType"",""SetThingType(ULONG t)""]"	1e3da2b1b73a8a509ea1933cd66578daa7f3d7804d40f67f3ea0cb7b3b243461	BattleEngine.h	127	SetThingType	SetThingType(ULONG t)	CBattleEngine	CBattleEngine::SetThingType	BattleEngine.h:72 DECLARE_THING_CLASS(CBattleEngine, CUnit), closed at line 485	EXTENDED	Recovered the lexical class owner from the pinned macro class declaration, then reran qualified-name and promoted-semantic joins.	local-lab/hermes-kanban-campaign-2026-08-22/source-first-expansion/partition.tsv;references/Onslaught/BattleEngine.h;reverse-engineering/EVIDENCE-REGISTER.tsv;reverse-engineering/binary-analysis/cbattleengine-vtable-semantics-2026-08-11.tsv	all source targets (header include guard only)	Delegates to `SUPERTYPE::SetThingType`.		THING_TYPE_AIR_UNIT;THING_TYPE_BATTLE_ENGINE;THING_TYPE_CAN_DESTROY_TREES;THING_TYPE_GROUND_UNIT;THING_TYPE_MECH;THING_TYPE_VEHICLE	calls SUPERTYPE::SetThingType	SUPERTYPE::SetThingType	SOURCE_EXACT	SOURCE_AGREES	0x00405f00	CBattleEngine__VFunc_38_00405f00	SOURCE_INLINE	reverse-engineering/binary-analysis/cbattleengine-vtable-semantics-2026-08-11.tsv	OR mask and superclass tail call match the inline source override	Contradictory pristine-byte or independently reviewed semantic evidence showing this VA does not implement this exact source line/signature.	reverse-engineering/EVIDENCE-REGISTER.tsv	f83dbb6eddaa16deed5f2a2460d393dc4525a63ae243b6cac0c656056b69ab9a	C1_CANDIDATE_PARTIAL	OPEN_EXECUTED	BASELINE_STATIC;ANALYST_METADATA_ONLY;RUNTIME_BOUNDED;CAMPAIGN_C1_OPAQUE_PE	08ed89644ed25feb9e85fefb5b31ab2bdecbbd91b8aca720e20c53a7fbc5e73f		AMBIGUOUS_OVERLOAD_MACRO_NONFUNCTION	PARTIAL: RetailBattleEngine* helpers and Simulation carry bounded movement, gravity, interpolation, damage, cloak, augment, weapon, and configuration laws; this exact source row is not assumed carried.
"[""BattleEngine.h"",161,""GetLockList"",""& GetLockList()""]"	58b50e8ad648b485ce5262710d56984e90bcedd4b9298f9b8d9642bf5374c747	BattleEngine.h	161	GetLockList	& GetLockList()	CBattleEngine	CBattleEngine::GetLockList	BattleEngine.h:72 DECLARE_THING_CLASS(CBattleEngine, CUnit), closed at line 485	EXTENDED	Recovered the lexical class owner from the pinned macro class declaration, then reran qualified-name and promoted-semantic joins.	local-lab/hermes-kanban-campaign-2026-08-22/source-first-expansion/partition.tsv;references/Onslaught/BattleEngine.h;reverse-engineering/binary-analysis/cactor-vtable-semantics-2026-08-11.tsv;reverse-engineering/binary-analysis/cbattleengine-vtable-semantics-2026-08-11.tsv;reverse-engineering/binary-analysis/ccomplexthing-vtable-semantics-2026-08-11.tsv;reverse-engineering/binary-analysis/cthing-vtable-semantics-2026-08-11.tsv;reverse-engineering/binary-analysis/function-c1-closure-2026-08-11.tsv;reverse-engineering/binary-analysis/ghidra-function-name-table-2026-08-17.tsv	all source targets (header include guard only)	Returns `mLocks`.	mLocks		none (read-only or no-op)		NO_MATCH_FOUND	SOURCE_ONLY				reverse-engineering/binary-analysis/ghidra-function-name-table-2026-08-17.tsv;reverse-engineering/binary-analysis/function-c1-closure-2026-08-11.tsv;promoted CThing/CActor/CBattleEngine/CComplexThing semantic tables;resolved lexical owner	No supported target after repaired-owner direct-name search and promoted-semantic search; bounded negative only, not binary absence or proof of inlining/folding.	A named semantic/body/xref authority locating a compiler-emitted or folded retail implementation of `CBattleEngine::GetLockList`.								AMBIGUOUS_OVERLOAD_MACRO_NONFUNCTION	PARTIAL: RetailBattleEngine* helpers and Simulation carry bounded movement, gravity, interpolation, damage, cloak, augment, weapon, and configuration laws; this exact source row is not assumed carried.
"[""BattleEngine.h"",162,""GetFiredLockList"",""& GetFiredLockList()""]"	e2b1e21e9fc97928c748fa36e79d6db473e59b367821c2f42cf9821a9d25df8b	BattleEngine.h	162	GetFiredLockList	& GetFiredLockList()	CBattleEngine	CBattleEngine::GetFiredLockList	BattleEngine.h:72 DECLARE_THING_CLASS(CBattleEngine, CUnit), closed at line 485	EXTENDED	Recovered the lexical class owner from the pinned macro class declaration, then reran qualified-name and promoted-semantic joins.	local-lab/hermes-kanban-campaign-2026-08-22/source-first-expansion/partition.tsv;references/Onslaught/BattleEngine.h;reverse-engineering/binary-analysis/cactor-vtable-semantics-2026-08-11.tsv;reverse-engineering/binary-analysis/cbattleengine-vtable-semantics-2026-08-11.tsv;reverse-engineering/binary-analysis/ccomplexthing-vtable-semantics-2026-08-11.tsv;reverse-engineering/binary-analysis/cthing-vtable-semantics-2026-08-11.tsv;reverse-engineering/binary-analysis/function-c1-closure-2026-08-11.tsv;reverse-engineering/binary-analysis/ghidra-function-name-table-2026-08-17.tsv	all source targets (header include guard only)	Returns `mFiredLocks`.	mFiredLocks		none (read-only or no-op)		NO_MATCH_FOUND	SOURCE_ONLY				reverse-engineering/binary-analysis/ghidra-function-name-table-2026-08-17.tsv;reverse-engineering/binary-analysis/function-c1-closure-2026-08-11.tsv;promoted CThing/CActor/CBattleEngine/CComplexThing semantic tables;resolved lexical owner	No supported target after repaired-owner direct-name search and promoted-semantic search; bounded negative only, not binary absence or proof of inlining/folding.	A named semantic/body/xref authority locating a compiler-emitted or folded retail implementation of `CBattleEngine::GetFiredLockList`.								AMBIGUOUS_OVERLOAD_MACRO_NONFUNCTION	PARTIAL: RetailBattleEngine* helpers and Simulation carry bounded movement, gravity, interpolation, damage, cloak, augment, weapon, and configuration laws; this exact source row is not assumed carried.
"[""BattleEngine.h"",170,""GetState"",""GetState()""]"	a974171b1b4600573887c5bebe872f4c3c4e411d2b5b33ad09e6d1f2762935a2	BattleEngine.h	170	GetState	GetState()	CBattleEngine	CBattleEngine::GetState	BattleEngine.h:72 DECLARE_THING_CLASS(CBattleEngine, CUnit), closed at line 485	EXTENDED	Recovered the lexical class owner from the pinned macro class declaration, then reran qualified-name and promoted-semantic joins.	local-lab/hermes-kanban-campaign-2026-08-22/source-first-expansion/partition.tsv;references/Onslaught/BattleEngine.h;reverse-engineering/binary-analysis/cactor-vtable-semantics-2026-08-11.tsv;reverse-engineering/binary-analysis/cbattleengine-vtable-semantics-2026-08-11.tsv;reverse-engineering/binary-analysis/ccomplexthing-vtable-semantics-2026-08-11.tsv;reverse-engineering/binary-analysis/cthing-vtable-semantics-2026-08-11.tsv;reverse-engineering/binary-analysis/function-c1-closure-2026-08-11.tsv;reverse-engineering/binary-analysis/ghidra-function-name-table-2026-08-17.tsv	all source targets (header include guard only)	Returns `mState`.	mState		none (read-only or no-op)		NO_MATCH_FOUND	SOURCE_ONLY				reverse-engineering/binary-analysis/ghidra-function-name-table-2026-08-17.tsv;reverse-engineering/binary-analysis/function-c1-closure-2026-08-11.tsv;promoted CThing/CActor/CBattleEngine/CComplexThing semantic tables;resolved lexical owner	No supported target after repaired-owner direct-name search and promoted-semantic search; bounded negative only, not binary absence or proof of inlining/folding.	A named semantic/body/xref authority locating a compiler-emitted or folded retail implementation of `CBattleEngine::GetState`.								AMBIGUOUS_OVERLOAD_MACRO_NONFUNCTION	PARTIAL: RetailBattleEngine* helpers and Simulation carry bounded movement, gravity, interpolation, damage, cloak, augment, weapon, and configuration laws; this exact source row is not assumed carried.
"[""BattleEngine.h"",171,""GetYawVel"",""& GetYawVel()""]"	8fe0521b1b1d3bf53056e201fb28ad40ec4db483ec0d0bed9c759fd85ae90ce4	BattleEngine.h	171	GetYawVel	& GetYawVel()	CBattleEngine	CBattleEngine::GetYawVel	BattleEngine.h:72 DECLARE_THING_CLASS(CBattleEngine, CUnit), closed at line 485	EXTENDED	Recovered the lexical class owner from the pinned macro class declaration, then reran qualified-name and promoted-semantic joins.	local-lab/hermes-kanban-campaign-2026-08-22/source-first-expansion/partition.tsv;references/Onslaught/BattleEngine.h;reverse-engineering/binary-analysis/cactor-vtable-semantics-2026-08-11.tsv;reverse-engineering/binary-analysis/cbattleengine-vtable-semantics-2026-08-11.tsv;reverse-engineering/binary-analysis/ccomplexthing-vtable-semantics-2026-08-11.tsv;reverse-engineering/binary-analysis/cthing-vtable-semantics-2026-08-11.tsv;reverse-engineering/binary-analysis/function-c1-closure-2026-08-11.tsv;reverse-engineering/binary-analysis/ghidra-function-name-table-2026-08-17.tsv	all source targets (header include guard only)	Returns `mYawvel`.	mYawvel		none (read-only or no-op)		NO_MATCH_FOUND	SOURCE_ONLY				reverse-engineering/binary-analysis/ghidra-function-name-table-2026-08-17.tsv;reverse-engineering/binary-analysis/function-c1-closure-2026-08-11.tsv;promoted CThing/CActor/CBattleEngine/CComplexThing semantic tables;resolved lexical owner	No supported target after repaired-owner direct-name search and promoted-semantic search; bounded negative only, not binary absence or proof of inlining/folding.	A named semantic/body/xref authority locating a compiler-emitted or folded retail implementation of `CBattleEngine::GetYawVel`.								AMBIGUOUS_OVERLOAD_MACRO_NONFUNCTION	PARTIAL: RetailBattleEngine* helpers and Simulation carry bounded movement, gravity, interpolation, damage, cloak, augment, weapon, and configuration laws; this exact source row is not assumed carried.
"[""BattleEngine.h"",172,""GetRollVel"",""&    GetRollVel()""]"	3f44d40e1cf3c6978f7584126d97b51ffda78b3f6b3432039127184f7d33ff91	BattleEngine.h	172	GetRollVel	&    GetRollVel()	CBattleEngine	CBattleEngine::GetRollVel	BattleEngine.h:72 DECLARE_THING_CLASS(CBattleEngine, CUnit), closed at line 485	EXTENDED	Recovered the lexical class owner from the pinned macro class declaration, then reran qualified-name and promoted-semantic joins.	local-lab/hermes-kanban-campaign-2026-08-22/source-first-expansion/partition.tsv;references/Onslaught/BattleEngine.h;reverse-engineering/binary-analysis/cactor-vtable-semantics-2026-08-11.tsv;reverse-engineering/binary-analysis/cbattleengine-vtable-semantics-2026-08-11.tsv;reverse-engineering/binary-analysis/ccomplexthing-vtable-semantics-2026-08-11.tsv;reverse-engineering/binary-analysis/cthing-vtable-semantics-2026-08-11.tsv;reverse-engineering/binary-analysis/function-c1-closure-2026-08-11.tsv;reverse-engineering/binary-analysis/ghidra-function-name-table-2026-08-17.tsv	all source targets (header include guard only)	Returns `mRollvel`.	mRollvel		none (read-only or no-op)		NO_MATCH_FOUND	SOURCE_ONLY				reverse-engineering/binary-analysis/ghidra-function-name-table-2026-08-17.tsv;reverse-engineering/binary-analysis/function-c1-closure-2026-08-11.tsv;promoted CThing/CActor/CBattleEngine/CComplexThing semantic tables;resolved lexical owner	No supported target after repaired-owner direct-name search and promoted-semantic search; bounded negative only, not binary absence or proof of inlining/folding.	A named semantic/body/xref authority locating a compiler-emitted or folded retail implementation of `CBattleEngine::GetRollVel`.								AMBIGUOUS_OVERLOAD_MACRO_NONFUNCTION	PARTIAL: RetailBattleEngine* helpers and Simulation carry bounded movement, gravity, interpolation, damage, cloak, augment, weapon, and configuration laws; this exact source row is not assumed carried.
"[""BattleEngine.h"",173,""GetPitchVel"",""&    GetPitchVel()""]"	759bce571db8fa78c28080f1b132e1a825735fd26dc2842999ce305d3af2ca39	BattleEngine.h	173	GetPitchVel	&    GetPitchVel()	CBattleEngine	CBattleEngine::GetPitchVel	BattleEngine.h:72 DECLARE_THING_CLASS(CBattleEngine, CUnit), closed at line 485	EXTENDED	Recovered the lexical class owner from the pinned macro class declaration, then reran qualified-name and promoted-semantic joins.	local-lab/hermes-kanban-campaign-2026-08-22/source-first-expansion/partition.tsv;references/Onslaught/BattleEngine.h;reverse-engineering/binary-analysis/cactor-vtable-semantics-2026-08-11.tsv;reverse-engineering/binary-analysis/cbattleengine-vtable-semantics-2026-08-11.tsv;reverse-engineering/binary-analysis/ccomplexthing-vtable-semantics-2026-08-11.tsv;reverse-engineering/binary-analysis/cthing-vtable-semantics-2026-08-11.tsv;reverse-engineering/binary-analysis/function-c1-closure-2026-08-11.tsv;reverse-engineering/binary-analysis/ghidra-function-name-table-2026-08-17.tsv	all source targets (header include guard only)	Returns `mPitchvel`.	mPitchvel		none (read-only or no-op)		NO_MATCH_FOUND	SOURCE_ONLY				reverse-engineering/binary-analysis/ghidra-function-name-table-2026-08-17.tsv;reverse-engineering/binary-analysis/function-c1-closure-2026-08-11.tsv;promoted CThing/CActor/CBattleEngine/CComplexThing semantic tables;resolved lexical owner	No supported target after repaired-owner direct-name search and promoted-semantic search; bounded negative only, not binary absence or proof of inlining/folding.	A named semantic/body/xref authority locating a compiler-emitted or folded retail implementation of `CBattleEngine::GetPitchVel`.								AMBIGUOUS_OVERLOAD_MACRO_NONFUNCTION	PARTIAL: RetailBattleEngine* helpers and Simulation carry bounded movement, gravity, interpolation, damage, cloak, augment, weapon, and configuration laws; this exact source row is not assumed carried.
"[""BattleEngine.h"",175,""GetLastDamageTime"",""&    GetLastDamageTime()""]"	2492c958c4b85b12163211fc5ab298ed88ff255261f1e26da76f22a631d67396	BattleEngine.h	175	GetLastDamageTime	&    GetLastDamageTime()	CBattleEngine	CBattleEngine::GetLastDamageTime	BattleEngine.h:72 DECLARE_THING_CLASS(CBattleEngine, CUnit), closed at line 485	EXTENDED	Recovered the lexical class owner from the pinned macro class declaration, then reran qualified-name and promoted-semantic joins.	local-lab/hermes-kanban-campaign-2026-08-22/source-first-expansion/partition.tsv;references/Onslaught/BattleEngine.h;reverse-engineering/binary-analysis/cactor-vtable-semantics-2026-08-11.tsv;reverse-engineering/binary-analysis/cbattleengine-vtable-semantics-2026-08-11.tsv;reverse-engineering/binary-analysis/ccomplexthing-vtable-semantics-2026-08-11.tsv;reverse-engineering/binary-analysis/cthing-vtable-semantics-2026-08-11.tsv;reverse-engineering/binary-analysis/function-c1-closure-2026-08-11.tsv;reverse-engineering/binary-analysis/ghidra-function-name-table-2026-08-17.tsv	all source targets (header include guard only)	Returns `mLastDamageTime`.	mLastDamageTime		none (read-only or no-op)		NO_MATCH_FOUND	SOURCE_ONLY				reverse-engineering/binary-analysis/ghidra-function-name-table-2026-08-17.tsv;reverse-engineering/binary-analysis/function-c1-closure-2026-08-11.tsv;promoted CThing/CActor/CBattleEngine/CComplexThing semantic tables;resolved lexical owner	No supported target after repaired-owner direct-name search and promoted-semantic search; bounded negative only, not binary absence or proof of inlining/folding.	A named semantic/body/xref authority locating a compiler-emitted or folded retail implementation of `CBattleEngine::GetLastDamageTime`.								AMBIGUOUS_OVERLOAD_MACRO_NONFUNCTION	PARTIAL: RetailBattleEngine* helpers and Simulation carry bounded movement, gravity, interpolation, damage, cloak, augment, weapon, and configuration laws; this exact source row is not assumed carried.
"[""BattleEngine.h"",181,""GetIsPoweredUp"",""GetIsPoweredUp()""]"	eee184787b9f35aa8d0c6a719ea816f5a5da2a1989bee453f1505c80adf55d9f	BattleEngine.h	181	GetIsPoweredUp	GetIsPoweredUp()	CBattleEngine	CBattleEngine::GetIsPoweredUp	BattleEngine.h:72 DECLARE_THING_CLASS(CBattleEngine, CUnit), closed at line 485	EXTENDED	Recovered the lexical class owner from the pinned macro class declaration, then reran qualified-name and promoted-semantic joins.	local-lab/hermes-kanban-campaign-2026-08-22/source-first-expansion/partition.tsv;references/Onslaught/BattleEngine.h;reverse-engineering/binary-analysis/cactor-vtable-semantics-2026-08-11.tsv;reverse-engineering/binary-analysis/cbattleengine-vtable-semantics-2026-08-11.tsv;reverse-engineering/binary-analysis/ccomplexthing-vtable-semantics-2026-08-11.tsv;reverse-engineering/binary-analysis/cthing-vtable-semantics-2026-08-11.tsv;reverse-engineering/binary-analysis/function-c1-closure-2026-08-11.tsv;reverse-engineering/binary-analysis/ghidra-function-name-table-2026-08-17.tsv	all source targets (header include guard only)	Returns `mPoweredUp`.	mPoweredUp		none (read-only or no-op)		NO_MATCH_FOUND	SOURCE_ONLY				reverse-engineering/binary-analysis/ghidra-function-name-table-2026-08-17.tsv;reverse-engineering/binary-analysis/function-c1-closure-2026-08-11.tsv;promoted CThing/CActor/CBattleEngine/CComplexThing semantic tables;resolved lexical owner	No supported target after repaired-owner direct-name search and promoted-semantic search; bounded negative only, not binary absence or proof of inlining/folding.	A named semantic/body/xref authority locating a compiler-emitted or folded retail implementation of `CBattleEngine::GetIsPoweredUp`.								AMBIGUOUS_OVERLOAD_MACRO_NONFUNCTION	PARTIAL: RetailBattleEngine* helpers and Simulation carry bounded movement, gravity, interpolation, damage, cloak, augment, weapon, and configuration laws; this exact source row is not assumed carried.
"[""BattleEngine.h"",183,""GetCockpit"",""* GetCockpit()""]"	e54273300129b739cf1e660269fce9fbf9a910ebb70701fc439d3044eb7a38f4	BattleEngine.h	183	GetCockpit	* GetCockpit()	CBattleEngine	CBattleEngine::GetCockpit	BattleEngine.h:72 DECLARE_THING_CLASS(CBattleEngine, CUnit), closed at line 485	EXTENDED	Recovered the lexical class owner from the pinned macro class declaration, then reran qualified-name and promoted-semantic joins.	local-lab/hermes-kanban-campaign-2026-08-22/source-first-expansion/partition.tsv;references/Onslaught/BattleEngine.h;reverse-engineering/binary-analysis/cactor-vtable-semantics-2026-08-11.tsv;reverse-engineering/binary-analysis/cbattleengine-vtable-semantics-2026-08-11.tsv;reverse-engineering/binary-analysis/ccomplexthing-vtable-semantics-2026-08-11.tsv;reverse-engineering/binary-analysis/cthing-vtable-semantics-2026-08-11.tsv;reverse-engineering/binary-analysis/function-c1-closure-2026-08-11.tsv;reverse-engineering/binary-analysis/ghidra-function-name-table-2026-08-17.tsv	all source targets (header include guard only)	Returns `mCockpit`.	mCockpit		none (read-only or no-op)		NO_MATCH_FOUND	SOURCE_ONLY				reverse-engineering/binary-analysis/ghidra-function-name-table-2026-08-17.tsv;reverse-engineering/binary-analysis/function-c1-closure-2026-08-11.tsv;promoted CThing/CActor/CBattleEngine/CComplexThing semantic tables;resolved lexical owner	No supported target after repaired-owner direct-name search and promoted-semantic search; bounded negative only, not binary absence or proof of inlining/folding.	A named semantic/body/xref authority locating a compiler-emitted or folded retail implementation of `CBattleEngine::GetCockpit`.								AMBIGUOUS_OVERLOAD_MACRO_NONFUNCTION	PARTIAL: RetailBattleEngine* helpers and Simulation carry bounded movement, gravity, interpolation, damage, cloak, augment, weapon, and configuration laws; this exact source row is not assumed carried.
"[""BattleEngine.h"",184,""GetWalkerPart"",""* GetWalkerPart()""]"	80eefc7326718dd02f420458c2341bef4d96e816581b932c9d40f2c231fd491f	BattleEngine.h	184	GetWalkerPart	* GetWalkerPart()	CBattleEngine	CBattleEngine::GetWalkerPart	BattleEngine.h:72 DECLARE_THING_CLASS(CBattleEngine, CUnit), closed at line 485	EXTENDED	Recovered the lexical class owner from the pinned macro class declaration, then reran qualified-name and promoted-semantic joins.	local-lab/hermes-kanban-campaign-2026-08-22/source-first-expansion/partition.tsv;references/Onslaught/BattleEngine.h;reverse-engineering/binary-analysis/cactor-vtable-semantics-2026-08-11.tsv;reverse-engineering/binary-analysis/cbattleengine-vtable-semantics-2026-08-11.tsv;reverse-engineering/binary-analysis/ccomplexthing-vtable-semantics-2026-08-11.tsv;reverse-engineering/binary-analysis/cthing-vtable-semantics-2026-08-11.tsv;reverse-engineering/binary-analysis/function-c1-closure-2026-08-11.tsv;reverse-engineering/binary-analysis/ghidra-function-name-table-2026-08-17.tsv	all source targets (header include guard only)	Returns `mWalkerPart`.	mWalkerPart		none (read-only or no-op)		NO_MATCH_FOUND	SOURCE_ONLY				reverse-engineering/binary-analysis/ghidra-function-name-table-2026-08-17.tsv;reverse-engineering/binary-analysis/function-c1-closure-2026-08-11.tsv;promoted CThing/CActor/CBattleEngine/CComplexThing semantic tables;resolved lexical owner	No supported target after repaired-owner direct-name search and promoted-semantic search; bounded negative only, not binary absence or proof of inlining/folding.	A named semantic/body/xref authority locating a compiler-emitted or folded retail implementation of `CBattleEngine::GetWalkerPart`.								AMBIGUOUS_OVERLOAD_MACRO_NONFUNCTION	PARTIAL: RetailBattleEngine* helpers and Simulation carry bounded movement, gravity, interpolation, damage, cloak, augment, weapon, and configuration laws; this exact source row is not assumed carried.
"[""BattleEngine.h"",185,""GetJetPart"",""* GetJetPart()""]"	3cc0cedca7499595adab30e61b6c762d20b1a3f9072d8c3914c61fe935b78d15	BattleEngine.h	185	GetJetPart	* GetJetPart()	CBattleEngine	CBattleEngine::GetJetPart	BattleEngine.h:72 DECLARE_THING_CLASS(CBattleEngine, CUnit), closed at line 485	EXTENDED	Recovered the lexical class owner from the pinned macro class declaration, then reran qualified-name and promoted-semantic joins.	local-lab/hermes-kanban-campaign-2026-08-22/source-first-expansion/partition.tsv;references/Onslaught/BattleEngine.h;reverse-engineering/binary-analysis/cactor-vtable-semantics-2026-08-11.tsv;reverse-engineering/binary-analysis/cbattleengine-vtable-semantics-2026-08-11.tsv;reverse-engineering/binary-analysis/ccomplexthing-vtable-semantics-2026-08-11.tsv;reverse-engineering/binary-analysis/cthing-vtable-semantics-2026-08-11.tsv;reverse-engineering/binary-analysis/function-c1-closure-2026-08-11.tsv;reverse-engineering/binary-analysis/ghidra-function-name-table-2026-08-17.tsv	all source targets (header include guard only)	Returns `mJetPart`.	mJetPart		none (read-only or no-op)		NO_MATCH_FOUND	SOURCE_ONLY				reverse-engineering/binary-analysis/ghidra-function-name-table-2026-08-17.tsv;reverse-engineering/binary-analysis/function-c1-closure-2026-08-11.tsv;promoted CThing/CActor/CBattleEngine/CComplexThing semantic tables;resolved lexical owner	No supported target after repaired-owner direct-name search and promoted-semantic search; bounded negative only, not binary absence or proof of inlining/folding.	A named semantic/body/xref authority locating a compiler-emitted or folded retail implementation of `CBattleEngine::GetJetPart`.								AMBIGUOUS_OVERLOAD_MACRO_NONFUNCTION	PARTIAL: RetailBattleEngine* helpers and Simulation carry bounded movement, gravity, interpolation, damage, cloak, augment, weapon, and configuration laws; this exact source row is not assumed carried.
"[""BattleEngine.h"",187,""BounceFactor"",""BounceFactor()""]"	94fef162bdc887ee1e8073c5188e45552b3b37cdc6d01a04f83ad9f9763d9530	BattleEngine.h	187	BounceFactor	BounceFactor()	CBattleEngine	CBattleEngine::BounceFactor	BattleEngine.h:72 DECLARE_THING_CLASS(CBattleEngine, CUnit), closed at line 485	EXTENDED	Recovered the lexical class owner from the pinned macro class declaration, then reran qualified-name and promoted-semantic joins.	local-lab/hermes-kanban-campaign-2026-08-22/source-first-expansion/partition.tsv;references/Onslaught/BattleEngine.h;reverse-engineering/binary-analysis/cactor-vtable-semantics-2026-08-11.tsv;reverse-engineering/binary-analysis/cbattleengine-vtable-semantics-2026-08-11.tsv;reverse-engineering/binary-analysis/ccomplexthing-vtable-semantics-2026-08-11.tsv;reverse-engineering/binary-analysis/cthing-vtable-semantics-2026-08-11.tsv;reverse-engineering/binary-analysis/function-c1-closure-2026-08-11.tsv;reverse-engineering/binary-analysis/ghidra-function-name-table-2026-08-17.tsv	all source targets (header include guard only)	Returns `0.01f`.		0.01f	none (read-only or no-op)		NO_MATCH_FOUND	SOURCE_ONLY				reverse-engineering/binary-analysis/ghidra-function-name-table-2026-08-17.tsv;reverse-engineering/binary-analysis/function-c1-closure-2026-08-11.tsv;promoted CThing/CActor/CBattleEngine/CComplexThing semantic tables;resolved lexical owner	No supported target after repaired-owner direct-name search and promoted-semantic search; bounded negative only, not binary absence or proof of inlining/folding.	A named semantic/body/xref authority locating a compiler-emitted or folded retail implementation of `CBattleEngine::BounceFactor`.								AMBIGUOUS_OVERLOAD_MACRO_NONFUNCTION	PARTIAL: RetailBattleEngine* helpers and Simulation carry bounded movement, gravity, interpolation, damage, cloak, augment, weapon, and configuration laws; this exact source row is not assumed carried.
"[""BattleEngine.h"",193,""GetTransformStartTime"",""GetTransformStartTime()""]"	39b55471c45bdd7ef468e6618a886337664bfe670d7c48c0784a2b906b8e9c02	BattleEngine.h	193	GetTransformStartTime	GetTransformStartTime()	CBattleEngine	CBattleEngine::GetTransformStartTime	BattleEngine.h:72 DECLARE_THING_CLASS(CBattleEngine, CUnit), closed at line 485	EXTENDED	Recovered the lexical class owner from the pinned macro class declaration, then reran qualified-name and promoted-semantic joins.	local-lab/hermes-kanban-campaign-2026-08-22/source-first-expansion/partition.tsv;references/Onslaught/BattleEngine.h;reverse-engineering/binary-analysis/cactor-vtable-semantics-2026-08-11.tsv;reverse-engineering/binary-analysis/cbattleengine-vtable-semantics-2026-08-11.tsv;reverse-engineering/binary-analysis/ccomplexthing-vtable-semantics-2026-08-11.tsv;reverse-engineering/binary-analysis/cthing-vtable-semantics-2026-08-11.tsv;reverse-engineering/binary-analysis/function-c1-closure-2026-08-11.tsv;reverse-engineering/binary-analysis/ghidra-function-name-table-2026-08-17.tsv	all source targets (header include guard only)	Returns `mTransformStartTime`.	mTransformStartTime		none (read-only or no-op)		NO_MATCH_FOUND	SOURCE_ONLY				reverse-engineering/binary-analysis/ghidra-function-name-table-2026-08-17.tsv;reverse-engineering/binary-analysis/function-c1-closure-2026-08-11.tsv;promoted CThing/CActor/CBattleEngine/CComplexThing semantic tables;resolved lexical owner	No supported target after repaired-owner direct-name search and promoted-semantic search; bounded negative only, not binary absence or proof of inlining/folding.	A named semantic/body/xref authority locating a compiler-emitted or folded retail implementation of `CBattleEngine::GetTransformStartTime`.								AMBIGUOUS_OVERLOAD_MACRO_NONFUNCTION	PARTIAL: RetailBattleEngine* helpers and Simulation carry bounded movement, gravity, interpolation, damage, cloak, augment, weapon, and configuration laws; this exact source row is not assumed carried.
"[""BattleEngine.h"",195,""GetRadarWarningReceiver"",""*GetRadarWarningReceiver()""]"	cb2fa24bbcf4112132fced2b5107d637c8548bcf157017c1294659d511c5dc6e	BattleEngine.h	195	GetRadarWarningReceiver	*GetRadarWarningReceiver()	CBattleEngine	CBattleEngine::GetRadarWarningReceiver	BattleEngine.h:72 DECLARE_THING_CLASS(CBattleEngine, CUnit), closed at line 485	EXTENDED	Recovered the lexical class owner from the pinned macro class declaration, then reran qualified-name and promoted-semantic joins.	local-lab/hermes-kanban-campaign-2026-08-22/source-first-expansion/partition.tsv;references/Onslaught/BattleEngine.h;reverse-engineering/binary-analysis/cactor-vtable-semantics-2026-08-11.tsv;reverse-engineering/binary-analysis/cbattleengine-vtable-semantics-2026-08-11.tsv;reverse-engineering/binary-analysis/ccomplexthing-vtable-semantics-2026-08-11.tsv;reverse-engineering/binary-analysis/cthing-vtable-semantics-2026-08-11.tsv;reverse-engineering/binary-analysis/function-c1-closure-2026-08-11.tsv;reverse-engineering/binary-analysis/ghidra-function-name-table-2026-08-17.tsv	all source targets (header include guard only)	Returns `mCachedRadarWarningReceiver`.	mCachedRadarWarningReceiver		none (read-only or no-op)		NO_MATCH_FOUND	SOURCE_ONLY				reverse-engineering/binary-analysis/ghidra-function-name-table-2026-08-17.tsv;reverse-engineering/binary-analysis/function-c1-closure-2026-08-11.tsv;promoted CThing/CActor/CBattleEngine/CComplexThing semantic tables;resolved lexical owner	No supported target after repaired-owner direct-name search and promoted-semantic search; bounded negative only, not binary absence or proof of inlining/folding.	A named semantic/body/xref authority locating a compiler-emitted or folded retail implementation of `CBattleEngine::GetRadarWarningReceiver`.								AMBIGUOUS_OVERLOAD_MACRO_NONFUNCTION	PARTIAL: RetailBattleEngine* helpers and Simulation carry bounded movement, gravity, interpolation, damage, cloak, augment, weapon, and configuration laws; this exact source row is not assumed carried.
"[""BattleEngine.h"",198,""ResetTarget"",""ResetTarget()""]"	3f7dd66724ce4ec327739be69fea67b43e2b15d494a6a323edd24b66e3630c56	BattleEngine.h	198	ResetTarget	ResetTarget()	CBattleEngine	CBattleEngine::ResetTarget	BattleEngine.h:72 DECLARE_THING_CLASS(CBattleEngine, CUnit), closed at line 485	EXTENDED	Recovered the lexical class owner from the pinned macro class declaration, then reran qualified-name and promoted-semantic joins.	local-lab/hermes-kanban-campaign-2026-08-22/source-first-expansion/partition.tsv;references/Onslaught/BattleEngine.h;reverse-engineering/binary-analysis/cactor-vtable-semantics-2026-08-11.tsv;reverse-engineering/binary-analysis/cbattleengine-vtable-semantics-2026-08-11.tsv;reverse-engineering/binary-analysis/ccomplexthing-vtable-semantics-2026-08-11.tsv;reverse-engineering/binary-analysis/cthing-vtable-semantics-2026-08-11.tsv;reverse-engineering/binary-analysis/function-c1-closure-2026-08-11.tsv;reverse-engineering/binary-analysis/ghidra-function-name-table-2026-08-17.tsv	all source targets (header include guard only)	Updates `mCurrentTarget` from its arguments/constants.	mCurrentTarget	0	writes mCurrentTarget		NO_MATCH_FOUND	SOURCE_ONLY				reverse-engineering/binary-analysis/ghidra-function-name-table-2026-08-17.tsv;reverse-engineering/binary-analysis/function-c1-closure-2026-08-11.tsv;promoted CThing/CActor/CBattleEngine/CComplexThing semantic tables;resolved lexical owner	No supported target after repaired-owner direct-name search and promoted-semantic search; bounded negative only, not binary absence or proof of inlining/folding.	A named semantic/body/xref authority locating a compiler-emitted or folded retail implementation of `CBattleEngine::ResetTarget`.								AMBIGUOUS_OVERLOAD_MACRO_NONFUNCTION	PARTIAL: RetailBattleEngine* helpers and Simulation carry bounded movement, gravity, interpolation, damage, cloak, augment, weapon, and configuration laws; this exact source row is not assumed carried.
"[""BattleEngine.h"",210,""GetWeaponOverheatedTime"",""GetWeaponOverheatedTime()""]"	12a6659936d3d3a3e798185173fe969f6ae4274f0a1ccab87ab67b909807a0f8	BattleEngine.h	210	GetWeaponOverheatedTime	GetWeaponOverheatedTime()	CBattleEngine	CBattleEngine::GetWeaponOverheatedTime	BattleEngine.h:72 DECLARE_THING_CLASS(CBattleEngine, CUnit), closed at line 485	EXTENDED	Recovered the lexical class owner from the pinned macro class declaration, then reran qualified-name and promoted-semantic joins.	local-lab/hermes-kanban-campaign-2026-08-22/source-first-expansion/partition.tsv;references/Onslaught/BattleEngine.h;reverse-engineering/binary-analysis/cactor-vtable-semantics-2026-08-11.tsv;reverse-engineering/binary-analysis/cbattleengine-vtable-semantics-2026-08-11.tsv;reverse-engineering/binary-analysis/ccomplexthing-vtable-semantics-2026-08-11.tsv;reverse-engineering/binary-analysis/cthing-vtable-semantics-2026-08-11.tsv;reverse-engineering/binary-analysis/function-c1-closure-2026-08-11.tsv;reverse-engineering/binary-analysis/ghidra-function-name-table-2026-08-17.tsv	all source targets (header include guard only)	Returns `mWeaponOverheatedTime`.	mWeaponOverheatedTime		none (read-only or no-op)		NO_MATCH_FOUND	SOURCE_ONLY				reverse-engineering/binary-analysis/ghidra-function-name-table-2026-08-17.tsv;reverse-engineering/binary-analysis/function-c1-closure-2026-08-11.tsv;promoted CThing/CActor/CBattleEngine/CComplexThing semantic tables;resolved lexical owner	No supported target after repaired-owner direct-name search and promoted-semantic search; bounded negative only, not binary absence or proof of inlining/folding.	A named semantic/body/xref authority locating a compiler-emitted or folded retail implementation of `CBattleEngine::GetWeaponOverheatedTime`.								AMBIGUOUS_OVERLOAD_MACRO_NONFUNCTION	PARTIAL: RetailBattleEngine* helpers and Simulation carry bounded movement, gravity, interpolation, damage, cloak, augment, weapon, and configuration laws; this exact source row is not assumed carried.
"[""BattleEngine.h"",226,""GetConfiguration"",""*GetConfiguration()""]"	a00b7e5f5413da2abf9f30c685b5b82cdfab70414b5b1ac1814ac983dc5057ab	BattleEngine.h	226	GetConfiguration	*GetConfiguration()	CBattleEngine	CBattleEngine::GetConfiguration	BattleEngine.h:72 DECLARE_THING_CLASS(CBattleEngine, CUnit), closed at line 485	EXTENDED	Recovered the lexical class owner from the pinned macro class declaration, then reran qualified-name and promoted-semantic joins.	local-lab/hermes-kanban-campaign-2026-08-22/source-first-expansion/partition.tsv;references/Onslaught/BattleEngine.h;reverse-engineering/binary-analysis/cactor-vtable-semantics-2026-08-11.tsv;reverse-engineering/binary-analysis/cbattleengine-vtable-semantics-2026-08-11.tsv;reverse-engineering/binary-analysis/ccomplexthing-vtable-semantics-2026-08-11.tsv;reverse-engineering/binary-analysis/cthing-vtable-semantics-2026-08-11.tsv;reverse-engineering/binary-analysis/function-c1-closure-2026-08-11.tsv;reverse-engineering/binary-analysis/ghidra-function-name-table-2026-08-17.tsv	all source targets (header include guard only)	Returns `mConfiguration`.	mConfiguration		none (read-only or no-op)		NO_MATCH_FOUND	SOURCE_ONLY				reverse-engineering/binary-analysis/ghidra-function-name-table-2026-08-17.tsv;reverse-engineering/binary-analysis/function-c1-closure-2026-08-11.tsv;promoted CThing/CActor/CBattleEngine/CComplexThing semantic tables;resolved lexical owner	No supported target after repaired-owner direct-name search and promoted-semantic search; bounded negative only, not binary absence or proof of inlining/folding.	A named semantic/body/xref authority locating a compiler-emitted or folded retail implementation of `CBattleEngine::GetConfiguration`.								AMBIGUOUS_OVERLOAD_MACRO_NONFUNCTION	PARTIAL: RetailBattleEngine* helpers and Simulation carry bounded movement, gravity, interpolation, damage, cloak, augment, weapon, and configuration laws; this exact source row is not assumed carried.
"[""BattleEngine.h"",227,""GetConfigurationName"",""* GetConfigurationName()""]"	b38d21f0806e661d7b5044951d7e4d762e9feff9b7ba062a19485d5dab44d986	BattleEngine.h	227	GetConfigurationName	* GetConfigurationName()	CBattleEngine	CBattleEngine::GetConfigurationName	BattleEngine.h:72 DECLARE_THING_CLASS(CBattleEngine, CUnit), closed at line 485	EXTENDED	Recovered the lexical class owner from the pinned macro class declaration, then reran qualified-name and promoted-semantic joins.	local-lab/hermes-kanban-campaign-2026-08-22/source-first-expansion/partition.tsv;references/Onslaught/BattleEngine.h;reverse-engineering/binary-analysis/cactor-vtable-semantics-2026-08-11.tsv;reverse-engineering/binary-analysis/cbattleengine-vtable-semantics-2026-08-11.tsv;reverse-engineering/binary-analysis/ccomplexthing-vtable-semantics-2026-08-11.tsv;reverse-engineering/binary-analysis/cthing-vtable-semantics-2026-08-11.tsv;reverse-engineering/binary-analysis/function-c1-closure-2026-08-11.tsv;reverse-engineering/binary-analysis/ghidra-function-name-table-2026-08-17.tsv	all source targets (header include guard only)	Returns `mConfiguration->mConfigurationName`.	mConfiguration;mConfigurationName		none (read-only or no-op)		NO_MATCH_FOUND	SOURCE_ONLY				reverse-engineering/binary-analysis/ghidra-function-name-table-2026-08-17.tsv;reverse-engineering/binary-analysis/function-c1-closure-2026-08-11.tsv;promoted CThing/CActor/CBattleEngine/CComplexThing semantic tables;resolved lexical owner	No supported target after repaired-owner direct-name search and promoted-semantic search; bounded negative only, not binary absence or proof of inlining/folding.	A named semantic/body/xref authority locating a compiler-emitted or folded retail implementation of `CBattleEngine::GetConfigurationName`.								AMBIGUOUS_OVERLOAD_MACRO_NONFUNCTION	PARTIAL: RetailBattleEngine* helpers and Simulation carry bounded movement, gravity, interpolation, damage, cloak, augment, weapon, and configuration laws; this exact source row is not assumed carried.
"[""BattleEngine.h"",229,""SetPlayer"",""SetPlayer(class CPlayer *player)""]"	5b1b9949bca5633ea948cb8bbcbaf98a4da654183e471c0721d7ee9f181e58bc	BattleEngine.h	229	SetPlayer	SetPlayer(class CPlayer *player)	CBattleEngine	CBattleEngine::SetPlayer	BattleEngine.h:72 DECLARE_THING_CLASS(CBattleEngine, CUnit), closed at line 485	EXTENDED	Recovered the lexical class owner from the pinned macro class declaration, then reran qualified-name and promoted-semantic joins.	local-lab/hermes-kanban-campaign-2026-08-22/source-first-expansion/partition.tsv;references/Onslaught/BattleEngine.h;reverse-engineering/binary-analysis/cactor-vtable-semantics-2026-08-11.tsv;reverse-engineering/binary-analysis/cbattleengine-vtable-semantics-2026-08-11.tsv;reverse-engineering/binary-analysis/ccomplexthing-vtable-semantics-2026-08-11.tsv;reverse-engineering/binary-analysis/cthing-vtable-semantics-2026-08-11.tsv;reverse-engineering/binary-analysis/function-c1-closure-2026-08-11.tsv;reverse-engineering/binary-analysis/ghidra-function-name-table-2026-08-17.tsv	all source targets (header include guard only)	Delegates to `SetReader`.	mPlayer		calls SetReader	SetReader	NO_MATCH_FOUND	SOURCE_ONLY				reverse-engineering/binary-analysis/ghidra-function-name-table-2026-08-17.tsv;reverse-engineering/binary-analysis/function-c1-closure-2026-08-11.tsv;promoted CThing/CActor/CBattleEngine/CComplexThing semantic tables;resolved lexical owner	No supported target after repaired-owner direct-name search and promoted-semantic search; bounded negative only, not binary absence or proof of inlining/folding.	A named semantic/body/xref authority locating a compiler-emitted or folded retail implementation of `CBattleEngine::SetPlayer`.								AMBIGUOUS_OVERLOAD_MACRO_NONFUNCTION	PARTIAL: RetailBattleEngine* helpers and Simulation carry bounded movement, gravity, interpolation, damage, cloak, augment, weapon, and configuration laws; this exact source row is not assumed carried.
"[""BattleEngine.h"",234,""SetInfinateEnergy"",""SetInfinateEnergy(BOOL val)""]"	90a3e7d3a7390f3f26b454b2bb32156ddcb2cf0cee7ef9f7b9ab58954bfc2fff	BattleEngine.h	234	SetInfinateEnergy	SetInfinateEnergy(BOOL val)	CBattleEngine	CBattleEngine::SetInfinateEnergy	BattleEngine.h:72 DECLARE_THING_CLASS(CBattleEngine, CUnit), closed at line 485	EXTENDED	Recovered the lexical class owner from the pinned macro class declaration, then reran qualified-name and promoted-semantic joins.	local-lab/ghidra-rtti-slot-residual-167-static-20260810-v1/contracts.tsv;local-lab/hermes-kanban-campaign-2026-08-22/source-first-expansion/partition.tsv;references/Onslaught/BattleEngine.h;reverse-engineering/EVIDENCE-REGISTER.tsv;reverse-engineering/binary-analysis/cbattleengine-vtable-semantics-2026-08-11.tsv	all source targets (header include guard only)	Updates `mEnergy` from its arguments/constants.	mEnergy		writes mEnergy; calls GetMaxEnergy, SUPERTYPE::SetInfinateEnergy	GetMaxEnergy;SUPERTYPE::SetInfinateEnergy	SOURCE_EXACT	SOURCE_AGREES	0x00405f20	CBattleEngine__VFunc_85_00405f20	SOURCE_INLINE	reverse-engineering/binary-analysis/cbattleengine-vtable-semantics-2026-08-11.tsv	Preserves the source spelling; stores the flag and refills energy from configuration	Contradictory pristine-byte or independently reviewed semantic evidence showing this VA does not implement this exact source line/signature.	local-lab/ghidra-rtti-slot-residual-167-static-20260810-v1/contracts.tsv	44e6a1203e5924bec1585db21f9287674a6855d9586a4f737cb0a717652b63e0	C1_CANDIDATE_PARTIAL	OPEN_DARK	BASELINE_STATIC;ANALYST_METADATA_ONLY;CAMPAIGN_C1_STATIC_RECEIPT	08ed89644ed25feb9e85fefb5b31ab2bdecbbd91b8aca720e20c53a7fbc5e73f		AMBIGUOUS_OVERLOAD_MACRO_NONFUNCTION	PARTIAL: RetailBattleEngine* helpers and Simulation carry bounded movement, gravity, interpolation, damage, cloak, augment, weapon, and configuration laws; this exact source row is not assumed carried.
"[""BattleEngine.h"",238,""GetSoundMaterial"",""GetSoundMaterial()""]"	2d1b883d166f376fa808ffbeae47a8da2b83656dff19a4b4c4cdeea5bc3c57df	BattleEngine.h	238	GetSoundMaterial	GetSoundMaterial()	CBattleEngine	CBattleEngine::GetSoundMaterial	BattleEngine.h:72 DECLARE_THING_CLASS(CBattleEngine, CUnit), closed at line 485	EXTENDED	Recovered the lexical class owner from the pinned macro class declaration, then reran qualified-name and promoted-semantic joins.	local-lab/ghidra-rtti-slot-residual-167-static-20260810-v1/contracts.tsv;local-lab/hermes-kanban-campaign-2026-08-22/source-first-expansion/partition.tsv;references/Onslaught/BattleEngine.h;reverse-engineering/EVIDENCE-REGISTER.tsv;reverse-engineering/binary-analysis/cbattleengine-vtable-semantics-2026-08-11.tsv	all source targets (header include guard only)	Returns `SM_BATTLE_ENGINE`.		SM_BATTLE_ENGINE	none (read-only or no-op)		SOURCE_EXACT	SOURCE_AGREES	0x00405f40	CBattleEngine__VFunc_43_00405f40	SOURCE_INLINE	reverse-engineering/binary-analysis/cbattleengine-vtable-semantics-2026-08-11.tsv	Returns exact SM_BATTLE_ENGINE value 0x68	Contradictory pristine-byte or independently reviewed semantic evidence showing this VA does not implement this exact source line/signature.	local-lab/ghidra-rtti-slot-residual-167-static-20260810-v1/contracts.tsv	44e6a1203e5924bec1585db21f9287674a6855d9586a4f737cb0a717652b63e0	C1_CANDIDATE_PARTIAL	OPEN_EXECUTED	BASELINE_STATIC;ANALYST_METADATA_ONLY;RUNTIME_BOUNDED;CAMPAIGN_C1_STATIC_RECEIPT	08ed89644ed25feb9e85fefb5b31ab2bdecbbd91b8aca720e20c53a7fbc5e73f		AMBIGUOUS_OVERLOAD_MACRO_NONFUNCTION	PARTIAL: RetailBattleEngine* helpers and Simulation carry bounded movement, gravity, interpolation, damage, cloak, augment, weapon, and configuration laws; this exact source row is not assumed carried.
"[""BattleEngine.h"",250,""IsAThreat"",""IsAThreat()""]"	785e3b7a1854481049bf8bcb3853dbb3acb1e1728d1fd386100b02177888379e	BattleEngine.h	250	IsAThreat	IsAThreat()	CBattleEngine	CBattleEngine::IsAThreat	BattleEngine.h:72 DECLARE_THING_CLASS(CBattleEngine, CUnit), closed at line 485	EXTENDED	Recovered the lexical class owner from the pinned macro class declaration, then reran qualified-name and promoted-semantic joins.	local-lab/hermes-kanban-campaign-2026-08-22/source-first-expansion/partition.tsv;references/Onslaught/BattleEngine.h;reverse-engineering/binary-analysis/cactor-vtable-semantics-2026-08-11.tsv;reverse-engineering/binary-analysis/cbattleengine-vtable-semantics-2026-08-11.tsv;reverse-engineering/binary-analysis/ccomplexthing-vtable-semantics-2026-08-11.tsv;reverse-engineering/binary-analysis/cthing-vtable-semantics-2026-08-11.tsv;reverse-engineering/binary-analysis/function-c1-closure-2026-08-11.tsv;reverse-engineering/binary-analysis/ghidra-function-name-table-2026-08-17.tsv	all source targets (header include guard only)	Returns `TRUE`.		TRUE	none (read-only or no-op)		NO_MATCH_FOUND	SOURCE_ONLY				reverse-engineering/binary-analysis/ghidra-function-name-table-2026-08-17.tsv;reverse-engineering/binary-analysis/function-c1-closure-2026-08-11.tsv;promoted CThing/CActor/CBattleEngine/CComplexThing semantic tables;resolved lexical owner	No supported target after repaired-owner direct-name search and promoted-semantic search; bounded negative only, not binary absence or proof of inlining/folding.	A named semantic/body/xref authority locating a compiler-emitted or folded retail implementation of `CBattleEngine::IsAThreat`.								AMBIGUOUS_OVERLOAD_MACRO_NONFUNCTION	PARTIAL: RetailBattleEngine* helpers and Simulation carry bounded movement, gravity, interpolation, damage, cloak, augment, weapon, and configuration laws; this exact source row is not assumed carried.
"[""BattleEngine.h"",252,""GetPlayer"",""*GetPlayer()""]"	2e5fdae5d0d9dd5d63a4571186c1eb6fbf5817dbcad295e19994b6e12a6abda1	BattleEngine.h	252	GetPlayer	*GetPlayer()	CBattleEngine	CBattleEngine::GetPlayer	BattleEngine.h:72 DECLARE_THING_CLASS(CBattleEngine, CUnit), closed at line 485	EXTENDED	Recovered the lexical class owner from the pinned macro class declaration, then reran qualified-name and promoted-semantic joins.	local-lab/hermes-kanban-campaign-2026-08-22/source-first-expansion/partition.tsv;references/Onslaught/BattleEngine.h;reverse-engineering/binary-analysis/cactor-vtable-semantics-2026-08-11.tsv;reverse-engineering/binary-analysis/cbattleengine-vtable-semantics-2026-08-11.tsv;reverse-engineering/binary-analysis/ccomplexthing-vtable-semantics-2026-08-11.tsv;reverse-engineering/binary-analysis/cthing-vtable-semantics-2026-08-11.tsv;reverse-engineering/binary-analysis/function-c1-closure-2026-08-11.tsv;reverse-engineering/binary-analysis/ghidra-function-name-table-2026-08-17.tsv	all source targets (header include guard only)	Delegates to `ToRead`.	mPlayer		none (read-only or no-op)	ToRead	NO_MATCH_FOUND	SOURCE_ONLY				reverse-engineering/binary-analysis/ghidra-function-name-table-2026-08-17.tsv;reverse-engineering/binary-analysis/function-c1-closure-2026-08-11.tsv;promoted CThing/CActor/CBattleEngine/CComplexThing semantic tables;resolved lexical owner	No supported target after repaired-owner direct-name search and promoted-semantic search; bounded negative only, not binary absence or proof of inlining/folding.	A named semantic/body/xref authority locating a compiler-emitted or folded retail implementation of `CBattleEngine::GetPlayer`.								AMBIGUOUS_OVERLOAD_MACRO_NONFUNCTION	PARTIAL: RetailBattleEngine* helpers and Simulation carry bounded movement, gravity, interpolation, damage, cloak, augment, weapon, and configuration laws; this exact source row is not assumed carried.
"[""BattleEngine.h"",257,""GetChangedWeaponTime"",""GetChangedWeaponTime()""]"	77c267b000f7973ec640ded46490d5057d18302581d302d7695503a3d5b73bb9	BattleEngine.h	257	GetChangedWeaponTime	GetChangedWeaponTime()	CBattleEngine	CBattleEngine::GetChangedWeaponTime	BattleEngine.h:72 DECLARE_THING_CLASS(CBattleEngine, CUnit), closed at line 485	EXTENDED	Recovered the lexical class owner from the pinned macro class declaration, then reran qualified-name and promoted-semantic joins.	local-lab/hermes-kanban-campaign-2026-08-22/source-first-expansion/partition.tsv;references/Onslaught/BattleEngine.h;reverse-engineering/binary-analysis/cactor-vtable-semantics-2026-08-11.tsv;reverse-engineering/binary-analysis/cbattleengine-vtable-semantics-2026-08-11.tsv;reverse-engineering/binary-analysis/ccomplexthing-vtable-semantics-2026-08-11.tsv;reverse-engineering/binary-analysis/cthing-vtable-semantics-2026-08-11.tsv;reverse-engineering/binary-analysis/function-c1-closure-2026-08-11.tsv;reverse-engineering/binary-analysis/ghidra-function-name-table-2026-08-17.tsv	all source targets (header include guard only)	Returns `mChangedWeaponTime`.	mChangedWeaponTime		none (read-only or no-op)		NO_MATCH_FOUND	SOURCE_ONLY				reverse-engineering/binary-analysis/ghidra-function-name-table-2026-08-17.tsv;reverse-engineering/binary-analysis/function-c1-closure-2026-08-11.tsv;promoted CThing/CActor/CBattleEngine/CComplexThing semantic tables;resolved lexical owner	No supported target after repaired-owner direct-name search and promoted-semantic search; bounded negative only, not binary absence or proof of inlining/folding.	A named semantic/body/xref authority locating a compiler-emitted or folded retail implementation of `CBattleEngine::GetChangedWeaponTime`.								AMBIGUOUS_OVERLOAD_MACRO_NONFUNCTION	PARTIAL: RetailBattleEngine* helpers and Simulation carry bounded movement, gravity, interpolation, damage, cloak, augment, weapon, and configuration laws; this exact source row is not assumed carried.
"[""BattleEngine.h"",260,""GetLowEnergyStartTime"",""GetLowEnergyStartTime()""]"	a810473868a477996ff8db9e6e6aad9c0bcbee90634e9903086c8f81f8fff424	BattleEngine.h	260	GetLowEnergyStartTime	GetLowEnergyStartTime()	CBattleEngine	CBattleEngine::GetLowEnergyStartTime	BattleEngine.h:72 DECLARE_THING_CLASS(CBattleEngine, CUnit), closed at line 485	EXTENDED	Recovered the lexical class owner from the pinned macro class declaration, then reran qualified-name and promoted-semantic joins.	local-lab/hermes-kanban-campaign-2026-08-22/source-first-expansion/partition.tsv;references/Onslaught/BattleEngine.h;reverse-engineering/binary-analysis/cactor-vtable-semantics-2026-08-11.tsv;reverse-engineering/binary-analysis/cbattleengine-vtable-semantics-2026-08-11.tsv;reverse-engineering/binary-analysis/ccomplexthing-vtable-semantics-2026-08-11.tsv;reverse-engineering/binary-analysis/cthing-vtable-semantics-2026-08-11.tsv;reverse-engineering/binary-analysis/function-c1-closure-2026-08-11.tsv;reverse-engineering/binary-analysis/ghidra-function-name-table-2026-08-17.tsv	all source targets (header include guard only)	Returns `mLowEnergyStartTime`.	mLowEnergyStartTime		none (read-only or no-op)		NO_MATCH_FOUND	SOURCE_ONLY				reverse-engineering/binary-analysis/ghidra-function-name-table-2026-08-17.tsv;reverse-engineering/binary-analysis/function-c1-closure-2026-08-11.tsv;promoted CThing/CActor/CBattleEngine/CComplexThing semantic tables;resolved lexical owner	No supported target after repaired-owner direct-name search and promoted-semantic search; bounded negative only, not binary absence or proof of inlining/folding.	A named semantic/body/xref authority locating a compiler-emitted or folded retail implementation of `CBattleEngine::GetLowEnergyStartTime`.								AMBIGUOUS_OVERLOAD_MACRO_NONFUNCTION	PARTIAL: RetailBattleEngine* helpers and Simulation carry bounded movement, gravity, interpolation, damage, cloak, augment, weapon, and configuration laws; this exact source row is not assumed carried.
"[""BattleEngine.h"",261,""GetLowArmourStartTime"",""GetLowArmourStartTime()""]"	09863ad804c9609423d34271e79dea2aa02c0ad4a4457852873ee364e586c550	BattleEngine.h	261	GetLowArmourStartTime	GetLowArmourStartTime()	CBattleEngine	CBattleEngine::GetLowArmourStartTime	BattleEngine.h:72 DECLARE_THING_CLASS(CBattleEngine, CUnit), closed at line 485	EXTENDED	Recovered the lexical class owner from the pinned macro class declaration, then reran qualified-name and promoted-semantic joins.	local-lab/hermes-kanban-campaign-2026-08-22/source-first-expansion/partition.tsv;references/Onslaught/BattleEngine.h;reverse-engineering/binary-analysis/cactor-vtable-semantics-2026-08-11.tsv;reverse-engineering/binary-analysis/cbattleengine-vtable-semantics-2026-08-11.tsv;reverse-engineering/binary-analysis/ccomplexthing-vtable-semantics-2026-08-11.tsv;reverse-engineering/binary-analysis/cthing-vtable-semantics-2026-08-11.tsv;reverse-engineering/binary-analysis/function-c1-closure-2026-08-11.tsv;reverse-engineering/binary-analysis/ghidra-function-name-table-2026-08-17.tsv	all source targets (header include guard only)	Returns `mLowArmourStartTime`.	mLowArmourStartTime		none (read-only or no-op)		NO_MATCH_FOUND	SOURCE_ONLY				reverse-engineering/binary-analysis/ghidra-function-name-table-2026-08-17.tsv;reverse-engineering/binary-analysis/function-c1-closure-2026-08-11.tsv;promoted CThing/CActor/CBattleEngine/CComplexThing semantic tables;resolved lexical owner	No supported target after repaired-owner direct-name search and promoted-semantic search; bounded negative only, not binary absence or proof of inlining/folding.	A named semantic/body/xref authority locating a compiler-emitted or folded retail implementation of `CBattleEngine::GetLowArmourStartTime`.								AMBIGUOUS_OVERLOAD_MACRO_NONFUNCTION	PARTIAL: RetailBattleEngine* helpers and Simulation carry bounded movement, gravity, interpolation, damage, cloak, augment, weapon, and configuration laws; this exact source row is not assumed carried.
"[""BattleEngine.h"",262,""GetDangerStartTime"",""GetDangerStartTime()""]"	14fe9b1a27a6d09117ba0147e547c0c8e2afaedb4338c356e188a6af44c24923	BattleEngine.h	262	GetDangerStartTime	GetDangerStartTime()	CBattleEngine	CBattleEngine::GetDangerStartTime	BattleEngine.h:72 DECLARE_THING_CLASS(CBattleEngine, CUnit), closed at line 485	EXTENDED	Recovered the lexical class owner from the pinned macro class declaration, then reran qualified-name and promoted-semantic joins.	local-lab/hermes-kanban-campaign-2026-08-22/source-first-expansion/partition.tsv;references/Onslaught/BattleEngine.h;reverse-engineering/binary-analysis/cactor-vtable-semantics-2026-08-11.tsv;reverse-engineering/binary-analysis/cbattleengine-vtable-semantics-2026-08-11.tsv;reverse-engineering/binary-analysis/ccomplexthing-vtable-semantics-2026-08-11.tsv;reverse-engineering/binary-analysis/cthing-vtable-semantics-2026-08-11.tsv;reverse-engineering/binary-analysis/function-c1-closure-2026-08-11.tsv;reverse-engineering/binary-analysis/ghidra-function-name-table-2026-08-17.tsv	all source targets (header include guard only)	Returns `mDangerStartTime`.	mDangerStartTime		none (read-only or no-op)		NO_MATCH_FOUND	SOURCE_ONLY				reverse-engineering/binary-analysis/ghidra-function-name-table-2026-08-17.tsv;reverse-engineering/binary-analysis/function-c1-closure-2026-08-11.tsv;promoted CThing/CActor/CBattleEngine/CComplexThing semantic tables;resolved lexical owner	No supported target after repaired-owner direct-name search and promoted-semantic search; bounded negative only, not binary absence or proof of inlining/folding.	A named semantic/body/xref authority locating a compiler-emitted or folded retail implementation of `CBattleEngine::GetDangerStartTime`.								AMBIGUOUS_OVERLOAD_MACRO_NONFUNCTION	PARTIAL: RetailBattleEngine* helpers and Simulation carry bounded movement, gravity, interpolation, damage, cloak, augment, weapon, and configuration laws; this exact source row is not assumed carried.
"[""BattleEngine.h"",265,""IsStalling"",""IsStalling()""]"	2456dadbdeb7f93a5406ad0d36523c03311ca5999a3b051cd4a05306a8e52dd2	BattleEngine.h	265	IsStalling	IsStalling()	CBattleEngine	CBattleEngine::IsStalling	BattleEngine.h:72 DECLARE_THING_CLASS(CBattleEngine, CUnit), closed at line 485	EXTENDED	Recovered the lexical class owner from the pinned macro class declaration, then reran qualified-name and promoted-semantic joins.	local-lab/hermes-kanban-campaign-2026-08-22/source-first-expansion/partition.tsv;references/Onslaught/BattleEngine.h;reverse-engineering/binary-analysis/cactor-vtable-semantics-2026-08-11.tsv;reverse-engineering/binary-analysis/cbattleengine-vtable-semantics-2026-08-11.tsv;reverse-engineering/binary-analysis/ccomplexthing-vtable-semantics-2026-08-11.tsv;reverse-engineering/binary-analysis/cthing-vtable-semantics-2026-08-11.tsv;reverse-engineering/binary-analysis/function-c1-closure-2026-08-11.tsv;reverse-engineering/binary-analysis/ghidra-function-name-table-2026-08-17.tsv	all source targets (header include guard only)	Returns `mStalling`.	mStalling		none (read-only or no-op)		NO_MATCH_FOUND	SOURCE_ONLY				reverse-engineering/binary-analysis/ghidra-function-name-table-2026-08-17.tsv;reverse-engineering/binary-analysis/function-c1-closure-2026-08-11.tsv;promoted CThing/CActor/CBattleEngine/CComplexThing semantic tables;resolved lexical owner	No supported target after repaired-owner direct-name search and promoted-semantic search; bounded negative only, not binary absence or proof of inlining/folding.	A named semantic/body/xref authority locating a compiler-emitted or folded retail implementation of `CBattleEngine::IsStalling`.								AMBIGUOUS_OVERLOAD_MACRO_NONFUNCTION	PARTIAL: RetailBattleEngine* helpers and Simulation carry bounded movement, gravity, interpolation, damage, cloak, augment, weapon, and configuration laws; this exact source row is not assumed carried.
"[""BattleEngine.h"",266,""GetStallTime"",""GetStallTime()""]"	07f5e92e78d3c44c53029bd301841e25ff896d419704514f59aa8ae7fcebe66c	BattleEngine.h	266	GetStallTime	GetStallTime()	CBattleEngine	CBattleEngine::GetStallTime	BattleEngine.h:72 DECLARE_THING_CLASS(CBattleEngine, CUnit), closed at line 485	EXTENDED	Recovered the lexical class owner from the pinned macro class declaration, then reran qualified-name and promoted-semantic joins.	local-lab/hermes-kanban-campaign-2026-08-22/source-first-expansion/partition.tsv;references/Onslaught/BattleEngine.h;reverse-engineering/binary-analysis/cactor-vtable-semantics-2026-08-11.tsv;reverse-engineering/binary-analysis/cbattleengine-vtable-semantics-2026-08-11.tsv;reverse-engineering/binary-analysis/ccomplexthing-vtable-semantics-2026-08-11.tsv;reverse-engineering/binary-analysis/cthing-vtable-semantics-2026-08-11.tsv;reverse-engineering/binary-analysis/function-c1-closure-2026-08-11.tsv;reverse-engineering/binary-analysis/ghidra-function-name-table-2026-08-17.tsv	all source targets (header include guard only)	Returns `mStallTime`.	mStallTime		none (read-only or no-op)		NO_MATCH_FOUND	SOURCE_ONLY				reverse-engineering/binary-analysis/ghidra-function-name-table-2026-08-17.tsv;reverse-engineering/binary-analysis/function-c1-closure-2026-08-11.tsv;promoted CThing/CActor/CBattleEngine/CComplexThing semantic tables;resolved lexical owner	No supported target after repaired-owner direct-name search and promoted-semantic search; bounded negative only, not binary absence or proof of inlining/folding.	A named semantic/body/xref authority locating a compiler-emitted or folded retail implementation of `CBattleEngine::GetStallTime`.								AMBIGUOUS_OVERLOAD_MACRO_NONFUNCTION	PARTIAL: RetailBattleEngine* helpers and Simulation carry bounded movement, gravity, interpolation, damage, cloak, augment, weapon, and configuration laws; this exact source row is not assumed carried.
"[""BattleEngine.h"",267,""GetAugmentedTime"",""GetAugmentedTime()""]"	4aae0810739a48524f2f3e8aabc7354c24df0fda49aa270a07eeebc545f38b23	BattleEngine.h	267	GetAugmentedTime	GetAugmentedTime()	CBattleEngine	CBattleEngine::GetAugmentedTime	BattleEngine.h:72 DECLARE_THING_CLASS(CBattleEngine, CUnit), closed at line 485	EXTENDED	Recovered the lexical class owner from the pinned macro class declaration, then reran qualified-name and promoted-semantic joins.	local-lab/hermes-kanban-campaign-2026-08-22/source-first-expansion/partition.tsv;references/Onslaught/BattleEngine.h;reverse-engineering/binary-analysis/cactor-vtable-semantics-2026-08-11.tsv;reverse-engineering/binary-analysis/cbattleengine-vtable-semantics-2026-08-11.tsv;reverse-engineering/binary-analysis/ccomplexthing-vtable-semantics-2026-08-11.tsv;reverse-engineering/binary-analysis/cthing-vtable-semantics-2026-08-11.tsv;reverse-engineering/binary-analysis/function-c1-closure-2026-08-11.tsv;reverse-engineering/binary-analysis/ghidra-function-name-table-2026-08-17.tsv	all source targets (header include guard only)	Returns `mAugmentedTime`.	mAugmentedTime		none (read-only or no-op)		NO_MATCH_FOUND	SOURCE_ONLY				reverse-engineering/binary-analysis/ghidra-function-name-table-2026-08-17.tsv;reverse-engineering/binary-analysis/function-c1-closure-2026-08-11.tsv;promoted CThing/CActor/CBattleEngine/CComplexThing semantic tables;resolved lexical owner	No supported target after repaired-owner direct-name search and promoted-semantic search; bounded negative only, not binary absence or proof of inlining/folding.	A named semantic/body/xref authority locating a compiler-emitted or folded retail implementation of `CBattleEngine::GetAugmentedTime`.								AMBIGUOUS_OVERLOAD_MACRO_NONFUNCTION	PARTIAL: RetailBattleEngine* helpers and Simulation carry bounded movement, gravity, interpolation, damage, cloak, augment, weapon, and configuration laws; this exact source row is not assumed carried.
"[""BattleEngine.h"",274,""GetStealth"",""GetStealth()""]"	32fb186c67f3457aa64900aad8c77468ae87e1edb69b05d740af29c3f6705495	BattleEngine.h	274	GetStealth	GetStealth()	CBattleEngine	CBattleEngine::GetStealth	BattleEngine.h:72 DECLARE_THING_CLASS(CBattleEngine, CUnit), closed at line 485	EXTENDED	Recovered the lexical class owner from the pinned macro class declaration, then reran qualified-name and promoted-semantic joins.	local-lab/ghidra-rtti-slot-residual-167-static-20260810-v1/contracts.tsv;local-lab/hermes-kanban-campaign-2026-08-22/source-first-expansion/partition.tsv;references/Onslaught/BattleEngine.h;reverse-engineering/EVIDENCE-REGISTER.tsv;reverse-engineering/binary-analysis/cbattleengine-vtable-semantics-2026-08-11.tsv	all source targets (header include guard only)	Returns `mStealth`.	mStealth		none (read-only or no-op)		SOURCE_EXACT	SOURCE_AGREES	0x00405f50	CBattleEngine__VFunc_91_00405f50	SOURCE_INLINE	reverse-engineering/binary-analysis/cbattleengine-vtable-semantics-2026-08-11.tsv	Returns the Battle Engine stealth field used by target-lock logic	Contradictory pristine-byte or independently reviewed semantic evidence showing this VA does not implement this exact source line/signature.	local-lab/ghidra-rtti-slot-residual-167-static-20260810-v1/contracts.tsv	44e6a1203e5924bec1585db21f9287674a6855d9586a4f737cb0a717652b63e0	C1_CANDIDATE_PARTIAL	OPEN_EXECUTED	BASELINE_STATIC;ANALYST_METADATA_ONLY;RUNTIME_BOUNDED;CAMPAIGN_C1_STATIC_RECEIPT	08ed89644ed25feb9e85fefb5b31ab2bdecbbd91b8aca720e20c53a7fbc5e73f		AMBIGUOUS_OVERLOAD_MACRO_NONFUNCTION	PARTIAL: RetailBattleEngine* helpers and Simulation carry bounded movement, gravity, interpolation, damage, cloak, augment, weapon, and configuration laws; this exact source row is not assumed carried.
"[""BattleEngine.h"",276,""GetCanBeImpostered"",""GetCanBeImpostered()""]"	737c0b91256d06ac3d48187bfdc84f26bf144bebfa14d96cf01f08eafd43a290	BattleEngine.h	276	GetCanBeImpostered	GetCanBeImpostered()	CBattleEngine	CBattleEngine::GetCanBeImpostered	BattleEngine.h:72 DECLARE_THING_CLASS(CBattleEngine, CUnit), closed at line 485	EXTENDED	Recovered the lexical class owner from the pinned macro class declaration, then reran qualified-name and promoted-semantic joins.	local-lab/hermes-kanban-campaign-2026-08-22/source-first-expansion/partition.tsv;references/Onslaught/BattleEngine.h;reverse-engineering/binary-analysis/cactor-vtable-semantics-2026-08-11.tsv;reverse-engineering/binary-analysis/cbattleengine-vtable-semantics-2026-08-11.tsv;reverse-engineering/binary-analysis/ccomplexthing-vtable-semantics-2026-08-11.tsv;reverse-engineering/binary-analysis/cthing-vtable-semantics-2026-08-11.tsv;reverse-engineering/binary-analysis/function-c1-closure-2026-08-11.tsv;reverse-engineering/binary-analysis/ghidra-function-name-table-2026-08-17.tsv	all source targets (header include guard only)	Executes the pinned inline source body without a separately named retail algorithm.			none (read-only or no-op)		NO_MATCH_FOUND	SOURCE_ONLY				reverse-engineering/binary-analysis/ghidra-function-name-table-2026-08-17.tsv;reverse-engineering/binary-analysis/function-c1-closure-2026-08-11.tsv;promoted CThing/CActor/CBattleEngine/CComplexThing semantic tables;resolved lexical owner	No supported target after repaired-owner direct-name search and promoted-semantic search; bounded negative only, not binary absence or proof of inlining/folding.	A named semantic/body/xref authority locating a compiler-emitted or folded retail implementation of `CBattleEngine::GetCanBeImpostered`.								AMBIGUOUS_OVERLOAD_MACRO_NONFUNCTION	PARTIAL: RetailBattleEngine* helpers and Simulation carry bounded movement, gravity, interpolation, damage, cloak, augment, weapon, and configuration laws; this exact source row is not assumed carried.
"[""BattleEngine.h"",279,""GetAugActiveTime"",""GetAugActiveTime()""]"	4a33c0c7a80ecda8b972bdcd322e3ae1d970022bf15e5c6cbf9997902852a699	BattleEngine.h	279	GetAugActiveTime	GetAugActiveTime()	CBattleEngine	CBattleEngine::GetAugActiveTime	BattleEngine.h:72 DECLARE_THING_CLASS(CBattleEngine, CUnit), closed at line 485	EXTENDED	Recovered the lexical class owner from the pinned macro class declaration, then reran qualified-name and promoted-semantic joins.	local-lab/hermes-kanban-campaign-2026-08-22/source-first-expansion/partition.tsv;references/Onslaught/BattleEngine.h;reverse-engineering/binary-analysis/cactor-vtable-semantics-2026-08-11.tsv;reverse-engineering/binary-analysis/cbattleengine-vtable-semantics-2026-08-11.tsv;reverse-engineering/binary-analysis/ccomplexthing-vtable-semantics-2026-08-11.tsv;reverse-engineering/binary-analysis/cthing-vtable-semantics-2026-08-11.tsv;reverse-engineering/binary-analysis/function-c1-closure-2026-08-11.tsv;reverse-engineering/binary-analysis/ghidra-function-name-table-2026-08-17.tsv	all source targets (header include guard only)	Returns `mAugActiveTime`.	mAugActiveTime		none (read-only or no-op)		NO_MATCH_FOUND	SOURCE_ONLY				reverse-engineering/binary-analysis/ghidra-function-name-table-2026-08-17.tsv;reverse-engineering/binary-analysis/function-c1-closure-2026-08-11.tsv;promoted CThing/CActor/CBattleEngine/CComplexThing semantic tables;resolved lexical owner	No supported target after repaired-owner direct-name search and promoted-semantic search; bounded negative only, not binary absence or proof of inlining/folding.	A named semantic/body/xref authority locating a compiler-emitted or folded retail implementation of `CBattleEngine::GetAugActiveTime`.								AMBIGUOUS_OVERLOAD_MACRO_NONFUNCTION	PARTIAL: RetailBattleEngine* helpers and Simulation carry bounded movement, gravity, interpolation, damage, cloak, augment, weapon, and configuration laws; this exact source row is not assumed carried.
"[""BattleEngine.h"",280,""GetAugValue"",""GetAugValue()""]"	39dc98d3b0f1415110cd9516a73441e465d655d94b1084a9f09941074739551c	BattleEngine.h	280	GetAugValue	GetAugValue()	CBattleEngine	CBattleEngine::GetAugValue	BattleEngine.h:72 DECLARE_THING_CLASS(CBattleEngine, CUnit), closed at line 485	EXTENDED	Recovered the lexical class owner from the pinned macro class declaration, then reran qualified-name and promoted-semantic joins.	local-lab/hermes-kanban-campaign-2026-08-22/source-first-expansion/partition.tsv;references/Onslaught/BattleEngine.h;reverse-engineering/binary-analysis/cactor-vtable-semantics-2026-08-11.tsv;reverse-engineering/binary-analysis/cbattleengine-vtable-semantics-2026-08-11.tsv;reverse-engineering/binary-analysis/ccomplexthing-vtable-semantics-2026-08-11.tsv;reverse-engineering/binary-analysis/cthing-vtable-semantics-2026-08-11.tsv;reverse-engineering/binary-analysis/function-c1-closure-2026-08-11.tsv;reverse-engineering/binary-analysis/ghidra-function-name-table-2026-08-17.tsv	all source targets (header include guard only)	Returns `mAugValue`.	mAugValue		none (read-only or no-op)		NO_MATCH_FOUND	SOURCE_ONLY				reverse-engineering/binary-analysis/ghidra-function-name-table-2026-08-17.tsv;reverse-engineering/binary-analysis/function-c1-closure-2026-08-11.tsv;promoted CThing/CActor/CBattleEngine/CComplexThing semantic tables;resolved lexical owner	No supported target after repaired-owner direct-name search and promoted-semantic search; bounded negative only, not binary absence or proof of inlining/folding.	A named semantic/body/xref authority locating a compiler-emitted or folded retail implementation of `CBattleEngine::GetAugValue`.								AMBIGUOUS_OVERLOAD_MACRO_NONFUNCTION	PARTIAL: RetailBattleEngine* helpers and Simulation carry bounded movement, gravity, interpolation, damage, cloak, augment, weapon, and configuration laws; this exact source row is not assumed carried.
"[""BattleEngine.h"",281,""IsAugActive"",""IsAugActive()""]"	72cfd0962c3052a2dad1c1e8432165dae1fd5aa61de8ce0d4fd59f775685a39e	BattleEngine.h	281	IsAugActive	IsAugActive()	CBattleEngine	CBattleEngine::IsAugActive	BattleEngine.h:72 DECLARE_THING_CLASS(CBattleEngine, CUnit), closed at line 485	EXTENDED	Recovered the lexical class owner from the pinned macro class declaration, then reran qualified-name and promoted-semantic joins.	local-lab/hermes-kanban-campaign-2026-08-22/source-first-expansion/partition.tsv;references/Onslaught/BattleEngine.h;reverse-engineering/binary-analysis/cactor-vtable-semantics-2026-08-11.tsv;reverse-engineering/binary-analysis/cbattleengine-vtable-semantics-2026-08-11.tsv;reverse-engineering/binary-analysis/ccomplexthing-vtable-semantics-2026-08-11.tsv;reverse-engineering/binary-analysis/cthing-vtable-semantics-2026-08-11.tsv;reverse-engineering/binary-analysis/function-c1-closure-2026-08-11.tsv;reverse-engineering/binary-analysis/ghidra-function-name-table-2026-08-17.tsv	all source targets (header include guard only)	Returns `mAugActive`.	mAugActive		none (read-only or no-op)		NO_MATCH_FOUND	SOURCE_ONLY				reverse-engineering/binary-analysis/ghidra-function-name-table-2026-08-17.tsv;reverse-engineering/binary-analysis/function-c1-closure-2026-08-11.tsv;promoted CThing/CActor/CBattleEngine/CComplexThing semantic tables;resolved lexical owner	No supported target after repaired-owner direct-name search and promoted-semantic search; bounded negative only, not binary absence or proof of inlining/folding.	A named semantic/body/xref authority locating a compiler-emitted or folded retail implementation of `CBattleEngine::IsAugActive`.								AMBIGUOUS_OVERLOAD_MACRO_NONFUNCTION	PARTIAL: RetailBattleEngine* helpers and Simulation carry bounded movement, gravity, interpolation, damage, cloak, augment, weapon, and configuration laws; this exact source row is not assumed carried.
"[""BattleEngine.h"",310,""GetAmmoDepletedTime"",""GetAmmoDepletedTime()""]"	e381f088080ce566b607350e16451f34a9122de7e47bea701bcde43816bc9c26	BattleEngine.h	310	GetAmmoDepletedTime	GetAmmoDepletedTime()	CBattleEngine	CBattleEngine::GetAmmoDepletedTime	BattleEngine.h:72 DECLARE_THING_CLASS(CBattleEngine, CUnit), closed at line 485	EXTENDED	Recovered the lexical class owner from the pinned macro class declaration, then reran qualified-name and promoted-semantic joins.	local-lab/hermes-kanban-campaign-2026-08-22/source-first-expansion/partition.tsv;references/Onslaught/BattleEngine.h;reverse-engineering/binary-analysis/cactor-vtable-semantics-2026-08-11.tsv;reverse-engineering/binary-analysis/cbattleengine-vtable-semantics-2026-08-11.tsv;reverse-engineering/binary-analysis/ccomplexthing-vtable-semantics-2026-08-11.tsv;reverse-engineering/binary-analysis/cthing-vtable-semantics-2026-08-11.tsv;reverse-engineering/binary-analysis/function-c1-closure-2026-08-11.tsv;reverse-engineering/binary-analysis/ghidra-function-name-table-2026-08-17.tsv	all source targets (header include guard only)	Returns `mAmmoDepletedTime`.	mAmmoDepletedTime		none (read-only or no-op)		NO_MATCH_FOUND	SOURCE_ONLY				reverse-engineering/binary-analysis/ghidra-function-name-table-2026-08-17.tsv;reverse-engineering/binary-analysis/function-c1-closure-2026-08-11.tsv;promoted CThing/CActor/CBattleEngine/CComplexThing semantic tables;resolved lexical owner	No supported target after repaired-owner direct-name search and promoted-semantic search; bounded negative only, not binary absence or proof of inlining/folding.	A named semantic/body/xref authority locating a compiler-emitted or folded retail implementation of `CBattleEngine::GetAmmoDepletedTime`.								AMBIGUOUS_OVERLOAD_MACRO_NONFUNCTION	PARTIAL: RetailBattleEngine* helpers and Simulation carry bounded movement, gravity, interpolation, damage, cloak, augment, weapon, and configuration laws; this exact source row is not assumed carried.
"[""BattleEngine.h"",314,""PlayIncommingMissileSound"",""PlayIncommingMissileSound()""]"	86f7a20e7a7c4e8261728d8932e1169af50d4985a02fca33cf0c027641c95b63	BattleEngine.h	314	PlayIncommingMissileSound	PlayIncommingMissileSound()	CBattleEngine	CBattleEngine::PlayIncommingMissileSound	BattleEngine.h:72 DECLARE_THING_CLASS(CBattleEngine, CUnit), closed at line 485	EXTENDED	Recovered the lexical class owner from the pinned macro class declaration, then reran qualified-name and promoted-semantic joins.	local-lab/hermes-kanban-campaign-2026-08-22/source-first-expansion/partition.tsv;references/Onslaught/BattleEngine.h;reverse-engineering/binary-analysis/cactor-vtable-semantics-2026-08-11.tsv;reverse-engineering/binary-analysis/cbattleengine-vtable-semantics-2026-08-11.tsv;reverse-engineering/binary-analysis/ccomplexthing-vtable-semantics-2026-08-11.tsv;reverse-engineering/binary-analysis/cthing-vtable-semantics-2026-08-11.tsv;reverse-engineering/binary-analysis/function-c1-closure-2026-08-11.tsv;reverse-engineering/binary-analysis/ghidra-function-name-table-2026-08-17.tsv	all source targets (header include guard only)	Updates `mPlayIncomingMissileSound` from its arguments/constants.	mPlayIncomingMissileSound	TRUE	writes mPlayIncomingMissileSound		NO_MATCH_FOUND	SOURCE_ONLY				reverse-engineering/binary-analysis/ghidra-function-name-table-2026-08-17.tsv;reverse-engineering/binary-analysis/function-c1-closure-2026-08-11.tsv;promoted CThing/CActor/CBattleEngine/CComplexThing semantic tables;resolved lexical owner	No supported target after repaired-owner direct-name search and promoted-semantic search; bounded negative only, not binary absence or proof of inlining/folding.	A named semantic/body/xref authority locating a compiler-emitted or folded retail implementation of `CBattleEngine::PlayIncommingMissileSound`.								AMBIGUOUS_OVERLOAD_MACRO_NONFUNCTION	PARTIAL: RetailBattleEngine* helpers and Simulation carry bounded movement, gravity, interpolation, damage, cloak, augment, weapon, and configuration laws; this exact source row is not assumed carried.
"[""BattleEngine.h"",324,""GetDamageFlashList"",""* GetDamageFlashList()""]"	3e4f16feaaacc94b8e7e7350c434697faa22e2a8d930b60c8e1221026c5375fb	BattleEngine.h	324	GetDamageFlashList	* GetDamageFlashList()	CBattleEngine	CBattleEngine::GetDamageFlashList	BattleEngine.h:72 DECLARE_THING_CLASS(CBattleEngine, CUnit), closed at line 485	EXTENDED	Recovered the lexical class owner from the pinned macro class declaration, then reran qualified-name and promoted-semantic joins.	local-lab/hermes-kanban-campaign-2026-08-22/source-first-expansion/partition.tsv;references/Onslaught/BattleEngine.h;reverse-engineering/binary-analysis/cactor-vtable-semantics-2026-08-11.tsv;reverse-engineering/binary-analysis/cbattleengine-vtable-semantics-2026-08-11.tsv;reverse-engineering/binary-analysis/ccomplexthing-vtable-semantics-2026-08-11.tsv;reverse-engineering/binary-analysis/cthing-vtable-semantics-2026-08-11.tsv;reverse-engineering/binary-analysis/function-c1-closure-2026-08-11.tsv;reverse-engineering/binary-analysis/ghidra-function-name-table-2026-08-17.tsv	all source targets (header include guard only)	Returns `&mDamageFlashes`.	mDamageFlashes		none (read-only or no-op)		NO_MATCH_FOUND	SOURCE_ONLY				reverse-engineering/binary-analysis/ghidra-function-name-table-2026-08-17.tsv;reverse-engineering/binary-analysis/function-c1-closure-2026-08-11.tsv;promoted CThing/CActor/CBattleEngine/CComplexThing semantic tables;resolved lexical owner	No supported target after repaired-owner direct-name search and promoted-semantic search; bounded negative only, not binary absence or proof of inlining/folding.	A named semantic/body/xref authority locating a compiler-emitted or folded retail implementation of `CBattleEngine::GetDamageFlashList`.								AMBIGUOUS_OVERLOAD_MACRO_NONFUNCTION	PARTIAL: RetailBattleEngine* helpers and Simulation carry bounded movement, gravity, interpolation, damage, cloak, augment, weapon, and configuration laws; this exact source row is not assumed carried.
"[""BattleEngineConfigurations.h"",26,""UBattleEngineConfigurations::CountConfigurations"",""CountConfigurations()""]"	1479355b8276b43cc5e40d8e056d7adc3df63d3016339814d0add373a49cc32c	BattleEngineConfigurations.h	26	UBattleEngineConfigurations::CountConfigurations	CountConfigurations()	UBattleEngineConfigurations	UBattleEngineConfigurations::CountConfigurations	AST-qualified definition	REUSED	Reused the sealed partition readiness/evidence and added source-algorithm plus current-rebuild disposition without new retail measurement.	local-lab/hermes-kanban-campaign-2026-08-22/source-first-expansion/partition.tsv;references/Onslaught/BattleEngineConfigurations.h;reverse-engineering/binary-analysis/cactor-vtable-semantics-2026-08-11.tsv;reverse-engineering/binary-analysis/cbattleengine-vtable-semantics-2026-08-11.tsv;reverse-engineering/binary-analysis/ccomplexthing-vtable-semantics-2026-08-11.tsv;reverse-engineering/binary-analysis/cthing-vtable-semantics-2026-08-11.tsv;reverse-engineering/binary-analysis/function-c1-closure-2026-08-11.tsv;reverse-engineering/binary-analysis/ghidra-function-name-table-2026-08-17.tsv	all source targets (header include guard only)	Returns `sConfigurations`.	sConfigurations		none (read-only or no-op)		NO_MATCH_FOUND	SOURCE_ONLY				reverse-engineering/binary-analysis/ghidra-function-name-table-2026-08-17.tsv;reverse-engineering/binary-analysis/function-c1-closure-2026-08-11.tsv;promoted CThing/CActor/CBattleEngine/CComplexThing semantic tables;resolved lexical owner	No supported target after repaired-owner direct-name search and promoted-semantic search; bounded negative only, not binary absence or proof of inlining/folding.	A named semantic/body/xref authority locating a compiler-emitted or folded retail implementation of `UBattleEngineConfigurations::CountConfigurations`.								SOURCE_ONLY_BOUNDED_NO_MATCH	PARTIAL: RetailBattleEngine* helpers and Simulation carry bounded movement, gravity, interpolation, damage, cloak, augment, weapon, and configuration laws; this exact source row is not assumed carried.
"[""BattleEngineDataManager.h"",270,""UBattleEngineDataManager::CountConfigurations"",""CountConfigurations()""]"	5e61b75db35cad86e63f7e71c1d5677114847ebf9a027a336b159d56018e0c03	BattleEngineDataManager.h	270	UBattleEngineDataManager::CountConfigurations	CountConfigurations()	UBattleEngineDataManager	UBattleEngineDataManager::CountConfigurations	AST-qualified definition	REUSED	Reused the sealed partition readiness/evidence and added source-algorithm plus current-rebuild disposition without new retail measurement.	local-lab/hermes-kanban-campaign-2026-08-22/source-first-expansion/partition.tsv;references/Onslaught/BattleEngineDataManager.h;reverse-engineering/binary-analysis/cactor-vtable-semantics-2026-08-11.tsv;reverse-engineering/binary-analysis/cbattleengine-vtable-semantics-2026-08-11.tsv;reverse-engineering/binary-analysis/ccomplexthing-vtable-semantics-2026-08-11.tsv;reverse-engineering/binary-analysis/cthing-vtable-semantics-2026-08-11.tsv;reverse-engineering/binary-analysis/function-c1-closure-2026-08-11.tsv;reverse-engineering/binary-analysis/ghidra-function-name-table-2026-08-17.tsv	all source targets (header include guard only)	Returns `sData.Size()`.	sData		none (read-only or no-op)	Size	NO_MATCH_FOUND	SOURCE_ONLY				reverse-engineering/binary-analysis/ghidra-function-name-table-2026-08-17.tsv;reverse-engineering/binary-analysis/function-c1-closure-2026-08-11.tsv;promoted CThing/CActor/CBattleEngine/CComplexThing semantic tables;resolved lexical owner	No supported target after repaired-owner direct-name search and promoted-semantic search; bounded negative only, not binary absence or proof of inlining/folding.	A named semantic/body/xref authority locating a compiler-emitted or folded retail implementation of `UBattleEngineDataManager::CountConfigurations`.								SOURCE_ONLY_BOUNDED_NO_MATCH	PARTIAL: RetailBattleEngine* helpers and Simulation carry bounded movement, gravity, interpolation, damage, cloak, augment, weapon, and configuration laws; this exact source row is not assumed carried.
"[""BattleEngineJetPart.h"",37,""CBattleEngineJetPart::GetFlightModel"",""GetFlightModel()""]"	7b1fb6daccf102bdc96ac5537340d67af4eeefe716efd10662dc877a3d96ef27	BattleEngineJetPart.h	37	CBattleEngineJetPart::GetFlightModel	GetFlightModel()	CBattleEngineJetPart	CBattleEngineJetPart::GetFlightModel	AST-qualified definition	REUSED	Reused the sealed partition readiness/evidence and added source-algorithm plus current-rebuild disposition without new retail measurement.	local-lab/hermes-kanban-campaign-2026-08-22/source-first-expansion/partition.tsv;references/Onslaught/BattleEngineJetPart.h;reverse-engineering/binary-analysis/cactor-vtable-semantics-2026-08-11.tsv;reverse-engineering/binary-analysis/cbattleengine-vtable-semantics-2026-08-11.tsv;reverse-engineering/binary-analysis/ccomplexthing-vtable-semantics-2026-08-11.tsv;reverse-engineering/binary-analysis/cthing-vtable-semantics-2026-08-11.tsv;reverse-engineering/binary-analysis/function-c1-closure-2026-08-11.tsv;reverse-engineering/binary-analysis/ghidra-function-name-table-2026-08-17.tsv	all source targets (header include guard only)	Returns `mFlightModel`.	mFlightModel		none (read-only or no-op)		NO_MATCH_FOUND	SOURCE_ONLY				reverse-engineering/binary-analysis/ghidra-function-name-table-2026-08-17.tsv;reverse-engineering/binary-analysis/function-c1-closure-2026-08-11.tsv;promoted CThing/CActor/CBattleEngine/CComplexThing semantic tables;resolved lexical owner	No supported target after repaired-owner direct-name search and promoted-semantic search; bounded negative only, not binary absence or proof of inlining/folding.	A named semantic/body/xref authority locating a compiler-emitted or folded retail implementation of `CBattleEngineJetPart::GetFlightModel`.								SOURCE_ONLY_BOUNDED_NO_MATCH	PARTIAL: RetailBattleEngine* helpers and Simulation carry bounded movement, gravity, interpolation, damage, cloak, augment, weapon, and configuration laws; this exact source row is not assumed carried.
"[""BattleEngineJetPart.h"",38,""CBattleEngineJetPart::SetFlightModel"",""SetFlightModel(EJetFlightModel nm)""]"	f99206eb46cbac0cc5700ba3cd23d1729ad57059850fa5bb7253cadf8cfa13e8	BattleEngineJetPart.h	38	CBattleEngineJetPart::SetFlightModel	SetFlightModel(EJetFlightModel nm)	CBattleEngineJetPart	CBattleEngineJetPart::SetFlightModel	AST-qualified definition	REUSED	Reused the sealed partition readiness/evidence and added source-algorithm plus current-rebuild disposition without new retail measurement.	local-lab/hermes-kanban-campaign-2026-08-22/source-first-expansion/partition.tsv;references/Onslaught/BattleEngineJetPart.h;reverse-engineering/binary-analysis/cactor-vtable-semantics-2026-08-11.tsv;reverse-engineering/binary-analysis/cbattleengine-vtable-semantics-2026-08-11.tsv;reverse-engineering/binary-analysis/ccomplexthing-vtable-semantics-2026-08-11.tsv;reverse-engineering/binary-analysis/cthing-vtable-semantics-2026-08-11.tsv;reverse-engineering/binary-analysis/function-c1-closure-2026-08-11.tsv;reverse-engineering/binary-analysis/ghidra-function-name-table-2026-08-17.tsv	all source targets (header include guard only)	Updates `mFlightModel` from its arguments/constants.	mFlightModel		writes mFlightModel		NO_MATCH_FOUND	SOURCE_ONLY				reverse-engineering/binary-analysis/ghidra-function-name-table-2026-08-17.tsv;reverse-engineering/binary-analysis/function-c1-closure-2026-08-11.tsv;promoted CThing/CActor/CBattleEngine/CComplexThing semantic tables;resolved lexical owner	No supported target after repaired-owner direct-name search and promoted-semantic search; bounded negative only, not binary absence or proof of inlining/folding.	A named semantic/body/xref authority locating a compiler-emitted or folded retail implementation of `CBattleEngineJetPart::SetFlightModel`.								SOURCE_ONLY_BOUNDED_NO_MATCH	PARTIAL: RetailBattleEngine* helpers and Simulation carry bounded movement, gravity, interpolation, damage, cloak, augment, weapon, and configuration laws; this exact source row is not assumed carried.
"[""BattleEngineJetPart.h"",77,""CBattleEngineJetPart::DoingLoop"",""DoingLoop()""]"	aa7f4c81438bbf6ff8d8d6dbeef8f7af29e03daaf3f2e21689f0cfc5f33eda5c	BattleEngineJetPart.h	77	CBattleEngineJetPart::DoingLoop	DoingLoop()	CBattleEngineJetPart	CBattleEngineJetPart::DoingLoop	AST-qualified definition	REUSED	Reused the sealed partition readiness/evidence and added source-algorithm plus current-rebuild disposition without new retail measurement.	local-lab/hermes-kanban-campaign-2026-08-22/source-first-expansion/partition.tsv;references/Onslaught/BattleEngineJetPart.h;reverse-engineering/binary-analysis/cactor-vtable-semantics-2026-08-11.tsv;reverse-engineering/binary-analysis/cbattleengine-vtable-semantics-2026-08-11.tsv;reverse-engineering/binary-analysis/ccomplexthing-vtable-semantics-2026-08-11.tsv;reverse-engineering/binary-analysis/cthing-vtable-semantics-2026-08-11.tsv;reverse-engineering/binary-analysis/function-c1-closure-2026-08-11.tsv;reverse-engineering/binary-analysis/ghidra-function-name-table-2026-08-17.tsv	all source targets (header include guard only)	Returns `mDoingLoop`.	mDoingLoop		none (read-only or no-op)		NO_MATCH_FOUND	SOURCE_ONLY				reverse-engineering/binary-analysis/ghidra-function-name-table-2026-08-17.tsv;reverse-engineering/binary-analysis/function-c1-closure-2026-08-11.tsv;promoted CThing/CActor/CBattleEngine/CComplexThing semantic tables;resolved lexical owner	No supported target after repaired-owner direct-name search and promoted-semantic search; bounded negative only, not binary absence or proof of inlining/folding.	A named semantic/body/xref authority locating a compiler-emitted or folded retail implementation of `CBattleEngineJetPart::DoingLoop`.								SOURCE_ONLY_BOUNDED_NO_MATCH	PARTIAL: RetailBattleEngine* helpers and Simulation carry bounded movement, gravity, interpolation, damage, cloak, augment, weapon, and configuration laws; this exact source row is not assumed carried.
"[""BattleEngineJetPart.h"",78,""CBattleEngineJetPart::DoingRoll"",""DoingRoll()""]"	634974cb9eea9969d46b9eb29be293fd6d99ac722a2c2654c47fb5f2d520b3e6	BattleEngineJetPart.h	78	CBattleEngineJetPart::DoingRoll	DoingRoll()	CBattleEngineJetPart	CBattleEngineJetPart::DoingRoll	AST-qualified definition	REUSED	Reused the sealed partition readiness/evidence and added source-algorithm plus current-rebuild disposition without new retail measurement.	local-lab/hermes-kanban-campaign-2026-08-22/source-first-expansion/partition.tsv;references/Onslaught/BattleEngineJetPart.h;reverse-engineering/binary-analysis/cactor-vtable-semantics-2026-08-11.tsv;reverse-engineering/binary-analysis/cbattleengine-vtable-semantics-2026-08-11.tsv;reverse-engineering/binary-analysis/ccomplexthing-vtable-semantics-2026-08-11.tsv;reverse-engineering/binary-analysis/cthing-vtable-semantics-2026-08-11.tsv;reverse-engineering/binary-analysis/function-c1-closure-2026-08-11.tsv;reverse-engineering/binary-analysis/ghidra-function-name-table-2026-08-17.tsv	all source targets (header include guard only)	Returns `(mDoingBarrelCount>0) ? true : false`.	mDoingBarrelCount	0	none (read-only or no-op)		NO_MATCH_FOUND	SOURCE_ONLY				reverse-engineering/binary-analysis/ghidra-function-name-table-2026-08-17.tsv;reverse-engineering/binary-analysis/function-c1-closure-2026-08-11.tsv;promoted CThing/CActor/CBattleEngine/CComplexThing semantic tables;resolved lexical owner	No supported target after repaired-owner direct-name search and promoted-semantic search; bounded negative only, not binary absence or proof of inlining/folding.	A named semantic/body/xref authority locating a compiler-emitted or folded retail implementation of `CBattleEngineJetPart::DoingRoll`.								SOURCE_ONLY_BOUNDED_NO_MATCH	PARTIAL: RetailBattleEngine* helpers and Simulation carry bounded movement, gravity, interpolation, damage, cloak, augment, weapon, and configuration laws; this exact source row is not assumed carried.
"[""BattleEngineJetPart.h"",80,""CBattleEngineJetPart::GetThrusterValue"",""GetThrusterValue()""]"	46fdad523379ed3c87e548f26b42588c552f9ecc5f21358e93c881d4e5cda69e	BattleEngineJetPart.h	80	CBattleEngineJetPart::GetThrusterValue	GetThrusterValue()	CBattleEngineJetPart	CBattleEngineJetPart::GetThrusterValue	AST-qualified definition	REUSED	Reused the sealed partition readiness/evidence and added source-algorithm plus current-rebuild disposition without new retail measurement.	local-lab/hermes-kanban-campaign-2026-08-22/source-first-expansion/partition.tsv;references/Onslaught/BattleEngineJetPart.h;reverse-engineering/binary-analysis/cactor-vtable-semantics-2026-08-11.tsv;reverse-engineering/binary-analysis/cbattleengine-vtable-semantics-2026-08-11.tsv;reverse-engineering/binary-analysis/ccomplexthing-vtable-semantics-2026-08-11.tsv;reverse-engineering/binary-analysis/cthing-vtable-semantics-2026-08-11.tsv;reverse-engineering/binary-analysis/function-c1-closure-2026-08-11.tsv;reverse-engineering/binary-analysis/ghidra-function-name-table-2026-08-17.tsv	all source targets (header include guard only)	Returns `mThrusterValue`.	mThrusterValue		none (read-only or no-op)		NO_MATCH_FOUND	SOURCE_ONLY				reverse-engineering/binary-analysis/ghidra-function-name-table-2026-08-17.tsv;reverse-engineering/binary-analysis/function-c1-closure-2026-08-11.tsv;promoted CThing/CActor/CBattleEngine/CComplexThing semantic tables;resolved lexical owner	No supported target after repaired-owner direct-name search and promoted-semantic search; bounded negative only, not binary absence or proof of inlining/folding.	A named semantic/body/xref authority locating a compiler-emitted or folded retail implementation of `CBattleEngineJetPart::GetThrusterValue`.								SOURCE_ONLY_BOUNDED_NO_MATCH	PARTIAL: RetailBattleEngine* helpers and Simulation carry bounded movement, gravity, interpolation, damage, cloak, augment, weapon, and configuration laws; this exact source row is not assumed carried.
"[""BattleEngineWalkerPart.h"",37,""CBattleEngineWalkerPart::GetCurrentWalkCycle"",""GetCurrentWalkCycle()""]"	ceba6283249ee27e4c74ab11c339d969388739622bb8be7c6028ff5762c4b61b	BattleEngineWalkerPart.h	37	CBattleEngineWalkerPart::GetCurrentWalkCycle	GetCurrentWalkCycle()	CBattleEngineWalkerPart	CBattleEngineWalkerPart::GetCurrentWalkCycle	AST-qualified definition	REUSED	Reused the sealed partition readiness/evidence and added source-algorithm plus current-rebuild disposition without new retail measurement.	local-lab/hermes-kanban-campaign-2026-08-22/source-first-expansion/partition.tsv;references/Onslaught/BattleEngineWalkerPart.h;reverse-engineering/binary-analysis/cactor-vtable-semantics-2026-08-11.tsv;reverse-engineering/binary-analysis/cbattleengine-vtable-semantics-2026-08-11.tsv;reverse-engineering/binary-analysis/ccomplexthing-vtable-semantics-2026-08-11.tsv;reverse-engineering/binary-analysis/cthing-vtable-semantics-2026-08-11.tsv;reverse-engineering/binary-analysis/function-c1-closure-2026-08-11.tsv;reverse-engineering/binary-analysis/ghidra-function-name-table-2026-08-17.tsv	all source targets (header include guard only)	Returns `mWalkCycle`.	mWalkCycle		none (read-only or no-op)		NO_MATCH_FOUND	SOURCE_ONLY				reverse-engineering/binary-analysis/ghidra-function-name-table-2026-08-17.tsv;reverse-engineering/binary-analysis/function-c1-closure-2026-08-11.tsv;promoted CThing/CActor/CBattleEngine/CComplexThing semantic tables;resolved lexical owner	No supported target after repaired-owner direct-name search and promoted-semantic search; bounded negative only, not binary absence or proof of inlining/folding.	A named semantic/body/xref authority locating a compiler-emitted or folded retail implementation of `CBattleEngineWalkerPart::GetCurrentWalkCycle`.								SOURCE_ONLY_BOUNDED_NO_MATCH	PARTIAL: RetailBattleEngine* helpers and Simulation carry bounded movement, gravity, interpolation, damage, cloak, augment, weapon, and configuration laws; this exact source row is not assumed carried.
"[""BattleEngineWalkerPart.h"",38,""CBattleEngineWalkerPart::GetOldWalkCycle"",""GetOldWalkCycle()""]"	c11ff9aa73b1c76632621807d3306ed1a34d135e19aa695024fa10f67e440f6f	BattleEngineWalkerPart.h	38	CBattleEngineWalkerPart::GetOldWalkCycle	GetOldWalkCycle()	CBattleEngineWalkerPart	CBattleEngineWalkerPart::GetOldWalkCycle	AST-qualified definition	REUSED	Reused the sealed partition readiness/evidence and added source-algorithm plus current-rebuild disposition without new retail measurement.	local-lab/hermes-kanban-campaign-2026-08-22/source-first-expansion/partition.tsv;references/Onslaught/BattleEngineWalkerPart.h;reverse-engineering/binary-analysis/cactor-vtable-semantics-2026-08-11.tsv;reverse-engineering/binary-analysis/cbattleengine-vtable-semantics-2026-08-11.tsv;reverse-engineering/binary-analysis/ccomplexthing-vtable-semantics-2026-08-11.tsv;reverse-engineering/binary-analysis/cthing-vtable-semantics-2026-08-11.tsv;reverse-engineering/binary-analysis/function-c1-closure-2026-08-11.tsv;reverse-engineering/binary-analysis/ghidra-function-name-table-2026-08-17.tsv	all source targets (header include guard only)	Returns `mOldWalkCycle`.	mOldWalkCycle		none (read-only or no-op)		NO_MATCH_FOUND	SOURCE_ONLY				reverse-engineering/binary-analysis/ghidra-function-name-table-2026-08-17.tsv;reverse-engineering/binary-analysis/function-c1-closure-2026-08-11.tsv;promoted CThing/CActor/CBattleEngine/CComplexThing semantic tables;resolved lexical owner	No supported target after repaired-owner direct-name search and promoted-semantic search; bounded negative only, not binary absence or proof of inlining/folding.	A named semantic/body/xref authority locating a compiler-emitted or folded retail implementation of `CBattleEngineWalkerPart::GetOldWalkCycle`.								SOURCE_ONLY_BOUNDED_NO_MATCH	PARTIAL: RetailBattleEngine* helpers and Simulation carry bounded movement, gravity, interpolation, damage, cloak, augment, weapon, and configuration laws; this exact source row is not assumed carried.
"[""BattleEngineWalkerPart.h"",48,""CBattleEngineWalkerPart::GetPrimaryWeapon"",""* GetPrimaryWeapon()""]"	24d005d5584be8f8ed77b7fe0f7799d25dc05384a7835afa4227e8575f6d3ee7	BattleEngineWalkerPart.h	48	CBattleEngineWalkerPart::GetPrimaryWeapon	* GetPrimaryWeapon()	CBattleEngineWalkerPart	CBattleEngineWalkerPart::GetPrimaryWeapon	AST-qualified definition	REUSED	Reused the sealed partition readiness/evidence and added source-algorithm plus current-rebuild disposition without new retail measurement.	local-lab/hermes-kanban-campaign-2026-08-22/source-first-expansion/partition.tsv;references/Onslaught/BattleEngineWalkerPart.h;reverse-engineering/binary-analysis/cactor-vtable-semantics-2026-08-11.tsv;reverse-engineering/binary-analysis/cbattleengine-vtable-semantics-2026-08-11.tsv;reverse-engineering/binary-analysis/ccomplexthing-vtable-semantics-2026-08-11.tsv;reverse-engineering/binary-analysis/cthing-vtable-semantics-2026-08-11.tsv;reverse-engineering/binary-analysis/function-c1-closure-2026-08-11.tsv;reverse-engineering/binary-analysis/ghidra-function-name-table-2026-08-17.tsv	all source targets (header include guard only)	Returns `mPrimaryWeapon`.	mPrimaryWeapon		none (read-only or no-op)		NO_MATCH_FOUND	SOURCE_ONLY				reverse-engineering/binary-analysis/ghidra-function-name-table-2026-08-17.tsv;reverse-engineering/binary-analysis/function-c1-closure-2026-08-11.tsv;promoted CThing/CActor/CBattleEngine/CComplexThing semantic tables;resolved lexical owner	No supported target after repaired-owner direct-name search and promoted-semantic search; bounded negative only, not binary absence or proof of inlining/folding.	A named semantic/body/xref authority locating a compiler-emitted or folded retail implementation of `CBattleEngineWalkerPart::GetPrimaryWeapon`.								SOURCE_ONLY_BOUNDED_NO_MATCH	PARTIAL: RetailBattleEngine* helpers and Simulation carry bounded movement, gravity, interpolation, damage, cloak, augment, weapon, and configuration laws; this exact source row is not assumed carried.
"[""BattleEngineWalkerPart.h"",49,""CBattleEngineWalkerPart::GetAugWeapon"",""* GetAugWeapon()""]"	4d4066d535e4a54719b4f81edb86f98f5983d77a4ebec654e24d0125a21a2400	BattleEngineWalkerPart.h	49	CBattleEngineWalkerPart::GetAugWeapon	* GetAugWeapon()	CBattleEngineWalkerPart	CBattleEngineWalkerPart::GetAugWeapon	AST-qualified definition	REUSED	Reused the sealed partition readiness/evidence and added source-algorithm plus current-rebuild disposition without new retail measurement.	local-lab/hermes-kanban-campaign-2026-08-22/source-first-expansion/partition.tsv;references/Onslaught/BattleEngineWalkerPart.h;reverse-engineering/binary-analysis/cactor-vtable-semantics-2026-08-11.tsv;reverse-engineering/binary-analysis/cbattleengine-vtable-semantics-2026-08-11.tsv;reverse-engineering/binary-analysis/ccomplexthing-vtable-semantics-2026-08-11.tsv;reverse-engineering/binary-analysis/cthing-vtable-semantics-2026-08-11.tsv;reverse-engineering/binary-analysis/function-c1-closure-2026-08-11.tsv;reverse-engineering/binary-analysis/ghidra-function-name-table-2026-08-17.tsv	all source targets (header include guard only)	Returns `mAugWeapon`.	mAugWeapon		none (read-only or no-op)		NO_MATCH_FOUND	SOURCE_ONLY				reverse-engineering/binary-analysis/ghidra-function-name-table-2026-08-17.tsv;reverse-engineering/binary-analysis/function-c1-closure-2026-08-11.tsv;promoted CThing/CActor/CBattleEngine/CComplexThing semantic tables;resolved lexical owner	No supported target after repaired-owner direct-name search and promoted-semantic search; bounded negative only, not binary absence or proof of inlining/folding.	A named semantic/body/xref authority locating a compiler-emitted or folded retail implementation of `CBattleEngineWalkerPart::GetAugWeapon`.								SOURCE_ONLY_BOUNDED_NO_MATCH	PARTIAL: RetailBattleEngine* helpers and Simulation carry bounded movement, gravity, interpolation, damage, cloak, augment, weapon, and configuration laws; this exact source row is not assumed carried.
"[""BattleEngineWalkerPart.h"",74,""CBattleEngineWalkerPart::GetDashCount"",""GetDashCount()""]"	54eb72e50f452cd1e7663a6f778b06f4a971cd6c083fc2637e47f33845511578	BattleEngineWalkerPart.h	74	CBattleEngineWalkerPart::GetDashCount	GetDashCount()	CBattleEngineWalkerPart	CBattleEngineWalkerPart::GetDashCount	AST-qualified definition	REUSED	Reused the sealed partition readiness/evidence and added source-algorithm plus current-rebuild disposition without new retail measurement.	local-lab/hermes-kanban-campaign-2026-08-22/source-first-expansion/partition.tsv;references/Onslaught/BattleEngineWalkerPart.h;reverse-engineering/binary-analysis/cactor-vtable-semantics-2026-08-11.tsv;reverse-engineering/binary-analysis/cbattleengine-vtable-semantics-2026-08-11.tsv;reverse-engineering/binary-analysis/ccomplexthing-vtable-semantics-2026-08-11.tsv;reverse-engineering/binary-analysis/cthing-vtable-semantics-2026-08-11.tsv;reverse-engineering/binary-analysis/function-c1-closure-2026-08-11.tsv;reverse-engineering/binary-analysis/ghidra-function-name-table-2026-08-17.tsv	all source targets (header include guard only)	Returns `mDoingDashCount`.	mDoingDashCount		none (read-only or no-op)		NO_MATCH_FOUND	SOURCE_ONLY				reverse-engineering/binary-analysis/ghidra-function-name-table-2026-08-17.tsv;reverse-engineering/binary-analysis/function-c1-closure-2026-08-11.tsv;promoted CThing/CActor/CBattleEngine/CComplexThing semantic tables;resolved lexical owner	No supported target after repaired-owner direct-name search and promoted-semantic search; bounded negative only, not binary absence or proof of inlining/folding.	A named semantic/body/xref authority locating a compiler-emitted or folded retail implementation of `CBattleEngineWalkerPart::GetDashCount`.								SOURCE_ONLY_BOUNDED_NO_MATCH	PARTIAL: RetailBattleEngine* helpers and Simulation carry bounded movement, gravity, interpolation, damage, cloak, augment, weapon, and configuration laws; this exact source row is not assumed carried.
"[""Camera.cpp"",344,""CPanCamera::CPanCamera"",""CPanCamera::CPanCamera(CThing* for_thing, CBSpline* curve, float length)""]"	ae5f074d913afdc532a92a68a43b08ef662a50842ba11748c3e99289e19e857f	Camera.cpp	344	CPanCamera::CPanCamera	CPanCamera::CPanCamera(CThing* for_thing, CBSpline* curve, float length)	CPanCamera	CPanCamera::CPanCamera	AST-qualified definition	REUSED	Reused the sealed partition readiness/evidence and added source-algorithm plus current-rebuild disposition without new retail measurement.	local-lab/ghidra-cinematic-camera101-static-20260810-v1/contracts.tsv;local-lab/hermes-kanban-campaign-2026-08-22/source-first-expansion/partition.tsv;references/Onslaught/Camera.cpp;reverse-engineering/EVIDENCE-REGISTER.tsv;reverse-engineering/binary-analysis/ghidra-fullpass-findings/W001/adversarial/B15.md	all source targets	Captures the followed thing, spline, event time, and supplied duration; seeds identity/zero pose, updates once, then snapshots old pose.	mCurve;mForThing;mLength;mOldOrientation;mOldPos;mOrientation;mPos;mStartTime	0.0f;EVENT_MANAGER;ID_FMATRIX	writes mOldOrientation, mOldPos, mOrientation, mPos; calls FVector, Update	FVector;Update	SOURCE_ANALOG	RETAIL_UNRESOLVED	0x004198d0	CPanCamera__ctor		reverse-engineering/binary-analysis/ghidra-fullpass-findings/W001/adversarial/B15.md	Adversarial plate confirms CPanCamera constructor fields, vtables, Update call, and three known callers; retained as bounded analog.	A cold body/ABI read that refutes this named analog, or stronger same-function evidence that promotes it to SOURCE_EXACT.	local-lab/ghidra-cinematic-camera101-static-20260810-v1/contracts.tsv	e7b6f8e7637d629dc972748cf4ed686fdb19862bd65616488f74e3e84cf8985b	C1_CANDIDATE_PARTIAL	OPEN_EXECUTED	BASELINE_STATIC;ANALYST_METADATA_ONLY;RUNTIME_BOUNDED;CAMPAIGN_C1_STATIC_RECEIPT	08ed89644ed25feb9e85fefb5b31ab2bdecbbd91b8aca720e20c53a7fbc5e73f	0x004198d0:CPanCamera__ctor	NAMED_RETAIL_ANALOG_PRECISE_TARGET	PARTIAL: RetailCameraLaws plus Client/Godot opening-pan and control-view owners carry bounded camera laws; this exact source row is not assumed carried.
"[""Camera.cpp"",717,""CControllableCamera::CControllableCamera"",""CControllableCamera::CControllableCamera(FVector pos, FMatrix orientation)""]"	1d4b8992d7816b59e1c264f03039f879fc9d3156c25d76b01681eb3e9f7b4e51	Camera.cpp	717	CControllableCamera::CControllableCamera	CControllableCamera::CControllableCamera(FVector pos, FMatrix orientation)	CControllableCamera	CControllableCamera::CControllableCamera	AST-qualified definition	REUSED	Reused the sealed partition readiness/evidence and added source-algorithm plus current-rebuild disposition without new retail measurement.	local-lab/ghidra-cinematic-camera101-static-20260810-v1/contracts.tsv;local-lab/hermes-kanban-campaign-2026-08-22/source-first-expansion/partition.tsv;references/Onslaught/Camera.cpp;reverse-engineering/EVIDENCE-REGISTER.tsv;reverse-engineering/binary-analysis/ghidra-fullpass-findings/W002/adversarial/B01.md	all source targets	Copies the supplied pose into current, old, and temporary pose and snapshots the static frame counter.	mFrameCount;mLastFrameCount;mOldOrientation;mOldPos;mOrientation;mPos;mTempOrientation;mTempPos		writes mLastFrameCount, mOldOrientation, mOldPos, mTempOrientation, mTempPos		SOURCE_ANALOG	RETAIL_UNRESOLVED	0x0041a740	CControllableCamera__ctor		reverse-engineering/binary-analysis/ghidra-fullpass-findings/W002/adversarial/B01.md	Adversarial plate confirms the expanded by-value constructor footprint and current/old/temp pose shape; missing-neighbor risk remains.	A cold body/ABI read that refutes this named analog, or stronger same-function evidence that promotes it to SOURCE_EXACT.	local-lab/ghidra-cinematic-camera101-static-20260810-v1/contracts.tsv	e7b6f8e7637d629dc972748cf4ed686fdb19862bd65616488f74e3e84cf8985b	C1_CANDIDATE_PARTIAL	OPEN_DARK	BASELINE_STATIC;ANALYST_METADATA_ONLY;CAMPAIGN_C1_STATIC_RECEIPT	08ed89644ed25feb9e85fefb5b31ab2bdecbbd91b8aca720e20c53a7fbc5e73f	0x0041a740:CControllableCamera__ctor	NAMED_RETAIL_ANALOG_PRECISE_TARGET	PARTIAL: RetailCameraLaws plus Client/Godot opening-pan and control-view owners carry bounded camera laws; this exact source row is not assumed carried.
"[""Camera.h"",24,""CCamera::GetOldPos"",""GetOldPos()""]"	a76a3f790f3856823434ebf8967ad7f7c1459d4d997cb22f6d542eb521bdb554	Camera.h	24	CCamera::GetOldPos	GetOldPos()	CCamera	CCamera::GetOldPos	AST-qualified definition	REUSED	Reused the sealed partition readiness/evidence and added source-algorithm plus current-rebuild disposition without new retail measurement.	local-lab/hermes-kanban-campaign-2026-08-22/source-first-expansion/partition.tsv;references/Onslaught/Camera.h;reverse-engineering/binary-analysis/cactor-vtable-semantics-2026-08-11.tsv;reverse-engineering/binary-analysis/cbattleengine-vtable-semantics-2026-08-11.tsv;reverse-engineering/binary-analysis/ccomplexthing-vtable-semantics-2026-08-11.tsv;reverse-engineering/binary-analysis/cthing-vtable-semantics-2026-08-11.tsv;reverse-engineering/binary-analysis/function-c1-closure-2026-08-11.tsv;reverse-engineering/binary-analysis/ghidra-function-name-table-2026-08-17.tsv	all source targets (header include guard only)	Returns `GetPos()`.			none (read-only or no-op)	GetPos	NO_MATCH_FOUND	SOURCE_ONLY				reverse-engineering/binary-analysis/ghidra-function-name-table-2026-08-17.tsv;reverse-engineering/binary-analysis/function-c1-closure-2026-08-11.tsv;promoted CThing/CActor/CBattleEngine/CComplexThing semantic tables;resolved lexical owner	No supported target after repaired-owner direct-name search and promoted-semantic search; bounded negative only, not binary absence or proof of inlining/folding.	A named semantic/body/xref authority locating a compiler-emitted or folded retail implementation of `CCamera::GetOldPos`.								SOURCE_ONLY_BOUNDED_NO_MATCH	PARTIAL: RetailCameraLaws plus Client/Godot opening-pan and control-view owners carry bounded camera laws; this exact source row is not assumed carried.
"[""Camera.h"",25,""CCamera::GetOldOrientation"",""GetOldOrientation()""]"	43633ee8273fb92b76934c1171c358a20be407e43f2acc06af04baa32f1136fe	Camera.h	25	CCamera::GetOldOrientation	GetOldOrientation()	CCamera	CCamera::GetOldOrientation	AST-qualified definition	REUSED	Reused the sealed partition readiness/evidence and added source-algorithm plus current-rebuild disposition without new retail measurement.	local-lab/hermes-kanban-campaign-2026-08-22/source-first-expansion/partition.tsv;references/Onslaught/Camera.h;reverse-engineering/binary-analysis/cactor-vtable-semantics-2026-08-11.tsv;reverse-engineering/binary-analysis/cbattleengine-vtable-semantics-2026-08-11.tsv;reverse-engineering/binary-analysis/ccomplexthing-vtable-semantics-2026-08-11.tsv;reverse-engineering/binary-analysis/cthing-vtable-semantics-2026-08-11.tsv;reverse-engineering/binary-analysis/function-c1-closure-2026-08-11.tsv;reverse-engineering/binary-analysis/ghidra-function-name-table-2026-08-17.tsv	all source targets (header include guard only)	Returns `GetOrientation()`.			none (read-only or no-op)	GetOrientation	NO_MATCH_FOUND	SOURCE_ONLY				reverse-engineering/binary-analysis/ghidra-function-name-table-2026-08-17.tsv;reverse-engineering/binary-analysis/function-c1-closure-2026-08-11.tsv;promoted CThing/CActor/CBattleEngine/CComplexThing semantic tables;resolved lexical owner	No supported target after repaired-owner direct-name search and promoted-semantic search; bounded negative only, not binary absence or proof of inlining/folding.	A named semantic/body/xref authority locating a compiler-emitted or folded retail implementation of `CCamera::GetOldOrientation`.								SOURCE_ONLY_BOUNDED_NO_MATCH	PARTIAL: RetailCameraLaws plus Client/Godot opening-pan and control-view owners carry bounded camera laws; this exact source row is not assumed carried.
"[""Camera.h"",27,""CCamera::GetOldZoom"",""GetOldZoom()""]"	fbf9a1d36665d4357acded4b480e3e4b3aacac96dfb415f4ad98cb3d4642a171	Camera.h	27	CCamera::GetOldZoom	GetOldZoom()	CCamera	CCamera::GetOldZoom	AST-qualified definition	REUSED	Reused the sealed partition readiness/evidence and added source-algorithm plus current-rebuild disposition without new retail measurement.	local-lab/hermes-kanban-campaign-2026-08-22/source-first-expansion/partition.tsv;references/Onslaught/Camera.h;reverse-engineering/binary-analysis/cactor-vtable-semantics-2026-08-11.tsv;reverse-engineering/binary-analysis/cbattleengine-vtable-semantics-2026-08-11.tsv;reverse-engineering/binary-analysis/ccomplexthing-vtable-semantics-2026-08-11.tsv;reverse-engineering/binary-analysis/cthing-vtable-semantics-2026-08-11.tsv;reverse-engineering/binary-analysis/function-c1-closure-2026-08-11.tsv;reverse-engineering/binary-analysis/ghidra-function-name-table-2026-08-17.tsv	all source targets (header include guard only)	Returns `GetZoom()`.			none (read-only or no-op)	GetZoom	NO_MATCH_FOUND	SOURCE_ONLY				reverse-engineering/binary-analysis/ghidra-function-name-table-2026-08-17.tsv;reverse-engineering/binary-analysis/function-c1-closure-2026-08-11.tsv;promoted CThing/CActor/CBattleEngine/CComplexThing semantic tables;resolved lexical owner	No supported target after repaired-owner direct-name search and promoted-semantic search; bounded negative only, not binary absence or proof of inlining/folding.	A named semantic/body/xref authority locating a compiler-emitted or folded retail implementation of `CCamera::GetOldZoom`.								SOURCE_ONLY_BOUNDED_NO_MATCH	PARTIAL: RetailCameraLaws plus Client/Godot opening-pan and control-view owners carry bounded camera laws; this exact source row is not assumed carried.
"[""Camera.h"",30,""CCamera::~dtor"",""~CCamera()""]"	edfa8387cb677dbf8c61bf1f5ac468c5b876098806298ba81ccad2772a47174d	Camera.h	30	CCamera::~dtor	~CCamera()	CCamera	CCamera::~dtor	AST-qualified definition	REUSED	Reused the sealed partition readiness/evidence and added source-algorithm plus current-rebuild disposition without new retail measurement.	local-lab/hermes-kanban-campaign-2026-08-22/source-first-expansion/partition.tsv;references/Onslaught/Camera.h;reverse-engineering/binary-analysis/cactor-vtable-semantics-2026-08-11.tsv;reverse-engineering/binary-analysis/cbattleengine-vtable-semantics-2026-08-11.tsv;reverse-engineering/binary-analysis/ccomplexthing-vtable-semantics-2026-08-11.tsv;reverse-engineering/binary-analysis/cthing-vtable-semantics-2026-08-11.tsv;reverse-engineering/binary-analysis/function-c1-closure-2026-08-11.tsv;reverse-engineering/binary-analysis/ghidra-function-name-table-2026-08-17.tsv	all source targets (header include guard only)	No-op virtual base-camera destructor body.			none (read-only or no-op)		NO_MATCH_FOUND	RETAIL_UNRESOLVED				pinned source;reverse-engineering/binary-analysis/ghidra-function-name-table-2026-08-17.tsv;reverse-engineering/binary-analysis/function-c1-closure-2026-08-11.tsv;full-pass destructor plates	Destructor body versus scalar/vector deleting wrapper is unresolved; wrapper spelling alone cannot prove the source destructor.	Static ABI/xref/body evidence resolving whether retail emits or wraps `CCamera::~dtor`.								EXTERNAL_PROOF_REQUIRED	PARTIAL: RetailCameraLaws plus Client/Godot opening-pan and control-view owners carry bounded camera laws; this exact source row is not assumed carried.
"[""Camera.h"",43,""CThingCamera::CThingCamera"",""CThingCamera(CThing* for_thing)""]"	fde88a66edc64165952296279f355008cde21fe470ec0d3cc7350f84178f34af	Camera.h	43	CThingCamera::CThingCamera	CThingCamera(CThing* for_thing)	CThingCamera	CThingCamera::CThingCamera	AST-qualified definition	REUSED	Reused the sealed partition readiness/evidence and added source-algorithm plus current-rebuild disposition without new retail measurement.	local-lab/hermes-kanban-campaign-2026-08-22/source-first-expansion/partition.tsv;references/Onslaught/Camera.h;reverse-engineering/binary-analysis/cactor-vtable-semantics-2026-08-11.tsv;reverse-engineering/binary-analysis/cbattleengine-vtable-semantics-2026-08-11.tsv;reverse-engineering/binary-analysis/ccomplexthing-vtable-semantics-2026-08-11.tsv;reverse-engineering/binary-analysis/cthing-vtable-semantics-2026-08-11.tsv;reverse-engineering/binary-analysis/function-c1-closure-2026-08-11.tsv;reverse-engineering/binary-analysis/ghidra-function-name-table-2026-08-17.tsv	all source targets (header include guard only)	No-op body.	mForThing		none (read-only or no-op)		NO_MATCH_FOUND	SOURCE_ONLY				reverse-engineering/binary-analysis/ghidra-function-name-table-2026-08-17.tsv;reverse-engineering/binary-analysis/function-c1-closure-2026-08-11.tsv;promoted CThing/CActor/CBattleEngine/CComplexThing semantic tables;resolved lexical owner	No supported target after repaired-owner direct-name search and promoted-semantic search; bounded negative only, not binary absence or proof of inlining/folding.	A named semantic/body/xref authority locating a compiler-emitted or folded retail implementation of `CThingCamera::CThingCamera`.								SOURCE_ONLY_BOUNDED_NO_MATCH	PARTIAL: RetailCameraLaws plus Client/Godot opening-pan and control-view owners carry bounded camera laws; this exact source row is not assumed carried.
"[""Camera.h"",51,""CThingCamera::GetThing"",""* GetThing()""]"	0fa336bb3a5e4b9234223fed3fa9a80c19b7f893d5e63e19b362bc2ff03515fc	Camera.h	51	CThingCamera::GetThing	* GetThing()	CThingCamera	CThingCamera::GetThing	AST-qualified definition	REUSED	Reused the sealed partition readiness/evidence and added source-algorithm plus current-rebuild disposition without new retail measurement.	local-lab/hermes-kanban-campaign-2026-08-22/source-first-expansion/partition.tsv;references/Onslaught/Camera.h;reverse-engineering/binary-analysis/cactor-vtable-semantics-2026-08-11.tsv;reverse-engineering/binary-analysis/cbattleengine-vtable-semantics-2026-08-11.tsv;reverse-engineering/binary-analysis/ccomplexthing-vtable-semantics-2026-08-11.tsv;reverse-engineering/binary-analysis/cthing-vtable-semantics-2026-08-11.tsv;reverse-engineering/binary-analysis/function-c1-closure-2026-08-11.tsv;reverse-engineering/binary-analysis/ghidra-function-name-table-2026-08-17.tsv	all source targets (header include guard only)	Returns `mForThing.ToRead()`.	mForThing		none (read-only or no-op)	ToRead	NO_MATCH_FOUND	SOURCE_ONLY				reverse-engineering/binary-analysis/ghidra-function-name-table-2026-08-17.tsv;reverse-engineering/binary-analysis/function-c1-closure-2026-08-11.tsv;promoted CThing/CActor/CBattleEngine/CComplexThing semantic tables;resolved lexical owner	No supported target after repaired-owner direct-name search and promoted-semantic search; bounded negative only, not binary absence or proof of inlining/folding.	A named semantic/body/xref authority locating a compiler-emitted or folded retail implementation of `CThingCamera::GetThing`.								SOURCE_ONLY_BOUNDED_NO_MATCH	PARTIAL: RetailCameraLaws plus Client/Godot opening-pan and control-view owners carry bounded camera laws; this exact source row is not assumed carried.
"[""Camera.h"",68,""CThing3rdPersonCamera::GetIsThingCamera"",""* GetIsThingCamera()""]"	a29b631e2a2885ead27a5fdc2ad2f9f336245e7b2b105c8ea5a9f3cfabed2b4f	Camera.h	68	CThing3rdPersonCamera::GetIsThingCamera	* GetIsThingCamera()	CThing3rdPersonCamera	CThing3rdPersonCamera::GetIsThingCamera	AST-qualified definition	REUSED	Reused the sealed partition readiness/evidence and added source-algorithm plus current-rebuild disposition without new retail measurement.	local-lab/hermes-kanban-campaign-2026-08-22/source-first-expansion/partition.tsv;references/Onslaught/Camera.h;reverse-engineering/binary-analysis/cactor-vtable-semantics-2026-08-11.tsv;reverse-engineering/binary-analysis/cbattleengine-vtable-semantics-2026-08-11.tsv;reverse-engineering/binary-analysis/ccomplexthing-vtable-semantics-2026-08-11.tsv;reverse-engineering/binary-analysis/cthing-vtable-semantics-2026-08-11.tsv;reverse-engineering/binary-analysis/function-c1-closure-2026-08-11.tsv;reverse-engineering/binary-analysis/ghidra-function-name-table-2026-08-17.tsv	all source targets (header include guard only)	Returns `this`.			none (read-only or no-op)		NO_MATCH_FOUND	SOURCE_ONLY				reverse-engineering/binary-analysis/ghidra-function-name-table-2026-08-17.tsv;reverse-engineering/binary-analysis/function-c1-closure-2026-08-11.tsv;promoted CThing/CActor/CBattleEngine/CComplexThing semantic tables;resolved lexical owner	No supported target after repaired-owner direct-name search and promoted-semantic search; bounded negative only, not binary absence or proof of inlining/folding.	A named semantic/body/xref authority locating a compiler-emitted or folded retail implementation of `CThing3rdPersonCamera::GetIsThingCamera`.								SOURCE_ONLY_BOUNDED_NO_MATCH	PARTIAL: RetailCameraLaws plus Client/Godot opening-pan and control-view owners carry bounded camera laws; this exact source row is not assumed carried.
"[""Camera.h"",72,""CThing3rdPersonCamera::GetThing"",""* GetThing()""]"	85945fbea196e7673ff82d6db35bbbe2e958df7ee4a2047acf970a343ba4af67	Camera.h	72	CThing3rdPersonCamera::GetThing	* GetThing()	CThing3rdPersonCamera	CThing3rdPersonCamera::GetThing	AST-qualified definition	REUSED	Reused the sealed partition readiness/evidence and added source-algorithm plus current-rebuild disposition without new retail measurement.	local-lab/hermes-kanban-campaign-2026-08-22/source-first-expansion/partition.tsv;references/Onslaught/Camera.h;reverse-engineering/binary-analysis/cactor-vtable-semantics-2026-08-11.tsv;reverse-engineering/binary-analysis/cbattleengine-vtable-semantics-2026-08-11.tsv;reverse-engineering/binary-analysis/ccomplexthing-vtable-semantics-2026-08-11.tsv;reverse-engineering/binary-analysis/cthing-vtable-semantics-2026-08-11.tsv;reverse-engineering/binary-analysis/function-c1-closure-2026-08-11.tsv;reverse-engineering/binary-analysis/ghidra-function-name-table-2026-08-17.tsv	all source targets (header include guard only)	Delegates to `ToRead`.	mForThing		none (read-only or no-op)	ToRead	NO_MATCH_FOUND	SOURCE_ONLY				reverse-engineering/binary-analysis/ghidra-function-name-table-2026-08-17.tsv;reverse-engineering/binary-analysis/function-c1-closure-2026-08-11.tsv;promoted CThing/CActor/CBattleEngine/CComplexThing semantic tables;resolved lexical owner	No supported target after repaired-owner direct-name search and promoted-semantic search; bounded negative only, not binary absence or proof of inlining/folding.	A named semantic/body/xref authority locating a compiler-emitted or folded retail implementation of `CThing3rdPersonCamera::GetThing`.								SOURCE_ONLY_BOUNDED_NO_MATCH	PARTIAL: RetailCameraLaws plus Client/Godot opening-pan and control-view owners carry bounded camera laws; this exact source row is not assumed carried.
"[""Camera.h"",126,""CPanCamera::GetZoom"",""GetZoom()""]"	34195bc5b869331f7e5dadfc86539ffee11b830d611981df1b8bc970628a47cb	Camera.h	126	CPanCamera::GetZoom	GetZoom()	CPanCamera	CPanCamera::GetZoom	AST-qualified definition	REUSED	Reused the sealed partition readiness/evidence and added source-algorithm plus current-rebuild disposition without new retail measurement.	local-lab/hermes-kanban-campaign-2026-08-22/source-first-expansion/partition.tsv;references/Onslaught/Camera.h;reverse-engineering/binary-analysis/cactor-vtable-semantics-2026-08-11.tsv;reverse-engineering/binary-analysis/cbattleengine-vtable-semantics-2026-08-11.tsv;reverse-engineering/binary-analysis/ccomplexthing-vtable-semantics-2026-08-11.tsv;reverse-engineering/binary-analysis/cthing-vtable-semantics-2026-08-11.tsv;reverse-engineering/binary-analysis/function-c1-closure-2026-08-11.tsv;reverse-engineering/binary-analysis/ghidra-function-name-table-2026-08-17.tsv	all source targets (header include guard only)	Returns `1.0f`.		1.0f	none (read-only or no-op)		NO_MATCH_FOUND	SOURCE_ONLY				reverse-engineering/binary-analysis/ghidra-function-name-table-2026-08-17.tsv;reverse-engineering/binary-analysis/function-c1-closure-2026-08-11.tsv;promoted CThing/CActor/CBattleEngine/CComplexThing semantic tables;resolved lexical owner	No supported target after repaired-owner direct-name search and promoted-semantic search; bounded negative only, not binary absence or proof of inlining/folding.	A named semantic/body/xref authority locating a compiler-emitted or folded retail implementation of `CPanCamera::GetZoom`.								SOURCE_ONLY_BOUNDED_NO_MATCH	PARTIAL: RetailCameraLaws plus Client/Godot opening-pan and control-view owners carry bounded camera laws; this exact source row is not assumed carried.
"[""Camera.h"",127,""CPanCamera::GetShowHUD"",""GetShowHUD()""]"	95f0d596abc070320d2c8b2b7d04d130d77375ca6777aed654735bb1a7dc10fd	Camera.h	127	CPanCamera::GetShowHUD	GetShowHUD()	CPanCamera	CPanCamera::GetShowHUD	AST-qualified definition	REUSED	Reused the sealed partition readiness/evidence and added source-algorithm plus current-rebuild disposition without new retail measurement.	local-lab/hermes-kanban-campaign-2026-08-22/source-first-expansion/partition.tsv;references/Onslaught/Camera.h;reverse-engineering/binary-analysis/cactor-vtable-semantics-2026-08-11.tsv;reverse-engineering/binary-analysis/cbattleengine-vtable-semantics-2026-08-11.tsv;reverse-engineering/binary-analysis/ccomplexthing-vtable-semantics-2026-08-11.tsv;reverse-engineering/binary-analysis/cthing-vtable-semantics-2026-08-11.tsv;reverse-engineering/binary-analysis/function-c1-closure-2026-08-11.tsv;reverse-engineering/binary-analysis/ghidra-function-name-table-2026-08-17.tsv	all source targets (header include guard only)	Returns `FALSE`.		FALSE	none (read-only or no-op)		NO_MATCH_FOUND	SOURCE_ONLY				reverse-engineering/binary-analysis/ghidra-function-name-table-2026-08-17.tsv;reverse-engineering/binary-analysis/function-c1-closure-2026-08-11.tsv;promoted CThing/CActor/CBattleEngine/CComplexThing semantic tables;resolved lexical owner	No supported target after repaired-owner direct-name search and promoted-semantic search; bounded negative only, not binary absence or proof of inlining/folding.	A named semantic/body/xref authority locating a compiler-emitted or folded retail implementation of `CPanCamera::GetShowHUD`.								SOURCE_ONLY_BOUNDED_NO_MATCH	PARTIAL: RetailCameraLaws plus Client/Godot opening-pan and control-view owners carry bounded camera laws; this exact source row is not assumed carried.
"[""Camera.h"",176,""CControllableCamera::GetPos"",""GetPos()""]"	df2cfb00223d49d160ca3c3534e9dd746083620924e5a153416d00b8cb957cad	Camera.h	176	CControllableCamera::GetPos	GetPos()	CControllableCamera	CControllableCamera::GetPos	AST-qualified definition	REUSED	Reused the sealed partition readiness/evidence and added source-algorithm plus current-rebuild disposition without new retail measurement.	local-lab/hermes-kanban-campaign-2026-08-22/source-first-expansion/partition.tsv;references/Onslaught/Camera.h;reverse-engineering/binary-analysis/cactor-vtable-semantics-2026-08-11.tsv;reverse-engineering/binary-analysis/cbattleengine-vtable-semantics-2026-08-11.tsv;reverse-engineering/binary-analysis/ccomplexthing-vtable-semantics-2026-08-11.tsv;reverse-engineering/binary-analysis/cthing-vtable-semantics-2026-08-11.tsv;reverse-engineering/binary-analysis/function-c1-closure-2026-08-11.tsv;reverse-engineering/binary-analysis/ghidra-function-name-table-2026-08-17.tsv	all source targets (header include guard only)	Returns `mPos`.	mPos		none (read-only or no-op)		NO_MATCH_FOUND	SOURCE_ONLY				reverse-engineering/binary-analysis/ghidra-function-name-table-2026-08-17.tsv;reverse-engineering/binary-analysis/function-c1-closure-2026-08-11.tsv;promoted CThing/CActor/CBattleEngine/CComplexThing semantic tables;resolved lexical owner	No supported target after repaired-owner direct-name search and promoted-semantic search; bounded negative only, not binary absence or proof of inlining/folding.	A named semantic/body/xref authority locating a compiler-emitted or folded retail implementation of `CControllableCamera::GetPos`.								SOURCE_ONLY_BOUNDED_NO_MATCH	PARTIAL: RetailCameraLaws plus Client/Godot opening-pan and control-view owners carry bounded camera laws; this exact source row is not assumed carried.
"[""Camera.h"",177,""CControllableCamera::GetOrientation"",""GetOrientation()""]"	17d4c3e8f7ce67e701ae152973280114c4d8dcf8c019da62d5593b73dc17dc71	Camera.h	177	CControllableCamera::GetOrientation	GetOrientation()	CControllableCamera	CControllableCamera::GetOrientation	AST-qualified definition	REUSED	Reused the sealed partition readiness/evidence and added source-algorithm plus current-rebuild disposition without new retail measurement.	local-lab/hermes-kanban-campaign-2026-08-22/source-first-expansion/partition.tsv;references/Onslaught/Camera.h;reverse-engineering/binary-analysis/cactor-vtable-semantics-2026-08-11.tsv;reverse-engineering/binary-analysis/cbattleengine-vtable-semantics-2026-08-11.tsv;reverse-engineering/binary-analysis/ccomplexthing-vtable-semantics-2026-08-11.tsv;reverse-engineering/binary-analysis/cthing-vtable-semantics-2026-08-11.tsv;reverse-engineering/binary-analysis/function-c1-closure-2026-08-11.tsv;reverse-engineering/binary-analysis/ghidra-function-name-table-2026-08-17.tsv	all source targets (header include guard only)	Returns `mOrientation`.	mOrientation		none (read-only or no-op)		NO_MATCH_FOUND	SOURCE_ONLY				reverse-engineering/binary-analysis/ghidra-function-name-table-2026-08-17.tsv;reverse-engineering/binary-analysis/function-c1-closure-2026-08-11.tsv;promoted CThing/CActor/CBattleEngine/CComplexThing semantic tables;resolved lexical owner	No supported target after repaired-owner direct-name search and promoted-semantic search; bounded negative only, not binary absence or proof of inlining/folding.	A named semantic/body/xref authority locating a compiler-emitted or folded retail implementation of `CControllableCamera::GetOrientation`.								SOURCE_ONLY_BOUNDED_NO_MATCH	PARTIAL: RetailCameraLaws plus Client/Godot opening-pan and control-view owners carry bounded camera laws; this exact source row is not assumed carried.
"[""Camera.h"",178,""CControllableCamera::GetZoom"",""GetZoom()""]"	b1d1789ffa28c0798ff775917bb8fc5ee8b5d9c4f936dca5d1f3caccb261cb06	Camera.h	178	CControllableCamera::GetZoom	GetZoom()	CControllableCamera	CControllableCamera::GetZoom	AST-qualified definition	REUSED	Reused the sealed partition readiness/evidence and added source-algorithm plus current-rebuild disposition without new retail measurement.	local-lab/hermes-kanban-campaign-2026-08-22/source-first-expansion/partition.tsv;references/Onslaught/Camera.h;reverse-engineering/binary-analysis/cactor-vtable-semantics-2026-08-11.tsv;reverse-engineering/binary-analysis/cbattleengine-vtable-semantics-2026-08-11.tsv;reverse-engineering/binary-analysis/ccomplexthing-vtable-semantics-2026-08-11.tsv;reverse-engineering/binary-analysis/cthing-vtable-semantics-2026-08-11.tsv;reverse-engineering/binary-analysis/function-c1-closure-2026-08-11.tsv;reverse-engineering/binary-analysis/ghidra-function-name-table-2026-08-17.tsv	all source targets (header include guard only)	Returns `1.0f`.		1.0f	none (read-only or no-op)		NO_MATCH_FOUND	SOURCE_ONLY				reverse-engineering/binary-analysis/ghidra-function-name-table-2026-08-17.tsv;reverse-engineering/binary-analysis/function-c1-closure-2026-08-11.tsv;promoted CThing/CActor/CBattleEngine/CComplexThing semantic tables;resolved lexical owner	No supported target after repaired-owner direct-name search and promoted-semantic search; bounded negative only, not binary absence or proof of inlining/folding.	A named semantic/body/xref authority locating a compiler-emitted or folded retail implementation of `CControllableCamera::GetZoom`.								SOURCE_ONLY_BOUNDED_NO_MATCH	PARTIAL: RetailCameraLaws plus Client/Godot opening-pan and control-view owners carry bounded camera laws; this exact source row is not assumed carried.
"[""Camera.h"",179,""CControllableCamera::GetShowHUD"",""GetShowHUD()""]"	7419762911e47c1c3af1127cee7e7b7215ac13df7e5b1214707d244abea9ae16	Camera.h	179	CControllableCamera::GetShowHUD	GetShowHUD()	CControllableCamera	CControllableCamera::GetShowHUD	AST-qualified definition	REUSED	Reused the sealed partition readiness/evidence and added source-algorithm plus current-rebuild disposition without new retail measurement.	local-lab/hermes-kanban-campaign-2026-08-22/source-first-expansion/partition.tsv;references/Onslaught/Camera.h;reverse-engineering/binary-analysis/cactor-vtable-semantics-2026-08-11.tsv;reverse-engineering/binary-analysis/cbattleengine-vtable-semantics-2026-08-11.tsv;reverse-engineering/binary-analysis/ccomplexthing-vtable-semantics-2026-08-11.tsv;reverse-engineering/binary-analysis/cthing-vtable-semantics-2026-08-11.tsv;reverse-engineering/binary-analysis/function-c1-closure-2026-08-11.tsv;reverse-engineering/binary-analysis/ghidra-function-name-table-2026-08-17.tsv	all source targets (header include guard only)	Returns `false`.			none (read-only or no-op)		NO_MATCH_FOUND	SOURCE_ONLY				reverse-engineering/binary-analysis/ghidra-function-name-table-2026-08-17.tsv;reverse-engineering/binary-analysis/function-c1-closure-2026-08-11.tsv;promoted CThing/CActor/CBattleEngine/CComplexThing semantic tables;resolved lexical owner	No supported target after repaired-owner direct-name search and promoted-semantic search; bounded negative only, not binary absence or proof of inlining/folding.	A named semantic/body/xref authority locating a compiler-emitted or folded retail implementation of `CControllableCamera::GetShowHUD`.								SOURCE_ONLY_BOUNDED_NO_MATCH	PARTIAL: RetailCameraLaws plus Client/Godot opening-pan and control-view owners carry bounded camera laws; this exact source row is not assumed carried.
"[""Camera.h"",180,""CControllableCamera::CanBeControlledWhenInPause"",""CanBeControlledWhenInPause()""]"	f9d1741297f563aa07b3a59f0dc66351eac25f69381ebd6e090904dd40454aaa	Camera.h	180	CControllableCamera::CanBeControlledWhenInPause	CanBeControlledWhenInPause()	CControllableCamera	CControllableCamera::CanBeControlledWhenInPause	AST-qualified definition	REUSED	Reused the sealed partition readiness/evidence and added source-algorithm plus current-rebuild disposition without new retail measurement.	local-lab/hermes-kanban-campaign-2026-08-22/source-first-expansion/partition.tsv;references/Onslaught/Camera.h;reverse-engineering/binary-analysis/cactor-vtable-semantics-2026-08-11.tsv;reverse-engineering/binary-analysis/cbattleengine-vtable-semantics-2026-08-11.tsv;reverse-engineering/binary-analysis/ccomplexthing-vtable-semantics-2026-08-11.tsv;reverse-engineering/binary-analysis/cthing-vtable-semantics-2026-08-11.tsv;reverse-engineering/binary-analysis/function-c1-closure-2026-08-11.tsv;reverse-engineering/binary-analysis/ghidra-function-name-table-2026-08-17.tsv	all source targets (header include guard only)	Returns `TRUE`.		TRUE	none (read-only or no-op)		NO_MATCH_FOUND	SOURCE_ONLY				reverse-engineering/binary-analysis/ghidra-function-name-table-2026-08-17.tsv;reverse-engineering/binary-analysis/function-c1-closure-2026-08-11.tsv;promoted CThing/CActor/CBattleEngine/CComplexThing semantic tables;resolved lexical owner	No supported target after repaired-owner direct-name search and promoted-semantic search; bounded negative only, not binary absence or proof of inlining/folding.	A named semantic/body/xref authority locating a compiler-emitted or folded retail implementation of `CControllableCamera::CanBeControlledWhenInPause`.								SOURCE_ONLY_BOUNDED_NO_MATCH	PARTIAL: RetailCameraLaws plus Client/Godot opening-pan and control-view owners carry bounded camera laws; this exact source row is not assumed carried.
"[""Camera.h"",181,""CControllableCamera::GetControlType"",""GetControlType()""]"	63b9911e3ec127a0cee47d0c21bdc9be5af14ecfa04e0b684eb59891a3d99257	Camera.h	181	CControllableCamera::GetControlType	GetControlType()	CControllableCamera	CControllableCamera::GetControlType	AST-qualified definition	REUSED	Reused the sealed partition readiness/evidence and added source-algorithm plus current-rebuild disposition without new retail measurement.	local-lab/hermes-kanban-campaign-2026-08-22/source-first-expansion/partition.tsv;references/Onslaught/Camera.h;reverse-engineering/binary-analysis/cactor-vtable-semantics-2026-08-11.tsv;reverse-engineering/binary-analysis/cbattleengine-vtable-semantics-2026-08-11.tsv;reverse-engineering/binary-analysis/ccomplexthing-vtable-semantics-2026-08-11.tsv;reverse-engineering/binary-analysis/cthing-vtable-semantics-2026-08-11.tsv;reverse-engineering/binary-analysis/function-c1-closure-2026-08-11.tsv;reverse-engineering/binary-analysis/ghidra-function-name-table-2026-08-17.tsv	all source targets (header include guard only)	Returns `CONTROL_CAMERA`.		CONTROL_CAMERA	none (read-only or no-op)		NO_MATCH_FOUND	SOURCE_ONLY				reverse-engineering/binary-analysis/ghidra-function-name-table-2026-08-17.tsv;reverse-engineering/binary-analysis/function-c1-closure-2026-08-11.tsv;promoted CThing/CActor/CBattleEngine/CComplexThing semantic tables;resolved lexical owner	No supported target after repaired-owner direct-name search and promoted-semantic search; bounded negative only, not binary absence or proof of inlining/folding.	A named semantic/body/xref authority locating a compiler-emitted or folded retail implementation of `CControllableCamera::GetControlType`.								SOURCE_ONLY_BOUNDED_NO_MATCH	PARTIAL: RetailCameraLaws plus Client/Godot opening-pan and control-view owners carry bounded camera laws; this exact source row is not assumed carried.
"[""Camera.h"",184,""CControllableCamera::GetOldPos"",""GetOldPos()""]"	318393e0a3a0cb41b7f5c8319331e6ead45a4b206658522665051812b56d52d5	Camera.h	184	CControllableCamera::GetOldPos	GetOldPos()	CControllableCamera	CControllableCamera::GetOldPos	AST-qualified definition	REUSED	Reused the sealed partition readiness/evidence and added source-algorithm plus current-rebuild disposition without new retail measurement.	local-lab/hermes-kanban-campaign-2026-08-22/source-first-expansion/partition.tsv;references/Onslaught/Camera.h;reverse-engineering/binary-analysis/cactor-vtable-semantics-2026-08-11.tsv;reverse-engineering/binary-analysis/cbattleengine-vtable-semantics-2026-08-11.tsv;reverse-engineering/binary-analysis/ccomplexthing-vtable-semantics-2026-08-11.tsv;reverse-engineering/binary-analysis/cthing-vtable-semantics-2026-08-11.tsv;reverse-engineering/binary-analysis/function-c1-closure-2026-08-11.tsv;reverse-engineering/binary-analysis/ghidra-function-name-table-2026-08-17.tsv	all source targets (header include guard only)	Returns `mOldPos`.	mOldPos		none (read-only or no-op)		NO_MATCH_FOUND	SOURCE_ONLY				reverse-engineering/binary-analysis/ghidra-function-name-table-2026-08-17.tsv;reverse-engineering/binary-analysis/function-c1-closure-2026-08-11.tsv;promoted CThing/CActor/CBattleEngine/CComplexThing semantic tables;resolved lexical owner	No supported target after repaired-owner direct-name search and promoted-semantic search; bounded negative only, not binary absence or proof of inlining/folding.	A named semantic/body/xref authority locating a compiler-emitted or folded retail implementation of `CControllableCamera::GetOldPos`.								SOURCE_ONLY_BOUNDED_NO_MATCH	PARTIAL: RetailCameraLaws plus Client/Godot opening-pan and control-view owners carry bounded camera laws; this exact source row is not assumed carried.
"[""Camera.h"",185,""CControllableCamera::GetOldOrientation"",""GetOldOrientation()""]"	441698356538ee2c1502c63721639243c5797e68e71c86932202d16d43641a33	Camera.h	185	CControllableCamera::GetOldOrientation	GetOldOrientation()	CControllableCamera	CControllableCamera::GetOldOrientation	AST-qualified definition	REUSED	Reused the sealed partition readiness/evidence and added source-algorithm plus current-rebuild disposition without new retail measurement.	local-lab/hermes-kanban-campaign-2026-08-22/source-first-expansion/partition.tsv;references/Onslaught/Camera.h;reverse-engineering/binary-analysis/cactor-vtable-semantics-2026-08-11.tsv;reverse-engineering/binary-analysis/cbattleengine-vtable-semantics-2026-08-11.tsv;reverse-engineering/binary-analysis/ccomplexthing-vtable-semantics-2026-08-11.tsv;reverse-engineering/binary-analysis/cthing-vtable-semantics-2026-08-11.tsv;reverse-engineering/binary-analysis/function-c1-closure-2026-08-11.tsv;reverse-engineering/binary-analysis/ghidra-function-name-table-2026-08-17.tsv	all source targets (header include guard only)	Returns `mOldOrientation`.	mOldOrientation		none (read-only or no-op)		NO_MATCH_FOUND	SOURCE_ONLY				reverse-engineering/binary-analysis/ghidra-function-name-table-2026-08-17.tsv;reverse-engineering/binary-analysis/function-c1-closure-2026-08-11.tsv;promoted CThing/CActor/CBattleEngine/CComplexThing semantic tables;resolved lexical owner	No supported target after repaired-owner direct-name search and promoted-semantic search; bounded negative only, not binary absence or proof of inlining/folding.	A named semantic/body/xref authority locating a compiler-emitted or folded retail implementation of `CControllableCamera::GetOldOrientation`.								SOURCE_ONLY_BOUNDED_NO_MATCH	PARTIAL: RetailCameraLaws plus Client/Godot opening-pan and control-view owners carry bounded camera laws; this exact source row is not assumed carried.
"[""Camera.h"",189,""CControllableCamera::UpdateFrameCount"",""UpdateFrameCount()""]"	c8650349a7d7df9fd0ba5f17d751ab7b88de515d5be59dad060a88ec138b24a5	Camera.h	189	CControllableCamera::UpdateFrameCount	UpdateFrameCount()	CControllableCamera	CControllableCamera::UpdateFrameCount	AST-qualified definition	REUSED	Reused the sealed partition readiness/evidence and added source-algorithm plus current-rebuild disposition without new retail measurement.	local-lab/hermes-kanban-campaign-2026-08-22/source-first-expansion/partition.tsv;references/Onslaught/Camera.h;reverse-engineering/binary-analysis/cactor-vtable-semantics-2026-08-11.tsv;reverse-engineering/binary-analysis/cbattleengine-vtable-semantics-2026-08-11.tsv;reverse-engineering/binary-analysis/ccomplexthing-vtable-semantics-2026-08-11.tsv;reverse-engineering/binary-analysis/cthing-vtable-semantics-2026-08-11.tsv;reverse-engineering/binary-analysis/function-c1-closure-2026-08-11.tsv;reverse-engineering/binary-analysis/ghidra-function-name-table-2026-08-17.tsv	all source targets (header include guard only)	Updates `mFrameCount` from its arguments/constants.	mFrameCount		writes mFrameCount		NO_MATCH_FOUND	SOURCE_ONLY				reverse-engineering/binary-analysis/ghidra-function-name-table-2026-08-17.tsv;reverse-engineering/binary-analysis/function-c1-closure-2026-08-11.tsv;promoted CThing/CActor/CBattleEngine/CComplexThing semantic tables;resolved lexical owner	No supported target after repaired-owner direct-name search and promoted-semantic search; bounded negative only, not binary absence or proof of inlining/folding.	A named semantic/body/xref authority locating a compiler-emitted or folded retail implementation of `CControllableCamera::UpdateFrameCount`.								SOURCE_ONLY_BOUNDED_NO_MATCH	PARTIAL: RetailCameraLaws plus Client/Godot opening-pan and control-view owners carry bounded camera laws; this exact source row is not assumed carried.
"[""Camera.h"",210,""CGenericCamera::CGenericCamera"",""CGenericCamera()""]"	7ce7964743e917a04e0b1403e190613e4217a19dbf5b7b50d4217b20bb7496da	Camera.h	210	CGenericCamera::CGenericCamera	CGenericCamera()	CGenericCamera	CGenericCamera::CGenericCamera	AST-qualified definition	REUSED	Reused the sealed partition readiness/evidence and added source-algorithm plus current-rebuild disposition without new retail measurement.	local-lab/ghidra-cinematic-camera101-static-20260810-v1/contracts.tsv;local-lab/hermes-kanban-campaign-2026-08-22/source-first-expansion/partition.tsv;references/Onslaught/Camera.h;reverse-engineering/EVIDENCE-REGISTER.tsv;reverse-engineering/binary-analysis/ghidra-fullpass-findings/W004/adversarial/B06.md	all source targets (header include guard only)	No-op body.			none (read-only or no-op)		SOURCE_ANALOG	RETAIL_UNRESOLVED	0x00466130	CGenericCamera__ctor		reverse-engineering/binary-analysis/ghidra-fullpass-findings/W004/adversarial/B06.md	Adversarial plate confirms the CGenericCamera constructor vtable install and callsite; only bounded constructor identity is claimed.	A cold body/ABI read that refutes this named analog, or stronger same-function evidence that promotes it to SOURCE_EXACT.	local-lab/ghidra-cinematic-camera101-static-20260810-v1/contracts.tsv	e7b6f8e7637d629dc972748cf4ed686fdb19862bd65616488f74e3e84cf8985b	C1_CANDIDATE_PARTIAL	OPEN_EXECUTED	BASELINE_STATIC;ANALYST_METADATA_ONLY;RUNTIME_BOUNDED;CAMPAIGN_C1_STATIC_RECEIPT	08ed89644ed25feb9e85fefb5b31ab2bdecbbd91b8aca720e20c53a7fbc5e73f	0x00466130:CGenericCamera__ctor	NAMED_RETAIL_ANALOG_PRECISE_TARGET	PARTIAL: RetailCameraLaws plus Client/Godot opening-pan and control-view owners carry bounded camera laws; this exact source row is not assumed carried.
"[""Camera.h"",211,""CGenericCamera::GetPos"",""GetPos()""]"	36cedf0f60e7afb98ea708deebe618e9803dc51e80a009403aa30bf96beafdbb	Camera.h	211	CGenericCamera::GetPos	GetPos()	CGenericCamera	CGenericCamera::GetPos	AST-qualified definition	REUSED	Reused the sealed partition readiness/evidence and added source-algorithm plus current-rebuild disposition without new retail measurement.	local-lab/ghidra-cinematic-camera101-static-20260810-v1/contracts.tsv;local-lab/hermes-kanban-campaign-2026-08-22/source-first-expansion/partition.tsv;references/Onslaught/Camera.h;reverse-engineering/EVIDENCE-REGISTER.tsv;reverse-engineering/binary-analysis/ghidra-fullpass-findings/W004/adversarial/B06.md	all source targets (header include guard only)	Returns `mPos`.	mPos		none (read-only or no-op)		SOURCE_ANALOG	RETAIL_UNRESOLVED	0x00466140	CGenericCamera__GetPos		reverse-engineering/binary-analysis/ghidra-fullpass-findings/W004/adversarial/B06.md	Adversarial plate confirms CGenericCamera::GetPos field-copy shape and ABI; exact inline source identity is not promoted here.	A cold body/ABI read that refutes this named analog, or stronger same-function evidence that promotes it to SOURCE_EXACT.	local-lab/ghidra-cinematic-camera101-static-20260810-v1/contracts.tsv	e7b6f8e7637d629dc972748cf4ed686fdb19862bd65616488f74e3e84cf8985b	C1_CANDIDATE_PARTIAL	OPEN_EXECUTED	BASELINE_STATIC;ANALYST_METADATA_ONLY;RUNTIME_BOUNDED;CAMPAIGN_C1_STATIC_RECEIPT	08ed89644ed25feb9e85fefb5b31ab2bdecbbd91b8aca720e20c53a7fbc5e73f	0x00466140:CGenericCamera__GetPos	NAMED_RETAIL_ANALOG_PRECISE_TARGET	PARTIAL: RetailCameraLaws plus Client/Godot opening-pan and control-view owners carry bounded camera laws; this exact source row is not assumed carried.
"[""Camera.h"",212,""CGenericCamera::GetOrientation"",""GetOrientation()""]"	6c15bd95ada42479ac5f65a627ce76517670fcff11d2a43afcaf47a35472b210	Camera.h	212	CGenericCamera::GetOrientation	GetOrientation()	CGenericCamera	CGenericCamera::GetOrientation	AST-qualified definition	REUSED	Reused the sealed partition readiness/evidence and added source-algorithm plus current-rebuild disposition without new retail measurement.	local-lab/hermes-kanban-campaign-2026-08-22/source-first-expansion/partition.tsv;references/Onslaught/Camera.h;reverse-engineering/binary-analysis/cactor-vtable-semantics-2026-08-11.tsv;reverse-engineering/binary-analysis/cbattleengine-vtable-semantics-2026-08-11.tsv;reverse-engineering/binary-analysis/ccomplexthing-vtable-semantics-2026-08-11.tsv;reverse-engineering/binary-analysis/cthing-vtable-semantics-2026-08-11.tsv;reverse-engineering/binary-analysis/function-c1-closure-2026-08-11.tsv;reverse-engineering/binary-analysis/ghidra-function-name-table-2026-08-17.tsv	all source targets (header include guard only)	Returns `mOrientation`.	mOrientation		none (read-only or no-op)		NO_MATCH_FOUND	SOURCE_ONLY				reverse-engineering/binary-analysis/ghidra-function-name-table-2026-08-17.tsv;reverse-engineering/binary-analysis/function-c1-closure-2026-08-11.tsv;promoted CThing/CActor/CBattleEngine/CComplexThing semantic tables;resolved lexical owner	No supported target after repaired-owner direct-name search and promoted-semantic search; bounded negative only, not binary absence or proof of inlining/folding.	A named semantic/body/xref authority locating a compiler-emitted or folded retail implementation of `CGenericCamera::GetOrientation`.								SOURCE_ONLY_BOUNDED_NO_MATCH	PARTIAL: RetailCameraLaws plus Client/Godot opening-pan and control-view owners carry bounded camera laws; this exact source row is not assumed carried.
"[""Camera.h"",213,""CGenericCamera::GetZoom"",""GetZoom()""]"	f04ceca6223f3508604ea43765b73bd7cb384444cb3505e34b874bbd8c790906	Camera.h	213	CGenericCamera::GetZoom	GetZoom()	CGenericCamera	CGenericCamera::GetZoom	AST-qualified definition	REUSED	Reused the sealed partition readiness/evidence and added source-algorithm plus current-rebuild disposition without new retail measurement.	local-lab/hermes-kanban-campaign-2026-08-22/source-first-expansion/partition.tsv;references/Onslaught/Camera.h;reverse-engineering/binary-analysis/cactor-vtable-semantics-2026-08-11.tsv;reverse-engineering/binary-analysis/cbattleengine-vtable-semantics-2026-08-11.tsv;reverse-engineering/binary-analysis/ccomplexthing-vtable-semantics-2026-08-11.tsv;reverse-engineering/binary-analysis/cthing-vtable-semantics-2026-08-11.tsv;reverse-engineering/binary-analysis/function-c1-closure-2026-08-11.tsv;reverse-engineering/binary-analysis/ghidra-function-name-table-2026-08-17.tsv	all source targets (header include guard only)	Returns `mZoom`.	mZoom		none (read-only or no-op)		NO_MATCH_FOUND	SOURCE_ONLY				reverse-engineering/binary-analysis/ghidra-function-name-table-2026-08-17.tsv;reverse-engineering/binary-analysis/function-c1-closure-2026-08-11.tsv;promoted CThing/CActor/CBattleEngine/CComplexThing semantic tables;resolved lexical owner	No supported target after repaired-owner direct-name search and promoted-semantic search; bounded negative only, not binary absence or proof of inlining/folding.	A named semantic/body/xref authority locating a compiler-emitted or folded retail implementation of `CGenericCamera::GetZoom`.								SOURCE_ONLY_BOUNDED_NO_MATCH	PARTIAL: RetailCameraLaws plus Client/Godot opening-pan and control-view owners carry bounded camera laws; this exact source row is not assumed carried.
"[""Camera.h"",214,""CGenericCamera::GetShowHUD"",""GetShowHUD()""]"	13db935f548747bda07dd04b54feb028ce7bdda5853668f3a224f6c3775e35a9	Camera.h	214	CGenericCamera::GetShowHUD	GetShowHUD()	CGenericCamera	CGenericCamera::GetShowHUD	AST-qualified definition	REUSED	Reused the sealed partition readiness/evidence and added source-algorithm plus current-rebuild disposition without new retail measurement.	local-lab/hermes-kanban-campaign-2026-08-22/source-first-expansion/partition.tsv;references/Onslaught/Camera.h;reverse-engineering/binary-analysis/cactor-vtable-semantics-2026-08-11.tsv;reverse-engineering/binary-analysis/cbattleengine-vtable-semantics-2026-08-11.tsv;reverse-engineering/binary-analysis/ccomplexthing-vtable-semantics-2026-08-11.tsv;reverse-engineering/binary-analysis/cthing-vtable-semantics-2026-08-11.tsv;reverse-engineering/binary-analysis/function-c1-closure-2026-08-11.tsv;reverse-engineering/binary-analysis/ghidra-function-name-table-2026-08-17.tsv	all source targets (header include guard only)	Returns `false`.			none (read-only or no-op)		NO_MATCH_FOUND	SOURCE_ONLY				reverse-engineering/binary-analysis/ghidra-function-name-table-2026-08-17.tsv;reverse-engineering/binary-analysis/function-c1-closure-2026-08-11.tsv;promoted CThing/CActor/CBattleEngine/CComplexThing semantic tables;resolved lexical owner	No supported target after repaired-owner direct-name search and promoted-semantic search; bounded negative only, not binary absence or proof of inlining/folding.	A named semantic/body/xref authority locating a compiler-emitted or folded retail implementation of `CGenericCamera::GetShowHUD`.								SOURCE_ONLY_BOUNDED_NO_MATCH	PARTIAL: RetailCameraLaws plus Client/Godot opening-pan and control-view owners carry bounded camera laws; this exact source row is not assumed carried.
"[""Camera.h"",226,""CInterpolatedCamera::GetPos"",""GetPos()""]"	8442abbd9f05e990d9c4da3ff7226939ecd788d11371fcbb3e2265160bcf0f3e	Camera.h	226	CInterpolatedCamera::GetPos	GetPos()	CInterpolatedCamera	CInterpolatedCamera::GetPos	AST-qualified definition	REUSED	Reused the sealed partition readiness/evidence and added source-algorithm plus current-rebuild disposition without new retail measurement.	local-lab/hermes-kanban-campaign-2026-08-22/source-first-expansion/partition.tsv;references/Onslaught/Camera.h;reverse-engineering/binary-analysis/cactor-vtable-semantics-2026-08-11.tsv;reverse-engineering/binary-analysis/cbattleengine-vtable-semantics-2026-08-11.tsv;reverse-engineering/binary-analysis/ccomplexthing-vtable-semantics-2026-08-11.tsv;reverse-engineering/binary-analysis/cthing-vtable-semantics-2026-08-11.tsv;reverse-engineering/binary-analysis/function-c1-closure-2026-08-11.tsv;reverse-engineering/binary-analysis/ghidra-function-name-table-2026-08-17.tsv	all source targets (header include guard only)	Returns `mPos`.	mPos		none (read-only or no-op)		NO_MATCH_FOUND	SOURCE_ONLY				reverse-engineering/binary-analysis/ghidra-function-name-table-2026-08-17.tsv;reverse-engineering/binary-analysis/function-c1-closure-2026-08-11.tsv;promoted CThing/CActor/CBattleEngine/CComplexThing semantic tables;resolved lexical owner	No supported target after repaired-owner direct-name search and promoted-semantic search; bounded negative only, not binary absence or proof of inlining/folding.	A named semantic/body/xref authority locating a compiler-emitted or folded retail implementation of `CInterpolatedCamera::GetPos`.								SOURCE_ONLY_BOUNDED_NO_MATCH	PARTIAL: RetailCameraLaws plus Client/Godot opening-pan and control-view owners carry bounded camera laws; this exact source row is not assumed carried.
"[""Camera.h"",227,""CInterpolatedCamera::GetOrientation"",""GetOrientation()""]"	04f7cb6d0dcb3fa335fbfc5cd92a5882a087185c8a671656977cf4961cc9d842	Camera.h	227	CInterpolatedCamera::GetOrientation	GetOrientation()	CInterpolatedCamera	CInterpolatedCamera::GetOrientation	AST-qualified definition	REUSED	Reused the sealed partition readiness/evidence and added source-algorithm plus current-rebuild disposition without new retail measurement.	local-lab/hermes-kanban-campaign-2026-08-22/source-first-expansion/partition.tsv;references/Onslaught/Camera.h;reverse-engineering/binary-analysis/cactor-vtable-semantics-2026-08-11.tsv;reverse-engineering/binary-analysis/cbattleengine-vtable-semantics-2026-08-11.tsv;reverse-engineering/binary-analysis/ccomplexthing-vtable-semantics-2026-08-11.tsv;reverse-engineering/binary-analysis/cthing-vtable-semantics-2026-08-11.tsv;reverse-engineering/binary-analysis/function-c1-closure-2026-08-11.tsv;reverse-engineering/binary-analysis/ghidra-function-name-table-2026-08-17.tsv	all source targets (header include guard only)	Returns `mOrientation`.	mOrientation		none (read-only or no-op)		NO_MATCH_FOUND	SOURCE_ONLY				reverse-engineering/binary-analysis/ghidra-function-name-table-2026-08-17.tsv;reverse-engineering/binary-analysis/function-c1-closure-2026-08-11.tsv;promoted CThing/CActor/CBattleEngine/CComplexThing semantic tables;resolved lexical owner	No supported target after repaired-owner direct-name search and promoted-semantic search; bounded negative only, not binary absence or proof of inlining/folding.	A named semantic/body/xref authority locating a compiler-emitted or folded retail implementation of `CInterpolatedCamera::GetOrientation`.								SOURCE_ONLY_BOUNDED_NO_MATCH	PARTIAL: RetailCameraLaws plus Client/Godot opening-pan and control-view owners carry bounded camera laws; this exact source row is not assumed carried.
"[""Camera.h"",228,""CInterpolatedCamera::GetZoom"",""GetZoom()""]"	c574f5f0b9ab8fdcebfc656e5d61dbda1de250da5909db5329e1870fb15ef7d7	Camera.h	228	CInterpolatedCamera::GetZoom	GetZoom()	CInterpolatedCamera	CInterpolatedCamera::GetZoom	AST-qualified definition	REUSED	Reused the sealed partition readiness/evidence and added source-algorithm plus current-rebuild disposition without new retail measurement.	local-lab/hermes-kanban-campaign-2026-08-22/source-first-expansion/partition.tsv;references/Onslaught/Camera.h;reverse-engineering/binary-analysis/cactor-vtable-semantics-2026-08-11.tsv;reverse-engineering/binary-analysis/cbattleengine-vtable-semantics-2026-08-11.tsv;reverse-engineering/binary-analysis/ccomplexthing-vtable-semantics-2026-08-11.tsv;reverse-engineering/binary-analysis/cthing-vtable-semantics-2026-08-11.tsv;reverse-engineering/binary-analysis/function-c1-closure-2026-08-11.tsv;reverse-engineering/binary-analysis/ghidra-function-name-table-2026-08-17.tsv	all source targets (header include guard only)	Returns `mZoom`.	mZoom		none (read-only or no-op)		NO_MATCH_FOUND	SOURCE_ONLY				reverse-engineering/binary-analysis/ghidra-function-name-table-2026-08-17.tsv;reverse-engineering/binary-analysis/function-c1-closure-2026-08-11.tsv;promoted CThing/CActor/CBattleEngine/CComplexThing semantic tables;resolved lexical owner	No supported target after repaired-owner direct-name search and promoted-semantic search; bounded negative only, not binary absence or proof of inlining/folding.	A named semantic/body/xref authority locating a compiler-emitted or folded retail implementation of `CInterpolatedCamera::GetZoom`.								SOURCE_ONLY_BOUNDED_NO_MATCH	PARTIAL: RetailCameraLaws plus Client/Godot opening-pan and control-view owners carry bounded camera laws; this exact source row is not assumed carried.
"[""Camera.h"",229,""CInterpolatedCamera::GetShowHUD"",""GetShowHUD()""]"	4ad67f696c41564f35f0ab9ee525dfcb3244e860a34d70260fceb77dee3b3733	Camera.h	229	CInterpolatedCamera::GetShowHUD	GetShowHUD()	CInterpolatedCamera	CInterpolatedCamera::GetShowHUD	AST-qualified definition	REUSED	Reused the sealed partition readiness/evidence and added source-algorithm plus current-rebuild disposition without new retail measurement.	local-lab/hermes-kanban-campaign-2026-08-22/source-first-expansion/partition.tsv;references/Onslaught/Camera.h;reverse-engineering/binary-analysis/cactor-vtable-semantics-2026-08-11.tsv;reverse-engineering/binary-analysis/cbattleengine-vtable-semantics-2026-08-11.tsv;reverse-engineering/binary-analysis/ccomplexthing-vtable-semantics-2026-08-11.tsv;reverse-engineering/binary-analysis/cthing-vtable-semantics-2026-08-11.tsv;reverse-engineering/binary-analysis/function-c1-closure-2026-08-11.tsv;reverse-engineering/binary-analysis/ghidra-function-name-table-2026-08-17.tsv	all source targets (header include guard only)	Returns `false`.			none (read-only or no-op)		NO_MATCH_FOUND	SOURCE_ONLY				reverse-engineering/binary-analysis/ghidra-function-name-table-2026-08-17.tsv;reverse-engineering/binary-analysis/function-c1-closure-2026-08-11.tsv;promoted CThing/CActor/CBattleEngine/CComplexThing semantic tables;resolved lexical owner	No supported target after repaired-owner direct-name search and promoted-semantic search; bounded negative only, not binary absence or proof of inlining/folding.	A named semantic/body/xref authority locating a compiler-emitted or folded retail implementation of `CInterpolatedCamera::GetShowHUD`.								SOURCE_ONLY_BOUNDED_NO_MATCH	PARTIAL: RetailCameraLaws plus Client/Godot opening-pan and control-view owners carry bounded camera laws; this exact source row is not assumed carried.
"[""InitThing.cpp"",68,""CInitThing::CInitThing"",""CInitThing::CInitThing()""]"	8b9d7488bf13c80824d09fdd7281c563abfeab635f37bc32637c0865d2152422	InitThing.cpp	68	CInitThing::CInitThing	CInitThing::CInitThing()	CInitThing	CInitThing::CInitThing	AST-qualified definition	REUSED	Reused the sealed partition readiness/evidence and added source-algorithm plus current-rebuild disposition without new retail measurement.	local-lab/ghidra-gameplay-actors116-static-20260810-v1/contracts.tsv;local-lab/hermes-kanban-campaign-2026-08-22/source-first-expansion/partition.tsv;references/Onslaught/InitThing.cpp;reverse-engineering/EVIDENCE-REGISTER.tsv;reverse-engineering/binary-analysis/ghidra-fullpass-findings/W005/adversarial/B04.md	all source targets	Initialises identity pose, zero Euler/velocity, neutral/active defaults, null references, empty names/scripts, a null waypoint, and force radius -1.	mActive;mAllegiance;mAttachScriptsToUnits;mForceRadius;mMeshNo;mName;mOrientation;mOrientationType;mPitch;mRoll;mScript;mSpawnScript;mSpawnedBy;mTarget;mVelocity;mWaypointPath;mYaw	-1;0;EULER_ANGLES;FALSE;ID_FMATRIX;NULL;TRUE;ZERO_FVECTOR	writes mForceRadius, mWaypointPath		SOURCE_ANALOG	RETAIL_UNRESOLVED	0x0048dcf0	CInitThing__ctor		reverse-engineering/binary-analysis/ghidra-fullpass-findings/W005/adversarial/B04.md	Adversarial plate confirms constructor matrix/default/vtable shape and 61 callers; retained as static analog.	A cold body/ABI read that refutes this named analog, or stronger same-function evidence that promotes it to SOURCE_EXACT.	local-lab/ghidra-gameplay-actors116-static-20260810-v1/contracts.tsv	25199eda252559c73ee093e4b32d5592479e9d89c6405f7c82cbd3c98085eb44	C1_CANDIDATE_PARTIAL	OPEN_EXECUTED	BASELINE_STATIC;ANALYST_METADATA_ONLY;RUNTIME_BOUNDED;CAMPAIGN_C1_STATIC_RECEIPT	08ed89644ed25feb9e85fefb5b31ab2bdecbbd91b8aca720e20c53a7fbc5e73f	0x0048dcf0:CInitThing__ctor	NAMED_RETAIL_ANALOG_PRECISE_TARGET	PARTIAL: materialized world manifests and actor-definition loaders carry authored initialization data, but the generic CInitThing constructor/default hierarchy is not ported as one owner.
"[""InitThing.h"",94,""CInitCSThing::CInitCSThing"",""CInitCSThing()""]"	4a8e783b08d0dfd6496a745649b088e0a91da20f3c42bbbe28f242b7a91440f2	InitThing.h	94	CInitCSThing::CInitCSThing	CInitCSThing()	CInitCSThing	CInitCSThing::CInitCSThing	AST-qualified definition	REUSED	Reused the sealed partition readiness/evidence and added source-algorithm plus current-rebuild disposition without new retail measurement.	local-lab/hermes-kanban-campaign-2026-08-22/source-first-expansion/partition.tsv;references/Onslaught/InitThing.h;reverse-engineering/binary-analysis/cactor-vtable-semantics-2026-08-11.tsv;reverse-engineering/binary-analysis/cbattleengine-vtable-semantics-2026-08-11.tsv;reverse-engineering/binary-analysis/ccomplexthing-vtable-semantics-2026-08-11.tsv;reverse-engineering/binary-analysis/cthing-vtable-semantics-2026-08-11.tsv;reverse-engineering/binary-analysis/function-c1-closure-2026-08-11.tsv;reverse-engineering/binary-analysis/ghidra-function-name-table-2026-08-17.tsv	all source targets (header include guard only)	Delegates construction to Initialise(), which installs the collision defaults declared at lines 76-92.			calls Initialise	Initialise	NO_MATCH_FOUND	SOURCE_ONLY				reverse-engineering/binary-analysis/ghidra-function-name-table-2026-08-17.tsv;reverse-engineering/binary-analysis/function-c1-closure-2026-08-11.tsv;promoted CThing/CActor/CBattleEngine/CComplexThing semantic tables;resolved lexical owner	No supported target after repaired-owner direct-name search and promoted-semantic search; bounded negative only, not binary absence or proof of inlining/folding.	A named semantic/body/xref authority locating a compiler-emitted or folded retail implementation of `CInitCSThing::CInitCSThing`.								SOURCE_ONLY_BOUNDED_NO_MATCH	PARTIAL: RetailBattleEngine* helpers and Simulation carry bounded movement, gravity, interpolation, damage, cloak, augment, weapon, and configuration laws; this exact source row is not assumed carried.
"[""InitThing.h"",417,""CSpawnerInitThing::CSpawnerInitThing"",""CSpawnerInitThing()""]"	7555e264770fab45877edbc64c90bfe1de7957d283aef1af168a0bdc1814d444	InitThing.h	417	CSpawnerInitThing::CSpawnerInitThing	CSpawnerInitThing()	CSpawnerInitThing	CSpawnerInitThing::CSpawnerInitThing	AST-qualified definition	REUSED	Reused the sealed partition readiness/evidence and added source-algorithm plus current-rebuild disposition without new retail measurement.	local-lab/hermes-kanban-campaign-2026-08-22/source-first-expansion/partition.tsv;references/Onslaught/InitThing.h;reverse-engineering/binary-analysis/cactor-vtable-semantics-2026-08-11.tsv;reverse-engineering/binary-analysis/cbattleengine-vtable-semantics-2026-08-11.tsv;reverse-engineering/binary-analysis/ccomplexthing-vtable-semantics-2026-08-11.tsv;reverse-engineering/binary-analysis/cthing-vtable-semantics-2026-08-11.tsv;reverse-engineering/binary-analysis/function-c1-closure-2026-08-11.tsv;reverse-engineering/binary-analysis/ghidra-function-name-table-2026-08-17.tsv	all source targets (header include guard only)	Initialises spawner count/timing defaults and empties the spawn-unit and spawn-script strings.	mAmount;mDelay;mInitialDelay;mSpawnUnit;mSpawnerSpawnScript;mSquadDelay;mSquadSize	-1;0;1	no externally visible state write identified		NO_MATCH_FOUND	RETAIL_UNRESOLVED				pinned source;reverse-engineering/binary-analysis/ghidra-function-name-table-2026-08-17.tsv;reverse-engineering/binary-analysis/function-c1-closure-2026-08-11.tsv;promoted semantic tables;bounded owner aliases	Multi-line/header body has no proven tracked target; inspect compiler emission/folding, callers, and ABI before classifying.	Static ABI/xref/body evidence resolving whether retail emits or wraps `CSpawnerInitThing::CSpawnerInitThing`.								EXTERNAL_PROOF_REQUIRED	PARTIAL: materialized world manifests and actor-definition loaders carry authored initialization data, but the generic CInitThing constructor/default hierarchy is not ported as one owner.
"[""InitThing.h"",943,""CAnimalInitThing::CAnimalInitThing"",""CAnimalInitThing()""]"	b256595c5bb761ca132d2d1b8a2ce5b19f11f6c34f7f9f542e5e98e14d6566f5	InitThing.h	943	CAnimalInitThing::CAnimalInitThing	CAnimalInitThing()	CAnimalInitThing	CAnimalInitThing::CAnimalInitThing	AST-qualified definition	REUSED	Reused the sealed partition readiness/evidence and added source-algorithm plus current-rebuild disposition without new retail measurement.	local-lab/hermes-kanban-campaign-2026-08-22/source-first-expansion/partition.tsv;references/Onslaught/InitThing.h;reverse-engineering/binary-analysis/cactor-vtable-semantics-2026-08-11.tsv;reverse-engineering/binary-analysis/cbattleengine-vtable-semantics-2026-08-11.tsv;reverse-engineering/binary-analysis/ccomplexthing-vtable-semantics-2026-08-11.tsv;reverse-engineering/binary-analysis/cthing-vtable-semantics-2026-08-11.tsv;reverse-engineering/binary-analysis/function-c1-closure-2026-08-11.tsv;reverse-engineering/binary-analysis/ghidra-function-name-table-2026-08-17.tsv	all source targets (header include guard only)	Initialises the animal type to enum value zero.	mType	0	writes mType		NO_MATCH_FOUND	SOURCE_ONLY				reverse-engineering/binary-analysis/ghidra-function-name-table-2026-08-17.tsv;reverse-engineering/binary-analysis/function-c1-closure-2026-08-11.tsv;promoted CThing/CActor/CBattleEngine/CComplexThing semantic tables;resolved lexical owner	No supported target after repaired-owner direct-name search and promoted-semantic search; bounded negative only, not binary absence or proof of inlining/folding.	A named semantic/body/xref authority locating a compiler-emitted or folded retail implementation of `CAnimalInitThing::CAnimalInitThing`.								SOURCE_ONLY_BOUNDED_NO_MATCH	PARTIAL: materialized world manifests and actor-definition loaders carry authored initialization data, but the generic CInitThing constructor/default hierarchy is not ported as one owner.
"[""thing.h"",71,""GetRenderPos"",""GetRenderPos()""]"	e6ac61dda492648d7d2dc9eff1b78891787e644baf1d10e345d59a566657330f	thing.h	71	GetRenderPos	GetRenderPos()	CThing	CThing::GetRenderPos	thing.h:65 DECLARE_MULTI_INTERFACE_CLASS(CThing, ...), closed at line 252	EXTENDED	Recovered the lexical class owner from the pinned macro class declaration, then reran qualified-name and promoted-semantic joins.	local-lab/ghidra-gameplay-tier2-235-static-20260810-v1/contracts.tsv;local-lab/hermes-kanban-campaign-2026-08-22/source-first-expansion/partition.tsv;references/Onslaught/thing.h;reverse-engineering/EVIDENCE-REGISTER.tsv;reverse-engineering/binary-analysis/cthing-vtable-semantics-2026-08-11.tsv	all source targets (header include guard only)	Returns `mPos`.	mPos		none (read-only or no-op)		SOURCE_EXACT	SOURCE_AGREES	0x004040a0	CThing__CopyVector14ToOut_004040a0	SOURCE_FOLDED	reverse-engineering/binary-analysis/cthing-vtable-semantics-2026-08-11.tsv	Adjusted secondary this copies mPos; three identical source methods share one body	Contradictory pristine-byte or independently reviewed semantic evidence showing this VA does not implement this exact source line/signature.	local-lab/ghidra-gameplay-tier2-235-static-20260810-v1/contracts.tsv	1e641db13654a8bdf39b0f94956044527060ec3ec56011d9847640fe74461d9e	C1_CANDIDATE_PARTIAL	OPEN_EXECUTED	BASELINE_STATIC;ANALYST_METADATA_ONLY;RUNTIME_BOUNDED;CAMPAIGN_C1_STATIC_RECEIPT	08ed89644ed25feb9e85fefb5b31ab2bdecbbd91b8aca720e20c53a7fbc5e73f	0x0043e9f0:CThing__GetRenderPos	AMBIGUOUS_OVERLOAD_MACRO_NONFUNCTION	PARTIAL: Level100ActorRegistry/Level100ActorMechanics carry bounded Level-100 actor state, but no generic CThing/CComplexThing/CActor source-class port owns this exact row.
"[""thing.h"",72,""GetRenderOrientation"",""GetRenderOrientation()""]"	377ff778eaa073b7403f3b670fb321e8964635036cb1473d1eb9b57972aded34	thing.h	72	GetRenderOrientation	GetRenderOrientation()	CThing	CThing::GetRenderOrientation	thing.h:65 DECLARE_MULTI_INTERFACE_CLASS(CThing, ...), closed at line 252	EXTENDED	Recovered the lexical class owner from the pinned macro class declaration, then reran qualified-name and promoted-semantic joins.	local-lab/ghidra-gameplay-tier2-235-static-20260810-v1/contracts.tsv;local-lab/hermes-kanban-campaign-2026-08-22/source-first-expansion/partition.tsv;references/Onslaught/thing.h;reverse-engineering/EVIDENCE-REGISTER.tsv;reverse-engineering/binary-analysis/cthing-vtable-semantics-2026-08-11.tsv	all source targets (header include guard only)	Returns `ID_FMATRIX`.		ID_FMATRIX	none (read-only or no-op)		SOURCE_EXACT	SOURCE_AGREES	0x004bfa00	CThing__CopyGlobal829dd0Block30ToOut_004bfa00	SOURCE_INLINE	reverse-engineering/binary-analysis/cthing-vtable-semantics-2026-08-11.tsv	Copies the global identity FMatrix through the render-facing interface	Contradictory pristine-byte or independently reviewed semantic evidence showing this VA does not implement this exact source line/signature.	local-lab/ghidra-gameplay-tier2-235-static-20260810-v1/contracts.tsv	1e641db13654a8bdf39b0f94956044527060ec3ec56011d9847640fe74461d9e	C1_CANDIDATE_PARTIAL	OPEN_DARK	BASELINE_STATIC;ANALYST_METADATA_ONLY;CAMPAIGN_C1_STATIC_RECEIPT	08ed89644ed25feb9e85fefb5b31ab2bdecbbd91b8aca720e20c53a7fbc5e73f		AMBIGUOUS_OVERLOAD_MACRO_NONFUNCTION	PARTIAL: Level100ActorRegistry/Level100ActorMechanics carry bounded Level-100 actor state, but no generic CThing/CComplexThing/CActor source-class port owns this exact row.
"[""thing.h"",73,""GetRenderSelected"",""GetRenderSelected()""]"	3f542a4a6d77322860c4add49559f82ba404904dccddd0a6fe8ff48cdba22afa	thing.h	73	GetRenderSelected	GetRenderSelected()	CThing	CThing::GetRenderSelected	thing.h:65 DECLARE_MULTI_INTERFACE_CLASS(CThing, ...), closed at line 252	EXTENDED	Recovered the lexical class owner from the pinned macro class declaration, then reran qualified-name and promoted-semantic joins.	local-lab/hermes-kanban-campaign-2026-08-22/source-first-expansion/partition.tsv;references/Onslaught/thing.h;reverse-engineering/binary-analysis/cactor-vtable-semantics-2026-08-11.tsv;reverse-engineering/binary-analysis/cbattleengine-vtable-semantics-2026-08-11.tsv;reverse-engineering/binary-analysis/ccomplexthing-vtable-semantics-2026-08-11.tsv;reverse-engineering/binary-analysis/cthing-vtable-semantics-2026-08-11.tsv;reverse-engineering/binary-analysis/function-c1-closure-2026-08-11.tsv;reverse-engineering/binary-analysis/ghidra-function-name-table-2026-08-17.tsv	all source targets (header include guard only)	Returns `FALSE`.		FALSE	none (read-only or no-op)		NO_MATCH_FOUND	SOURCE_ONLY				reverse-engineering/binary-analysis/ghidra-function-name-table-2026-08-17.tsv;reverse-engineering/binary-analysis/function-c1-closure-2026-08-11.tsv;promoted CThing/CActor/CBattleEngine/CComplexThing semantic tables;resolved lexical owner	No supported target after repaired-owner direct-name search and promoted-semantic search; bounded negative only, not binary absence or proof of inlining/folding.	A named semantic/body/xref authority locating a compiler-emitted or folded retail implementation of `CThing::GetRenderSelected`.								AMBIGUOUS_OVERLOAD_MACRO_NONFUNCTION	PARTIAL: Level100ActorRegistry/Level100ActorMechanics carry bounded Level-100 actor state, but no generic CThing/CComplexThing/CActor source-class port owns this exact row.
"[""thing.h"",74,""GetRenderColourOffset"",""GetRenderColourOffset()""]"	cf3efc5d7e7653b66d2e3cf1c0a18c7a13bff9d32134b5a70cd7fb7762990e7d	thing.h	74	GetRenderColourOffset	GetRenderColourOffset()	CThing	CThing::GetRenderColourOffset	thing.h:65 DECLARE_MULTI_INTERFACE_CLASS(CThing, ...), closed at line 252	EXTENDED	Recovered the lexical class owner from the pinned macro class declaration, then reran qualified-name and promoted-semantic joins.	local-lab/hermes-kanban-campaign-2026-08-22/source-first-expansion/partition.tsv;references/Onslaught/thing.h;reverse-engineering/binary-analysis/cactor-vtable-semantics-2026-08-11.tsv;reverse-engineering/binary-analysis/cbattleengine-vtable-semantics-2026-08-11.tsv;reverse-engineering/binary-analysis/ccomplexthing-vtable-semantics-2026-08-11.tsv;reverse-engineering/binary-analysis/cthing-vtable-semantics-2026-08-11.tsv;reverse-engineering/binary-analysis/function-c1-closure-2026-08-11.tsv;reverse-engineering/binary-analysis/ghidra-function-name-table-2026-08-17.tsv	all source targets (header include guard only)	Returns `0`.		0	none (read-only or no-op)		NO_MATCH_FOUND	SOURCE_ONLY				reverse-engineering/binary-analysis/ghidra-function-name-table-2026-08-17.tsv;reverse-engineering/binary-analysis/function-c1-closure-2026-08-11.tsv;promoted CThing/CActor/CBattleEngine/CComplexThing semantic tables;resolved lexical owner	No supported target after repaired-owner direct-name search and promoted-semantic search; bounded negative only, not binary absence or proof of inlining/folding.	A named semantic/body/xref authority locating a compiler-emitted or folded retail implementation of `CThing::GetRenderColourOffset`.								AMBIGUOUS_OVERLOAD_MACRO_NONFUNCTION	PARTIAL: Level100ActorRegistry/Level100ActorMechanics carry bounded Level-100 actor state, but no generic CThing/CComplexThing/CActor source-class port owns this exact row.
"[""thing.h"",75,""GetRenderColour"",""GetRenderColour()""]"	a8f2bdb472100a85f3d804cfd9826572ab0d49fa3c4bd2f20ca9c0a9bc0a47ae	thing.h	75	GetRenderColour	GetRenderColour()	CThing	CThing::GetRenderColour	thing.h:65 DECLARE_MULTI_INTERFACE_CLASS(CThing, ...), closed at line 252	EXTENDED	Recovered the lexical class owner from the pinned macro class declaration, then reran qualified-name and promoted-semantic joins.	local-lab/hermes-kanban-campaign-2026-08-22/source-first-expansion/partition.tsv;references/Onslaught/thing.h;reverse-engineering/binary-analysis/cactor-vtable-semantics-2026-08-11.tsv;reverse-engineering/binary-analysis/cbattleengine-vtable-semantics-2026-08-11.tsv;reverse-engineering/binary-analysis/ccomplexthing-vtable-semantics-2026-08-11.tsv;reverse-engineering/binary-analysis/cthing-vtable-semantics-2026-08-11.tsv;reverse-engineering/binary-analysis/function-c1-closure-2026-08-11.tsv;reverse-engineering/binary-analysis/ghidra-function-name-table-2026-08-17.tsv	all source targets (header include guard only)	Returns `0xff000080`.		0xff000080	none (read-only or no-op)		NO_MATCH_FOUND	SOURCE_ONLY				reverse-engineering/binary-analysis/ghidra-function-name-table-2026-08-17.tsv;reverse-engineering/binary-analysis/function-c1-closure-2026-08-11.tsv;promoted CThing/CActor/CBattleEngine/CComplexThing semantic tables;resolved lexical owner	No supported target after repaired-owner direct-name search and promoted-semantic search; bounded negative only, not binary absence or proof of inlining/folding.	A named semantic/body/xref authority locating a compiler-emitted or folded retail implementation of `CThing::GetRenderColour`.								AMBIGUOUS_OVERLOAD_MACRO_NONFUNCTION	PARTIAL: Level100ActorRegistry/Level100ActorMechanics carry bounded Level-100 actor state, but no generic CThing/CComplexThing/CActor source-class port owns this exact row.
"[""thing.h"",76,""GetRenderTurn"",""GetRenderTurn()""]"	11e5afae7749fdaf830b397569e1a15e5c27bac20b35f134f21a04cca7d6d4b2	thing.h	76	GetRenderTurn	GetRenderTurn()	CThing	CThing::GetRenderTurn	thing.h:65 DECLARE_MULTI_INTERFACE_CLASS(CThing, ...), closed at line 252	EXTENDED	Recovered the lexical class owner from the pinned macro class declaration, then reran qualified-name and promoted-semantic joins.	local-lab/hermes-kanban-campaign-2026-08-22/source-first-expansion/partition.tsv;references/Onslaught/thing.h;reverse-engineering/binary-analysis/cactor-vtable-semantics-2026-08-11.tsv;reverse-engineering/binary-analysis/cbattleengine-vtable-semantics-2026-08-11.tsv;reverse-engineering/binary-analysis/ccomplexthing-vtable-semantics-2026-08-11.tsv;reverse-engineering/binary-analysis/cthing-vtable-semantics-2026-08-11.tsv;reverse-engineering/binary-analysis/function-c1-closure-2026-08-11.tsv;reverse-engineering/binary-analysis/ghidra-function-name-table-2026-08-17.tsv	all source targets (header include guard only)	Returns `1`.		1	none (read-only or no-op)		NO_MATCH_FOUND	SOURCE_ONLY				reverse-engineering/binary-analysis/ghidra-function-name-table-2026-08-17.tsv;reverse-engineering/binary-analysis/function-c1-closure-2026-08-11.tsv;promoted CThing/CActor/CBattleEngine/CComplexThing semantic tables;resolved lexical owner	No supported target after repaired-owner direct-name search and promoted-semantic search; bounded negative only, not binary absence or proof of inlining/folding.	A named semantic/body/xref authority locating a compiler-emitted or folded retail implementation of `CThing::GetRenderTurn`.								AMBIGUOUS_OVERLOAD_MACRO_NONFUNCTION	PARTIAL: Level100ActorRegistry/Level100ActorMechanics carry bounded Level-100 actor state, but no generic CThing/CComplexThing/CActor source-class port owns this exact row.
"[""thing.h"",77,""GetRenderFrame"",""GetRenderFrame()""]"	4f6fb8bf30d524ab590ba0867815787ed35a40182f0e455c28c2dbe31eb08618	thing.h	77	GetRenderFrame	GetRenderFrame()	CThing	CThing::GetRenderFrame	thing.h:65 DECLARE_MULTI_INTERFACE_CLASS(CThing, ...), closed at line 252	EXTENDED	Recovered the lexical class owner from the pinned macro class declaration, then reran qualified-name and promoted-semantic joins.	local-lab/hermes-kanban-campaign-2026-08-22/source-first-expansion/partition.tsv;references/Onslaught/thing.h;reverse-engineering/binary-analysis/cactor-vtable-semantics-2026-08-11.tsv;reverse-engineering/binary-analysis/cbattleengine-vtable-semantics-2026-08-11.tsv;reverse-engineering/binary-analysis/ccomplexthing-vtable-semantics-2026-08-11.tsv;reverse-engineering/binary-analysis/cthing-vtable-semantics-2026-08-11.tsv;reverse-engineering/binary-analysis/function-c1-closure-2026-08-11.tsv;reverse-engineering/binary-analysis/ghidra-function-name-table-2026-08-17.tsv	all source targets (header include guard only)	Returns `0`.		0	none (read-only or no-op)		NO_MATCH_FOUND	SOURCE_ONLY				reverse-engineering/binary-analysis/ghidra-function-name-table-2026-08-17.tsv;reverse-engineering/binary-analysis/function-c1-closure-2026-08-11.tsv;promoted CThing/CActor/CBattleEngine/CComplexThing semantic tables;resolved lexical owner	No supported target after repaired-owner direct-name search and promoted-semantic search; bounded negative only, not binary absence or proof of inlining/folding.	A named semantic/body/xref authority locating a compiler-emitted or folded retail implementation of `CThing::GetRenderFrame`.								AMBIGUOUS_OVERLOAD_MACRO_NONFUNCTION	PARTIAL: Level100ActorRegistry/Level100ActorMechanics carry bounded Level-100 actor state, but no generic CThing/CComplexThing/CActor source-class port owns this exact row.
"[""thing.h"",78,""GetRealAnimIndex"",""GetRealAnimIndex()""]"	783bc3beba0aaa0e4935937832f507bd5db30ac1acd250c2176451eb661c06f3	thing.h	78	GetRealAnimIndex	GetRealAnimIndex()	CThing	CThing::GetRealAnimIndex	thing.h:65 DECLARE_MULTI_INTERFACE_CLASS(CThing, ...), closed at line 252	EXTENDED	Recovered the lexical class owner from the pinned macro class declaration, then reran qualified-name and promoted-semantic joins.	local-lab/hermes-kanban-campaign-2026-08-22/source-first-expansion/partition.tsv;references/Onslaught/thing.h;reverse-engineering/binary-analysis/cactor-vtable-semantics-2026-08-11.tsv;reverse-engineering/binary-analysis/cbattleengine-vtable-semantics-2026-08-11.tsv;reverse-engineering/binary-analysis/ccomplexthing-vtable-semantics-2026-08-11.tsv;reverse-engineering/binary-analysis/cthing-vtable-semantics-2026-08-11.tsv;reverse-engineering/binary-analysis/function-c1-closure-2026-08-11.tsv;reverse-engineering/binary-analysis/ghidra-function-name-table-2026-08-17.tsv	all source targets (header include guard only)	Returns `-1`.		-1	none (read-only or no-op)		NO_MATCH_FOUND	SOURCE_ONLY				reverse-engineering/binary-analysis/ghidra-function-name-table-2026-08-17.tsv;reverse-engineering/binary-analysis/function-c1-closure-2026-08-11.tsv;promoted CThing/CActor/CBattleEngine/CComplexThing semantic tables;resolved lexical owner	No supported target after repaired-owner direct-name search and promoted-semantic search; bounded negative only, not binary absence or proof of inlining/folding.	A named semantic/body/xref authority locating a compiler-emitted or folded retail implementation of `CThing::GetRealAnimIndex`.								AMBIGUOUS_OVERLOAD_MACRO_NONFUNCTION	PARTIAL: Level100ActorRegistry/Level100ActorMechanics carry bounded Level-100 actor state, but no generic CThing/CComplexThing/CActor source-class port owns this exact row.
"[""thing.h"",79,""GetRenderRadius"",""GetRenderRadius()""]"	cc05a53ec53575b3d95ff815a64ee966cf98c7fd9207966705ae31adebf0a764	thing.h	79	GetRenderRadius	GetRenderRadius()	CThing	CThing::GetRenderRadius	thing.h:65 DECLARE_MULTI_INTERFACE_CLASS(CThing, ...), closed at line 252	EXTENDED	Recovered the lexical class owner from the pinned macro class declaration, then reran qualified-name and promoted-semantic joins.	local-lab/hermes-kanban-campaign-2026-08-22/source-first-expansion/partition.tsv;references/Onslaught/thing.h;reverse-engineering/EVIDENCE-REGISTER.tsv;reverse-engineering/binary-analysis/cthing-vtable-semantics-2026-08-11.tsv	all source targets (header include guard only)	Branches over `mRenderThing` and returns or updates state according to the pinned inline body.	mRenderThing	1.0f	calls GetRTRadius	GetRTRadius	SOURCE_EXACT	SOURCE_AGREES	0x00401400	CThing__ForwardField28Slot18OrFallbackFloat_00401400	SOURCE_INLINE	reverse-engineering/binary-analysis/cthing-vtable-semantics-2026-08-11.tsv	Adjusted secondary this reaches mRenderThing; forwards GetRTRadius or returns 1.0f exactly as source	Contradictory pristine-byte or independently reviewed semantic evidence showing this VA does not implement this exact source line/signature.	reverse-engineering/EVIDENCE-REGISTER.tsv	f83dbb6eddaa16deed5f2a2460d393dc4525a63ae243b6cac0c656056b69ab9a	C1_CANDIDATE_PARTIAL	OPEN_EXECUTED	BASELINE_STATIC;ANALYST_METADATA_ONLY;RUNTIME_BOUNDED;CAMPAIGN_C1_OPAQUE_PE	08ed89644ed25feb9e85fefb5b31ab2bdecbbd91b8aca720e20c53a7fbc5e73f		AMBIGUOUS_OVERLOAD_MACRO_NONFUNCTION	PARTIAL: Level100ActorRegistry/Level100ActorMechanics carry bounded Level-100 actor state, but no generic CThing/CComplexThing/CActor source-class port owns this exact row.
"[""thing.h"",80,""GetRenderStartPos"",""GetRenderStartPos()""]"	166e070f3eb920fb3fa3570809e2fe2febe8cb0ff6889471f7100b42de1b3d8b	thing.h	80	GetRenderStartPos	GetRenderStartPos()	CThing	CThing::GetRenderStartPos	thing.h:65 DECLARE_MULTI_INTERFACE_CLASS(CThing, ...), closed at line 252	EXTENDED	Recovered the lexical class owner from the pinned macro class declaration, then reran qualified-name and promoted-semantic joins.	local-lab/ghidra-gameplay-tier2-235-static-20260810-v1/contracts.tsv;local-lab/hermes-kanban-campaign-2026-08-22/source-first-expansion/partition.tsv;references/Onslaught/thing.h;reverse-engineering/EVIDENCE-REGISTER.tsv;reverse-engineering/binary-analysis/cthing-vtable-semantics-2026-08-11.tsv	all source targets (header include guard only)	Returns `mPos`.	mPos		none (read-only or no-op)		SOURCE_EXACT	SOURCE_AGREES	0x004040a0	CThing__CopyVector14ToOut_004040a0	SOURCE_FOLDED	reverse-engineering/binary-analysis/cthing-vtable-semantics-2026-08-11.tsv	Adjusted secondary this copies mPos; three identical source methods share one body	Contradictory pristine-byte or independently reviewed semantic evidence showing this VA does not implement this exact source line/signature.	local-lab/ghidra-gameplay-tier2-235-static-20260810-v1/contracts.tsv	1e641db13654a8bdf39b0f94956044527060ec3ec56011d9847640fe74461d9e	C1_CANDIDATE_PARTIAL	OPEN_EXECUTED	BASELINE_STATIC;ANALYST_METADATA_ONLY;RUNTIME_BOUNDED;CAMPAIGN_C1_STATIC_RECEIPT	08ed89644ed25feb9e85fefb5b31ab2bdecbbd91b8aca720e20c53a7fbc5e73f		AMBIGUOUS_OVERLOAD_MACRO_NONFUNCTION	PARTIAL: Level100ActorRegistry/Level100ActorMechanics carry bounded Level-100 actor state, but no generic CThing/CComplexThing/CActor source-class port owns this exact row.
"[""thing.h"",81,""GetRenderEndPos"",""GetRenderEndPos()""]"	837f05da77c838a7fb63f10cadaf3d5d3fec05576912d6a7eedc7ca0a2afebde	thing.h	81	GetRenderEndPos	GetRenderEndPos()	CThing	CThing::GetRenderEndPos	thing.h:65 DECLARE_MULTI_INTERFACE_CLASS(CThing, ...), closed at line 252	EXTENDED	Recovered the lexical class owner from the pinned macro class declaration, then reran qualified-name and promoted-semantic joins.	local-lab/ghidra-gameplay-tier2-235-static-20260810-v1/contracts.tsv;local-lab/hermes-kanban-campaign-2026-08-22/source-first-expansion/partition.tsv;references/Onslaught/thing.h;reverse-engineering/EVIDENCE-REGISTER.tsv;reverse-engineering/binary-analysis/cthing-vtable-semantics-2026-08-11.tsv	all source targets (header include guard only)	Returns `mPos`.	mPos		none (read-only or no-op)		SOURCE_EXACT	SOURCE_AGREES	0x004040a0	CThing__CopyVector14ToOut_004040a0	SOURCE_FOLDED	reverse-engineering/binary-analysis/cthing-vtable-semantics-2026-08-11.tsv	Adjusted secondary this copies mPos; three identical source methods share one body	Contradictory pristine-byte or independently reviewed semantic evidence showing this VA does not implement this exact source line/signature.	local-lab/ghidra-gameplay-tier2-235-static-20260810-v1/contracts.tsv	1e641db13654a8bdf39b0f94956044527060ec3ec56011d9847640fe74461d9e	C1_CANDIDATE_PARTIAL	OPEN_EXECUTED	BASELINE_STATIC;ANALYST_METADATA_ONLY;RUNTIME_BOUNDED;CAMPAIGN_C1_STATIC_RECEIPT	08ed89644ed25feb9e85fefb5b31ab2bdecbbd91b8aca720e20c53a7fbc5e73f		AMBIGUOUS_OVERLOAD_MACRO_NONFUNCTION	PARTIAL: Level100ActorRegistry/Level100ActorMechanics carry bounded Level-100 actor state, but no generic CThing/CComplexThing/CActor source-class port owns this exact row.
"[""thing.h"",82,""GetRenderMesh"",""GetRenderMesh()""]"	f536962ed076e98f44895b4e8f416ae31fb1a49d71cc06c55e1440c75713c8d0	thing.h	82	GetRenderMesh	GetRenderMesh()	CThing	CThing::GetRenderMesh	thing.h:65 DECLARE_MULTI_INTERFACE_CLASS(CThing, ...), closed at line 252	EXTENDED	Recovered the lexical class owner from the pinned macro class declaration, then reran qualified-name and promoted-semantic joins.	local-lab/hermes-kanban-campaign-2026-08-22/source-first-expansion/partition.tsv;references/Onslaught/thing.h;reverse-engineering/binary-analysis/cactor-vtable-semantics-2026-08-11.tsv;reverse-engineering/binary-analysis/cbattleengine-vtable-semantics-2026-08-11.tsv;reverse-engineering/binary-analysis/ccomplexthing-vtable-semantics-2026-08-11.tsv;reverse-engineering/binary-analysis/cthing-vtable-semantics-2026-08-11.tsv;reverse-engineering/binary-analysis/function-c1-closure-2026-08-11.tsv;reverse-engineering/binary-analysis/ghidra-function-name-table-2026-08-17.tsv	all source targets (header include guard only)	Returns `-1`.		-1	none (read-only or no-op)		NO_MATCH_FOUND	SOURCE_ONLY				reverse-engineering/binary-analysis/ghidra-function-name-table-2026-08-17.tsv;reverse-engineering/binary-analysis/function-c1-closure-2026-08-11.tsv;promoted CThing/CActor/CBattleEngine/CComplexThing semantic tables;resolved lexical owner	No supported target after repaired-owner direct-name search and promoted-semantic search; bounded negative only, not binary absence or proof of inlining/folding.	A named semantic/body/xref authority locating a compiler-emitted or folded retail implementation of `CThing::GetRenderMesh`.								AMBIGUOUS_OVERLOAD_MACRO_NONFUNCTION	PARTIAL: Level100ActorRegistry/Level100ActorMechanics carry bounded Level-100 actor state, but no generic CThing/CComplexThing/CActor source-class port owns this exact row.
"[""thing.h"",84,""GetRenderRotateShadow"",""GetRenderRotateShadow()""]"	cfe7c9ada9c8d58087c565a7b27725ab62566682e95c5cd10a22e5279fa22998	thing.h	84	GetRenderRotateShadow	GetRenderRotateShadow()	CThing	CThing::GetRenderRotateShadow	thing.h:65 DECLARE_MULTI_INTERFACE_CLASS(CThing, ...), closed at line 252	EXTENDED	Recovered the lexical class owner from the pinned macro class declaration, then reran qualified-name and promoted-semantic joins.	local-lab/hermes-kanban-campaign-2026-08-22/source-first-expansion/partition.tsv;references/Onslaught/thing.h;reverse-engineering/binary-analysis/cactor-vtable-semantics-2026-08-11.tsv;reverse-engineering/binary-analysis/cbattleengine-vtable-semantics-2026-08-11.tsv;reverse-engineering/binary-analysis/ccomplexthing-vtable-semantics-2026-08-11.tsv;reverse-engineering/binary-analysis/cthing-vtable-semantics-2026-08-11.tsv;reverse-engineering/binary-analysis/function-c1-closure-2026-08-11.tsv;reverse-engineering/binary-analysis/ghidra-function-name-table-2026-08-17.tsv	all source targets (header include guard only)	Returns `FALSE`.		FALSE	none (read-only or no-op)		NO_MATCH_FOUND	SOURCE_ONLY				reverse-engineering/binary-analysis/ghidra-function-name-table-2026-08-17.tsv;reverse-engineering/binary-analysis/function-c1-closure-2026-08-11.tsv;promoted CThing/CActor/CBattleEngine/CComplexThing semantic tables;resolved lexical owner	No supported target after repaired-owner direct-name search and promoted-semantic search; bounded negative only, not binary absence or proof of inlining/folding.	A named semantic/body/xref authority locating a compiler-emitted or folded retail implementation of `CThing::GetRenderRotateShadow`.								AMBIGUOUS_OVERLOAD_MACRO_NONFUNCTION	PARTIAL: Level100ActorRegistry/Level100ActorMechanics carry bounded Level-100 actor state, but no generic CThing/CComplexThing/CActor source-class port owns this exact row.
"[""thing.h"",85,""GetRenderCanGoFlatShaded"",""GetRenderCanGoFlatShaded()""]"	d0e5b52f95f15a12284433370ed25a67f995494b73013e09377397558fc6e123	thing.h	85	GetRenderCanGoFlatShaded	GetRenderCanGoFlatShaded()	CThing	CThing::GetRenderCanGoFlatShaded	thing.h:65 DECLARE_MULTI_INTERFACE_CLASS(CThing, ...), closed at line 252	EXTENDED	Recovered the lexical class owner from the pinned macro class declaration, then reran qualified-name and promoted-semantic joins.	local-lab/hermes-kanban-campaign-2026-08-22/source-first-expansion/partition.tsv;references/Onslaught/thing.h;reverse-engineering/binary-analysis/cactor-vtable-semantics-2026-08-11.tsv;reverse-engineering/binary-analysis/cbattleengine-vtable-semantics-2026-08-11.tsv;reverse-engineering/binary-analysis/ccomplexthing-vtable-semantics-2026-08-11.tsv;reverse-engineering/binary-analysis/cthing-vtable-semantics-2026-08-11.tsv;reverse-engineering/binary-analysis/function-c1-closure-2026-08-11.tsv;reverse-engineering/binary-analysis/ghidra-function-name-table-2026-08-17.tsv	all source targets (header include guard only)	Returns `FALSE`.		FALSE	none (read-only or no-op)		NO_MATCH_FOUND	SOURCE_ONLY				reverse-engineering/binary-analysis/ghidra-function-name-table-2026-08-17.tsv;reverse-engineering/binary-analysis/function-c1-closure-2026-08-11.tsv;promoted CThing/CActor/CBattleEngine/CComplexThing semantic tables;resolved lexical owner	No supported target after repaired-owner direct-name search and promoted-semantic search; bounded negative only, not binary absence or proof of inlining/folding.	A named semantic/body/xref authority locating a compiler-emitted or folded retail implementation of `CThing::GetRenderCanGoFlatShaded`.								AMBIGUOUS_OVERLOAD_MACRO_NONFUNCTION	PARTIAL: Level100ActorRegistry/Level100ActorMechanics carry bounded Level-100 actor state, but no generic CThing/CComplexThing/CActor source-class port owns this exact row.
"[""thing.h"",86,""RenderUseHierarchy"",""RenderUseHierarchy(SINT pn)""]"	d5f37192be11d2fde4b618c785d4541a32cc0be3276b16de87b5dad42f8c699f	thing.h	86	RenderUseHierarchy	RenderUseHierarchy(SINT pn)	CThing	CThing::RenderUseHierarchy	thing.h:65 DECLARE_MULTI_INTERFACE_CLASS(CThing, ...), closed at line 252	EXTENDED	Recovered the lexical class owner from the pinned macro class declaration, then reran qualified-name and promoted-semantic joins.	local-lab/hermes-kanban-campaign-2026-08-22/source-first-expansion/partition.tsv;references/Onslaught/thing.h;reverse-engineering/binary-analysis/cactor-vtable-semantics-2026-08-11.tsv;reverse-engineering/binary-analysis/cbattleengine-vtable-semantics-2026-08-11.tsv;reverse-engineering/binary-analysis/ccomplexthing-vtable-semantics-2026-08-11.tsv;reverse-engineering/binary-analysis/cthing-vtable-semantics-2026-08-11.tsv;reverse-engineering/binary-analysis/function-c1-closure-2026-08-11.tsv;reverse-engineering/binary-analysis/ghidra-function-name-table-2026-08-17.tsv	all source targets (header include guard only)	Returns `TRUE`.		TRUE	none (read-only or no-op)		NO_MATCH_FOUND	SOURCE_ONLY				reverse-engineering/binary-analysis/ghidra-function-name-table-2026-08-17.tsv;reverse-engineering/binary-analysis/function-c1-closure-2026-08-11.tsv;promoted CThing/CActor/CBattleEngine/CComplexThing semantic tables;resolved lexical owner	No supported target after repaired-owner direct-name search and promoted-semantic search; bounded negative only, not binary absence or proof of inlining/folding.	A named semantic/body/xref authority locating a compiler-emitted or folded retail implementation of `CThing::RenderUseHierarchy`.								AMBIGUOUS_OVERLOAD_MACRO_NONFUNCTION	PARTIAL: Level100ActorRegistry/Level100ActorMechanics carry bounded Level-100 actor state, but no generic CThing/CComplexThing/CActor source-class port owns this exact row.
"[""thing.h"",87,""GetShouldDoHitEffect"",""GetShouldDoHitEffect(SINT mesh_part_no)""]"	d8504da1be5c53bae27c447c731ac0abc16c972b8b42d08ff941625ef5142ca8	thing.h	87	GetShouldDoHitEffect	GetShouldDoHitEffect(SINT mesh_part_no)	CThing	CThing::GetShouldDoHitEffect	thing.h:65 DECLARE_MULTI_INTERFACE_CLASS(CThing, ...), closed at line 252	EXTENDED	Recovered the lexical class owner from the pinned macro class declaration, then reran qualified-name and promoted-semantic joins.	local-lab/hermes-kanban-campaign-2026-08-22/source-first-expansion/partition.tsv;references/Onslaught/thing.h;reverse-engineering/binary-analysis/cactor-vtable-semantics-2026-08-11.tsv;reverse-engineering/binary-analysis/cbattleengine-vtable-semantics-2026-08-11.tsv;reverse-engineering/binary-analysis/ccomplexthing-vtable-semantics-2026-08-11.tsv;reverse-engineering/binary-analysis/cthing-vtable-semantics-2026-08-11.tsv;reverse-engineering/binary-analysis/function-c1-closure-2026-08-11.tsv;reverse-engineering/binary-analysis/ghidra-function-name-table-2026-08-17.tsv	all source targets (header include guard only)	Returns `0`.		0	none (read-only or no-op)		NO_MATCH_FOUND	SOURCE_ONLY				reverse-engineering/binary-analysis/ghidra-function-name-table-2026-08-17.tsv;reverse-engineering/binary-analysis/function-c1-closure-2026-08-11.tsv;promoted CThing/CActor/CBattleEngine/CComplexThing semantic tables;resolved lexical owner	No supported target after repaired-owner direct-name search and promoted-semantic search; bounded negative only, not binary absence or proof of inlining/folding.	A named semantic/body/xref authority locating a compiler-emitted or folded retail implementation of `CThing::GetShouldDoHitEffect`.								AMBIGUOUS_OVERLOAD_MACRO_NONFUNCTION	PARTIAL: Level100ActorRegistry/Level100ActorMechanics carry bounded Level-100 actor state, but no generic CThing/CComplexThing/CActor source-class port owns this exact row.
"[""thing.h"",88,""GetRenderYaw"",""GetRenderYaw()""]"	d473704a8a1920d33d08c238ecaf6e7e69bf54ebcb25cf695cd24bf4f358d41f	thing.h	88	GetRenderYaw	GetRenderYaw()	CThing	CThing::GetRenderYaw	thing.h:65 DECLARE_MULTI_INTERFACE_CLASS(CThing, ...), closed at line 252	EXTENDED	Recovered the lexical class owner from the pinned macro class declaration, then reran qualified-name and promoted-semantic joins.	local-lab/hermes-kanban-campaign-2026-08-22/source-first-expansion/partition.tsv;references/Onslaught/thing.h;reverse-engineering/binary-analysis/cactor-vtable-semantics-2026-08-11.tsv;reverse-engineering/binary-analysis/cbattleengine-vtable-semantics-2026-08-11.tsv;reverse-engineering/binary-analysis/ccomplexthing-vtable-semantics-2026-08-11.tsv;reverse-engineering/binary-analysis/cthing-vtable-semantics-2026-08-11.tsv;reverse-engineering/binary-analysis/function-c1-closure-2026-08-11.tsv;reverse-engineering/binary-analysis/ghidra-function-name-table-2026-08-17.tsv	all source targets (header include guard only)	Returns `0`.		0	none (read-only or no-op)		NO_MATCH_FOUND	SOURCE_ONLY				reverse-engineering/binary-analysis/ghidra-function-name-table-2026-08-17.tsv;reverse-engineering/binary-analysis/function-c1-closure-2026-08-11.tsv;promoted CThing/CActor/CBattleEngine/CComplexThing semantic tables;resolved lexical owner	No supported target after repaired-owner direct-name search and promoted-semantic search; bounded negative only, not binary absence or proof of inlining/folding.	A named semantic/body/xref authority locating a compiler-emitted or folded retail implementation of `CThing::GetRenderYaw`.								AMBIGUOUS_OVERLOAD_MACRO_NONFUNCTION	PARTIAL: Level100ActorRegistry/Level100ActorMechanics carry bounded Level-100 actor state, but no generic CThing/CComplexThing/CActor source-class port owns this exact row.
"[""thing.h"",89,""GetRenderScale"",""GetRenderScale()""]"	a01070719d22d1d22b17b873c911712b9fbd291940bf4c5a54f2213e91b8b919	thing.h	89	GetRenderScale	GetRenderScale()	CThing	CThing::GetRenderScale	thing.h:65 DECLARE_MULTI_INTERFACE_CLASS(CThing, ...), closed at line 252	EXTENDED	Recovered the lexical class owner from the pinned macro class declaration, then reran qualified-name and promoted-semantic joins.	local-lab/hermes-kanban-campaign-2026-08-22/source-first-expansion/partition.tsv;references/Onslaught/thing.h;reverse-engineering/binary-analysis/cactor-vtable-semantics-2026-08-11.tsv;reverse-engineering/binary-analysis/cbattleengine-vtable-semantics-2026-08-11.tsv;reverse-engineering/binary-analysis/ccomplexthing-vtable-semantics-2026-08-11.tsv;reverse-engineering/binary-analysis/cthing-vtable-semantics-2026-08-11.tsv;reverse-engineering/binary-analysis/function-c1-closure-2026-08-11.tsv;reverse-engineering/binary-analysis/ghidra-function-name-table-2026-08-17.tsv	all source targets (header include guard only)	Returns `1`.		1	none (read-only or no-op)		NO_MATCH_FOUND	SOURCE_ONLY				reverse-engineering/binary-analysis/ghidra-function-name-table-2026-08-17.tsv;reverse-engineering/binary-analysis/function-c1-closure-2026-08-11.tsv;promoted CThing/CActor/CBattleEngine/CComplexThing semantic tables;resolved lexical owner	No supported target after repaired-owner direct-name search and promoted-semantic search; bounded negative only, not binary absence or proof of inlining/folding.	A named semantic/body/xref authority locating a compiler-emitted or folded retail implementation of `CThing::GetRenderScale`.								AMBIGUOUS_OVERLOAD_MACRO_NONFUNCTION	PARTIAL: Level100ActorRegistry/Level100ActorMechanics carry bounded Level-100 actor state, but no generic CThing/CComplexThing/CActor source-class port owns this exact row.
"[""thing.h"",90,""GetRenderWithTransforms"",""GetRenderWithTransforms()""]"	aea81c192681f18320ae7b51009831157afbb80c1d987f00ea54f720aa5f612c	thing.h	90	GetRenderWithTransforms	GetRenderWithTransforms()	CThing	CThing::GetRenderWithTransforms	thing.h:65 DECLARE_MULTI_INTERFACE_CLASS(CThing, ...), closed at line 252	EXTENDED	Recovered the lexical class owner from the pinned macro class declaration, then reran qualified-name and promoted-semantic joins.	local-lab/hermes-kanban-campaign-2026-08-22/source-first-expansion/partition.tsv;references/Onslaught/thing.h;reverse-engineering/binary-analysis/cactor-vtable-semantics-2026-08-11.tsv;reverse-engineering/binary-analysis/cbattleengine-vtable-semantics-2026-08-11.tsv;reverse-engineering/binary-analysis/ccomplexthing-vtable-semantics-2026-08-11.tsv;reverse-engineering/binary-analysis/cthing-vtable-semantics-2026-08-11.tsv;reverse-engineering/binary-analysis/function-c1-closure-2026-08-11.tsv;reverse-engineering/binary-analysis/ghidra-function-name-table-2026-08-17.tsv	all source targets (header include guard only)	Returns `TRUE`.		TRUE	none (read-only or no-op)		NO_MATCH_FOUND	SOURCE_ONLY				reverse-engineering/binary-analysis/ghidra-function-name-table-2026-08-17.tsv;reverse-engineering/binary-analysis/function-c1-closure-2026-08-11.tsv;promoted CThing/CActor/CBattleEngine/CComplexThing semantic tables;resolved lexical owner	No supported target after repaired-owner direct-name search and promoted-semantic search; bounded negative only, not binary absence or proof of inlining/folding.	A named semantic/body/xref authority locating a compiler-emitted or folded retail implementation of `CThing::GetRenderWithTransforms`.								AMBIGUOUS_OVERLOAD_MACRO_NONFUNCTION	PARTIAL: Level100ActorRegistry/Level100ActorMechanics carry bounded Level-100 actor state, but no generic CThing/CComplexThing/CActor source-class port owns this exact row.
"[""thing.h"",91,""GetRenderImposterNo"",""GetRenderImposterNo()""]"	6627d49970a7cd324147d2b997773639c7d1322e5c4749088890bb052a97b6c4	thing.h	91	GetRenderImposterNo	GetRenderImposterNo()	CThing	CThing::GetRenderImposterNo	thing.h:65 DECLARE_MULTI_INTERFACE_CLASS(CThing, ...), closed at line 252	EXTENDED	Recovered the lexical class owner from the pinned macro class declaration, then reran qualified-name and promoted-semantic joins.	local-lab/hermes-kanban-campaign-2026-08-22/source-first-expansion/partition.tsv;references/Onslaught/thing.h;reverse-engineering/binary-analysis/cactor-vtable-semantics-2026-08-11.tsv;reverse-engineering/binary-analysis/cbattleengine-vtable-semantics-2026-08-11.tsv;reverse-engineering/binary-analysis/ccomplexthing-vtable-semantics-2026-08-11.tsv;reverse-engineering/binary-analysis/cthing-vtable-semantics-2026-08-11.tsv;reverse-engineering/binary-analysis/function-c1-closure-2026-08-11.tsv;reverse-engineering/binary-analysis/ghidra-function-name-table-2026-08-17.tsv	all source targets (header include guard only)	Returns `0`.		0	none (read-only or no-op)		NO_MATCH_FOUND	SOURCE_ONLY				reverse-engineering/binary-analysis/ghidra-function-name-table-2026-08-17.tsv;reverse-engineering/binary-analysis/function-c1-closure-2026-08-11.tsv;promoted CThing/CActor/CBattleEngine/CComplexThing semantic tables;resolved lexical owner	No supported target after repaired-owner direct-name search and promoted-semantic search; bounded negative only, not binary absence or proof of inlining/folding.	A named semantic/body/xref authority locating a compiler-emitted or folded retail implementation of `CThing::GetRenderImposterNo`.								AMBIGUOUS_OVERLOAD_MACRO_NONFUNCTION	PARTIAL: Level100ActorRegistry/Level100ActorMechanics carry bounded Level-100 actor state, but no generic CThing/CComplexThing/CActor source-class port owns this exact row.
"[""thing.h"",92,""GetRenderImposterBias"",""GetRenderImposterBias()""]"	395641ec7fca7c24abdbbb2705dab2bb9e2ea2662c399f9a4b068b99c337ac01	thing.h	92	GetRenderImposterBias	GetRenderImposterBias()	CThing	CThing::GetRenderImposterBias	thing.h:65 DECLARE_MULTI_INTERFACE_CLASS(CThing, ...), closed at line 252	EXTENDED	Recovered the lexical class owner from the pinned macro class declaration, then reran qualified-name and promoted-semantic joins.	local-lab/hermes-kanban-campaign-2026-08-22/source-first-expansion/partition.tsv;references/Onslaught/thing.h;reverse-engineering/binary-analysis/cactor-vtable-semantics-2026-08-11.tsv;reverse-engineering/binary-analysis/cbattleengine-vtable-semantics-2026-08-11.tsv;reverse-engineering/binary-analysis/ccomplexthing-vtable-semantics-2026-08-11.tsv;reverse-engineering/binary-analysis/cthing-vtable-semantics-2026-08-11.tsv;reverse-engineering/binary-analysis/function-c1-closure-2026-08-11.tsv;reverse-engineering/binary-analysis/ghidra-function-name-table-2026-08-17.tsv	all source targets (header include guard only)	Returns `1.0f`.		1.0f	none (read-only or no-op)		NO_MATCH_FOUND	SOURCE_ONLY				reverse-engineering/binary-analysis/ghidra-function-name-table-2026-08-17.tsv;reverse-engineering/binary-analysis/function-c1-closure-2026-08-11.tsv;promoted CThing/CActor/CBattleEngine/CComplexThing semantic tables;resolved lexical owner	No supported target after repaired-owner direct-name search and promoted-semantic search; bounded negative only, not binary absence or proof of inlining/folding.	A named semantic/body/xref authority locating a compiler-emitted or folded retail implementation of `CThing::GetRenderImposterBias`.								AMBIGUOUS_OVERLOAD_MACRO_NONFUNCTION	PARTIAL: Level100ActorRegistry/Level100ActorMechanics carry bounded Level-100 actor state, but no generic CThing/CComplexThing/CActor source-class port owns this exact row.
"[""thing.h"",93,""GetSnowDensity"",""GetSnowDensity()""]"	8ccf1e1c5785402bbdde62b3b27119ff9bb4e362d121ed23496b1fbd7cb87475	thing.h	93	GetSnowDensity	GetSnowDensity()	CThing	CThing::GetSnowDensity	thing.h:65 DECLARE_MULTI_INTERFACE_CLASS(CThing, ...), closed at line 252	EXTENDED	Recovered the lexical class owner from the pinned macro class declaration, then reran qualified-name and promoted-semantic joins.	local-lab/hermes-kanban-campaign-2026-08-22/source-first-expansion/partition.tsv;references/Onslaught/thing.h;reverse-engineering/binary-analysis/cactor-vtable-semantics-2026-08-11.tsv;reverse-engineering/binary-analysis/cbattleengine-vtable-semantics-2026-08-11.tsv;reverse-engineering/binary-analysis/ccomplexthing-vtable-semantics-2026-08-11.tsv;reverse-engineering/binary-analysis/cthing-vtable-semantics-2026-08-11.tsv;reverse-engineering/binary-analysis/function-c1-closure-2026-08-11.tsv;reverse-engineering/binary-analysis/ghidra-function-name-table-2026-08-17.tsv	all source targets (header include guard only)	Returns `0`.		0	none (read-only or no-op)		NO_MATCH_FOUND	SOURCE_ONLY				reverse-engineering/binary-analysis/ghidra-function-name-table-2026-08-17.tsv;reverse-engineering/binary-analysis/function-c1-closure-2026-08-11.tsv;promoted CThing/CActor/CBattleEngine/CComplexThing semantic tables;resolved lexical owner	No supported target after repaired-owner direct-name search and promoted-semantic search; bounded negative only, not binary absence or proof of inlining/folding.	A named semantic/body/xref authority locating a compiler-emitted or folded retail implementation of `CThing::GetSnowDensity`.								AMBIGUOUS_OVERLOAD_MACRO_NONFUNCTION	PARTIAL: Level100ActorRegistry/Level100ActorMechanics carry bounded Level-100 actor state, but no generic CThing/CComplexThing/CActor source-class port owns this exact row.
"[""thing.h"",94,""GetCanBeStaticallyShadowed"",""GetCanBeStaticallyShadowed()""]"	75d159f22ef547dd5e0dcfa5babfcde70874d53bb06207dd7d85d71849413dd4	thing.h	94	GetCanBeStaticallyShadowed	GetCanBeStaticallyShadowed()	CThing	CThing::GetCanBeStaticallyShadowed	thing.h:65 DECLARE_MULTI_INTERFACE_CLASS(CThing, ...), closed at line 252	EXTENDED	Recovered the lexical class owner from the pinned macro class declaration, then reran qualified-name and promoted-semantic joins.	local-lab/hermes-kanban-campaign-2026-08-22/source-first-expansion/partition.tsv;references/Onslaught/thing.h;reverse-engineering/binary-analysis/cactor-vtable-semantics-2026-08-11.tsv;reverse-engineering/binary-analysis/cbattleengine-vtable-semantics-2026-08-11.tsv;reverse-engineering/binary-analysis/ccomplexthing-vtable-semantics-2026-08-11.tsv;reverse-engineering/binary-analysis/cthing-vtable-semantics-2026-08-11.tsv;reverse-engineering/binary-analysis/function-c1-closure-2026-08-11.tsv;reverse-engineering/binary-analysis/ghidra-function-name-table-2026-08-17.tsv	all source targets (header include guard only)	Executes the pinned inline source body without a separately named retail algorithm.		FALSE	none (read-only or no-op)		NO_MATCH_FOUND	SOURCE_ONLY				reverse-engineering/binary-analysis/ghidra-function-name-table-2026-08-17.tsv;reverse-engineering/binary-analysis/function-c1-closure-2026-08-11.tsv;promoted CThing/CActor/CBattleEngine/CComplexThing semantic tables;resolved lexical owner	No supported target after repaired-owner direct-name search and promoted-semantic search; bounded negative only, not binary absence or proof of inlining/folding.	A named semantic/body/xref authority locating a compiler-emitted or folded retail implementation of `CThing::GetCanBeStaticallyShadowed`.								AMBIGUOUS_OVERLOAD_MACRO_NONFUNCTION	PARTIAL: Level100ActorRegistry/Level100ActorMechanics carry bounded Level-100 actor state, but no generic CThing/CComplexThing/CActor source-class port owns this exact row.
"[""thing.h"",95,""GetStaticShadow"",""*GetStaticShadow()""]"	0ddf097773b39d21b01aa5b638020ef35dcee664f2772961cf69f927877b2768	thing.h	95	GetStaticShadow	*GetStaticShadow()	CThing	CThing::GetStaticShadow	thing.h:65 DECLARE_MULTI_INTERFACE_CLASS(CThing, ...), closed at line 252	EXTENDED	Recovered the lexical class owner from the pinned macro class declaration, then reran qualified-name and promoted-semantic joins.	local-lab/hermes-kanban-campaign-2026-08-22/source-first-expansion/partition.tsv;references/Onslaught/thing.h;reverse-engineering/binary-analysis/cactor-vtable-semantics-2026-08-11.tsv;reverse-engineering/binary-analysis/cbattleengine-vtable-semantics-2026-08-11.tsv;reverse-engineering/binary-analysis/ccomplexthing-vtable-semantics-2026-08-11.tsv;reverse-engineering/binary-analysis/cthing-vtable-semantics-2026-08-11.tsv;reverse-engineering/binary-analysis/function-c1-closure-2026-08-11.tsv;reverse-engineering/binary-analysis/ghidra-function-name-table-2026-08-17.tsv	all source targets (header include guard only)	Delegates to `ASSERT`.		0;NULL	calls ASSERT	ASSERT	NO_MATCH_FOUND	SOURCE_ONLY				reverse-engineering/binary-analysis/ghidra-function-name-table-2026-08-17.tsv;reverse-engineering/binary-analysis/function-c1-closure-2026-08-11.tsv;promoted CThing/CActor/CBattleEngine/CComplexThing semantic tables;resolved lexical owner	No supported target after repaired-owner direct-name search and promoted-semantic search; bounded negative only, not binary absence or proof of inlining/folding.	A named semantic/body/xref authority locating a compiler-emitted or folded retail implementation of `CThing::GetStaticShadow`.								AMBIGUOUS_OVERLOAD_MACRO_NONFUNCTION	PARTIAL: Level100ActorRegistry/Level100ActorMechanics carry bounded Level-100 actor state, but no generic CThing/CComplexThing/CActor source-class port owns this exact row.
"[""thing.h"",96,""SetStaticShadow"",""SetStaticShadow(class CStaticShadow *shadow)""]"	d4df209ffefd7bd3079728a0b54036f93bd5d763005a187452c9a21278aa177f	thing.h	96	SetStaticShadow	SetStaticShadow(class CStaticShadow *shadow)	CThing	CThing::SetStaticShadow	thing.h:65 DECLARE_MULTI_INTERFACE_CLASS(CThing, ...), closed at line 252	EXTENDED	Recovered the lexical class owner from the pinned macro class declaration, then reran qualified-name and promoted-semantic joins.	local-lab/hermes-kanban-campaign-2026-08-22/source-first-expansion/partition.tsv;references/Onslaught/thing.h;reverse-engineering/binary-analysis/cactor-vtable-semantics-2026-08-11.tsv;reverse-engineering/binary-analysis/cbattleengine-vtable-semantics-2026-08-11.tsv;reverse-engineering/binary-analysis/ccomplexthing-vtable-semantics-2026-08-11.tsv;reverse-engineering/binary-analysis/cthing-vtable-semantics-2026-08-11.tsv;reverse-engineering/binary-analysis/function-c1-closure-2026-08-11.tsv;reverse-engineering/binary-analysis/ghidra-function-name-table-2026-08-17.tsv	all source targets (header include guard only)	Delegates to `ASSERT`.		0	calls ASSERT	ASSERT	NO_MATCH_FOUND	SOURCE_ONLY				reverse-engineering/binary-analysis/ghidra-function-name-table-2026-08-17.tsv;reverse-engineering/binary-analysis/function-c1-closure-2026-08-11.tsv;promoted CThing/CActor/CBattleEngine/CComplexThing semantic tables;resolved lexical owner	No supported target after repaired-owner direct-name search and promoted-semantic search; bounded negative only, not binary absence or proof of inlining/folding.	A named semantic/body/xref authority locating a compiler-emitted or folded retail implementation of `CThing::SetStaticShadow`.								AMBIGUOUS_OVERLOAD_MACRO_NONFUNCTION	PARTIAL: Level100ActorRegistry/Level100ActorMechanics carry bounded Level-100 actor state, but no generic CThing/CComplexThing/CActor source-class port owns this exact row.
"[""thing.h"",97,""GetRequiresPolyBucket"",""GetRequiresPolyBucket()""]"	852cb32e1d1730778aea5960dde0eed71475d99c10e76e16278cdb9f95b5b9de	thing.h	97	GetRequiresPolyBucket	GetRequiresPolyBucket()	CThing	CThing::GetRequiresPolyBucket	thing.h:65 DECLARE_MULTI_INTERFACE_CLASS(CThing, ...), closed at line 252	EXTENDED	Recovered the lexical class owner from the pinned macro class declaration, then reran qualified-name and promoted-semantic joins.	local-lab/hermes-kanban-campaign-2026-08-22/source-first-expansion/partition.tsv;references/Onslaught/thing.h;reverse-engineering/binary-analysis/cactor-vtable-semantics-2026-08-11.tsv;reverse-engineering/binary-analysis/cbattleengine-vtable-semantics-2026-08-11.tsv;reverse-engineering/binary-analysis/ccomplexthing-vtable-semantics-2026-08-11.tsv;reverse-engineering/binary-analysis/cthing-vtable-semantics-2026-08-11.tsv;reverse-engineering/binary-analysis/function-c1-closure-2026-08-11.tsv;reverse-engineering/binary-analysis/ghidra-function-name-table-2026-08-17.tsv	all source targets (header include guard only)	Returns `TRUE`.		TRUE	none (read-only or no-op)		NO_MATCH_FOUND	SOURCE_ONLY				reverse-engineering/binary-analysis/ghidra-function-name-table-2026-08-17.tsv;reverse-engineering/binary-analysis/function-c1-closure-2026-08-11.tsv;promoted CThing/CActor/CBattleEngine/CComplexThing semantic tables;resolved lexical owner	No supported target after repaired-owner direct-name search and promoted-semantic search; bounded negative only, not binary absence or proof of inlining/folding.	A named semantic/body/xref authority locating a compiler-emitted or folded retail implementation of `CThing::GetRequiresPolyBucket`.								AMBIGUOUS_OVERLOAD_MACRO_NONFUNCTION	PARTIAL: Level100ActorRegistry/Level100ActorMechanics carry bounded Level-100 actor state, but no generic CThing/CComplexThing/CActor source-class port owns this exact row.
"[""thing.h"",99,""GetSoundPos"",""GetSoundPos()""]"	bdc7157a570f6773fb7ae538d841aa486d6e479164b2b271d6c774f65b16aeb2	thing.h	99	GetSoundPos	GetSoundPos()	CThing	CThing::GetSoundPos	thing.h:65 DECLARE_MULTI_INTERFACE_CLASS(CThing, ...), closed at line 252	EXTENDED	Recovered the lexical class owner from the pinned macro class declaration, then reran qualified-name and promoted-semantic joins.	local-lab/hermes-kanban-campaign-2026-08-22/source-first-expansion/partition.tsv;references/Onslaught/thing.h;reverse-engineering/EVIDENCE-REGISTER.tsv;reverse-engineering/binary-analysis/cthing-vtable-semantics-2026-08-11.tsv	all source targets (header include guard only)	Returns `mPos`.	mPos		none (read-only or no-op)		SOURCE_EXACT	SOURCE_AGREES	0x0043e9f0	CThing__GetRenderPos	SOURCE_FOLDED	reverse-engineering/binary-analysis/cthing-vtable-semantics-2026-08-11.tsv	Both source methods return mPos by value and compile to one primary-this body	Contradictory pristine-byte or independently reviewed semantic evidence showing this VA does not implement this exact source line/signature.	reverse-engineering/EVIDENCE-REGISTER.tsv	f83dbb6eddaa16deed5f2a2460d393dc4525a63ae243b6cac0c656056b69ab9a	C1_CANDIDATE_PARTIAL	OPEN_EXECUTED	BASELINE_STATIC;ANALYST_METADATA_ONLY;RUNTIME_BOUNDED;CAMPAIGN_C1_OPAQUE_PE	08ed89644ed25feb9e85fefb5b31ab2bdecbbd91b8aca720e20c53a7fbc5e73f		AMBIGUOUS_OVERLOAD_MACRO_NONFUNCTION	PARTIAL: Level100ActorRegistry/Level100ActorMechanics carry bounded Level-100 actor state, but no generic CThing/CComplexThing/CActor source-class port owns this exact row.
"[""thing.h"",100,""GetSoundOrientation"",""GetSoundOrientation()""]"	14817049ca709f274b9c52bce522ab764bbc747a701f98ad97e934a011faf88d	thing.h	100	GetSoundOrientation	GetSoundOrientation()	CThing	CThing::GetSoundOrientation	thing.h:65 DECLARE_MULTI_INTERFACE_CLASS(CThing, ...), closed at line 252	EXTENDED	Recovered the lexical class owner from the pinned macro class declaration, then reran qualified-name and promoted-semantic joins.	local-lab/ghidra-gameplay-tier2-235-static-20260810-v1/contracts.tsv;local-lab/hermes-kanban-campaign-2026-08-22/source-first-expansion/partition.tsv;references/Onslaught/thing.h;reverse-engineering/EVIDENCE-REGISTER.tsv;reverse-engineering/binary-analysis/cthing-vtable-semantics-2026-08-11.tsv	all source targets (header include guard only)	Returns `ID_FMATRIX`.		ID_FMATRIX	none (read-only or no-op)		SOURCE_EXACT	SOURCE_AGREES	0x004bfa20	CThing__CopyGlobal829dd0Block30ToOut_004bfa20	SOURCE_INLINE	reverse-engineering/binary-analysis/cthing-vtable-semantics-2026-08-11.tsv	Copies the global identity FMatrix returned to the audible interface	Contradictory pristine-byte or independently reviewed semantic evidence showing this VA does not implement this exact source line/signature.	local-lab/ghidra-gameplay-tier2-235-static-20260810-v1/contracts.tsv	1e641db13654a8bdf39b0f94956044527060ec3ec56011d9847640fe74461d9e	C1_CANDIDATE_PARTIAL	OPEN_DARK	BASELINE_STATIC;ANALYST_METADATA_ONLY;CAMPAIGN_C1_STATIC_RECEIPT	08ed89644ed25feb9e85fefb5b31ab2bdecbbd91b8aca720e20c53a7fbc5e73f		AMBIGUOUS_OVERLOAD_MACRO_NONFUNCTION	PARTIAL: Level100ActorRegistry/Level100ActorMechanics carry bounded Level-100 actor state, but no generic CThing/CComplexThing/CActor source-class port owns this exact row.
"[""thing.h"",101,""GetSoundVelocity"",""GetSoundVelocity()""]"	1d19a5de9d9dafe9d29e53ea0374a0f2aee5985b9804d89ba533a9a8941049b3	thing.h	101	GetSoundVelocity	GetSoundVelocity()	CThing	CThing::GetSoundVelocity	thing.h:65 DECLARE_MULTI_INTERFACE_CLASS(CThing, ...), closed at line 252	EXTENDED	Recovered the lexical class owner from the pinned macro class declaration, then reran qualified-name and promoted-semantic joins.	local-lab/hermes-kanban-campaign-2026-08-22/source-first-expansion/partition.tsv;references/Onslaught/thing.h;reverse-engineering/binary-analysis/cactor-vtable-semantics-2026-08-11.tsv;reverse-engineering/binary-analysis/cbattleengine-vtable-semantics-2026-08-11.tsv;reverse-engineering/binary-analysis/ccomplexthing-vtable-semantics-2026-08-11.tsv;reverse-engineering/binary-analysis/cthing-vtable-semantics-2026-08-11.tsv;reverse-engineering/binary-analysis/function-c1-closure-2026-08-11.tsv;reverse-engineering/binary-analysis/ghidra-function-name-table-2026-08-17.tsv	all source targets (header include guard only)	Returns `FVector(0,0,0)`.		0	none (read-only or no-op)	FVector	NO_MATCH_FOUND	SOURCE_ONLY				reverse-engineering/binary-analysis/ghidra-function-name-table-2026-08-17.tsv;reverse-engineering/binary-analysis/function-c1-closure-2026-08-11.tsv;promoted CThing/CActor/CBattleEngine/CComplexThing semantic tables;resolved lexical owner	No supported target after repaired-owner direct-name search and promoted-semantic search; bounded negative only, not binary absence or proof of inlining/folding.	A named semantic/body/xref authority locating a compiler-emitted or folded retail implementation of `CThing::GetSoundVelocity`.								AMBIGUOUS_OVERLOAD_MACRO_NONFUNCTION	PARTIAL: Level100ActorRegistry/Level100ActorMechanics carry bounded Level-100 actor state, but no generic CThing/CComplexThing/CActor source-class port owns this exact row.
"[""thing.h"",103,""GetCueFactor"",""GetCueFactor()""]"	22fb293f7c57dea50f33559a53077b926b8fed542f7ebb7585f014bbd7959020	thing.h	103	GetCueFactor	GetCueFactor()	CThing	CThing::GetCueFactor	thing.h:65 DECLARE_MULTI_INTERFACE_CLASS(CThing, ...), closed at line 252	EXTENDED	Recovered the lexical class owner from the pinned macro class declaration, then reran qualified-name and promoted-semantic joins.	local-lab/hermes-kanban-campaign-2026-08-22/source-first-expansion/partition.tsv;references/Onslaught/thing.h;reverse-engineering/EVIDENCE-REGISTER.tsv;reverse-engineering/binary-analysis/cthing-vtable-semantics-2026-08-11.tsv	all source targets (header include guard only)	Branches over `mRenderThing` and returns or updates state according to the pinned inline body.	mRenderThing	0.0001f	calls GetCueFactor	GetCueFactor	SOURCE_EXACT	SOURCE_AGREES	0x00401420	CThing__GetCueFactorFromRenderThing	SOURCE_INLINE	reverse-engineering/binary-analysis/cthing-vtable-semantics-2026-08-11.tsv	Returns render-thing cue factor or exact 0.0001f fallback	Contradictory pristine-byte or independently reviewed semantic evidence showing this VA does not implement this exact source line/signature.	reverse-engineering/EVIDENCE-REGISTER.tsv	f83dbb6eddaa16deed5f2a2460d393dc4525a63ae243b6cac0c656056b69ab9a	C1_CANDIDATE_PARTIAL	OPEN_EXECUTED	BASELINE_STATIC;ANALYST_METADATA_ONLY;RUNTIME_BOUNDED;CAMPAIGN_C1_OPAQUE_PE	08ed89644ed25feb9e85fefb5b31ab2bdecbbd91b8aca720e20c53a7fbc5e73f		AMBIGUOUS_OVERLOAD_MACRO_NONFUNCTION	PARTIAL: Level100ActorRegistry/Level100ActorMechanics carry bounded Level-100 actor state, but no generic CThing/CComplexThing/CActor source-class port owns this exact row.
"[""thing.h"",107,""SampleFinishedPlaying"",""SampleFinishedPlaying(CSoundEvent* event)""]"	7016306b4a9c619d56dd3459951e43b817f55721f0954504778ff7f7165a9c0c	thing.h	107	SampleFinishedPlaying	SampleFinishedPlaying(CSoundEvent* event)	CThing	CThing::SampleFinishedPlaying	thing.h:65 DECLARE_MULTI_INTERFACE_CLASS(CThing, ...), closed at line 252	EXTENDED	Recovered the lexical class owner from the pinned macro class declaration, then reran qualified-name and promoted-semantic joins.	local-lab/hermes-kanban-campaign-2026-08-22/source-first-expansion/partition.tsv;references/Onslaught/thing.h;reverse-engineering/binary-analysis/cactor-vtable-semantics-2026-08-11.tsv;reverse-engineering/binary-analysis/cbattleengine-vtable-semantics-2026-08-11.tsv;reverse-engineering/binary-analysis/ccomplexthing-vtable-semantics-2026-08-11.tsv;reverse-engineering/binary-analysis/cthing-vtable-semantics-2026-08-11.tsv;reverse-engineering/binary-analysis/function-c1-closure-2026-08-11.tsv;reverse-engineering/binary-analysis/ghidra-function-name-table-2026-08-17.tsv	all source targets (header include guard only)	No-op body.			none (read-only or no-op)		NO_MATCH_FOUND	SOURCE_ONLY				reverse-engineering/binary-analysis/ghidra-function-name-table-2026-08-17.tsv;reverse-engineering/binary-analysis/function-c1-closure-2026-08-11.tsv;promoted CThing/CActor/CBattleEngine/CComplexThing semantic tables;resolved lexical owner	No supported target after repaired-owner direct-name search and promoted-semantic search; bounded negative only, not binary absence or proof of inlining/folding.	A named semantic/body/xref authority locating a compiler-emitted or folded retail implementation of `CThing::SampleFinishedPlaying`.								AMBIGUOUS_OVERLOAD_MACRO_NONFUNCTION	PARTIAL: Level100ActorRegistry/Level100ActorMechanics carry bounded Level-100 actor state, but no generic CThing/CComplexThing/CActor source-class port owns this exact row.
"[""thing.h"",113,""GetPos"",""& GetPos()""]"	fb13dfd2f7061e0906f026512d77472659b5d12e87ef5b943dfe3033aa1d6a22	thing.h	113	GetPos	& GetPos()	CThing	CThing::GetPos	thing.h:65 DECLARE_MULTI_INTERFACE_CLASS(CThing, ...), closed at line 252	EXTENDED	Recovered the lexical class owner from the pinned macro class declaration, then reran qualified-name and promoted-semantic joins.	local-lab/hermes-kanban-campaign-2026-08-22/source-first-expansion/partition.tsv;references/Onslaught/thing.h;reverse-engineering/binary-analysis/cactor-vtable-semantics-2026-08-11.tsv;reverse-engineering/binary-analysis/cbattleengine-vtable-semantics-2026-08-11.tsv;reverse-engineering/binary-analysis/ccomplexthing-vtable-semantics-2026-08-11.tsv;reverse-engineering/binary-analysis/cthing-vtable-semantics-2026-08-11.tsv;reverse-engineering/binary-analysis/function-c1-closure-2026-08-11.tsv;reverse-engineering/binary-analysis/ghidra-function-name-table-2026-08-17.tsv	all source targets (header include guard only)	Returns `mPos`.	mPos		none (read-only or no-op)		NO_MATCH_FOUND	SOURCE_ONLY				reverse-engineering/binary-analysis/ghidra-function-name-table-2026-08-17.tsv;reverse-engineering/binary-analysis/function-c1-closure-2026-08-11.tsv;promoted CThing/CActor/CBattleEngine/CComplexThing semantic tables;resolved lexical owner	No supported target after repaired-owner direct-name search and promoted-semantic search; bounded negative only, not binary absence or proof of inlining/folding.	A named semantic/body/xref authority locating a compiler-emitted or folded retail implementation of `CThing::GetPos`.								AMBIGUOUS_OVERLOAD_MACRO_NONFUNCTION	PARTIAL: Level100ActorRegistry/Level100ActorMechanics carry bounded Level-100 actor state, but no generic CThing/CComplexThing/CActor source-class port owns this exact row.
"[""thing.h"",116,""SetPos"",""SetPos(FVector &inPos)""]"	189bca2d85644a99fcaf9ee1001e18e84f8f781ce4eea1deda4759a3e4655056	thing.h	116	SetPos	SetPos(FVector &inPos)	CThing	CThing::SetPos	thing.h:65 DECLARE_MULTI_INTERFACE_CLASS(CThing, ...), closed at line 252	EXTENDED	Recovered the lexical class owner from the pinned macro class declaration, then reran qualified-name and promoted-semantic joins.	local-lab/hermes-kanban-campaign-2026-08-22/source-first-expansion/partition.tsv;references/Onslaught/thing.h;reverse-engineering/binary-analysis/cactor-vtable-semantics-2026-08-11.tsv;reverse-engineering/binary-analysis/cbattleengine-vtable-semantics-2026-08-11.tsv;reverse-engineering/binary-analysis/ccomplexthing-vtable-semantics-2026-08-11.tsv;reverse-engineering/binary-analysis/cthing-vtable-semantics-2026-08-11.tsv;reverse-engineering/binary-analysis/function-c1-closure-2026-08-11.tsv;reverse-engineering/binary-analysis/ghidra-function-name-table-2026-08-17.tsv	all source targets (header include guard only)	Updates `mPos` from its arguments/constants.	mPos		writes mPos		NO_MATCH_FOUND	SOURCE_ONLY				reverse-engineering/binary-analysis/ghidra-function-name-table-2026-08-17.tsv;reverse-engineering/binary-analysis/function-c1-closure-2026-08-11.tsv;promoted CThing/CActor/CBattleEngine/CComplexThing semantic tables;resolved lexical owner	No supported target after repaired-owner direct-name search and promoted-semantic search; bounded negative only, not binary absence or proof of inlining/folding.	A named semantic/body/xref authority locating a compiler-emitted or folded retail implementation of `CThing::SetPos`.								AMBIGUOUS_OVERLOAD_MACRO_NONFUNCTION	PARTIAL: Level100ActorRegistry/Level100ActorMechanics carry bounded Level-100 actor state, but no generic CThing/CComplexThing/CActor source-class port owns this exact row.
"[""thing.h"",118,""GetMaxVelocity"",""GetMaxVelocity()""]"	4d04b2eb710f5c9421930cd0a1e6678ed21191af85e6869dc007d5b3ab760cd5	thing.h	118	GetMaxVelocity	GetMaxVelocity()	CThing	CThing::GetMaxVelocity	thing.h:65 DECLARE_MULTI_INTERFACE_CLASS(CThing, ...), closed at line 252	EXTENDED	Recovered the lexical class owner from the pinned macro class declaration, then reran qualified-name and promoted-semantic joins.	local-lab/hermes-kanban-campaign-2026-08-22/source-first-expansion/partition.tsv;references/Onslaught/thing.h;reverse-engineering/binary-analysis/cactor-vtable-semantics-2026-08-11.tsv;reverse-engineering/binary-analysis/cbattleengine-vtable-semantics-2026-08-11.tsv;reverse-engineering/binary-analysis/ccomplexthing-vtable-semantics-2026-08-11.tsv;reverse-engineering/binary-analysis/cthing-vtable-semantics-2026-08-11.tsv;reverse-engineering/binary-analysis/function-c1-closure-2026-08-11.tsv;reverse-engineering/binary-analysis/ghidra-function-name-table-2026-08-17.tsv	all source targets (header include guard only)	Returns `0.0f`.		0.0f	none (read-only or no-op)		NO_MATCH_FOUND	SOURCE_ONLY				reverse-engineering/binary-analysis/ghidra-function-name-table-2026-08-17.tsv;reverse-engineering/binary-analysis/function-c1-closure-2026-08-11.tsv;promoted CThing/CActor/CBattleEngine/CComplexThing semantic tables;resolved lexical owner	No supported target after repaired-owner direct-name search and promoted-semantic search; bounded negative only, not binary absence or proof of inlining/folding.	A named semantic/body/xref authority locating a compiler-emitted or folded retail implementation of `CThing::GetMaxVelocity`.								AMBIGUOUS_OVERLOAD_MACRO_NONFUNCTION	PARTIAL: Level100ActorRegistry/Level100ActorMechanics carry bounded Level-100 actor state, but no generic CThing/CComplexThing/CActor source-class port owns this exact row.
"[""thing.h"",120,""GetRadius"",""GetRadius()""]"	4a703768af5a11b9411a285115e7b41db6fa87c21957260e2d71cde03bb84cb9	thing.h	120	GetRadius	GetRadius()	CThing	CThing::GetRadius	thing.h:65 DECLARE_MULTI_INTERFACE_CLASS(CThing, ...), closed at line 252	EXTENDED	Recovered the lexical class owner from the pinned macro class declaration, then reran qualified-name and promoted-semantic joins.	local-lab/hermes-kanban-campaign-2026-08-22/source-first-expansion/partition.tsv;references/Onslaught/thing.h;reverse-engineering/EVIDENCE-REGISTER.tsv;reverse-engineering/binary-analysis/cthing-vtable-semantics-2026-08-11.tsv	all source targets (header include guard only)	Branches over `mRenderThing` and returns or updates state according to the pinned inline body.	mRenderThing	0.0f	calls GetRTRadius	GetRTRadius	SOURCE_EXACT	SOURCE_AGREES	0x00401440	CThing__GetRenderRadiusFromRenderThing	SOURCE_INLINE	reverse-engineering/binary-analysis/cthing-vtable-semantics-2026-08-11.tsv	Forwards render-thing radius or returns zero; old label confused it with secondary GetRenderRadius	Contradictory pristine-byte or independently reviewed semantic evidence showing this VA does not implement this exact source line/signature.	reverse-engineering/EVIDENCE-REGISTER.tsv	f83dbb6eddaa16deed5f2a2460d393dc4525a63ae243b6cac0c656056b69ab9a	C1_CANDIDATE_PARTIAL	OPEN_EXECUTED	BASELINE_STATIC;ANALYST_METADATA_ONLY;RUNTIME_BOUNDED;CAMPAIGN_C1_OPAQUE_PE	08ed89644ed25feb9e85fefb5b31ab2bdecbbd91b8aca720e20c53a7fbc5e73f		AMBIGUOUS_OVERLOAD_MACRO_NONFUNCTION	PARTIAL: Level100ActorRegistry/Level100ActorMechanics carry bounded Level-100 actor state, but no generic CThing/CComplexThing/CActor source-class port owns this exact row.
"[""thing.h"",133,""TeleportOrientation"",""TeleportOrientation(const FMatrix& orientation)""]"	bb3de50e2b1065901cf6808094f09c033566a817db17a3a6bf48f9c017888dd0	thing.h	133	TeleportOrientation	TeleportOrientation(const FMatrix& orientation)	CThing	CThing::TeleportOrientation	thing.h:65 DECLARE_MULTI_INTERFACE_CLASS(CThing, ...), closed at line 252	EXTENDED	Recovered the lexical class owner from the pinned macro class declaration, then reran qualified-name and promoted-semantic joins.	local-lab/hermes-kanban-campaign-2026-08-22/source-first-expansion/partition.tsv;references/Onslaught/thing.h;reverse-engineering/binary-analysis/cactor-vtable-semantics-2026-08-11.tsv;reverse-engineering/binary-analysis/cbattleengine-vtable-semantics-2026-08-11.tsv;reverse-engineering/binary-analysis/ccomplexthing-vtable-semantics-2026-08-11.tsv;reverse-engineering/binary-analysis/cthing-vtable-semantics-2026-08-11.tsv;reverse-engineering/binary-analysis/function-c1-closure-2026-08-11.tsv;reverse-engineering/binary-analysis/ghidra-function-name-table-2026-08-17.tsv	all source targets (header include guard only)	No-op body.			none (read-only or no-op)		NO_MATCH_FOUND	SOURCE_ONLY				reverse-engineering/binary-analysis/ghidra-function-name-table-2026-08-17.tsv;reverse-engineering/binary-analysis/function-c1-closure-2026-08-11.tsv;promoted CThing/CActor/CBattleEngine/CComplexThing semantic tables;resolved lexical owner	No supported target after repaired-owner direct-name search and promoted-semantic search; bounded negative only, not binary absence or proof of inlining/folding.	A named semantic/body/xref authority locating a compiler-emitted or folded retail implementation of `CThing::TeleportOrientation`.								AMBIGUOUS_OVERLOAD_MACRO_NONFUNCTION	PARTIAL: Level100ActorRegistry/Level100ActorMechanics carry bounded Level-100 actor state, but no generic CThing/CComplexThing/CActor source-class port owns this exact row.
"[""thing.h"",134,""Activate"",""Activate()""]"	218d3cc94bef1accf88760ecc7315e68967bd7910d3d164811e765ffe1466d9e	thing.h	134	Activate	Activate()	CThing	CThing::Activate	thing.h:65 DECLARE_MULTI_INTERFACE_CLASS(CThing, ...), closed at line 252	EXTENDED	Recovered the lexical class owner from the pinned macro class declaration, then reran qualified-name and promoted-semantic joins.	local-lab/hermes-kanban-campaign-2026-08-22/source-first-expansion/partition.tsv;references/Onslaught/thing.h;reverse-engineering/binary-analysis/cactor-vtable-semantics-2026-08-11.tsv;reverse-engineering/binary-analysis/cbattleengine-vtable-semantics-2026-08-11.tsv;reverse-engineering/binary-analysis/ccomplexthing-vtable-semantics-2026-08-11.tsv;reverse-engineering/binary-analysis/cthing-vtable-semantics-2026-08-11.tsv;reverse-engineering/binary-analysis/function-c1-closure-2026-08-11.tsv;reverse-engineering/binary-analysis/ghidra-function-name-table-2026-08-17.tsv	all source targets (header include guard only)	No-op body.			none (read-only or no-op)		NO_MATCH_FOUND	SOURCE_ONLY				reverse-engineering/binary-analysis/ghidra-function-name-table-2026-08-17.tsv;reverse-engineering/binary-analysis/function-c1-closure-2026-08-11.tsv;promoted CThing/CActor/CBattleEngine/CComplexThing semantic tables;resolved lexical owner	No supported target after repaired-owner direct-name search and promoted-semantic search; bounded negative only, not binary absence or proof of inlining/folding.	A named semantic/body/xref authority locating a compiler-emitted or folded retail implementation of `CThing::Activate`.								AMBIGUOUS_OVERLOAD_MACRO_NONFUNCTION	PARTIAL: Level100ActorRegistry/Level100ActorMechanics carry bounded Level-100 actor state, but no generic CThing/CComplexThing/CActor source-class port owns this exact row.
"[""thing.h"",135,""Deactivate"",""Deactivate()""]"	f3b159cf40eadee5631740951eb13c1219e7f524ce5606782e7a7dd23a018ae8	thing.h	135	Deactivate	Deactivate()	CThing	CThing::Deactivate	thing.h:65 DECLARE_MULTI_INTERFACE_CLASS(CThing, ...), closed at line 252	EXTENDED	Recovered the lexical class owner from the pinned macro class declaration, then reran qualified-name and promoted-semantic joins.	local-lab/hermes-kanban-campaign-2026-08-22/source-first-expansion/partition.tsv;references/Onslaught/thing.h;reverse-engineering/binary-analysis/cactor-vtable-semantics-2026-08-11.tsv;reverse-engineering/binary-analysis/cbattleengine-vtable-semantics-2026-08-11.tsv;reverse-engineering/binary-analysis/ccomplexthing-vtable-semantics-2026-08-11.tsv;reverse-engineering/binary-analysis/cthing-vtable-semantics-2026-08-11.tsv;reverse-engineering/binary-analysis/function-c1-closure-2026-08-11.tsv;reverse-engineering/binary-analysis/ghidra-function-name-table-2026-08-17.tsv	all source targets (header include guard only)	No-op body.			none (read-only or no-op)		NO_MATCH_FOUND	SOURCE_ONLY				reverse-engineering/binary-analysis/ghidra-function-name-table-2026-08-17.tsv;reverse-engineering/binary-analysis/function-c1-closure-2026-08-11.tsv;promoted CThing/CActor/CBattleEngine/CComplexThing semantic tables;resolved lexical owner	No supported target after repaired-owner direct-name search and promoted-semantic search; bounded negative only, not binary absence or proof of inlining/folding.	A named semantic/body/xref authority locating a compiler-emitted or folded retail implementation of `CThing::Deactivate`.								AMBIGUOUS_OVERLOAD_MACRO_NONFUNCTION	PARTIAL: Level100ActorRegistry/Level100ActorMechanics carry bounded Level-100 actor state, but no generic CThing/CComplexThing/CActor source-class port owns this exact row.
"[""thing.h"",136,""GetMoveMultiplier"",""GetMoveMultiplier()""]"	8600d5ccb524c25a416c0f9a4eda1b7ccad8c3b0fb853012885f43a3120048f3	thing.h	136	GetMoveMultiplier	GetMoveMultiplier()	CThing	CThing::GetMoveMultiplier	thing.h:65 DECLARE_MULTI_INTERFACE_CLASS(CThing, ...), closed at line 252	EXTENDED	Recovered the lexical class owner from the pinned macro class declaration, then reran qualified-name and promoted-semantic joins.	local-lab/hermes-kanban-campaign-2026-08-22/source-first-expansion/partition.tsv;references/Onslaught/thing.h;reverse-engineering/binary-analysis/cactor-vtable-semantics-2026-08-11.tsv;reverse-engineering/binary-analysis/cbattleengine-vtable-semantics-2026-08-11.tsv;reverse-engineering/binary-analysis/ccomplexthing-vtable-semantics-2026-08-11.tsv;reverse-engineering/binary-analysis/cthing-vtable-semantics-2026-08-11.tsv;reverse-engineering/binary-analysis/function-c1-closure-2026-08-11.tsv;reverse-engineering/binary-analysis/ghidra-function-name-table-2026-08-17.tsv	all source targets (header include guard only)	Returns `1.0f`.		1.0f	none (read-only or no-op)		NO_MATCH_FOUND	SOURCE_ONLY				reverse-engineering/binary-analysis/ghidra-function-name-table-2026-08-17.tsv;reverse-engineering/binary-analysis/function-c1-closure-2026-08-11.tsv;promoted CThing/CActor/CBattleEngine/CComplexThing semantic tables;resolved lexical owner	No supported target after repaired-owner direct-name search and promoted-semantic search; bounded negative only, not binary absence or proof of inlining/folding.	A named semantic/body/xref authority locating a compiler-emitted or folded retail implementation of `CThing::GetMoveMultiplier`.								AMBIGUOUS_OVERLOAD_MACRO_NONFUNCTION	PARTIAL: Level100ActorRegistry/Level100ActorMechanics carry bounded Level-100 actor state, but no generic CThing/CComplexThing/CActor source-class port owns this exact row.
"[""thing.h"",138,""GetLocalLastFrameMovement"",""GetLocalLastFrameMovement()""]"	119bebbd3073f0e44fd8900adfbca4511afa2f01ac4d61e6378d260647ff14a1	thing.h	138	GetLocalLastFrameMovement	GetLocalLastFrameMovement()	CThing	CThing::GetLocalLastFrameMovement	thing.h:65 DECLARE_MULTI_INTERFACE_CLASS(CThing, ...), closed at line 252	EXTENDED	Recovered the lexical class owner from the pinned macro class declaration, then reran qualified-name and promoted-semantic joins.	local-lab/hermes-kanban-campaign-2026-08-22/source-first-expansion/partition.tsv;references/Onslaught/thing.h;reverse-engineering/binary-analysis/cactor-vtable-semantics-2026-08-11.tsv;reverse-engineering/binary-analysis/cbattleengine-vtable-semantics-2026-08-11.tsv;reverse-engineering/binary-analysis/ccomplexthing-vtable-semantics-2026-08-11.tsv;reverse-engineering/binary-analysis/cthing-vtable-semantics-2026-08-11.tsv;reverse-engineering/binary-analysis/function-c1-closure-2026-08-11.tsv;reverse-engineering/binary-analysis/ghidra-function-name-table-2026-08-17.tsv	all source targets (header include guard only)	Returns `FVector(0.0f,0.0f,0.0f)`.		0.0f	none (read-only or no-op)	FVector	NO_MATCH_FOUND	SOURCE_ONLY				reverse-engineering/binary-analysis/ghidra-function-name-table-2026-08-17.tsv;reverse-engineering/binary-analysis/function-c1-closure-2026-08-11.tsv;promoted CThing/CActor/CBattleEngine/CComplexThing semantic tables;resolved lexical owner	No supported target after repaired-owner direct-name search and promoted-semantic search; bounded negative only, not binary absence or proof of inlining/folding.	A named semantic/body/xref authority locating a compiler-emitted or folded retail implementation of `CThing::GetLocalLastFrameMovement`.								AMBIGUOUS_OVERLOAD_MACRO_NONFUNCTION	PARTIAL: Level100ActorRegistry/Level100ActorMechanics carry bounded Level-100 actor state, but no generic CThing/CComplexThing/CActor source-class port owns this exact row.
"[""thing.h"",139,""IsObjective"",""IsObjective()""]"	dfa66d27fbcd45d8f026441d43955c63a617a3f7cf41de6f7cdd4338a37e0643	thing.h	139	IsObjective	IsObjective()	CThing	CThing::IsObjective	thing.h:65 DECLARE_MULTI_INTERFACE_CLASS(CThing, ...), closed at line 252	EXTENDED	Recovered the lexical class owner from the pinned macro class declaration, then reran qualified-name and promoted-semantic joins.	local-lab/hermes-kanban-campaign-2026-08-22/source-first-expansion/partition.tsv;references/Onslaught/thing.h;reverse-engineering/binary-analysis/cactor-vtable-semantics-2026-08-11.tsv;reverse-engineering/binary-analysis/cbattleengine-vtable-semantics-2026-08-11.tsv;reverse-engineering/binary-analysis/ccomplexthing-vtable-semantics-2026-08-11.tsv;reverse-engineering/binary-analysis/cthing-vtable-semantics-2026-08-11.tsv;reverse-engineering/binary-analysis/function-c1-closure-2026-08-11.tsv;reverse-engineering/binary-analysis/ghidra-function-name-table-2026-08-17.tsv	all source targets (header include guard only)	Returns `FALSE`.		FALSE	none (read-only or no-op)		NO_MATCH_FOUND	SOURCE_ONLY				reverse-engineering/binary-analysis/ghidra-function-name-table-2026-08-17.tsv;reverse-engineering/binary-analysis/function-c1-closure-2026-08-11.tsv;promoted CThing/CActor/CBattleEngine/CComplexThing semantic tables;resolved lexical owner	No supported target after repaired-owner direct-name search and promoted-semantic search; bounded negative only, not binary absence or proof of inlining/folding.	A named semantic/body/xref authority locating a compiler-emitted or folded retail implementation of `CThing::IsObjective`.								AMBIGUOUS_OVERLOAD_MACRO_NONFUNCTION	PARTIAL: Level100ActorRegistry/Level100ActorMechanics carry bounded Level-100 actor state, but no generic CThing/CComplexThing/CActor source-class port owns this exact row.
"[""thing.h"",142,""GetVelocity"",""GetVelocity()""]"	65135caa74134486ac97541c140f0c3bedc656976ba5dc61afebd2c5851b1afc	thing.h	142	GetVelocity	GetVelocity()	CThing	CThing::GetVelocity	thing.h:65 DECLARE_MULTI_INTERFACE_CLASS(CThing, ...), closed at line 252	EXTENDED	Recovered the lexical class owner from the pinned macro class declaration, then reran qualified-name and promoted-semantic joins.	local-lab/ghidra-gameplay-tier2-235-static-20260810-v1/contracts.tsv;local-lab/hermes-kanban-campaign-2026-08-22/source-first-expansion/partition.tsv;references/Onslaught/thing.h;reverse-engineering/EVIDENCE-REGISTER.tsv;reverse-engineering/binary-analysis/cthing-vtable-semantics-2026-08-11.tsv	all source targets (header include guard only)	Returns `ZERO_FVECTOR`.		ZERO_FVECTOR	none (read-only or no-op)		SOURCE_EXACT	SOURCE_AGREES	0x0043e9c0	CThing__CopyGlobal0066ea10Block10ToOut_0043e9c0	SOURCE_INLINE	reverse-engineering/binary-analysis/cthing-vtable-semantics-2026-08-11.tsv	Copies the global zero FVector returned by the base virtual	Contradictory pristine-byte or independently reviewed semantic evidence showing this VA does not implement this exact source line/signature.	local-lab/ghidra-gameplay-tier2-235-static-20260810-v1/contracts.tsv	1e641db13654a8bdf39b0f94956044527060ec3ec56011d9847640fe74461d9e	C1_CANDIDATE_PARTIAL	OPEN_DARK	BASELINE_STATIC;ANALYST_METADATA_ONLY;CAMPAIGN_C1_STATIC_RECEIPT	08ed89644ed25feb9e85fefb5b31ab2bdecbbd91b8aca720e20c53a7fbc5e73f		AMBIGUOUS_OVERLOAD_MACRO_NONFUNCTION	PARTIAL: Level100ActorRegistry/Level100ActorMechanics carry bounded Level-100 actor state, but no generic CThing/CComplexThing/CActor source-class port owns this exact row.
"[""thing.h"",145,""GetOldPos"",""GetOldPos()""]"	98b259e51a24257c13ed70bf57f508a77cadad6f32ec1138e56a6b78ada8916a	thing.h	145	GetOldPos	GetOldPos()	CThing	CThing::GetOldPos	thing.h:65 DECLARE_MULTI_INTERFACE_CLASS(CThing, ...), closed at line 252	EXTENDED	Recovered the lexical class owner from the pinned macro class declaration, then reran qualified-name and promoted-semantic joins.	local-lab/hermes-kanban-campaign-2026-08-22/source-first-expansion/partition.tsv;references/Onslaught/thing.h;reverse-engineering/EVIDENCE-REGISTER.tsv;reverse-engineering/binary-analysis/cthing-vtable-semantics-2026-08-11.tsv	all source targets (header include guard only)	Returns `mPos`.	mPos		none (read-only or no-op)		SOURCE_EXACT	SOURCE_AGREES	0x0043e9f0	CThing__GetRenderPos	SOURCE_FOLDED	reverse-engineering/binary-analysis/cthing-vtable-semantics-2026-08-11.tsv	Both source methods return mPos by value and compile to one primary-this body	Contradictory pristine-byte or independently reviewed semantic evidence showing this VA does not implement this exact source line/signature.	reverse-engineering/EVIDENCE-REGISTER.tsv	f83dbb6eddaa16deed5f2a2460d393dc4525a63ae243b6cac0c656056b69ab9a	C1_CANDIDATE_PARTIAL	OPEN_EXECUTED	BASELINE_STATIC;ANALYST_METADATA_ONLY;RUNTIME_BOUNDED;CAMPAIGN_C1_OPAQUE_PE	08ed89644ed25feb9e85fefb5b31ab2bdecbbd91b8aca720e20c53a7fbc5e73f		AMBIGUOUS_OVERLOAD_MACRO_NONFUNCTION	PARTIAL: Level100ActorRegistry/Level100ActorMechanics carry bounded Level-100 actor state, but no generic CThing/CComplexThing/CActor source-class port owns this exact row.
"[""thing.h"",146,""GetOldOrientation"",""GetOldOrientation()""]"	c1326fdfb4ebe50e020a88fc0e9335baa1c3e2090f7fbb9180c132b4c08627bd	thing.h	146	GetOldOrientation	GetOldOrientation()	CThing	CThing::GetOldOrientation	thing.h:65 DECLARE_MULTI_INTERFACE_CLASS(CThing, ...), closed at line 252	EXTENDED	Recovered the lexical class owner from the pinned macro class declaration, then reran qualified-name and promoted-semantic joins.	local-lab/ghidra-gameplay-tier2-235-static-20260810-v1/contracts.tsv;local-lab/hermes-kanban-campaign-2026-08-22/source-first-expansion/partition.tsv;references/Onslaught/thing.h;reverse-engineering/EVIDENCE-REGISTER.tsv;reverse-engineering/binary-analysis/cthing-vtable-semantics-2026-08-11.tsv	all source targets (header include guard only)	Returns `ID_FMATRIX`.		ID_FMATRIX	none (read-only or no-op)		SOURCE_EXACT	SOURCE_AGREES	0x004bfa40	CThing__CopyGlobal829dd0Block30ToOut_004bfa40	SOURCE_INLINE	reverse-engineering/binary-analysis/cthing-vtable-semantics-2026-08-11.tsv	Copies the global identity FMatrix returned by the base movement interface	Contradictory pristine-byte or independently reviewed semantic evidence showing this VA does not implement this exact source line/signature.	local-lab/ghidra-gameplay-tier2-235-static-20260810-v1/contracts.tsv	1e641db13654a8bdf39b0f94956044527060ec3ec56011d9847640fe74461d9e	C1_CANDIDATE_PARTIAL	OPEN_DARK	BASELINE_STATIC;ANALYST_METADATA_ONLY;CAMPAIGN_C1_STATIC_RECEIPT	08ed89644ed25feb9e85fefb5b31ab2bdecbbd91b8aca720e20c53a7fbc5e73f		AMBIGUOUS_OVERLOAD_MACRO_NONFUNCTION	PARTIAL: Level100ActorRegistry/Level100ActorMechanics carry bounded Level-100 actor state, but no generic CThing/CComplexThing/CActor source-class port owns this exact row.
"[""thing.h"",150,""GetMapWhoEntry"",""*   GetMapWhoEntry()""]"	4205dccf48faee07275e341e84e4697fb94cf5d0a7da3ff5cb877eae5d5582de	thing.h	150	GetMapWhoEntry	*   GetMapWhoEntry()	CThing	CThing::GetMapWhoEntry	thing.h:65 DECLARE_MULTI_INTERFACE_CLASS(CThing, ...), closed at line 252	EXTENDED	Recovered the lexical class owner from the pinned macro class declaration, then reran qualified-name and promoted-semantic joins.	local-lab/hermes-kanban-campaign-2026-08-22/source-first-expansion/partition.tsv;references/Onslaught/thing.h;reverse-engineering/binary-analysis/cactor-vtable-semantics-2026-08-11.tsv;reverse-engineering/binary-analysis/cbattleengine-vtable-semantics-2026-08-11.tsv;reverse-engineering/binary-analysis/ccomplexthing-vtable-semantics-2026-08-11.tsv;reverse-engineering/binary-analysis/cthing-vtable-semantics-2026-08-11.tsv;reverse-engineering/binary-analysis/function-c1-closure-2026-08-11.tsv;reverse-engineering/binary-analysis/ghidra-function-name-table-2026-08-17.tsv	all source targets (header include guard only)	Branches over `mMapWhoEntry` and returns or updates state according to the pinned inline body.	mMapWhoEntry	-1;NULL	calls GetLayer, GetSectorIn	GetLayer;GetSectorIn	NO_MATCH_FOUND	SOURCE_ONLY				reverse-engineering/binary-analysis/ghidra-function-name-table-2026-08-17.tsv;reverse-engineering/binary-analysis/function-c1-closure-2026-08-11.tsv;promoted CThing/CActor/CBattleEngine/CComplexThing semantic tables;resolved lexical owner	No supported target after repaired-owner direct-name search and promoted-semantic search; bounded negative only, not binary absence or proof of inlining/folding.	A named semantic/body/xref authority locating a compiler-emitted or folded retail implementation of `CThing::GetMapWhoEntry`.								AMBIGUOUS_OVERLOAD_MACRO_NONFUNCTION	PARTIAL: Level100ActorRegistry/Level100ActorMechanics carry bounded Level-100 actor state, but no generic CThing/CComplexThing/CActor source-class port owns this exact row.
"[""thing.h"",151,""SetRenderThing"",""SetRenderThing(CRenderThing* rtthing)""]"	461932b31c4340c3606b3db93dd77e5274caa86095928d5c817be04fae25d6c0	thing.h	151	SetRenderThing	SetRenderThing(CRenderThing* rtthing)	CThing	CThing::SetRenderThing	thing.h:65 DECLARE_MULTI_INTERFACE_CLASS(CThing, ...), closed at line 252	EXTENDED	Recovered the lexical class owner from the pinned macro class declaration, then reran qualified-name and promoted-semantic joins.	local-lab/hermes-kanban-campaign-2026-08-22/source-first-expansion/partition.tsv;references/Onslaught/thing.h;reverse-engineering/binary-analysis/cactor-vtable-semantics-2026-08-11.tsv;reverse-engineering/binary-analysis/cbattleengine-vtable-semantics-2026-08-11.tsv;reverse-engineering/binary-analysis/ccomplexthing-vtable-semantics-2026-08-11.tsv;reverse-engineering/binary-analysis/cthing-vtable-semantics-2026-08-11.tsv;reverse-engineering/binary-analysis/function-c1-closure-2026-08-11.tsv;reverse-engineering/binary-analysis/ghidra-function-name-table-2026-08-17.tsv	all source targets (header include guard only)	Updates `mRenderThing` from its arguments/constants.	mRenderThing		writes mRenderThing		NO_MATCH_FOUND	SOURCE_ONLY				reverse-engineering/binary-analysis/ghidra-function-name-table-2026-08-17.tsv;reverse-engineering/binary-analysis/function-c1-closure-2026-08-11.tsv;promoted CThing/CActor/CBattleEngine/CComplexThing semantic tables;resolved lexical owner	No supported target after repaired-owner direct-name search and promoted-semantic search; bounded negative only, not binary absence or proof of inlining/folding.	A named semantic/body/xref authority locating a compiler-emitted or folded retail implementation of `CThing::SetRenderThing`.								AMBIGUOUS_OVERLOAD_MACRO_NONFUNCTION	PARTIAL: Level100ActorRegistry/Level100ActorMechanics carry bounded Level-100 actor state, but no generic CThing/CComplexThing/CActor source-class port owns this exact row.
"[""thing.h"",152,""GetRenderThing"",""* GetRenderThing()""]"	0e21fcefffeb0168b20960a56f195d1d381afff15c1e3752c856904bd03c0751	thing.h	152	GetRenderThing	* GetRenderThing()	CThing	CThing::GetRenderThing	thing.h:65 DECLARE_MULTI_INTERFACE_CLASS(CThing, ...), closed at line 252	EXTENDED	Recovered the lexical class owner from the pinned macro class declaration, then reran qualified-name and promoted-semantic joins.	local-lab/hermes-kanban-campaign-2026-08-22/source-first-expansion/partition.tsv;references/Onslaught/thing.h;reverse-engineering/binary-analysis/cactor-vtable-semantics-2026-08-11.tsv;reverse-engineering/binary-analysis/cbattleengine-vtable-semantics-2026-08-11.tsv;reverse-engineering/binary-analysis/ccomplexthing-vtable-semantics-2026-08-11.tsv;reverse-engineering/binary-analysis/cthing-vtable-semantics-2026-08-11.tsv;reverse-engineering/binary-analysis/function-c1-closure-2026-08-11.tsv;reverse-engineering/binary-analysis/ghidra-function-name-table-2026-08-17.tsv	all source targets (header include guard only)	Returns `mRenderThing`.	mRenderThing		none (read-only or no-op)		NO_MATCH_FOUND	SOURCE_ONLY				reverse-engineering/binary-analysis/ghidra-function-name-table-2026-08-17.tsv;reverse-engineering/binary-analysis/function-c1-closure-2026-08-11.tsv;promoted CThing/CActor/CBattleEngine/CComplexThing semantic tables;resolved lexical owner	No supported target after repaired-owner direct-name search and promoted-semantic search; bounded negative only, not binary absence or proof of inlining/folding.	A named semantic/body/xref authority locating a compiler-emitted or folded retail implementation of `CThing::GetRenderThing`.								AMBIGUOUS_OVERLOAD_MACRO_NONFUNCTION	PARTIAL: Level100ActorRegistry/Level100ActorMechanics carry bounded Level-100 actor state, but no generic CThing/CComplexThing/CActor source-class port owns this exact row.
"[""thing.h"",153,""GetCST"",""* GetCST()""]"	8b4c34951c27c960d490c9b46b566c26ed0bd9b7a8b3bc19c88df2c970556797	thing.h	153	GetCST	* GetCST()	CThing	CThing::GetCST	thing.h:65 DECLARE_MULTI_INTERFACE_CLASS(CThing, ...), closed at line 252	EXTENDED	Recovered the lexical class owner from the pinned macro class declaration, then reran qualified-name and promoted-semantic joins.	local-lab/hermes-kanban-campaign-2026-08-22/source-first-expansion/partition.tsv;references/Onslaught/thing.h;reverse-engineering/binary-analysis/cactor-vtable-semantics-2026-08-11.tsv;reverse-engineering/binary-analysis/cbattleengine-vtable-semantics-2026-08-11.tsv;reverse-engineering/binary-analysis/ccomplexthing-vtable-semantics-2026-08-11.tsv;reverse-engineering/binary-analysis/cthing-vtable-semantics-2026-08-11.tsv;reverse-engineering/binary-analysis/function-c1-closure-2026-08-11.tsv;reverse-engineering/binary-analysis/ghidra-function-name-table-2026-08-17.tsv	all source targets (header include guard only)	Returns `mCollisionSeekingThing`.	mCollisionSeekingThing		none (read-only or no-op)		NO_MATCH_FOUND	SOURCE_ONLY				reverse-engineering/binary-analysis/ghidra-function-name-table-2026-08-17.tsv;reverse-engineering/binary-analysis/function-c1-closure-2026-08-11.tsv;promoted CThing/CActor/CBattleEngine/CComplexThing semantic tables;resolved lexical owner	No supported target after repaired-owner direct-name search and promoted-semantic search; bounded negative only, not binary absence or proof of inlining/folding.	A named semantic/body/xref authority locating a compiler-emitted or folded retail implementation of `CThing::GetCST`.								AMBIGUOUS_OVERLOAD_MACRO_NONFUNCTION	PARTIAL: Level100ActorRegistry/Level100ActorMechanics carry bounded Level-100 actor state, but no generic CThing/CComplexThing/CActor source-class port owns this exact row.
"[""thing.h"",156,""GetIsInvisible"",""GetIsInvisible()""]"	53dd4c3694c72c9e943ec516a44fa146901a2c96d8b51e1d23f731ed8af1bb63	thing.h	156	GetIsInvisible	GetIsInvisible()	CThing	CThing::GetIsInvisible	thing.h:65 DECLARE_MULTI_INTERFACE_CLASS(CThing, ...), closed at line 252	EXTENDED	Recovered the lexical class owner from the pinned macro class declaration, then reran qualified-name and promoted-semantic joins.	local-lab/hermes-kanban-campaign-2026-08-22/source-first-expansion/partition.tsv;references/Onslaught/thing.h;reverse-engineering/binary-analysis/cactor-vtable-semantics-2026-08-11.tsv;reverse-engineering/binary-analysis/cbattleengine-vtable-semantics-2026-08-11.tsv;reverse-engineering/binary-analysis/ccomplexthing-vtable-semantics-2026-08-11.tsv;reverse-engineering/binary-analysis/cthing-vtable-semantics-2026-08-11.tsv;reverse-engineering/binary-analysis/function-c1-closure-2026-08-11.tsv;reverse-engineering/binary-analysis/ghidra-function-name-table-2026-08-17.tsv	all source targets (header include guard only)	Returns `(mFlags & TF_INVISIBLE) != 0`.	mFlags	0;TF_INVISIBLE	none (read-only or no-op)		NO_MATCH_FOUND	SOURCE_ONLY				reverse-engineering/binary-analysis/ghidra-function-name-table-2026-08-17.tsv;reverse-engineering/binary-analysis/function-c1-closure-2026-08-11.tsv;promoted CThing/CActor/CBattleEngine/CComplexThing semantic tables;resolved lexical owner	No supported target after repaired-owner direct-name search and promoted-semantic search; bounded negative only, not binary absence or proof of inlining/folding.	A named semantic/body/xref authority locating a compiler-emitted or folded retail implementation of `CThing::GetIsInvisible`.								AMBIGUOUS_OVERLOAD_MACRO_NONFUNCTION	PARTIAL: Level100ActorRegistry/Level100ActorMechanics carry bounded Level-100 actor state, but no generic CThing/CComplexThing/CActor source-class port owns this exact row.
"[""thing.h"",157,""MakeVisible"",""MakeVisible()""]"	acbd323d924ef99174934a10d16492188a62165c86eb0b3819bf464d3c6021b6	thing.h	157	MakeVisible	MakeVisible()	CThing	CThing::MakeVisible	thing.h:65 DECLARE_MULTI_INTERFACE_CLASS(CThing, ...), closed at line 252	EXTENDED	Recovered the lexical class owner from the pinned macro class declaration, then reran qualified-name and promoted-semantic joins.	local-lab/ghidra-unit-entity-squad112-static-20260810-v1/contracts.tsv;local-lab/hermes-kanban-campaign-2026-08-22/source-first-expansion/partition.tsv;references/Onslaught/thing.h;reverse-engineering/EVIDENCE-REGISTER.tsv;reverse-engineering/binary-analysis/cthing-vtable-semantics-2026-08-11.tsv	all source targets (header include guard only)	Updates `mFlags` from its arguments/constants.	mFlags	TF_INVISIBLE	writes mFlags		SOURCE_EXACT	SOURCE_AGREES	0x00401460	CThing__MakeVisible	SOURCE_INLINE	reverse-engineering/binary-analysis/cthing-vtable-semantics-2026-08-11.tsv	Clears TF_INVISIBLE in the source flags field	Contradictory pristine-byte or independently reviewed semantic evidence showing this VA does not implement this exact source line/signature.	local-lab/ghidra-unit-entity-squad112-static-20260810-v1/contracts.tsv	0a3d0a6ddcc81aee8175bcc20b65c82c7bbed6b3b3669e90ca000c1cc7223fc4	C1_CANDIDATE_PARTIAL	OPEN_DARK	BASELINE_STATIC;ANALYST_METADATA_ONLY;CAMPAIGN_C1_STATIC_RECEIPT	08ed89644ed25feb9e85fefb5b31ab2bdecbbd91b8aca720e20c53a7fbc5e73f	0x00401460:CThing__MakeVisible	AMBIGUOUS_OVERLOAD_MACRO_NONFUNCTION	PARTIAL: Level100ActorRegistry/Level100ActorMechanics carry bounded Level-100 actor state, but no generic CThing/CComplexThing/CActor source-class port owns this exact row.
"[""thing.h"",158,""MakeInvisible"",""MakeInvisible()""]"	7cc8533db7f2978b0dd0f8a98e34dfb0c563ecd0f2e6f1b690f04722b6ea966b	thing.h	158	MakeInvisible	MakeInvisible()	CThing	CThing::MakeInvisible	thing.h:65 DECLARE_MULTI_INTERFACE_CLASS(CThing, ...), closed at line 252	EXTENDED	Recovered the lexical class owner from the pinned macro class declaration, then reran qualified-name and promoted-semantic joins.	local-lab/ghidra-unit-entity-squad112-static-20260810-v1/contracts.tsv;local-lab/hermes-kanban-campaign-2026-08-22/source-first-expansion/partition.tsv;references/Onslaught/thing.h;reverse-engineering/EVIDENCE-REGISTER.tsv;reverse-engineering/binary-analysis/cthing-vtable-semantics-2026-08-11.tsv	all source targets (header include guard only)	Updates `mFlags` from its arguments/constants.	mFlags	TF_INVISIBLE	writes mFlags		SOURCE_EXACT	SOURCE_AGREES	0x00401470	CThing__MakeInvisible	SOURCE_INLINE	reverse-engineering/binary-analysis/cthing-vtable-semantics-2026-08-11.tsv	Sets TF_INVISIBLE in the source flags field	Contradictory pristine-byte or independently reviewed semantic evidence showing this VA does not implement this exact source line/signature.	local-lab/ghidra-unit-entity-squad112-static-20260810-v1/contracts.tsv	0a3d0a6ddcc81aee8175bcc20b65c82c7bbed6b3b3669e90ca000c1cc7223fc4	C1_CANDIDATE_PARTIAL	OPEN_DARK	BASELINE_STATIC;ANALYST_METADATA_ONLY;CAMPAIGN_C1_STATIC_RECEIPT	08ed89644ed25feb9e85fefb5b31ab2bdecbbd91b8aca720e20c53a7fbc5e73f	0x00401470:CThing__MakeInvisible	AMBIGUOUS_OVERLOAD_MACRO_NONFUNCTION	PARTIAL: Level100ActorRegistry/Level100ActorMechanics carry bounded Level-100 actor state, but no generic CThing/CComplexThing/CActor source-class port owns this exact row.
"[""thing.h"",163,""GetCanBeImpostered"",""GetCanBeImpostered()""]"	f84159314a9e332fdff1c13e15b333e4527228eddccf27b82ab3de47c451a0fe	thing.h	163	GetCanBeImpostered	GetCanBeImpostered()	CThing	CThing::GetCanBeImpostered	thing.h:65 DECLARE_MULTI_INTERFACE_CLASS(CThing, ...), closed at line 252	EXTENDED	Recovered the lexical class owner from the pinned macro class declaration, then reran qualified-name and promoted-semantic joins.	local-lab/hermes-kanban-campaign-2026-08-22/source-first-expansion/partition.tsv;references/Onslaught/thing.h;reverse-engineering/binary-analysis/cactor-vtable-semantics-2026-08-11.tsv;reverse-engineering/binary-analysis/cbattleengine-vtable-semantics-2026-08-11.tsv;reverse-engineering/binary-analysis/ccomplexthing-vtable-semantics-2026-08-11.tsv;reverse-engineering/binary-analysis/cthing-vtable-semantics-2026-08-11.tsv;reverse-engineering/binary-analysis/function-c1-closure-2026-08-11.tsv;reverse-engineering/binary-analysis/ghidra-function-name-table-2026-08-17.tsv	all source targets (header include guard only)	Returns `true`.			none (read-only or no-op)		NO_MATCH_FOUND	SOURCE_ONLY				reverse-engineering/binary-analysis/ghidra-function-name-table-2026-08-17.tsv;reverse-engineering/binary-analysis/function-c1-closure-2026-08-11.tsv;promoted CThing/CActor/CBattleEngine/CComplexThing semantic tables;resolved lexical owner	No supported target after repaired-owner direct-name search and promoted-semantic search; bounded negative only, not binary absence or proof of inlining/folding.	A named semantic/body/xref authority locating a compiler-emitted or folded retail implementation of `CThing::GetCanBeImpostered`.								AMBIGUOUS_OVERLOAD_MACRO_NONFUNCTION	PARTIAL: Level100ActorRegistry/Level100ActorMechanics carry bounded Level-100 actor state, but no generic CThing/CComplexThing/CActor source-class port owns this exact row.
"[""thing.h"",164,""GetImposterFrames"",""GetImposterFrames()""]"	6159fd084a2338e1ab820a57f7ca9bb9c82a527695dc8bd3c9186497eb766599	thing.h	164	GetImposterFrames	GetImposterFrames()	CThing	CThing::GetImposterFrames	thing.h:65 DECLARE_MULTI_INTERFACE_CLASS(CThing, ...), closed at line 252	EXTENDED	Recovered the lexical class owner from the pinned macro class declaration, then reran qualified-name and promoted-semantic joins.	local-lab/hermes-kanban-campaign-2026-08-22/source-first-expansion/partition.tsv;references/Onslaught/thing.h;reverse-engineering/binary-analysis/cactor-vtable-semantics-2026-08-11.tsv;reverse-engineering/binary-analysis/cbattleengine-vtable-semantics-2026-08-11.tsv;reverse-engineering/binary-analysis/ccomplexthing-vtable-semantics-2026-08-11.tsv;reverse-engineering/binary-analysis/cthing-vtable-semantics-2026-08-11.tsv;reverse-engineering/binary-analysis/function-c1-closure-2026-08-11.tsv;reverse-engineering/binary-analysis/ghidra-function-name-table-2026-08-17.tsv	all source targets (header include guard only)	Returns `1`.		1	none (read-only or no-op)		NO_MATCH_FOUND	SOURCE_ONLY				reverse-engineering/binary-analysis/ghidra-function-name-table-2026-08-17.tsv;reverse-engineering/binary-analysis/function-c1-closure-2026-08-11.tsv;promoted CThing/CActor/CBattleEngine/CComplexThing semantic tables;resolved lexical owner	No supported target after repaired-owner direct-name search and promoted-semantic search; bounded negative only, not binary absence or proof of inlining/folding.	A named semantic/body/xref authority locating a compiler-emitted or folded retail implementation of `CThing::GetImposterFrames`.								AMBIGUOUS_OVERLOAD_MACRO_NONFUNCTION	PARTIAL: Level100ActorRegistry/Level100ActorMechanics carry bounded Level-100 actor state, but no generic CThing/CComplexThing/CActor source-class port owns this exact row.
"[""thing.h"",165,""GetImposterAnimMode"",""GetImposterAnimMode()""]"	c808bda55a6bd246b0a5b2711c4cd13e72ec8665b0330f92b88a28a13af9732a	thing.h	165	GetImposterAnimMode	GetImposterAnimMode()	CThing	CThing::GetImposterAnimMode	thing.h:65 DECLARE_MULTI_INTERFACE_CLASS(CThing, ...), closed at line 252	EXTENDED	Recovered the lexical class owner from the pinned macro class declaration, then reran qualified-name and promoted-semantic joins.	local-lab/hermes-kanban-campaign-2026-08-22/source-first-expansion/partition.tsv;references/Onslaught/thing.h;reverse-engineering/binary-analysis/cactor-vtable-semantics-2026-08-11.tsv;reverse-engineering/binary-analysis/cbattleengine-vtable-semantics-2026-08-11.tsv;reverse-engineering/binary-analysis/ccomplexthing-vtable-semantics-2026-08-11.tsv;reverse-engineering/binary-analysis/cthing-vtable-semantics-2026-08-11.tsv;reverse-engineering/binary-analysis/function-c1-closure-2026-08-11.tsv;reverse-engineering/binary-analysis/ghidra-function-name-table-2026-08-17.tsv	all source targets (header include guard only)	Returns `AM_NONE`.		AM_NONE	none (read-only or no-op)		NO_MATCH_FOUND	SOURCE_ONLY				reverse-engineering/binary-analysis/ghidra-function-name-table-2026-08-17.tsv;reverse-engineering/binary-analysis/function-c1-closure-2026-08-11.tsv;promoted CThing/CActor/CBattleEngine/CComplexThing semantic tables;resolved lexical owner	No supported target after repaired-owner direct-name search and promoted-semantic search; bounded negative only, not binary absence or proof of inlining/folding.	A named semantic/body/xref authority locating a compiler-emitted or folded retail implementation of `CThing::GetImposterAnimMode`.								AMBIGUOUS_OVERLOAD_MACRO_NONFUNCTION	PARTIAL: Level100ActorRegistry/Level100ActorMechanics carry bounded Level-100 actor state, but no generic CThing/CComplexThing/CActor source-class port owns this exact row.
"[""thing.h"",167,""GetThing"",""* GetThing()""]"	8e89fa4a254fdc9180b30d3d995afcd1b4a06eef330a966ee71c3131748b6c0b	thing.h	167	GetThing	* GetThing()	CThing	CThing::GetThing	thing.h:65 DECLARE_MULTI_INTERFACE_CLASS(CThing, ...), closed at line 252	EXTENDED	Recovered the lexical class owner from the pinned macro class declaration, then reran qualified-name and promoted-semantic joins.	local-lab/hermes-kanban-campaign-2026-08-22/source-first-expansion/partition.tsv;references/Onslaught/thing.h;reverse-engineering/binary-analysis/cactor-vtable-semantics-2026-08-11.tsv;reverse-engineering/binary-analysis/cbattleengine-vtable-semantics-2026-08-11.tsv;reverse-engineering/binary-analysis/ccomplexthing-vtable-semantics-2026-08-11.tsv;reverse-engineering/binary-analysis/cthing-vtable-semantics-2026-08-11.tsv;reverse-engineering/binary-analysis/function-c1-closure-2026-08-11.tsv;reverse-engineering/binary-analysis/ghidra-function-name-table-2026-08-17.tsv	all source targets (header include guard only)	Returns `this`.			none (read-only or no-op)		NO_MATCH_FOUND	SOURCE_ONLY				reverse-engineering/binary-analysis/ghidra-function-name-table-2026-08-17.tsv;reverse-engineering/binary-analysis/function-c1-closure-2026-08-11.tsv;promoted CThing/CActor/CBattleEngine/CComplexThing semantic tables;resolved lexical owner	No supported target after repaired-owner direct-name search and promoted-semantic search; bounded negative only, not binary absence or proof of inlining/folding.	A named semantic/body/xref authority locating a compiler-emitted or folded retail implementation of `CThing::GetThing`.								AMBIGUOUS_OVERLOAD_MACRO_NONFUNCTION	PARTIAL: Level100ActorRegistry/Level100ActorMechanics carry bounded Level-100 actor state, but no generic CThing/CComplexThing/CActor source-class port owns this exact row.
"[""thing.h"",170,""GetRTMesh"",""*GetRTMesh()""]"	cecad34218aa54100ee76674377f8d871e48375dec91205672d2468b8a424b8f	thing.h	170	GetRTMesh	*GetRTMesh()	CThing	CThing::GetRTMesh	thing.h:65 DECLARE_MULTI_INTERFACE_CLASS(CThing, ...), closed at line 252	EXTENDED	Recovered the lexical class owner from the pinned macro class declaration, then reran qualified-name and promoted-semantic joins.	local-lab/hermes-kanban-campaign-2026-08-22/source-first-expansion/partition.tsv;references/Onslaught/thing.h;reverse-engineering/binary-analysis/cactor-vtable-semantics-2026-08-11.tsv;reverse-engineering/binary-analysis/cbattleengine-vtable-semantics-2026-08-11.tsv;reverse-engineering/binary-analysis/ccomplexthing-vtable-semantics-2026-08-11.tsv;reverse-engineering/binary-analysis/cthing-vtable-semantics-2026-08-11.tsv;reverse-engineering/binary-analysis/function-c1-closure-2026-08-11.tsv;reverse-engineering/binary-analysis/ghidra-function-name-table-2026-08-17.tsv	all source targets (header include guard only)	Returns `(mRenderThing) ? mRenderThing->GetRTMesh() : NULL`.	mRenderThing	NULL	none (read-only or no-op)	GetRTMesh	NO_MATCH_FOUND	SOURCE_ONLY				reverse-engineering/binary-analysis/ghidra-function-name-table-2026-08-17.tsv;reverse-engineering/binary-analysis/function-c1-closure-2026-08-11.tsv;promoted CThing/CActor/CBattleEngine/CComplexThing semantic tables;resolved lexical owner	No supported target after repaired-owner direct-name search and promoted-semantic search; bounded negative only, not binary absence or proof of inlining/folding.	A named semantic/body/xref authority locating a compiler-emitted or folded retail implementation of `CThing::GetRTMesh`.								AMBIGUOUS_OVERLOAD_MACRO_NONFUNCTION	PARTIAL: Level100ActorRegistry/Level100ActorMechanics carry bounded Level-100 actor state, but no generic CThing/CComplexThing/CActor source-class port owns this exact row.
"[""thing.h"",172,""SetThingType"",""SetThingType(ULONG t)""]"	a68891b35f772b47f3a4127affb652e114fdc730e1a0789d2f584a5ec838f679	thing.h	172	SetThingType	SetThingType(ULONG t)	CThing	CThing::SetThingType	thing.h:65 DECLARE_MULTI_INTERFACE_CLASS(CThing, ...), closed at line 252	EXTENDED	Recovered the lexical class owner from the pinned macro class declaration, then reran qualified-name and promoted-semantic joins.	local-lab/ghidra-unit-entity-squad112-static-20260810-v1/contracts.tsv;local-lab/hermes-kanban-campaign-2026-08-22/source-first-expansion/partition.tsv;references/Onslaught/thing.h;reverse-engineering/EVIDENCE-REGISTER.tsv;reverse-engineering/binary-analysis/cthing-vtable-semantics-2026-08-11.tsv	all source targets (header include guard only)	Updates `mThingType` from its arguments/constants.	mThingType	THING_TYPE_THING	writes mThingType		SOURCE_EXACT	SOURCE_AGREES	0x004f3470	CThing__SetThingTypeMaskOr1_004f3470	SOURCE_INLINE	reverse-engineering/binary-analysis/cthing-vtable-semantics-2026-08-11.tsv	Stores input OR THING_TYPE_THING exactly as source	Contradictory pristine-byte or independently reviewed semantic evidence showing this VA does not implement this exact source line/signature.	local-lab/ghidra-unit-entity-squad112-static-20260810-v1/contracts.tsv	0a3d0a6ddcc81aee8175bcc20b65c82c7bbed6b3b3669e90ca000c1cc7223fc4	C1_CANDIDATE_PARTIAL	OPEN_DARK	BASELINE_STATIC;ANALYST_METADATA_ONLY;CAMPAIGN_C1_STATIC_RECEIPT	08ed89644ed25feb9e85fefb5b31ab2bdecbbd91b8aca720e20c53a7fbc5e73f		AMBIGUOUS_OVERLOAD_MACRO_NONFUNCTION	PARTIAL: Level100ActorRegistry/Level100ActorMechanics carry bounded Level-100 actor state, but no generic CThing/CComplexThing/CActor source-class port owns this exact row.
"[""thing.h"",173,""GetThingType"",""& GetThingType()""]"	1181a5f2e4b55674b4c73c38cde4ea7ef552e8c7b155a4cf499bba690945d27f	thing.h	173	GetThingType	& GetThingType()	CThing	CThing::GetThingType	thing.h:65 DECLARE_MULTI_INTERFACE_CLASS(CThing, ...), closed at line 252	EXTENDED	Recovered the lexical class owner from the pinned macro class declaration, then reran qualified-name and promoted-semantic joins.	local-lab/hermes-kanban-campaign-2026-08-22/source-first-expansion/partition.tsv;references/Onslaught/thing.h;reverse-engineering/binary-analysis/cactor-vtable-semantics-2026-08-11.tsv;reverse-engineering/binary-analysis/cbattleengine-vtable-semantics-2026-08-11.tsv;reverse-engineering/binary-analysis/ccomplexthing-vtable-semantics-2026-08-11.tsv;reverse-engineering/binary-analysis/cthing-vtable-semantics-2026-08-11.tsv;reverse-engineering/binary-analysis/function-c1-closure-2026-08-11.tsv;reverse-engineering/binary-analysis/ghidra-function-name-table-2026-08-17.tsv	all source targets (header include guard only)	Returns `mThingType`.	mThingType		none (read-only or no-op)		NO_MATCH_FOUND	SOURCE_ONLY				reverse-engineering/binary-analysis/ghidra-function-name-table-2026-08-17.tsv;reverse-engineering/binary-analysis/function-c1-closure-2026-08-11.tsv;promoted CThing/CActor/CBattleEngine/CComplexThing semantic tables;resolved lexical owner	No supported target after repaired-owner direct-name search and promoted-semantic search; bounded negative only, not binary absence or proof of inlining/folding.	A named semantic/body/xref authority locating a compiler-emitted or folded retail implementation of `CThing::GetThingType`.								AMBIGUOUS_OVERLOAD_MACRO_NONFUNCTION	PARTIAL: Level100ActorRegistry/Level100ActorMechanics carry bounded Level-100 actor state, but no generic CThing/CComplexThing/CActor source-class port owns this exact row.
"[""thing.h"",174,""IsA"",""IsA(EThingType type) const""]"	c6fb47f8ff8013cbf2d86d0891d464a57114be8ea65d654707cc673eeb37d2c8	thing.h	174	IsA	IsA(EThingType type) const	CThing	CThing::IsA	thing.h:65 DECLARE_MULTI_INTERFACE_CLASS(CThing, ...), closed at line 252	EXTENDED	Recovered the lexical class owner from the pinned macro class declaration, then reran qualified-name and promoted-semantic joins.	local-lab/hermes-kanban-campaign-2026-08-22/source-first-expansion/partition.tsv;references/Onslaught/thing.h;reverse-engineering/binary-analysis/cactor-vtable-semantics-2026-08-11.tsv;reverse-engineering/binary-analysis/cbattleengine-vtable-semantics-2026-08-11.tsv;reverse-engineering/binary-analysis/ccomplexthing-vtable-semantics-2026-08-11.tsv;reverse-engineering/binary-analysis/cthing-vtable-semantics-2026-08-11.tsv;reverse-engineering/binary-analysis/function-c1-closure-2026-08-11.tsv;reverse-engineering/binary-analysis/ghidra-function-name-table-2026-08-17.tsv	all source targets (header include guard only)	Returns `type & mThingType`.	mThingType		none (read-only or no-op)		NO_MATCH_FOUND	SOURCE_ONLY				reverse-engineering/binary-analysis/ghidra-function-name-table-2026-08-17.tsv;reverse-engineering/binary-analysis/function-c1-closure-2026-08-11.tsv;promoted CThing/CActor/CBattleEngine/CComplexThing semantic tables;resolved lexical owner	No supported target after repaired-owner direct-name search and promoted-semantic search; bounded negative only, not binary absence or proof of inlining/folding.	A named semantic/body/xref authority locating a compiler-emitted or folded retail implementation of `CThing::IsA`.								AMBIGUOUS_OVERLOAD_MACRO_NONFUNCTION	PARTIAL: Level100ActorRegistry/Level100ActorMechanics carry bounded Level-100 actor state, but no generic CThing/CComplexThing/CActor source-class port owns this exact row.
"[""thing.h"",175,""Hit"",""Hit(CThing* other_thing, CCollisionReport* report)""]"	ba49a6aea5ac7fd2856959afd09a903469573e6f1fe1f841de194b0d3e5820e2	thing.h	175	Hit	Hit(CThing* other_thing, CCollisionReport* report)	CThing	CThing::Hit	thing.h:65 DECLARE_MULTI_INTERFACE_CLASS(CThing, ...), closed at line 252	EXTENDED	Recovered the lexical class owner from the pinned macro class declaration, then reran qualified-name and promoted-semantic joins.	local-lab/hermes-kanban-campaign-2026-08-22/source-first-expansion/partition.tsv;references/Onslaught/thing.h;reverse-engineering/binary-analysis/cactor-vtable-semantics-2026-08-11.tsv;reverse-engineering/binary-analysis/cbattleengine-vtable-semantics-2026-08-11.tsv;reverse-engineering/binary-analysis/ccomplexthing-vtable-semantics-2026-08-11.tsv;reverse-engineering/binary-analysis/cthing-vtable-semantics-2026-08-11.tsv;reverse-engineering/binary-analysis/function-c1-closure-2026-08-11.tsv;reverse-engineering/binary-analysis/ghidra-function-name-table-2026-08-17.tsv	all source targets (header include guard only)	No-op body.			none (read-only or no-op)		NO_MATCH_FOUND	SOURCE_ONLY				reverse-engineering/binary-analysis/ghidra-function-name-table-2026-08-17.tsv;reverse-engineering/binary-analysis/function-c1-closure-2026-08-11.tsv;promoted CThing/CActor/CBattleEngine/CComplexThing semantic tables;resolved lexical owner	No supported target after repaired-owner direct-name search and promoted-semantic search; bounded negative only, not binary absence or proof of inlining/folding.	A named semantic/body/xref authority locating a compiler-emitted or folded retail implementation of `CThing::Hit`.								AMBIGUOUS_OVERLOAD_MACRO_NONFUNCTION	PARTIAL: Level100ActorRegistry/Level100ActorMechanics carry bounded Level-100 actor state, but no generic CThing/CComplexThing/CActor source-class port owns this exact row.
"[""thing.h"",176,""Damage"",""Damage(float amount,CThing *inByThis,BOOL inDamageShields=TRUE, int mesh_part_no = -1)""]"	7cbee9d18caa5f215d53e2e50b26375122c12808f2ac90518e14eb8041dfed9c	thing.h	176	Damage	Damage(float amount,CThing *inByThis,BOOL inDamageShields=TRUE, int mesh_part_no = -1)	CThing	CThing::Damage	thing.h:65 DECLARE_MULTI_INTERFACE_CLASS(CThing, ...), closed at line 252	EXTENDED	Recovered the lexical class owner from the pinned macro class declaration, then reran qualified-name and promoted-semantic joins.	local-lab/hermes-kanban-campaign-2026-08-22/source-first-expansion/partition.tsv;references/Onslaught/thing.h;reverse-engineering/EVIDENCE-REGISTER.tsv;reverse-engineering/binary-analysis/cthing-vtable-semantics-2026-08-11.tsv	all source targets (header include guard only)	No-op body.		-1;TRUE	none (read-only or no-op)		SOURCE_EXACT	SOURCE_AGREES	0x00401490	CThing__Damage_NoOp	SOURCE_INLINE	reverse-engineering/binary-analysis/cthing-vtable-semantics-2026-08-11.tsv	Base virtual is intentionally empty; subclasses own damage behavior	Contradictory pristine-byte or independently reviewed semantic evidence showing this VA does not implement this exact source line/signature.	reverse-engineering/EVIDENCE-REGISTER.tsv	f83dbb6eddaa16deed5f2a2460d393dc4525a63ae243b6cac0c656056b69ab9a	C1_CANDIDATE_PARTIAL	OPEN_EXECUTED	BASELINE_STATIC;ANALYST_METADATA_ONLY;RUNTIME_BOUNDED;CAMPAIGN_C1_OPAQUE_PE	08ed89644ed25feb9e85fefb5b31ab2bdecbbd91b8aca720e20c53a7fbc5e73f		AMBIGUOUS_OVERLOAD_MACRO_NONFUNCTION	PARTIAL: Level100ActorRegistry/Level100ActorMechanics carry bounded Level-100 actor state, but no generic CThing/CComplexThing/CActor source-class port owns this exact row.
"[""thing.h"",177,""GetName"",""* GetName()""]"	db316000e72e26667dfb7bf87ca14b0cb432b13a1667eb57abb77ec8c072d51e	thing.h	177	GetName	* GetName()	CThing	CThing::GetName	thing.h:65 DECLARE_MULTI_INTERFACE_CLASS(CThing, ...), closed at line 252	EXTENDED	Recovered the lexical class owner from the pinned macro class declaration, then reran qualified-name and promoted-semantic joins.	local-lab/hermes-kanban-campaign-2026-08-22/source-first-expansion/partition.tsv;references/Onslaught/thing.h;reverse-engineering/binary-analysis/cactor-vtable-semantics-2026-08-11.tsv;reverse-engineering/binary-analysis/cbattleengine-vtable-semantics-2026-08-11.tsv;reverse-engineering/binary-analysis/ccomplexthing-vtable-semantics-2026-08-11.tsv;reverse-engineering/binary-analysis/cthing-vtable-semantics-2026-08-11.tsv;reverse-engineering/binary-analysis/function-c1-closure-2026-08-11.tsv;reverse-engineering/binary-analysis/ghidra-function-name-table-2026-08-17.tsv	all source targets (header include guard only)	Returns `NULL`.		NULL	none (read-only or no-op)		NO_MATCH_FOUND	SOURCE_ONLY				reverse-engineering/binary-analysis/ghidra-function-name-table-2026-08-17.tsv;reverse-engineering/binary-analysis/function-c1-closure-2026-08-11.tsv;promoted CThing/CActor/CBattleEngine/CComplexThing semantic tables;resolved lexical owner	No supported target after repaired-owner direct-name search and promoted-semantic search; bounded negative only, not binary absence or proof of inlining/folding.	A named semantic/body/xref authority locating a compiler-emitted or folded retail implementation of `CThing::GetName`.								AMBIGUOUS_OVERLOAD_MACRO_NONFUNCTION	PARTIAL: Level100ActorRegistry/Level100ActorMechanics carry bounded Level-100 actor state, but no generic CThing/CComplexThing/CActor source-class port owns this exact row.
"[""thing.h"",178,""SetName"",""SetName(char *inName)""]"	c9975c9fd9b9f6b9ba057e96ce5482a3c8d102bb97a4247b17cc8ccb7e7efdcf	thing.h	178	SetName	SetName(char *inName)	CThing	CThing::SetName	thing.h:65 DECLARE_MULTI_INTERFACE_CLASS(CThing, ...), closed at line 252	EXTENDED	Recovered the lexical class owner from the pinned macro class declaration, then reran qualified-name and promoted-semantic joins.	local-lab/hermes-kanban-campaign-2026-08-22/source-first-expansion/partition.tsv;references/Onslaught/thing.h;reverse-engineering/binary-analysis/cactor-vtable-semantics-2026-08-11.tsv;reverse-engineering/binary-analysis/cbattleengine-vtable-semantics-2026-08-11.tsv;reverse-engineering/binary-analysis/ccomplexthing-vtable-semantics-2026-08-11.tsv;reverse-engineering/binary-analysis/cthing-vtable-semantics-2026-08-11.tsv;reverse-engineering/binary-analysis/function-c1-closure-2026-08-11.tsv;reverse-engineering/binary-analysis/ghidra-function-name-table-2026-08-17.tsv	all source targets (header include guard only)	No-op body.			none (read-only or no-op)		NO_MATCH_FOUND	SOURCE_ONLY				reverse-engineering/binary-analysis/ghidra-function-name-table-2026-08-17.tsv;reverse-engineering/binary-analysis/function-c1-closure-2026-08-11.tsv;promoted CThing/CActor/CBattleEngine/CComplexThing semantic tables;resolved lexical owner	No supported target after repaired-owner direct-name search and promoted-semantic search; bounded negative only, not binary absence or proof of inlining/folding.	A named semantic/body/xref authority locating a compiler-emitted or folded retail implementation of `CThing::SetName`.								AMBIGUOUS_OVERLOAD_MACRO_NONFUNCTION	PARTIAL: Level100ActorRegistry/Level100ActorMechanics carry bounded Level-100 actor state, but no generic CThing/CComplexThing/CActor source-class port owns this exact row.
"[""thing.h"",180,""GetSoundMaterial"",""GetSoundMaterial()""]"	c7f0273fb8bca637e228a81caa19fe46cc33b26d0f5734744b8148cf48d11eed	thing.h	180	GetSoundMaterial	GetSoundMaterial()	CThing	CThing::GetSoundMaterial	thing.h:65 DECLARE_MULTI_INTERFACE_CLASS(CThing, ...), closed at line 252	EXTENDED	Recovered the lexical class owner from the pinned macro class declaration, then reran qualified-name and promoted-semantic joins.	local-lab/hermes-kanban-campaign-2026-08-22/source-first-expansion/partition.tsv;references/Onslaught/thing.h;reverse-engineering/binary-analysis/cactor-vtable-semantics-2026-08-11.tsv;reverse-engineering/binary-analysis/cbattleengine-vtable-semantics-2026-08-11.tsv;reverse-engineering/binary-analysis/ccomplexthing-vtable-semantics-2026-08-11.tsv;reverse-engineering/binary-analysis/cthing-vtable-semantics-2026-08-11.tsv;reverse-engineering/binary-analysis/function-c1-closure-2026-08-11.tsv;reverse-engineering/binary-analysis/ghidra-function-name-table-2026-08-17.tsv	all source targets (header include guard only)	Returns `SM_DEFAULT`.		SM_DEFAULT	none (read-only or no-op)		NO_MATCH_FOUND	SOURCE_ONLY				reverse-engineering/binary-analysis/ghidra-function-name-table-2026-08-17.tsv;reverse-engineering/binary-analysis/function-c1-closure-2026-08-11.tsv;promoted CThing/CActor/CBattleEngine/CComplexThing semantic tables;resolved lexical owner	No supported target after repaired-owner direct-name search and promoted-semantic search; bounded negative only, not binary absence or proof of inlining/folding.	A named semantic/body/xref authority locating a compiler-emitted or folded retail implementation of `CThing::GetSoundMaterial`.								AMBIGUOUS_OVERLOAD_MACRO_NONFUNCTION	PARTIAL: Level100ActorRegistry/Level100ActorMechanics carry bounded Level-100 actor state, but no generic CThing/CComplexThing/CActor source-class port owns this exact row.
"[""thing.h"",186,""ClipToGround"",""ClipToGround()""]"	0e99eb400d277c70cc55cdb03ecabde1fd2730842c3708541dd3a7c8c3c9b514	thing.h	186	ClipToGround	ClipToGround()	CThing	CThing::ClipToGround	thing.h:65 DECLARE_MULTI_INTERFACE_CLASS(CThing, ...), closed at line 252	EXTENDED	Recovered the lexical class owner from the pinned macro class declaration, then reran qualified-name and promoted-semantic joins.	local-lab/hermes-kanban-campaign-2026-08-22/source-first-expansion/partition.tsv;references/Onslaught/thing.h;reverse-engineering/binary-analysis/cactor-vtable-semantics-2026-08-11.tsv;reverse-engineering/binary-analysis/cbattleengine-vtable-semantics-2026-08-11.tsv;reverse-engineering/binary-analysis/ccomplexthing-vtable-semantics-2026-08-11.tsv;reverse-engineering/binary-analysis/cthing-vtable-semantics-2026-08-11.tsv;reverse-engineering/binary-analysis/function-c1-closure-2026-08-11.tsv;reverse-engineering/binary-analysis/ghidra-function-name-table-2026-08-17.tsv	all source targets (header include guard only)	Returns `TRUE`.		TRUE	none (read-only or no-op)		NO_MATCH_FOUND	SOURCE_ONLY				reverse-engineering/binary-analysis/ghidra-function-name-table-2026-08-17.tsv;reverse-engineering/binary-analysis/function-c1-closure-2026-08-11.tsv;promoted CThing/CActor/CBattleEngine/CComplexThing semantic tables;resolved lexical owner	No supported target after repaired-owner direct-name search and promoted-semantic search; bounded negative only, not binary absence or proof of inlining/folding.	A named semantic/body/xref authority locating a compiler-emitted or folded retail implementation of `CThing::ClipToGround`.								AMBIGUOUS_OVERLOAD_MACRO_NONFUNCTION	PARTIAL: Level100ActorRegistry/Level100ActorMechanics carry bounded Level-100 actor state, but no generic CThing/CComplexThing/CActor source-class port owns this exact row.
"[""thing.h"",187,""Gravity"",""Gravity()""]"	799ca4a9af8b237d9782ccda9957c1ced9fff3b1ef2eae51f93649f8a301c37d	thing.h	187	Gravity	Gravity()	CThing	CThing::Gravity	thing.h:65 DECLARE_MULTI_INTERFACE_CLASS(CThing, ...), closed at line 252	EXTENDED	Recovered the lexical class owner from the pinned macro class declaration, then reran qualified-name and promoted-semantic joins.	local-lab/ghidra-unit-entity-squad112-static-20260810-v1/contracts.tsv;local-lab/hermes-kanban-campaign-2026-08-22/source-first-expansion/partition.tsv;references/Onslaught/thing.h;reverse-engineering/EVIDENCE-REGISTER.tsv;reverse-engineering/binary-analysis/cthing-vtable-semantics-2026-08-11.tsv	all source targets (header include guard only)	Returns `0.01f`.		0.01f	none (read-only or no-op)		SOURCE_EXACT	SOURCE_AGREES	0x004014b0	CThing__GravityDefault	SOURCE_INLINE	reverse-engineering/binary-analysis/cthing-vtable-semantics-2026-08-11.tsv	Returns exact source default 0.01f	Contradictory pristine-byte or independently reviewed semantic evidence showing this VA does not implement this exact source line/signature.	local-lab/ghidra-unit-entity-squad112-static-20260810-v1/contracts.tsv	0a3d0a6ddcc81aee8175bcc20b65c82c7bbed6b3b3669e90ca000c1cc7223fc4	C1_CANDIDATE_PARTIAL	OPEN_EXECUTED	BASELINE_STATIC;ANALYST_METADATA_ONLY;RUNTIME_BOUNDED;CAMPAIGN_C1_STATIC_RECEIPT	08ed89644ed25feb9e85fefb5b31ab2bdecbbd91b8aca720e20c53a7fbc5e73f		AMBIGUOUS_OVERLOAD_MACRO_NONFUNCTION	PARTIAL: Level100ActorRegistry/Level100ActorMechanics carry bounded Level-100 actor state, but no generic CThing/CComplexThing/CActor source-class port owns this exact row.
"[""thing.h"",188,""ObeyGravity"",""ObeyGravity()""]"	1fa79b1137444f53c3fa0cf9b356134c6ee6f6ba448b6d9448e6af5aa742602d	thing.h	188	ObeyGravity	ObeyGravity()	CThing	CThing::ObeyGravity	thing.h:65 DECLARE_MULTI_INTERFACE_CLASS(CThing, ...), closed at line 252	EXTENDED	Recovered the lexical class owner from the pinned macro class declaration, then reran qualified-name and promoted-semantic joins.	local-lab/hermes-kanban-campaign-2026-08-22/source-first-expansion/partition.tsv;references/Onslaught/thing.h;reverse-engineering/binary-analysis/cactor-vtable-semantics-2026-08-11.tsv;reverse-engineering/binary-analysis/cbattleengine-vtable-semantics-2026-08-11.tsv;reverse-engineering/binary-analysis/ccomplexthing-vtable-semantics-2026-08-11.tsv;reverse-engineering/binary-analysis/cthing-vtable-semantics-2026-08-11.tsv;reverse-engineering/binary-analysis/function-c1-closure-2026-08-11.tsv;reverse-engineering/binary-analysis/ghidra-function-name-table-2026-08-17.tsv	all source targets (header include guard only)	Returns `TRUE`.		TRUE	none (read-only or no-op)		NO_MATCH_FOUND	SOURCE_ONLY				reverse-engineering/binary-analysis/ghidra-function-name-table-2026-08-17.tsv;reverse-engineering/binary-analysis/function-c1-closure-2026-08-11.tsv;promoted CThing/CActor/CBattleEngine/CComplexThing semantic tables;resolved lexical owner	No supported target after repaired-owner direct-name search and promoted-semantic search; bounded negative only, not binary absence or proof of inlining/folding.	A named semantic/body/xref authority locating a compiler-emitted or folded retail implementation of `CThing::ObeyGravity`.								AMBIGUOUS_OVERLOAD_MACRO_NONFUNCTION	PARTIAL: Level100ActorRegistry/Level100ActorMechanics carry bounded Level-100 actor state, but no generic CThing/CComplexThing/CActor source-class port owns this exact row.
"[""thing.h"",189,""BounceFactor"",""BounceFactor()""]"	7b366b49985a3b53928862afea45586e8e644b7841cd11c221177f7f4458a4ff	thing.h	189	BounceFactor	BounceFactor()	CThing	CThing::BounceFactor	thing.h:65 DECLARE_MULTI_INTERFACE_CLASS(CThing, ...), closed at line 252	EXTENDED	Recovered the lexical class owner from the pinned macro class declaration, then reran qualified-name and promoted-semantic joins.	local-lab/hermes-kanban-campaign-2026-08-22/source-first-expansion/partition.tsv;references/Onslaught/thing.h;reverse-engineering/binary-analysis/cactor-vtable-semantics-2026-08-11.tsv;reverse-engineering/binary-analysis/cbattleengine-vtable-semantics-2026-08-11.tsv;reverse-engineering/binary-analysis/ccomplexthing-vtable-semantics-2026-08-11.tsv;reverse-engineering/binary-analysis/cthing-vtable-semantics-2026-08-11.tsv;reverse-engineering/binary-analysis/function-c1-closure-2026-08-11.tsv;reverse-engineering/binary-analysis/ghidra-function-name-table-2026-08-17.tsv	all source targets (header include guard only)	Returns `0`.		0	none (read-only or no-op)		NO_MATCH_FOUND	SOURCE_ONLY				reverse-engineering/binary-analysis/ghidra-function-name-table-2026-08-17.tsv;reverse-engineering/binary-analysis/function-c1-closure-2026-08-11.tsv;promoted CThing/CActor/CBattleEngine/CComplexThing semantic tables;resolved lexical owner	No supported target after repaired-owner direct-name search and promoted-semantic search; bounded negative only, not binary absence or proof of inlining/folding.	A named semantic/body/xref authority locating a compiler-emitted or folded retail implementation of `CThing::BounceFactor`.								AMBIGUOUS_OVERLOAD_MACRO_NONFUNCTION	PARTIAL: Level100ActorRegistry/Level100ActorMechanics carry bounded Level-100 actor state, but no generic CThing/CComplexThing/CActor source-class port owns this exact row.
"[""thing.h"",190,""COfGHeight"",""COfGHeight()""]"	3432ddc35a9c08140fa9e3855ef99cc75687ff2b556b33e2e1b851f173b382d3	thing.h	190	COfGHeight	COfGHeight()	CThing	CThing::COfGHeight	thing.h:65 DECLARE_MULTI_INTERFACE_CLASS(CThing, ...), closed at line 252	EXTENDED	Recovered the lexical class owner from the pinned macro class declaration, then reran qualified-name and promoted-semantic joins.	local-lab/hermes-kanban-campaign-2026-08-22/source-first-expansion/partition.tsv;references/Onslaught/thing.h;reverse-engineering/binary-analysis/cactor-vtable-semantics-2026-08-11.tsv;reverse-engineering/binary-analysis/cbattleengine-vtable-semantics-2026-08-11.tsv;reverse-engineering/binary-analysis/ccomplexthing-vtable-semantics-2026-08-11.tsv;reverse-engineering/binary-analysis/cthing-vtable-semantics-2026-08-11.tsv;reverse-engineering/binary-analysis/function-c1-closure-2026-08-11.tsv;reverse-engineering/binary-analysis/ghidra-function-name-table-2026-08-17.tsv	all source targets (header include guard only)	Returns `0`.		0	none (read-only or no-op)		NO_MATCH_FOUND	SOURCE_ONLY				reverse-engineering/binary-analysis/ghidra-function-name-table-2026-08-17.tsv;reverse-engineering/binary-analysis/function-c1-closure-2026-08-11.tsv;promoted CThing/CActor/CBattleEngine/CComplexThing semantic tables;resolved lexical owner	No supported target after repaired-owner direct-name search and promoted-semantic search; bounded negative only, not binary absence or proof of inlining/folding.	A named semantic/body/xref authority locating a compiler-emitted or folded retail implementation of `CThing::COfGHeight`.								AMBIGUOUS_OVERLOAD_MACRO_NONFUNCTION	PARTIAL: Level100ActorRegistry/Level100ActorMechanics carry bounded Level-100 actor state, but no generic CThing/CComplexThing/CActor source-class port owns this exact row.
"[""thing.h"",192,""CanGoUnderWater"",""CanGoUnderWater()""]"	41e2ed64f8cf315bb64fc24c2273cdf277f3829cc3402cf739de3f15dbe4a325	thing.h	192	CanGoUnderWater	CanGoUnderWater()	CThing	CThing::CanGoUnderWater	thing.h:65 DECLARE_MULTI_INTERFACE_CLASS(CThing, ...), closed at line 252	EXTENDED	Recovered the lexical class owner from the pinned macro class declaration, then reran qualified-name and promoted-semantic joins.	local-lab/hermes-kanban-campaign-2026-08-22/source-first-expansion/partition.tsv;references/Onslaught/thing.h;reverse-engineering/binary-analysis/cactor-vtable-semantics-2026-08-11.tsv;reverse-engineering/binary-analysis/cbattleengine-vtable-semantics-2026-08-11.tsv;reverse-engineering/binary-analysis/ccomplexthing-vtable-semantics-2026-08-11.tsv;reverse-engineering/binary-analysis/cthing-vtable-semantics-2026-08-11.tsv;reverse-engineering/binary-analysis/function-c1-closure-2026-08-11.tsv;reverse-engineering/binary-analysis/ghidra-function-name-table-2026-08-17.tsv	all source targets (header include guard only)	Returns `FALSE`.		FALSE	none (read-only or no-op)		NO_MATCH_FOUND	SOURCE_ONLY				reverse-engineering/binary-analysis/ghidra-function-name-table-2026-08-17.tsv;reverse-engineering/binary-analysis/function-c1-closure-2026-08-11.tsv;promoted CThing/CActor/CBattleEngine/CComplexThing semantic tables;resolved lexical owner	No supported target after repaired-owner direct-name search and promoted-semantic search; bounded negative only, not binary absence or proof of inlining/folding.	A named semantic/body/xref authority locating a compiler-emitted or folded retail implementation of `CThing::CanGoUnderWater`.								AMBIGUOUS_OVERLOAD_MACRO_NONFUNCTION	PARTIAL: Level100ActorRegistry/Level100ActorMechanics carry bounded Level-100 actor state, but no generic CThing/CComplexThing/CActor source-class port owns this exact row.
"[""thing.h"",194,""GetFlags"",""GetFlags()""]"	e2816014dbf9912f598082f47d1bf7858f8d954de75d6ce8c9b5379876c5e92e	thing.h	194	GetFlags	GetFlags()	CThing	CThing::GetFlags	thing.h:65 DECLARE_MULTI_INTERFACE_CLASS(CThing, ...), closed at line 252	EXTENDED	Recovered the lexical class owner from the pinned macro class declaration, then reran qualified-name and promoted-semantic joins.	local-lab/hermes-kanban-campaign-2026-08-22/source-first-expansion/partition.tsv;references/Onslaught/thing.h;reverse-engineering/binary-analysis/cactor-vtable-semantics-2026-08-11.tsv;reverse-engineering/binary-analysis/cbattleengine-vtable-semantics-2026-08-11.tsv;reverse-engineering/binary-analysis/ccomplexthing-vtable-semantics-2026-08-11.tsv;reverse-engineering/binary-analysis/cthing-vtable-semantics-2026-08-11.tsv;reverse-engineering/binary-analysis/function-c1-closure-2026-08-11.tsv;reverse-engineering/binary-analysis/ghidra-function-name-table-2026-08-17.tsv	all source targets (header include guard only)	Returns `mFlags`.	mFlags		none (read-only or no-op)		NO_MATCH_FOUND	SOURCE_ONLY				reverse-engineering/binary-analysis/ghidra-function-name-table-2026-08-17.tsv;reverse-engineering/binary-analysis/function-c1-closure-2026-08-11.tsv;promoted CThing/CActor/CBattleEngine/CComplexThing semantic tables;resolved lexical owner	No supported target after repaired-owner direct-name search and promoted-semantic search; bounded negative only, not binary absence or proof of inlining/folding.	A named semantic/body/xref authority locating a compiler-emitted or folded retail implementation of `CThing::GetFlags`.								AMBIGUOUS_OVERLOAD_MACRO_NONFUNCTION	PARTIAL: Level100ActorRegistry/Level100ActorMechanics carry bounded Level-100 actor state, but no generic CThing/CComplexThing/CActor source-class port owns this exact row.
"[""thing.h"",195,""SetFlags"",""SetFlags(short val)""]"	785c07a9bdf2ea9f6091dea5f58365b1178a6980aa89865ef6d38f89ced43110	thing.h	195	SetFlags	SetFlags(short val)	CThing	CThing::SetFlags	thing.h:65 DECLARE_MULTI_INTERFACE_CLASS(CThing, ...), closed at line 252	EXTENDED	Recovered the lexical class owner from the pinned macro class declaration, then reran qualified-name and promoted-semantic joins.	local-lab/hermes-kanban-campaign-2026-08-22/source-first-expansion/partition.tsv;references/Onslaught/thing.h;reverse-engineering/binary-analysis/cactor-vtable-semantics-2026-08-11.tsv;reverse-engineering/binary-analysis/cbattleengine-vtable-semantics-2026-08-11.tsv;reverse-engineering/binary-analysis/ccomplexthing-vtable-semantics-2026-08-11.tsv;reverse-engineering/binary-analysis/cthing-vtable-semantics-2026-08-11.tsv;reverse-engineering/binary-analysis/function-c1-closure-2026-08-11.tsv;reverse-engineering/binary-analysis/ghidra-function-name-table-2026-08-17.tsv	all source targets (header include guard only)	Updates `mFlags` from its arguments/constants.	mFlags		writes mFlags		NO_MATCH_FOUND	SOURCE_ONLY				reverse-engineering/binary-analysis/ghidra-function-name-table-2026-08-17.tsv;reverse-engineering/binary-analysis/function-c1-closure-2026-08-11.tsv;promoted CThing/CActor/CBattleEngine/CComplexThing semantic tables;resolved lexical owner	No supported target after repaired-owner direct-name search and promoted-semantic search; bounded negative only, not binary absence or proof of inlining/folding.	A named semantic/body/xref authority locating a compiler-emitted or folded retail implementation of `CThing::SetFlags`.								AMBIGUOUS_OVERLOAD_MACRO_NONFUNCTION	PARTIAL: Level100ActorRegistry/Level100ActorMechanics carry bounded Level-100 actor state, but no generic CThing/CComplexThing/CActor source-class port owns this exact row.
"[""thing.h"",196,""IsDying"",""IsDying()""]"	7f7499b6d3489de3de0330d4162dbf6d2d5af0f074fe5f0dc4be545a84114016	thing.h	196	IsDying	IsDying()	CThing	CThing::IsDying	thing.h:65 DECLARE_MULTI_INTERFACE_CLASS(CThing, ...), closed at line 252	EXTENDED	Recovered the lexical class owner from the pinned macro class declaration, then reran qualified-name and promoted-semantic joins.	local-lab/hermes-kanban-campaign-2026-08-22/source-first-expansion/partition.tsv;references/Onslaught/thing.h;reverse-engineering/binary-analysis/cactor-vtable-semantics-2026-08-11.tsv;reverse-engineering/binary-analysis/cbattleengine-vtable-semantics-2026-08-11.tsv;reverse-engineering/binary-analysis/ccomplexthing-vtable-semantics-2026-08-11.tsv;reverse-engineering/binary-analysis/cthing-vtable-semantics-2026-08-11.tsv;reverse-engineering/binary-analysis/function-c1-closure-2026-08-11.tsv;reverse-engineering/binary-analysis/ghidra-function-name-table-2026-08-17.tsv	all source targets (header include guard only)	Branches over `mFlags` and returns or updates state according to the pinned inline body.	mFlags	FALSE;TF_DYING;TRUE	no externally visible state write identified		NO_MATCH_FOUND	SOURCE_ONLY				reverse-engineering/binary-analysis/ghidra-function-name-table-2026-08-17.tsv;reverse-engineering/binary-analysis/function-c1-closure-2026-08-11.tsv;promoted CThing/CActor/CBattleEngine/CComplexThing semantic tables;resolved lexical owner	No supported target after repaired-owner direct-name search and promoted-semantic search; bounded negative only, not binary absence or proof of inlining/folding.	A named semantic/body/xref authority locating a compiler-emitted or folded retail implementation of `CThing::IsDying`.								AMBIGUOUS_OVERLOAD_MACRO_NONFUNCTION	PARTIAL: Level100ActorRegistry/Level100ActorMechanics carry bounded Level-100 actor state, but no generic CThing/CComplexThing/CActor source-class port owns this exact row.
"[""thing.h"",197,""IsShuttingDown"",""IsShuttingDown()""]"	26bcd24377bb3091bb1dd3b995558500ae7fbe1998eb9469647e2682958820af	thing.h	197	IsShuttingDown	IsShuttingDown()	CThing	CThing::IsShuttingDown	thing.h:65 DECLARE_MULTI_INTERFACE_CLASS(CThing, ...), closed at line 252	EXTENDED	Recovered the lexical class owner from the pinned macro class declaration, then reran qualified-name and promoted-semantic joins.	local-lab/hermes-kanban-campaign-2026-08-22/source-first-expansion/partition.tsv;references/Onslaught/thing.h;reverse-engineering/binary-analysis/cactor-vtable-semantics-2026-08-11.tsv;reverse-engineering/binary-analysis/cbattleengine-vtable-semantics-2026-08-11.tsv;reverse-engineering/binary-analysis/ccomplexthing-vtable-semantics-2026-08-11.tsv;reverse-engineering/binary-analysis/cthing-vtable-semantics-2026-08-11.tsv;reverse-engineering/binary-analysis/function-c1-closure-2026-08-11.tsv;reverse-engineering/binary-analysis/ghidra-function-name-table-2026-08-17.tsv	all source targets (header include guard only)	Branches over `mFlags` and returns or updates state according to the pinned inline body.	mFlags	FALSE;TF_DECLARED_SHUTDOWN;TRUE	no externally visible state write identified		NO_MATCH_FOUND	SOURCE_ONLY				reverse-engineering/binary-analysis/ghidra-function-name-table-2026-08-17.tsv;reverse-engineering/binary-analysis/function-c1-closure-2026-08-11.tsv;promoted CThing/CActor/CBattleEngine/CComplexThing semantic tables;resolved lexical owner	No supported target after repaired-owner direct-name search and promoted-semantic search; bounded negative only, not binary absence or proof of inlining/folding.	A named semantic/body/xref authority locating a compiler-emitted or folded retail implementation of `CThing::IsShuttingDown`.								AMBIGUOUS_OVERLOAD_MACRO_NONFUNCTION	PARTIAL: Level100ActorRegistry/Level100ActorMechanics carry bounded Level-100 actor state, but no generic CThing/CComplexThing/CActor source-class port owns this exact row.
"[""thing.h"",201,""GetMotionController"",""*GetMotionController()""]"	f1d5c4f8613b9fd1d894097a3a3188968097171b70b1fc2064e9ef0a0f8fee6c	thing.h	201	GetMotionController	*GetMotionController()	CThing	CThing::GetMotionController	thing.h:65 DECLARE_MULTI_INTERFACE_CLASS(CThing, ...), closed at line 252	EXTENDED	Recovered the lexical class owner from the pinned macro class declaration, then reran qualified-name and promoted-semantic joins.	local-lab/hermes-kanban-campaign-2026-08-22/source-first-expansion/partition.tsv;references/Onslaught/thing.h;reverse-engineering/binary-analysis/cactor-vtable-semantics-2026-08-11.tsv;reverse-engineering/binary-analysis/cbattleengine-vtable-semantics-2026-08-11.tsv;reverse-engineering/binary-analysis/ccomplexthing-vtable-semantics-2026-08-11.tsv;reverse-engineering/binary-analysis/cthing-vtable-semantics-2026-08-11.tsv;reverse-engineering/binary-analysis/function-c1-closure-2026-08-11.tsv;reverse-engineering/binary-analysis/ghidra-function-name-table-2026-08-17.tsv	all source targets (header include guard only)	Returns `NULL`.		NULL	none (read-only or no-op)		NO_MATCH_FOUND	SOURCE_ONLY				reverse-engineering/binary-analysis/ghidra-function-name-table-2026-08-17.tsv;reverse-engineering/binary-analysis/function-c1-closure-2026-08-11.tsv;promoted CThing/CActor/CBattleEngine/CComplexThing semantic tables;resolved lexical owner	No supported target after repaired-owner direct-name search and promoted-semantic search; bounded negative only, not binary absence or proof of inlining/folding.	A named semantic/body/xref authority locating a compiler-emitted or folded retail implementation of `CThing::GetMotionController`.								AMBIGUOUS_OVERLOAD_MACRO_NONFUNCTION	PARTIAL: Level100ActorRegistry/Level100ActorMechanics carry bounded Level-100 actor state, but no generic CThing/CComplexThing/CActor source-class port owns this exact row.
"[""thing.h"",206,""GetRenderAnimation"",""GetRenderAnimation()""]"	66b83eb6b96116e070853a0f1671936340fb93e7833b81dfa7dde1f3686f5c58	thing.h	206	GetRenderAnimation	GetRenderAnimation()	CThing	CThing::GetRenderAnimation	thing.h:65 DECLARE_MULTI_INTERFACE_CLASS(CThing, ...), closed at line 252	EXTENDED	Recovered the lexical class owner from the pinned macro class declaration, then reran qualified-name and promoted-semantic joins.	local-lab/hermes-kanban-campaign-2026-08-22/source-first-expansion/partition.tsv;references/Onslaught/thing.h;reverse-engineering/binary-analysis/cactor-vtable-semantics-2026-08-11.tsv;reverse-engineering/binary-analysis/cbattleengine-vtable-semantics-2026-08-11.tsv;reverse-engineering/binary-analysis/ccomplexthing-vtable-semantics-2026-08-11.tsv;reverse-engineering/binary-analysis/cthing-vtable-semantics-2026-08-11.tsv;reverse-engineering/binary-analysis/function-c1-closure-2026-08-11.tsv;reverse-engineering/binary-analysis/ghidra-function-name-table-2026-08-17.tsv	all source targets (header include guard only)	Returns `AM_NONE`.		AM_NONE	none (read-only or no-op)		NO_MATCH_FOUND	SOURCE_ONLY				reverse-engineering/binary-analysis/ghidra-function-name-table-2026-08-17.tsv;reverse-engineering/binary-analysis/function-c1-closure-2026-08-11.tsv;promoted CThing/CActor/CBattleEngine/CComplexThing semantic tables;resolved lexical owner	No supported target after repaired-owner direct-name search and promoted-semantic search; bounded negative only, not binary absence or proof of inlining/folding.	A named semantic/body/xref authority locating a compiler-emitted or folded retail implementation of `CThing::GetRenderAnimation`.								AMBIGUOUS_OVERLOAD_MACRO_NONFUNCTION	PARTIAL: Level100ActorRegistry/Level100ActorMechanics carry bounded Level-100 actor state, but no generic CThing/CComplexThing/CActor source-class port owns this exact row.
"[""thing.h"",209,""GetAIState"",""GetAIState()""]"	dd86d46992f6fea4baf419853ef3e639f445b34e7338afc96f28dedea5abee56	thing.h	209	GetAIState	GetAIState()	CThing	CThing::GetAIState	thing.h:65 DECLARE_MULTI_INTERFACE_CLASS(CThing, ...), closed at line 252	EXTENDED	Recovered the lexical class owner from the pinned macro class declaration, then reran qualified-name and promoted-semantic joins.	local-lab/hermes-kanban-campaign-2026-08-22/source-first-expansion/partition.tsv;references/Onslaught/thing.h;reverse-engineering/binary-analysis/cactor-vtable-semantics-2026-08-11.tsv;reverse-engineering/binary-analysis/cbattleengine-vtable-semantics-2026-08-11.tsv;reverse-engineering/binary-analysis/ccomplexthing-vtable-semantics-2026-08-11.tsv;reverse-engineering/binary-analysis/cthing-vtable-semantics-2026-08-11.tsv;reverse-engineering/binary-analysis/function-c1-closure-2026-08-11.tsv;reverse-engineering/binary-analysis/ghidra-function-name-table-2026-08-17.tsv	all source targets (header include guard only)	Returns `AI_ON`.		AI_ON	none (read-only or no-op)		NO_MATCH_FOUND	SOURCE_ONLY				reverse-engineering/binary-analysis/ghidra-function-name-table-2026-08-17.tsv;reverse-engineering/binary-analysis/function-c1-closure-2026-08-11.tsv;promoted CThing/CActor/CBattleEngine/CComplexThing semantic tables;resolved lexical owner	No supported target after repaired-owner direct-name search and promoted-semantic search; bounded negative only, not binary absence or proof of inlining/folding.	A named semantic/body/xref authority locating a compiler-emitted or folded retail implementation of `CThing::GetAIState`.								AMBIGUOUS_OVERLOAD_MACRO_NONFUNCTION	PARTIAL: Level100ActorRegistry/Level100ActorMechanics carry bounded Level-100 actor state, but no generic CThing/CComplexThing/CActor source-class port owns this exact row.
"[""thing.h"",210,""SetAIState"",""SetAIState(EAIState inAIState)""]"	c7cc15e5fb1bf80d757a2f7f2c943b85d1b86bb4b5e98cce01c8c2abc0d2e6b0	thing.h	210	SetAIState	SetAIState(EAIState inAIState)	CThing	CThing::SetAIState	thing.h:65 DECLARE_MULTI_INTERFACE_CLASS(CThing, ...), closed at line 252	EXTENDED	Recovered the lexical class owner from the pinned macro class declaration, then reran qualified-name and promoted-semantic joins.	local-lab/hermes-kanban-campaign-2026-08-22/source-first-expansion/partition.tsv;references/Onslaught/thing.h;reverse-engineering/binary-analysis/cactor-vtable-semantics-2026-08-11.tsv;reverse-engineering/binary-analysis/cbattleengine-vtable-semantics-2026-08-11.tsv;reverse-engineering/binary-analysis/ccomplexthing-vtable-semantics-2026-08-11.tsv;reverse-engineering/binary-analysis/cthing-vtable-semantics-2026-08-11.tsv;reverse-engineering/binary-analysis/function-c1-closure-2026-08-11.tsv;reverse-engineering/binary-analysis/ghidra-function-name-table-2026-08-17.tsv	all source targets (header include guard only)	No-op body.			none (read-only or no-op)		NO_MATCH_FOUND	SOURCE_ONLY				reverse-engineering/binary-analysis/ghidra-function-name-table-2026-08-17.tsv;reverse-engineering/binary-analysis/function-c1-closure-2026-08-11.tsv;promoted CThing/CActor/CBattleEngine/CComplexThing semantic tables;resolved lexical owner	No supported target after repaired-owner direct-name search and promoted-semantic search; bounded negative only, not binary absence or proof of inlining/folding.	A named semantic/body/xref authority locating a compiler-emitted or folded retail implementation of `CThing::SetAIState`.								AMBIGUOUS_OVERLOAD_MACRO_NONFUNCTION	PARTIAL: Level100ActorRegistry/Level100ActorMechanics carry bounded Level-100 actor state, but no generic CThing/CComplexThing/CActor source-class port owns this exact row.
"[""thing.h"",218,""AccumulateScore"",""AccumulateScore()""]"	5a21a3c004b982b490ce1cc28276f7d7a4cc28be2cbd9802fdc31ec30034e51b	thing.h	218	AccumulateScore	AccumulateScore()	CThing	CThing::AccumulateScore	thing.h:65 DECLARE_MULTI_INTERFACE_CLASS(CThing, ...), closed at line 252	EXTENDED	Recovered the lexical class owner from the pinned macro class declaration, then reran qualified-name and promoted-semantic joins.	local-lab/hermes-kanban-campaign-2026-08-22/source-first-expansion/partition.tsv;references/Onslaught/thing.h;reverse-engineering/binary-analysis/cactor-vtable-semantics-2026-08-11.tsv;reverse-engineering/binary-analysis/cbattleengine-vtable-semantics-2026-08-11.tsv;reverse-engineering/binary-analysis/ccomplexthing-vtable-semantics-2026-08-11.tsv;reverse-engineering/binary-analysis/cthing-vtable-semantics-2026-08-11.tsv;reverse-engineering/binary-analysis/function-c1-closure-2026-08-11.tsv;reverse-engineering/binary-analysis/ghidra-function-name-table-2026-08-17.tsv	all source targets (header include guard only)	No-op body.			none (read-only or no-op)		NO_MATCH_FOUND	SOURCE_ONLY				reverse-engineering/binary-analysis/ghidra-function-name-table-2026-08-17.tsv;reverse-engineering/binary-analysis/function-c1-closure-2026-08-11.tsv;promoted CThing/CActor/CBattleEngine/CComplexThing semantic tables;resolved lexical owner	No supported target after repaired-owner direct-name search and promoted-semantic search; bounded negative only, not binary absence or proof of inlining/folding.	A named semantic/body/xref authority locating a compiler-emitted or folded retail implementation of `CThing::AccumulateScore`.								AMBIGUOUS_OVERLOAD_MACRO_NONFUNCTION	PARTIAL: Level100ActorRegistry/Level100ActorMechanics carry bounded Level-100 actor state, but no generic CThing/CComplexThing/CActor source-class port owns this exact row.
"[""thing.h"",220,""ResetThingCounter"",""ResetThingCounter()""]"	e5ef15d0decf4ae4d105d918247fb8a5618ec8f1130292513a95e25e59397810	thing.h	220	ResetThingCounter	ResetThingCounter()	CThing	CThing::ResetThingCounter	thing.h:65 DECLARE_MULTI_INTERFACE_CLASS(CThing, ...), closed at line 252	EXTENDED	Recovered the lexical class owner from the pinned macro class declaration, then reran qualified-name and promoted-semantic joins.	local-lab/hermes-kanban-campaign-2026-08-22/source-first-expansion/partition.tsv;references/Onslaught/thing.h;reverse-engineering/binary-analysis/cactor-vtable-semantics-2026-08-11.tsv;reverse-engineering/binary-analysis/cbattleengine-vtable-semantics-2026-08-11.tsv;reverse-engineering/binary-analysis/ccomplexthing-vtable-semantics-2026-08-11.tsv;reverse-engineering/binary-analysis/cthing-vtable-semantics-2026-08-11.tsv;reverse-engineering/binary-analysis/function-c1-closure-2026-08-11.tsv;reverse-engineering/binary-analysis/ghidra-function-name-table-2026-08-17.tsv	all source targets (header include guard only)	Updates `sThingCount` from its arguments/constants.	sThingCount	0	writes sThingCount		NO_MATCH_FOUND	SOURCE_ONLY				reverse-engineering/binary-analysis/ghidra-function-name-table-2026-08-17.tsv;reverse-engineering/binary-analysis/function-c1-closure-2026-08-11.tsv;promoted CThing/CActor/CBattleEngine/CComplexThing semantic tables;resolved lexical owner	No supported target after repaired-owner direct-name search and promoted-semantic search; bounded negative only, not binary absence or proof of inlining/folding.	A named semantic/body/xref authority locating a compiler-emitted or folded retail implementation of `CThing::ResetThingCounter`.								AMBIGUOUS_OVERLOAD_MACRO_NONFUNCTION	PARTIAL: Level100ActorRegistry/Level100ActorMechanics carry bounded Level-100 actor state, but no generic CThing/CComplexThing/CActor source-class port owns this exact row.
"[""thing.h"",221,""GetThingNumber"",""GetThingNumber()""]"	812e206207ce10e6107b2f96677e2723b9241b4529cca59a983f7190d6bc1dcf	thing.h	221	GetThingNumber	GetThingNumber()	CThing	CThing::GetThingNumber	thing.h:65 DECLARE_MULTI_INTERFACE_CLASS(CThing, ...), closed at line 252	EXTENDED	Recovered the lexical class owner from the pinned macro class declaration, then reran qualified-name and promoted-semantic joins.	local-lab/hermes-kanban-campaign-2026-08-22/source-first-expansion/partition.tsv;references/Onslaught/thing.h;reverse-engineering/binary-analysis/cactor-vtable-semantics-2026-08-11.tsv;reverse-engineering/binary-analysis/cbattleengine-vtable-semantics-2026-08-11.tsv;reverse-engineering/binary-analysis/ccomplexthing-vtable-semantics-2026-08-11.tsv;reverse-engineering/binary-analysis/cthing-vtable-semantics-2026-08-11.tsv;reverse-engineering/binary-analysis/function-c1-closure-2026-08-11.tsv;reverse-engineering/binary-analysis/ghidra-function-name-table-2026-08-17.tsv	all source targets (header include guard only)	Returns `mThingNumber`.	mThingNumber		none (read-only or no-op)		NO_MATCH_FOUND	SOURCE_ONLY				reverse-engineering/binary-analysis/ghidra-function-name-table-2026-08-17.tsv;reverse-engineering/binary-analysis/function-c1-closure-2026-08-11.tsv;promoted CThing/CActor/CBattleEngine/CComplexThing semantic tables;resolved lexical owner	No supported target after repaired-owner direct-name search and promoted-semantic search; bounded negative only, not binary absence or proof of inlining/folding.	A named semantic/body/xref authority locating a compiler-emitted or folded retail implementation of `CThing::GetThingNumber`.								AMBIGUOUS_OVERLOAD_MACRO_NONFUNCTION	PARTIAL: Level100ActorRegistry/Level100ActorMechanics carry bounded Level-100 actor state, but no generic CThing/CComplexThing/CActor source-class port owns this exact row.
"[""thing.h"",223,""SetVulnerable"",""SetVulnerable(BOOL val)""]"	d3ebe54d372a76dd5bc50958229b306b1b4ba835e72db499a11c28d0e5a290ce	thing.h	223	SetVulnerable	SetVulnerable(BOOL val)	CThing	CThing::SetVulnerable	thing.h:65 DECLARE_MULTI_INTERFACE_CLASS(CThing, ...), closed at line 252	EXTENDED	Recovered the lexical class owner from the pinned macro class declaration, then reran qualified-name and promoted-semantic joins.	local-lab/hermes-kanban-campaign-2026-08-22/source-first-expansion/partition.tsv;references/Onslaught/thing.h;reverse-engineering/binary-analysis/cactor-vtable-semantics-2026-08-11.tsv;reverse-engineering/binary-analysis/cbattleengine-vtable-semantics-2026-08-11.tsv;reverse-engineering/binary-analysis/ccomplexthing-vtable-semantics-2026-08-11.tsv;reverse-engineering/binary-analysis/cthing-vtable-semantics-2026-08-11.tsv;reverse-engineering/binary-analysis/function-c1-closure-2026-08-11.tsv;reverse-engineering/binary-analysis/ghidra-function-name-table-2026-08-17.tsv	all source targets (header include guard only)	No-op body.			none (read-only or no-op)		NO_MATCH_FOUND	SOURCE_ONLY				reverse-engineering/binary-analysis/ghidra-function-name-table-2026-08-17.tsv;reverse-engineering/binary-analysis/function-c1-closure-2026-08-11.tsv;promoted CThing/CActor/CBattleEngine/CComplexThing semantic tables;resolved lexical owner	No supported target after repaired-owner direct-name search and promoted-semantic search; bounded negative only, not binary absence or proof of inlining/folding.	A named semantic/body/xref authority locating a compiler-emitted or folded retail implementation of `CThing::SetVulnerable`.								AMBIGUOUS_OVERLOAD_MACRO_NONFUNCTION	PARTIAL: Level100ActorRegistry/Level100ActorMechanics carry bounded Level-100 actor state, but no generic CThing/CComplexThing/CActor source-class port owns this exact row.
"[""thing.h"",224,""GetVulnerable"",""GetVulnerable()""]"	257e277b4931f73118d2590d8f2d1cbd2b9e9d6b62dde47e58b719f1c26ff9a1	thing.h	224	GetVulnerable	GetVulnerable()	CThing	CThing::GetVulnerable	thing.h:65 DECLARE_MULTI_INTERFACE_CLASS(CThing, ...), closed at line 252	EXTENDED	Recovered the lexical class owner from the pinned macro class declaration, then reran qualified-name and promoted-semantic joins.	local-lab/hermes-kanban-campaign-2026-08-22/source-first-expansion/partition.tsv;references/Onslaught/thing.h;reverse-engineering/binary-analysis/cactor-vtable-semantics-2026-08-11.tsv;reverse-engineering/binary-analysis/cbattleengine-vtable-semantics-2026-08-11.tsv;reverse-engineering/binary-analysis/ccomplexthing-vtable-semantics-2026-08-11.tsv;reverse-engineering/binary-analysis/cthing-vtable-semantics-2026-08-11.tsv;reverse-engineering/binary-analysis/function-c1-closure-2026-08-11.tsv;reverse-engineering/binary-analysis/ghidra-function-name-table-2026-08-17.tsv	all source targets (header include guard only)	Returns `TRUE`.		TRUE	none (read-only or no-op)		NO_MATCH_FOUND	SOURCE_ONLY				reverse-engineering/binary-analysis/ghidra-function-name-table-2026-08-17.tsv;reverse-engineering/binary-analysis/function-c1-closure-2026-08-11.tsv;promoted CThing/CActor/CBattleEngine/CComplexThing semantic tables;resolved lexical owner	No supported target after repaired-owner direct-name search and promoted-semantic search; bounded negative only, not binary absence or proof of inlining/folding.	A named semantic/body/xref authority locating a compiler-emitted or folded retail implementation of `CThing::GetVulnerable`.								AMBIGUOUS_OVERLOAD_MACRO_NONFUNCTION	PARTIAL: Level100ActorRegistry/Level100ActorMechanics carry bounded Level-100 actor state, but no generic CThing/CComplexThing/CActor source-class port owns this exact row.
"[""thing.h"",268,""GetRenderOrientation"",""GetRenderOrientation()""]"	d2b21d345cd057ea2291f4d4611998613687326b06534ca459bddf02ba64d1a6	thing.h	268	GetRenderOrientation	GetRenderOrientation()	CComplexThing	CComplexThing::GetRenderOrientation	thing.h:257 DECLARE_THING_CLASS(CComplexThing, CThing), closed at line 306	EXTENDED	Recovered the lexical class owner from the pinned macro class declaration, then reran qualified-name and promoted-semantic joins.	local-lab/ghidra-gameplay-tier2-235-static-20260810-v1/contracts.tsv;local-lab/hermes-kanban-campaign-2026-08-22/source-first-expansion/partition.tsv;references/Onslaught/thing.h;reverse-engineering/EVIDENCE-REGISTER.tsv;reverse-engineering/binary-analysis/ccomplexthing-vtable-semantics-2026-08-11.tsv	all source targets (header include guard only)	Returns `mOrientation`.	mOrientation		none (read-only or no-op)		SOURCE_EXACT	SOURCE_AGREES	0x004040d0	CComplexThing__CopyBlock34ToOut_004040d0	SOURCE_INLINE	reverse-engineering/binary-analysis/ccomplexthing-vtable-semantics-2026-08-11.tsv	Adjusted secondary this copies mOrientation	Contradictory pristine-byte or independently reviewed semantic evidence showing this VA does not implement this exact source line/signature.	local-lab/ghidra-gameplay-tier2-235-static-20260810-v1/contracts.tsv	1e641db13654a8bdf39b0f94956044527060ec3ec56011d9847640fe74461d9e	C1_CANDIDATE_PARTIAL	OPEN_DARK	BASELINE_STATIC;ANALYST_METADATA_ONLY;CAMPAIGN_C1_STATIC_RECEIPT	08ed89644ed25feb9e85fefb5b31ab2bdecbbd91b8aca720e20c53a7fbc5e73f	0x0043ea20:CComplexThing__GetRenderOrientation	AMBIGUOUS_OVERLOAD_MACRO_NONFUNCTION	PARTIAL: Level100ActorRegistry/Level100ActorMechanics carry bounded Level-100 actor state, but no generic CThing/CComplexThing/CActor source-class port owns this exact row.
"[""thing.h"",270,""SetThingType"",""SetThingType(ULONG t)""]"	f7d327ac121269effde0818518ee6b67a4f8d73e2395a18d734e6680543ca353	thing.h	270	SetThingType	SetThingType(ULONG t)	CComplexThing	CComplexThing::SetThingType	thing.h:257 DECLARE_THING_CLASS(CComplexThing, CThing), closed at line 306	EXTENDED	Recovered the lexical class owner from the pinned macro class declaration, then reran qualified-name and promoted-semantic joins.	local-lab/hermes-kanban-campaign-2026-08-22/source-first-expansion/partition.tsv;references/Onslaught/thing.h;reverse-engineering/binary-analysis/cactor-vtable-semantics-2026-08-11.tsv;reverse-engineering/binary-analysis/cbattleengine-vtable-semantics-2026-08-11.tsv;reverse-engineering/binary-analysis/ccomplexthing-vtable-semantics-2026-08-11.tsv;reverse-engineering/binary-analysis/cthing-vtable-semantics-2026-08-11.tsv;reverse-engineering/binary-analysis/function-c1-closure-2026-08-11.tsv;reverse-engineering/binary-analysis/ghidra-function-name-table-2026-08-17.tsv	all source targets (header include guard only)	Delegates to `SUPERTYPE::SetThingType`.		THING_TYPE_COMPLEX_THING	calls SUPERTYPE::SetThingType	SUPERTYPE::SetThingType	NO_MATCH_FOUND	SOURCE_ONLY				reverse-engineering/binary-analysis/ghidra-function-name-table-2026-08-17.tsv;reverse-engineering/binary-analysis/function-c1-closure-2026-08-11.tsv;promoted CThing/CActor/CBattleEngine/CComplexThing semantic tables;resolved lexical owner	No supported target after repaired-owner direct-name search and promoted-semantic search; bounded negative only, not binary absence or proof of inlining/folding.	A named semantic/body/xref authority locating a compiler-emitted or folded retail implementation of `CComplexThing::SetThingType`.								AMBIGUOUS_OVERLOAD_MACRO_NONFUNCTION	PARTIAL: Level100ActorRegistry/Level100ActorMechanics carry bounded Level-100 actor state, but no generic CThing/CComplexThing/CActor source-class port owns this exact row.
"[""thing.h"",271,""GetRealAnimIndex"",""GetRealAnimIndex()""]"	1871550d343a0da4b3ded58094ec60fc319cb0c137d502ee871bc10644ac479f	thing.h	271	GetRealAnimIndex	GetRealAnimIndex()	CComplexThing	CComplexThing::GetRealAnimIndex	thing.h:257 DECLARE_THING_CLASS(CComplexThing, CThing), closed at line 306	EXTENDED	Recovered the lexical class owner from the pinned macro class declaration, then reran qualified-name and promoted-semantic joins.	local-lab/hermes-kanban-campaign-2026-08-22/source-first-expansion/partition.tsv;references/Onslaught/thing.h;reverse-engineering/EVIDENCE-REGISTER.tsv;reverse-engineering/binary-analysis/ccomplexthing-vtable-semantics-2026-08-11.tsv	all source targets (header include guard only)	Branches over `mAnimation` and returns or updates state according to the pinned inline body.	mAnimation	-1	calls GetAnimIndex	GetAnimIndex	SOURCE_EXACT	SOURCE_AGREES	0x004014d0	CComplexThing__ReturnField64Offset10OrMinusOne_004014d0	SOURCE_INLINE	reverse-engineering/binary-analysis/ccomplexthing-vtable-semantics-2026-08-11.tsv	Adjusted this reads mAnimation and returns its animation index or -1 exactly as source	Contradictory pristine-byte or independently reviewed semantic evidence showing this VA does not implement this exact source line/signature.	reverse-engineering/EVIDENCE-REGISTER.tsv	f83dbb6eddaa16deed5f2a2460d393dc4525a63ae243b6cac0c656056b69ab9a	C1_CANDIDATE_PARTIAL	OPEN_EXECUTED	BASELINE_STATIC;ANALYST_METADATA_ONLY;RUNTIME_BOUNDED;CAMPAIGN_C1_OPAQUE_PE	08ed89644ed25feb9e85fefb5b31ab2bdecbbd91b8aca720e20c53a7fbc5e73f		AMBIGUOUS_OVERLOAD_MACRO_NONFUNCTION	PARTIAL: Level100ActorRegistry/Level100ActorMechanics carry bounded Level-100 actor state, but no generic CThing/CComplexThing/CActor source-class port owns this exact row.
"[""thing.h"",272,""GetSoundOrientation"",""GetSoundOrientation()""]"	ac234a9588359762baf2fdf7e53fd14c72556ca301ce0076b8a95859f5ab7909	thing.h	272	GetSoundOrientation	GetSoundOrientation()	CComplexThing	CComplexThing::GetSoundOrientation	thing.h:257 DECLARE_THING_CLASS(CComplexThing, CThing), closed at line 306	EXTENDED	Recovered the lexical class owner from the pinned macro class declaration, then reran qualified-name and promoted-semantic joins.	local-lab/ghidra-unit-entity-squad112-static-20260810-v1/contracts.tsv;local-lab/hermes-kanban-campaign-2026-08-22/source-first-expansion/partition.tsv;references/Onslaught/thing.h;reverse-engineering/EVIDENCE-REGISTER.tsv;reverse-engineering/binary-analysis/ccomplexthing-vtable-semantics-2026-08-11.tsv	all source targets (header include guard only)	Returns `mOrientation`.	mOrientation		none (read-only or no-op)		SOURCE_EXACT	SOURCE_AGREES	0x0043ea20	CComplexThing__GetRenderOrientation	SOURCE_FOLDED	reverse-engineering/binary-analysis/ccomplexthing-vtable-semantics-2026-08-11.tsv	Both source methods copy mOrientation and share one primary-this body	Contradictory pristine-byte or independently reviewed semantic evidence showing this VA does not implement this exact source line/signature.	local-lab/ghidra-unit-entity-squad112-static-20260810-v1/contracts.tsv	0a3d0a6ddcc81aee8175bcc20b65c82c7bbed6b3b3669e90ca000c1cc7223fc4	C1_CANDIDATE_PARTIAL	OPEN_DARK	BASELINE_STATIC;ANALYST_METADATA_ONLY;CAMPAIGN_C1_STATIC_RECEIPT	08ed89644ed25feb9e85fefb5b31ab2bdecbbd91b8aca720e20c53a7fbc5e73f		AMBIGUOUS_OVERLOAD_MACRO_NONFUNCTION	PARTIAL: Level100ActorRegistry/Level100ActorMechanics carry bounded Level-100 actor state, but no generic CThing/CComplexThing/CActor source-class port owns this exact row.
"[""thing.h"",273,""GetOrientation"",""& GetOrientation()""]"	ae6daf127d74cd1000460f97e18c76ac4e889fd10da4f8a99d17e1ea8980e022	thing.h	273	GetOrientation	& GetOrientation()	CComplexThing	CComplexThing::GetOrientation	thing.h:257 DECLARE_THING_CLASS(CComplexThing, CThing), closed at line 306	EXTENDED	Recovered the lexical class owner from the pinned macro class declaration, then reran qualified-name and promoted-semantic joins.	local-lab/hermes-kanban-campaign-2026-08-22/source-first-expansion/partition.tsv;references/Onslaught/thing.h;reverse-engineering/binary-analysis/cactor-vtable-semantics-2026-08-11.tsv;reverse-engineering/binary-analysis/cbattleengine-vtable-semantics-2026-08-11.tsv;reverse-engineering/binary-analysis/ccomplexthing-vtable-semantics-2026-08-11.tsv;reverse-engineering/binary-analysis/cthing-vtable-semantics-2026-08-11.tsv;reverse-engineering/binary-analysis/function-c1-closure-2026-08-11.tsv;reverse-engineering/binary-analysis/ghidra-function-name-table-2026-08-17.tsv	all source targets (header include guard only)	Returns `mOrientation`.	mOrientation		none (read-only or no-op)		NO_MATCH_FOUND	SOURCE_ONLY				reverse-engineering/binary-analysis/ghidra-function-name-table-2026-08-17.tsv;reverse-engineering/binary-analysis/function-c1-closure-2026-08-11.tsv;promoted CThing/CActor/CBattleEngine/CComplexThing semantic tables;resolved lexical owner	No supported target after repaired-owner direct-name search and promoted-semantic search; bounded negative only, not binary absence or proof of inlining/folding.	A named semantic/body/xref authority locating a compiler-emitted or folded retail implementation of `CComplexThing::GetOrientation`.								AMBIGUOUS_OVERLOAD_MACRO_NONFUNCTION	PARTIAL: Level100ActorRegistry/Level100ActorMechanics carry bounded Level-100 actor state, but no generic CThing/CComplexThing/CActor source-class port owns this exact row.
"[""thing.h"",274,""IsObjective"",""IsObjective()""]"	57e9fa1298cfb04b782d28c397833b91f9886b1fdac1ec9b4f390af308059c92	thing.h	274	IsObjective	IsObjective()	CComplexThing	CComplexThing::IsObjective	thing.h:257 DECLARE_THING_CLASS(CComplexThing, CThing), closed at line 306	EXTENDED	Recovered the lexical class owner from the pinned macro class declaration, then reran qualified-name and promoted-semantic joins.	local-lab/hermes-kanban-campaign-2026-08-22/source-first-expansion/partition.tsv;references/Onslaught/thing.h;reverse-engineering/EVIDENCE-REGISTER.tsv;reverse-engineering/binary-analysis/ccomplexthing-vtable-semantics-2026-08-11.tsv	all source targets (header include guard only)	Branches over `mFlags` and returns or updates state according to the pinned inline body.	mFlags	0;FALSE;TF_MARKED_OBJECTIVE;TRUE	no externally visible state write identified		SOURCE_EXACT	SOURCE_AGREES	0x004014e0	CComplexThing__IsObjectiveFlagSet	SOURCE_INLINE	reverse-engineering/binary-analysis/ccomplexthing-vtable-semantics-2026-08-11.tsv	Tests TF_MARKED_OBJECTIVE and canonicalizes the Boolean result	Contradictory pristine-byte or independently reviewed semantic evidence showing this VA does not implement this exact source line/signature.	reverse-engineering/EVIDENCE-REGISTER.tsv	f83dbb6eddaa16deed5f2a2460d393dc4525a63ae243b6cac0c656056b69ab9a	C1_CANDIDATE_PARTIAL	OPEN_EXECUTED	BASELINE_STATIC;ANALYST_METADATA_ONLY;RUNTIME_BOUNDED;CAMPAIGN_C1_OPAQUE_PE	08ed89644ed25feb9e85fefb5b31ab2bdecbbd91b8aca720e20c53a7fbc5e73f		AMBIGUOUS_OVERLOAD_MACRO_NONFUNCTION	PARTIAL: Level100ActorRegistry/Level100ActorMechanics carry bounded Level-100 actor state, but no generic CThing/CComplexThing/CActor source-class port owns this exact row.
"[""thing.h"",275,""GetOldOrientation"",""GetOldOrientation()""]"	4ed4d084d5d59207f04beaed5c2880f16e90cd5ea43c7c4c4fa48106521df3c5	thing.h	275	GetOldOrientation	GetOldOrientation()	CComplexThing	CComplexThing::GetOldOrientation	thing.h:257 DECLARE_THING_CLASS(CComplexThing, CThing), closed at line 306	EXTENDED	Recovered the lexical class owner from the pinned macro class declaration, then reran qualified-name and promoted-semantic joins.	local-lab/ghidra-unit-entity-squad112-static-20260810-v1/contracts.tsv;local-lab/hermes-kanban-campaign-2026-08-22/source-first-expansion/partition.tsv;references/Onslaught/thing.h;reverse-engineering/EVIDENCE-REGISTER.tsv;reverse-engineering/binary-analysis/ccomplexthing-vtable-semantics-2026-08-11.tsv	all source targets (header include guard only)	Returns `mOrientation`.	mOrientation		none (read-only or no-op)		SOURCE_EXACT	SOURCE_AGREES	0x0043ea20	CComplexThing__GetRenderOrientation	SOURCE_FOLDED	reverse-engineering/binary-analysis/ccomplexthing-vtable-semantics-2026-08-11.tsv	Both source methods copy mOrientation and share one primary-this body	Contradictory pristine-byte or independently reviewed semantic evidence showing this VA does not implement this exact source line/signature.	local-lab/ghidra-unit-entity-squad112-static-20260810-v1/contracts.tsv	0a3d0a6ddcc81aee8175bcc20b65c82c7bbed6b3b3669e90ca000c1cc7223fc4	C1_CANDIDATE_PARTIAL	OPEN_DARK	BASELINE_STATIC;ANALYST_METADATA_ONLY;CAMPAIGN_C1_STATIC_RECEIPT	08ed89644ed25feb9e85fefb5b31ab2bdecbbd91b8aca720e20c53a7fbc5e73f		AMBIGUOUS_OVERLOAD_MACRO_NONFUNCTION	PARTIAL: Level100ActorRegistry/Level100ActorMechanics carry bounded Level-100 actor state, but no generic CThing/CComplexThing/CActor source-class port owns this exact row.
"[""thing.h"",276,""GetMotionController"",""*GetMotionController()""]"	3aa34c6d4270f0b47987af61249fc8d3528a97018aee39bdb1feba12edb76fb1	thing.h	276	GetMotionController	*GetMotionController()	CComplexThing	CComplexThing::GetMotionController	thing.h:257 DECLARE_THING_CLASS(CComplexThing, CThing), closed at line 306	EXTENDED	Recovered the lexical class owner from the pinned macro class declaration, then reran qualified-name and promoted-semantic joins.	local-lab/hermes-kanban-campaign-2026-08-22/source-first-expansion/partition.tsv;references/Onslaught/thing.h;reverse-engineering/binary-analysis/cactor-vtable-semantics-2026-08-11.tsv;reverse-engineering/binary-analysis/cbattleengine-vtable-semantics-2026-08-11.tsv;reverse-engineering/binary-analysis/ccomplexthing-vtable-semantics-2026-08-11.tsv;reverse-engineering/binary-analysis/cthing-vtable-semantics-2026-08-11.tsv;reverse-engineering/binary-analysis/function-c1-closure-2026-08-11.tsv;reverse-engineering/binary-analysis/ghidra-function-name-table-2026-08-17.tsv	all source targets (header include guard only)	Returns `mMotionController`.	mMotionController		none (read-only or no-op)		NO_MATCH_FOUND	SOURCE_ONLY				reverse-engineering/binary-analysis/ghidra-function-name-table-2026-08-17.tsv;reverse-engineering/binary-analysis/function-c1-closure-2026-08-11.tsv;promoted CThing/CActor/CBattleEngine/CComplexThing semantic tables;resolved lexical owner	No supported target after repaired-owner direct-name search and promoted-semantic search; bounded negative only, not binary absence or proof of inlining/folding.	A named semantic/body/xref authority locating a compiler-emitted or folded retail implementation of `CComplexThing::GetMotionController`.								AMBIGUOUS_OVERLOAD_MACRO_NONFUNCTION	PARTIAL: Level100ActorRegistry/Level100ActorMechanics carry bounded Level-100 actor state, but no generic CThing/CComplexThing/CActor source-class port owns this exact row.
"[""thing.h"",277,""GetRenderAnimation"",""GetRenderAnimation()""]"	84b63cfcfcfe6a357cb3d00eb0b5f7fd6d371b56e8dc422ebf4a2f1016e6f5fb	thing.h	277	GetRenderAnimation	GetRenderAnimation()	CComplexThing	CComplexThing::GetRenderAnimation	thing.h:257 DECLARE_THING_CLASS(CComplexThing, CThing), closed at line 306	EXTENDED	Recovered the lexical class owner from the pinned macro class declaration, then reran qualified-name and promoted-semantic joins.	local-lab/hermes-kanban-campaign-2026-08-22/source-first-expansion/partition.tsv;references/Onslaught/thing.h;reverse-engineering/binary-analysis/cactor-vtable-semantics-2026-08-11.tsv;reverse-engineering/binary-analysis/cbattleengine-vtable-semantics-2026-08-11.tsv;reverse-engineering/binary-analysis/ccomplexthing-vtable-semantics-2026-08-11.tsv;reverse-engineering/binary-analysis/cthing-vtable-semantics-2026-08-11.tsv;reverse-engineering/binary-analysis/function-c1-closure-2026-08-11.tsv;reverse-engineering/binary-analysis/ghidra-function-name-table-2026-08-17.tsv	all source targets (header include guard only)	Branches over `mAnimation` and returns or updates state according to the pinned inline body.	mAnimation	AM_NONE	calls GetAnimMode	GetAnimMode	NO_MATCH_FOUND	SOURCE_ONLY				reverse-engineering/binary-analysis/ghidra-function-name-table-2026-08-17.tsv;reverse-engineering/binary-analysis/function-c1-closure-2026-08-11.tsv;promoted CThing/CActor/CBattleEngine/CComplexThing semantic tables;resolved lexical owner	No supported target after repaired-owner direct-name search and promoted-semantic search; bounded negative only, not binary absence or proof of inlining/folding.	A named semantic/body/xref authority locating a compiler-emitted or folded retail implementation of `CComplexThing::GetRenderAnimation`.								AMBIGUOUS_OVERLOAD_MACRO_NONFUNCTION	PARTIAL: Level100ActorRegistry/Level100ActorMechanics carry bounded Level-100 actor state, but no generic CThing/CComplexThing/CActor source-class port owns this exact row.
"[""thing.h"",278,""GetName"",""* GetName()""]"	5d960048c331d7458d52d21890c5da4a87f5f150ce190446cb3a6308b74b781a	thing.h	278	GetName	* GetName()	CComplexThing	CComplexThing::GetName	thing.h:257 DECLARE_THING_CLASS(CComplexThing, CThing), closed at line 306	EXTENDED	Recovered the lexical class owner from the pinned macro class declaration, then reran qualified-name and promoted-semantic joins.	local-lab/ghidra-gameplay-tier2-235-static-20260810-v1/contracts.tsv;local-lab/hermes-kanban-campaign-2026-08-22/source-first-expansion/partition.tsv;references/Onslaught/thing.h;reverse-engineering/EVIDENCE-REGISTER.tsv;reverse-engineering/binary-analysis/ccomplexthing-vtable-semantics-2026-08-11.tsv	all source targets (header include guard only)	Returns `mName`.	mName		none (read-only or no-op)		SOURCE_EXACT	SOURCE_AGREES	0x00401510	CComplexThing__ReturnField78_00401510	SOURCE_INLINE	reverse-engineering/binary-analysis/ccomplexthing-vtable-semantics-2026-08-11.tsv	Returns the mName field exactly as source	Contradictory pristine-byte or independently reviewed semantic evidence showing this VA does not implement this exact source line/signature.	local-lab/ghidra-gameplay-tier2-235-static-20260810-v1/contracts.tsv	1e641db13654a8bdf39b0f94956044527060ec3ec56011d9847640fe74461d9e	C1_CANDIDATE_PARTIAL	OPEN_EXECUTED	BASELINE_STATIC;ANALYST_METADATA_ONLY;RUNTIME_BOUNDED;CAMPAIGN_C1_STATIC_RECEIPT	08ed89644ed25feb9e85fefb5b31ab2bdecbbd91b8aca720e20c53a7fbc5e73f		AMBIGUOUS_OVERLOAD_MACRO_NONFUNCTION	PARTIAL: Level100ActorRegistry/Level100ActorMechanics carry bounded Level-100 actor state, but no generic CThing/CComplexThing/CActor source-class port owns this exact row.
"[""thing.h"",280,""GetMissionScript"",""* GetMissionScript()""]"	875e90c5c4ba9fb59b46bc7863916d84702a15f87457508fa6d082997a21bf88	thing.h	280	GetMissionScript	* GetMissionScript()	CComplexThing	CComplexThing::GetMissionScript	thing.h:257 DECLARE_THING_CLASS(CComplexThing, CThing), closed at line 306	EXTENDED	Recovered the lexical class owner from the pinned macro class declaration, then reran qualified-name and promoted-semantic joins.	local-lab/hermes-kanban-campaign-2026-08-22/source-first-expansion/partition.tsv;references/Onslaught/thing.h;reverse-engineering/binary-analysis/cactor-vtable-semantics-2026-08-11.tsv;reverse-engineering/binary-analysis/cbattleengine-vtable-semantics-2026-08-11.tsv;reverse-engineering/binary-analysis/ccomplexthing-vtable-semantics-2026-08-11.tsv;reverse-engineering/binary-analysis/cthing-vtable-semantics-2026-08-11.tsv;reverse-engineering/binary-analysis/function-c1-closure-2026-08-11.tsv;reverse-engineering/binary-analysis/ghidra-function-name-table-2026-08-17.tsv	all source targets (header include guard only)	Returns `mMissionScript`.	mMissionScript		none (read-only or no-op)		NO_MATCH_FOUND	SOURCE_ONLY				reverse-engineering/binary-analysis/ghidra-function-name-table-2026-08-17.tsv;reverse-engineering/binary-analysis/function-c1-closure-2026-08-11.tsv;promoted CThing/CActor/CBattleEngine/CComplexThing semantic tables;resolved lexical owner	No supported target after repaired-owner direct-name search and promoted-semantic search; bounded negative only, not binary absence or proof of inlining/folding.	A named semantic/body/xref authority locating a compiler-emitted or folded retail implementation of `CComplexThing::GetMissionScript`.								AMBIGUOUS_OVERLOAD_MACRO_NONFUNCTION	PARTIAL: Level100ActorRegistry/Level100ActorMechanics carry bounded Level-100 actor state, but no generic CThing/CComplexThing/CActor source-class port owns this exact row.
"[""thing.h"",293,""GoToPoint"",""GoToPoint(FVector  point, BOOL inOverride=FALSE)""]"	9616dd2befab4246e111795eec452838ed96ff415b116f1b77bb95c15de9f7d1	thing.h	293	GoToPoint	GoToPoint(FVector  point, BOOL inOverride=FALSE)	CComplexThing	CComplexThing::GoToPoint	thing.h:257 DECLARE_THING_CLASS(CComplexThing, CThing), closed at line 306	EXTENDED	Recovered the lexical class owner from the pinned macro class declaration, then reran qualified-name and promoted-semantic joins.	local-lab/ghidra-gameplay-tier2-235-static-20260810-v1/contracts.tsv;local-lab/hermes-kanban-campaign-2026-08-22/source-first-expansion/partition.tsv;references/Onslaught/thing.h;reverse-engineering/EVIDENCE-REGISTER.tsv;reverse-engineering/binary-analysis/ccomplexthing-vtable-semantics-2026-08-11.tsv	all source targets (header include guard only)	No-op body.		FALSE	none (read-only or no-op)		SOURCE_EXACT	SOURCE_AGREES	0x00401520	CComplexThing__NoOpFiveArgs_00401520	SOURCE_INLINE	reverse-engineering/binary-analysis/ccomplexthing-vtable-semantics-2026-08-11.tsv	Empty FVector-plus-override virtual matches the five-stack-argument ABI	Contradictory pristine-byte or independently reviewed semantic evidence showing this VA does not implement this exact source line/signature.	local-lab/ghidra-gameplay-tier2-235-static-20260810-v1/contracts.tsv	1e641db13654a8bdf39b0f94956044527060ec3ec56011d9847640fe74461d9e	C1_CANDIDATE_PARTIAL	OPEN_DARK	BASELINE_STATIC;ANALYST_METADATA_ONLY;CAMPAIGN_C1_STATIC_RECEIPT	08ed89644ed25feb9e85fefb5b31ab2bdecbbd91b8aca720e20c53a7fbc5e73f		AMBIGUOUS_OVERLOAD_MACRO_NONFUNCTION	PARTIAL: Level100ActorRegistry/Level100ActorMechanics carry bounded Level-100 actor state, but no generic CThing/CComplexThing/CActor source-class port owns this exact row.
"[""thing.h"",296,""Stop"",""Stop()""]"	4ddc2eb4e8f126846ba9b13de9b3fbb170df13622fbd1492220cf613b92a86fa	thing.h	296	Stop	Stop()	CComplexThing	CComplexThing::Stop	thing.h:257 DECLARE_THING_CLASS(CComplexThing, CThing), closed at line 306	EXTENDED	Recovered the lexical class owner from the pinned macro class declaration, then reran qualified-name and promoted-semantic joins.	local-lab/hermes-kanban-campaign-2026-08-22/source-first-expansion/partition.tsv;references/Onslaught/thing.h;reverse-engineering/binary-analysis/cactor-vtable-semantics-2026-08-11.tsv;reverse-engineering/binary-analysis/cbattleengine-vtable-semantics-2026-08-11.tsv;reverse-engineering/binary-analysis/ccomplexthing-vtable-semantics-2026-08-11.tsv;reverse-engineering/binary-analysis/cthing-vtable-semantics-2026-08-11.tsv;reverse-engineering/binary-analysis/function-c1-closure-2026-08-11.tsv;reverse-engineering/binary-analysis/ghidra-function-name-table-2026-08-17.tsv	all source targets (header include guard only)	No-op body.			none (read-only or no-op)		NO_MATCH_FOUND	SOURCE_ONLY				reverse-engineering/binary-analysis/ghidra-function-name-table-2026-08-17.tsv;reverse-engineering/binary-analysis/function-c1-closure-2026-08-11.tsv;promoted CThing/CActor/CBattleEngine/CComplexThing semantic tables;resolved lexical owner	No supported target after repaired-owner direct-name search and promoted-semantic search; bounded negative only, not binary absence or proof of inlining/folding.	A named semantic/body/xref authority locating a compiler-emitted or folded retail implementation of `CComplexThing::Stop`.								AMBIGUOUS_OVERLOAD_MACRO_NONFUNCTION	PARTIAL: Level100ActorRegistry/Level100ActorMechanics carry bounded Level-100 actor state, but no generic CThing/CComplexThing/CActor source-class port owns this exact row.
"[""thing.h"",297,""GetContainedInside"",""* GetContainedInside()""]"	5cc0285061295ba468643a29c672c75680fa8b903d39c498602a2d9149441771	thing.h	297	GetContainedInside	* GetContainedInside()	CComplexThing	CComplexThing::GetContainedInside	thing.h:257 DECLARE_THING_CLASS(CComplexThing, CThing), closed at line 306	EXTENDED	Recovered the lexical class owner from the pinned macro class declaration, then reran qualified-name and promoted-semantic joins.	local-lab/hermes-kanban-campaign-2026-08-22/source-first-expansion/partition.tsv;references/Onslaught/thing.h;reverse-engineering/binary-analysis/cactor-vtable-semantics-2026-08-11.tsv;reverse-engineering/binary-analysis/cbattleengine-vtable-semantics-2026-08-11.tsv;reverse-engineering/binary-analysis/ccomplexthing-vtable-semantics-2026-08-11.tsv;reverse-engineering/binary-analysis/cthing-vtable-semantics-2026-08-11.tsv;reverse-engineering/binary-analysis/function-c1-closure-2026-08-11.tsv;reverse-engineering/binary-analysis/ghidra-function-name-table-2026-08-17.tsv	all source targets (header include guard only)	Returns `NULL`.		NULL	none (read-only or no-op)		NO_MATCH_FOUND	SOURCE_ONLY				reverse-engineering/binary-analysis/ghidra-function-name-table-2026-08-17.tsv;reverse-engineering/binary-analysis/function-c1-closure-2026-08-11.tsv;promoted CThing/CActor/CBattleEngine/CComplexThing semantic tables;resolved lexical owner	No supported target after repaired-owner direct-name search and promoted-semantic search; bounded negative only, not binary absence or proof of inlining/folding.	A named semantic/body/xref authority locating a compiler-emitted or folded retail implementation of `CComplexThing::GetContainedInside`.								AMBIGUOUS_OVERLOAD_MACRO_NONFUNCTION	PARTIAL: Level100ActorRegistry/Level100ActorMechanics carry bounded Level-100 actor state, but no generic CThing/CComplexThing/CActor source-class port owns this exact row.
