stable_key	source_file	source_line	source_function	resolved_function	reuse_disposition	retail_status	retail_classification	retail_va_or_empty	retail_name_or_empty	generation32_grade	generation32_contract_state	evidence	delta_summary	falsifier
"[""actor.h"",18,""SetThingType"",""SetThingType(ULONG t)""]"	actor.h	18	SetThingType	CActor::SetThingType	EXTENDED	SOURCE_AGREES	SOURCE_EXACT	0x00401540	CActor__VFunc_38_00401540	C1_CANDIDATE_PARTIAL	OPEN_EXECUTED	reverse-engineering/binary-analysis/cactor-vtable-semantics-2026-08-11.tsv	Stores the input OR the inherited thing mask and THING_TYPE_ACTOR exactly as source	Contradictory pristine-byte or independently reviewed semantic evidence showing this VA does not implement this exact source line/signature.
"[""actor.h"",24,""GetVelocity"",""GetVelocity()""]"	actor.h	24	GetVelocity	CActor::GetVelocity	EXTENDED	SOURCE_ONLY	NO_MATCH_FOUND					reverse-engineering/binary-analysis/ghidra-function-name-table-2026-08-17.tsv;reverse-engineering/binary-analysis/function-c1-closure-2026-08-11.tsv;promoted CThing/CActor/CBattleEngine/CComplexThing semantic tables;resolved lexical owner	No supported target after repaired-owner direct-name search and promoted-semantic search; bounded negative only, not binary absence or proof of inlining/folding.	A named semantic/body/xref authority locating a compiler-emitted or folded retail implementation of `CActor::GetVelocity`.
"[""actor.h"",25,""SetVelocity"",""SetVelocity(const FVector& vel)""]"	actor.h	25	SetVelocity	CActor::SetVelocity	EXTENDED	SOURCE_ONLY	NO_MATCH_FOUND					reverse-engineering/binary-analysis/ghidra-function-name-table-2026-08-17.tsv;reverse-engineering/binary-analysis/function-c1-closure-2026-08-11.tsv;promoted CThing/CActor/CBattleEngine/CComplexThing semantic tables;resolved lexical owner	No supported target after repaired-owner direct-name search and promoted-semantic search; bounded negative only, not binary absence or proof of inlining/folding.	A named semantic/body/xref authority locating a compiler-emitted or folded retail implementation of `CActor::SetVelocity`.
"[""actor.h"",26,""AddVelocity"",""AddVelocity(const FVector& vel)""]"	actor.h	26	AddVelocity	CActor::AddVelocity	EXTENDED	SOURCE_ONLY	NO_MATCH_FOUND					reverse-engineering/binary-analysis/ghidra-function-name-table-2026-08-17.tsv;reverse-engineering/binary-analysis/function-c1-closure-2026-08-11.tsv;promoted CThing/CActor/CBattleEngine/CComplexThing semantic tables;resolved lexical owner	No supported target after repaired-owner direct-name search and promoted-semantic search; bounded negative only, not binary absence or proof of inlining/folding.	A named semantic/body/xref authority locating a compiler-emitted or folded retail implementation of `CActor::AddVelocity`.
"[""actor.h"",27,""GetOldPos"",""GetOldPos()""]"	actor.h	27	GetOldPos	CActor::GetOldPos	EXTENDED	SOURCE_ONLY	NO_MATCH_FOUND					reverse-engineering/binary-analysis/ghidra-function-name-table-2026-08-17.tsv;reverse-engineering/binary-analysis/function-c1-closure-2026-08-11.tsv;promoted CThing/CActor/CBattleEngine/CComplexThing semantic tables;resolved lexical owner	No supported target after repaired-owner direct-name search and promoted-semantic search; bounded negative only, not binary absence or proof of inlining/folding.	A named semantic/body/xref authority locating a compiler-emitted or folded retail implementation of `CActor::GetOldPos`.
"[""actor.h"",28,""GetOldOrientation"",""GetOldOrientation()""]"	actor.h	28	GetOldOrientation	CActor::GetOldOrientation	EXTENDED	SOURCE_ONLY	NO_MATCH_FOUND					reverse-engineering/binary-analysis/ghidra-function-name-table-2026-08-17.tsv;reverse-engineering/binary-analysis/function-c1-closure-2026-08-11.tsv;promoted CThing/CActor/CBattleEngine/CComplexThing semantic tables;resolved lexical owner	No supported target after repaired-owner direct-name search and promoted-semantic search; bounded negative only, not binary absence or proof of inlining/folding.	A named semantic/body/xref authority locating a compiler-emitted or folded retail implementation of `CActor::GetOldOrientation`.
"[""actor.h"",35,""GetLocalLastFrameMovement"",""GetLocalLastFrameMovement()""]"	actor.h	35	GetLocalLastFrameMovement	CActor::GetLocalLastFrameMovement	EXTENDED	SOURCE_AGREES	SOURCE_EXACT	0x00401550	HYP__CActor__GetLocalLastFrameMovement	C1_CANDIDATE_PARTIAL	OPEN_EXECUTED	reverse-engineering/binary-analysis/cactor-vtable-semantics-2026-08-11.tsv	Returns current position minus old position as the source inline declares	Contradictory pristine-byte or independently reviewed semantic evidence showing this VA does not implement this exact source line/signature.
"[""actor.h"",40,""Stop"",""Stop()""]"	actor.h	40	Stop	CActor::Stop	EXTENDED	SOURCE_AGREES	SOURCE_EXACT	0x00401580	CActor__VFunc_64_00401580	C1_CANDIDATE_PARTIAL	OPEN_DARK	reverse-engineering/binary-analysis/cactor-vtable-semantics-2026-08-11.tsv	Zeros the velocity FVector; the fourth copied dword is structure padding rather than another semantic component	Contradictory pristine-byte or independently reviewed semantic evidence showing this VA does not implement this exact source line/signature.
"[""actor.h"",53,""GetLastTimeOnGround"",""GetLastTimeOnGround()""]"	actor.h	53	GetLastTimeOnGround	CActor::GetLastTimeOnGround	EXTENDED	SOURCE_ONLY	NO_MATCH_FOUND					reverse-engineering/binary-analysis/ghidra-function-name-table-2026-08-17.tsv;reverse-engineering/binary-analysis/function-c1-closure-2026-08-11.tsv;promoted CThing/CActor/CBattleEngine/CComplexThing semantic tables;resolved lexical owner	No supported target after repaired-owner direct-name search and promoted-semantic search; bounded negative only, not binary absence or proof of inlining/folding.	A named semantic/body/xref authority locating a compiler-emitted or folded retail implementation of `CActor::GetLastTimeOnGround`.
"[""actor.h"",54,""GetLastTimeInWater"",""GetLastTimeInWater()""]"	actor.h	54	GetLastTimeInWater	CActor::GetLastTimeInWater	EXTENDED	SOURCE_ONLY	NO_MATCH_FOUND					reverse-engineering/binary-analysis/ghidra-function-name-table-2026-08-17.tsv;reverse-engineering/binary-analysis/function-c1-closure-2026-08-11.tsv;promoted CThing/CActor/CBattleEngine/CComplexThing semantic tables;resolved lexical owner	No supported target after repaired-owner direct-name search and promoted-semantic search; bounded negative only, not binary absence or proof of inlining/folding.	A named semantic/body/xref authority locating a compiler-emitted or folded retail implementation of `CActor::GetLastTimeInWater`.
"[""actor.h"",55,""GetLastTimeOnObject"",""GetLastTimeOnObject()""]"	actor.h	55	GetLastTimeOnObject	CActor::GetLastTimeOnObject	EXTENDED	SOURCE_ONLY	NO_MATCH_FOUND					reverse-engineering/binary-analysis/ghidra-function-name-table-2026-08-17.tsv;reverse-engineering/binary-analysis/function-c1-closure-2026-08-11.tsv;promoted CThing/CActor/CBattleEngine/CComplexThing semantic tables;resolved lexical owner	No supported target after repaired-owner direct-name search and promoted-semantic search; bounded negative only, not binary absence or proof of inlining/folding.	A named semantic/body/xref authority locating a compiler-emitted or folded retail implementation of `CActor::GetLastTimeOnObject`.
"[""BattleEngine.h"",96,""GetZoom"",""GetZoom()""]"	BattleEngine.h	96	GetZoom	CBattleEngine::GetZoom	EXTENDED	SOURCE_ONLY	NO_MATCH_FOUND					reverse-engineering/binary-analysis/ghidra-function-name-table-2026-08-17.tsv;reverse-engineering/binary-analysis/function-c1-closure-2026-08-11.tsv;promoted CThing/CActor/CBattleEngine/CComplexThing semantic tables;resolved lexical owner	No supported target after repaired-owner direct-name search and promoted-semantic search; bounded negative only, not binary absence or proof of inlining/folding.	A named semantic/body/xref authority locating a compiler-emitted or folded retail implementation of `CBattleEngine::GetZoom`.
"[""BattleEngine.h"",97,""GetOldZoom"",""GetOldZoom()""]"	BattleEngine.h	97	GetOldZoom	CBattleEngine::GetOldZoom	EXTENDED	SOURCE_ONLY	NO_MATCH_FOUND					reverse-engineering/binary-analysis/ghidra-function-name-table-2026-08-17.tsv;reverse-engineering/binary-analysis/function-c1-closure-2026-08-11.tsv;promoted CThing/CActor/CBattleEngine/CComplexThing semantic tables;resolved lexical owner	No supported target after repaired-owner direct-name search and promoted-semantic search; bounded negative only, not binary absence or proof of inlining/folding.	A named semantic/body/xref authority locating a compiler-emitted or folded retail implementation of `CBattleEngine::GetOldZoom`.
"[""BattleEngine.h"",108,""AttachEquipment"",""AttachEquipment(CEquipment* eqi)""]"	BattleEngine.h	108	AttachEquipment	CBattleEngine::AttachEquipment	EXTENDED	SOURCE_ONLY	NO_MATCH_FOUND					reverse-engineering/binary-analysis/ghidra-function-name-table-2026-08-17.tsv;reverse-engineering/binary-analysis/function-c1-closure-2026-08-11.tsv;promoted CThing/CActor/CBattleEngine/CComplexThing semantic tables;resolved lexical owner	No supported target after repaired-owner direct-name search and promoted-semantic search; bounded negative only, not binary absence or proof of inlining/folding.	A named semantic/body/xref authority locating a compiler-emitted or folded retail implementation of `CBattleEngine::AttachEquipment`.
"[""BattleEngine.h"",110,""GetUnitOverCrossHair"",""* GetUnitOverCrossHair()""]"	BattleEngine.h	110	GetUnitOverCrossHair	CBattleEngine::GetUnitOverCrossHair	EXTENDED	SOURCE_ONLY	NO_MATCH_FOUND					reverse-engineering/binary-analysis/ghidra-function-name-table-2026-08-17.tsv;reverse-engineering/binary-analysis/function-c1-closure-2026-08-11.tsv;promoted CThing/CActor/CBattleEngine/CComplexThing semantic tables;resolved lexical owner	No supported target after repaired-owner direct-name search and promoted-semantic search; bounded negative only, not binary absence or proof of inlining/folding.	A named semantic/body/xref authority locating a compiler-emitted or folded retail implementation of `CBattleEngine::GetUnitOverCrossHair`.
"[""BattleEngine.h"",111,""GetUnitOverCrossHairRegardlessOfRange"",""* GetUnitOverCrossHairRegardlessOfRange()""]"	BattleEngine.h	111	GetUnitOverCrossHairRegardlessOfRange	CBattleEngine::GetUnitOverCrossHairRegardlessOfRange	EXTENDED	SOURCE_ONLY	NO_MATCH_FOUND					reverse-engineering/binary-analysis/ghidra-function-name-table-2026-08-17.tsv;reverse-engineering/binary-analysis/function-c1-closure-2026-08-11.tsv;promoted CThing/CActor/CBattleEngine/CComplexThing semantic tables;resolved lexical owner	No supported target after repaired-owner direct-name search and promoted-semantic search; bounded negative only, not binary absence or proof of inlining/folding.	A named semantic/body/xref authority locating a compiler-emitted or folded retail implementation of `CBattleEngine::GetUnitOverCrossHairRegardlessOfRange`.
"[""BattleEngine.h"",117,""GetAutoAimTarget"",""* GetAutoAimTarget()""]"	BattleEngine.h	117	GetAutoAimTarget	CBattleEngine::GetAutoAimTarget	EXTENDED	SOURCE_ONLY	NO_MATCH_FOUND					reverse-engineering/binary-analysis/ghidra-function-name-table-2026-08-17.tsv;reverse-engineering/binary-analysis/function-c1-closure-2026-08-11.tsv;promoted CThing/CActor/CBattleEngine/CComplexThing semantic tables;resolved lexical owner	No supported target after repaired-owner direct-name search and promoted-semantic search; bounded negative only, not binary absence or proof of inlining/folding.	A named semantic/body/xref authority locating a compiler-emitted or folded retail implementation of `CBattleEngine::GetAutoAimTarget`.
"[""BattleEngine.h"",120,""TrackingActive"",""TrackingActive()""]"	BattleEngine.h	120	TrackingActive	CBattleEngine::TrackingActive	EXTENDED	SOURCE_ONLY	NO_MATCH_FOUND					reverse-engineering/binary-analysis/ghidra-function-name-table-2026-08-17.tsv;reverse-engineering/binary-analysis/function-c1-closure-2026-08-11.tsv;promoted CThing/CActor/CBattleEngine/CComplexThing semantic tables;resolved lexical owner	No supported target after repaired-owner direct-name search and promoted-semantic search; bounded negative only, not binary absence or proof of inlining/folding.	A named semantic/body/xref authority locating a compiler-emitted or folded retail implementation of `CBattleEngine::TrackingActive`.
"[""BattleEngine.h"",125,""GetMaxVelocity"",""GetMaxVelocity()""]"	BattleEngine.h	125	GetMaxVelocity	CBattleEngine::GetMaxVelocity	EXTENDED	SOURCE_AGREES	SOURCE_EXACT	0x00405ef0	CBattleEngine__VFunc_15_00405ef0	C1_CANDIDATE_PARTIAL	OPEN_EXECUTED	reverse-engineering/binary-analysis/cbattleengine-vtable-semantics-2026-08-11.tsv	Returns the source-declared 35.0f constant	Contradictory pristine-byte or independently reviewed semantic evidence showing this VA does not implement this exact source line/signature.
"[""BattleEngine.h"",127,""SetThingType"",""SetThingType(ULONG t)""]"	BattleEngine.h	127	SetThingType	CBattleEngine::SetThingType	EXTENDED	SOURCE_AGREES	SOURCE_EXACT	0x00405f00	CBattleEngine__VFunc_38_00405f00	C1_CANDIDATE_PARTIAL	OPEN_EXECUTED	reverse-engineering/binary-analysis/cbattleengine-vtable-semantics-2026-08-11.tsv	OR mask and superclass tail call match the inline source override	Contradictory pristine-byte or independently reviewed semantic evidence showing this VA does not implement this exact source line/signature.
"[""BattleEngine.h"",161,""GetLockList"",""& GetLockList()""]"	BattleEngine.h	161	GetLockList	CBattleEngine::GetLockList	EXTENDED	SOURCE_ONLY	NO_MATCH_FOUND					reverse-engineering/binary-analysis/ghidra-function-name-table-2026-08-17.tsv;reverse-engineering/binary-analysis/function-c1-closure-2026-08-11.tsv;promoted CThing/CActor/CBattleEngine/CComplexThing semantic tables;resolved lexical owner	No supported target after repaired-owner direct-name search and promoted-semantic search; bounded negative only, not binary absence or proof of inlining/folding.	A named semantic/body/xref authority locating a compiler-emitted or folded retail implementation of `CBattleEngine::GetLockList`.
"[""BattleEngine.h"",162,""GetFiredLockList"",""& GetFiredLockList()""]"	BattleEngine.h	162	GetFiredLockList	CBattleEngine::GetFiredLockList	EXTENDED	SOURCE_ONLY	NO_MATCH_FOUND					reverse-engineering/binary-analysis/ghidra-function-name-table-2026-08-17.tsv;reverse-engineering/binary-analysis/function-c1-closure-2026-08-11.tsv;promoted CThing/CActor/CBattleEngine/CComplexThing semantic tables;resolved lexical owner	No supported target after repaired-owner direct-name search and promoted-semantic search; bounded negative only, not binary absence or proof of inlining/folding.	A named semantic/body/xref authority locating a compiler-emitted or folded retail implementation of `CBattleEngine::GetFiredLockList`.
"[""BattleEngine.h"",170,""GetState"",""GetState()""]"	BattleEngine.h	170	GetState	CBattleEngine::GetState	EXTENDED	SOURCE_ONLY	NO_MATCH_FOUND					reverse-engineering/binary-analysis/ghidra-function-name-table-2026-08-17.tsv;reverse-engineering/binary-analysis/function-c1-closure-2026-08-11.tsv;promoted CThing/CActor/CBattleEngine/CComplexThing semantic tables;resolved lexical owner	No supported target after repaired-owner direct-name search and promoted-semantic search; bounded negative only, not binary absence or proof of inlining/folding.	A named semantic/body/xref authority locating a compiler-emitted or folded retail implementation of `CBattleEngine::GetState`.
"[""BattleEngine.h"",171,""GetYawVel"",""& GetYawVel()""]"	BattleEngine.h	171	GetYawVel	CBattleEngine::GetYawVel	EXTENDED	SOURCE_ONLY	NO_MATCH_FOUND					reverse-engineering/binary-analysis/ghidra-function-name-table-2026-08-17.tsv;reverse-engineering/binary-analysis/function-c1-closure-2026-08-11.tsv;promoted CThing/CActor/CBattleEngine/CComplexThing semantic tables;resolved lexical owner	No supported target after repaired-owner direct-name search and promoted-semantic search; bounded negative only, not binary absence or proof of inlining/folding.	A named semantic/body/xref authority locating a compiler-emitted or folded retail implementation of `CBattleEngine::GetYawVel`.
"[""BattleEngine.h"",172,""GetRollVel"",""&    GetRollVel()""]"	BattleEngine.h	172	GetRollVel	CBattleEngine::GetRollVel	EXTENDED	SOURCE_ONLY	NO_MATCH_FOUND					reverse-engineering/binary-analysis/ghidra-function-name-table-2026-08-17.tsv;reverse-engineering/binary-analysis/function-c1-closure-2026-08-11.tsv;promoted CThing/CActor/CBattleEngine/CComplexThing semantic tables;resolved lexical owner	No supported target after repaired-owner direct-name search and promoted-semantic search; bounded negative only, not binary absence or proof of inlining/folding.	A named semantic/body/xref authority locating a compiler-emitted or folded retail implementation of `CBattleEngine::GetRollVel`.
"[""BattleEngine.h"",173,""GetPitchVel"",""&    GetPitchVel()""]"	BattleEngine.h	173	GetPitchVel	CBattleEngine::GetPitchVel	EXTENDED	SOURCE_ONLY	NO_MATCH_FOUND					reverse-engineering/binary-analysis/ghidra-function-name-table-2026-08-17.tsv;reverse-engineering/binary-analysis/function-c1-closure-2026-08-11.tsv;promoted CThing/CActor/CBattleEngine/CComplexThing semantic tables;resolved lexical owner	No supported target after repaired-owner direct-name search and promoted-semantic search; bounded negative only, not binary absence or proof of inlining/folding.	A named semantic/body/xref authority locating a compiler-emitted or folded retail implementation of `CBattleEngine::GetPitchVel`.
"[""BattleEngine.h"",175,""GetLastDamageTime"",""&    GetLastDamageTime()""]"	BattleEngine.h	175	GetLastDamageTime	CBattleEngine::GetLastDamageTime	EXTENDED	SOURCE_ONLY	NO_MATCH_FOUND					reverse-engineering/binary-analysis/ghidra-function-name-table-2026-08-17.tsv;reverse-engineering/binary-analysis/function-c1-closure-2026-08-11.tsv;promoted CThing/CActor/CBattleEngine/CComplexThing semantic tables;resolved lexical owner	No supported target after repaired-owner direct-name search and promoted-semantic search; bounded negative only, not binary absence or proof of inlining/folding.	A named semantic/body/xref authority locating a compiler-emitted or folded retail implementation of `CBattleEngine::GetLastDamageTime`.
"[""BattleEngine.h"",181,""GetIsPoweredUp"",""GetIsPoweredUp()""]"	BattleEngine.h	181	GetIsPoweredUp	CBattleEngine::GetIsPoweredUp	EXTENDED	SOURCE_ONLY	NO_MATCH_FOUND					reverse-engineering/binary-analysis/ghidra-function-name-table-2026-08-17.tsv;reverse-engineering/binary-analysis/function-c1-closure-2026-08-11.tsv;promoted CThing/CActor/CBattleEngine/CComplexThing semantic tables;resolved lexical owner	No supported target after repaired-owner direct-name search and promoted-semantic search; bounded negative only, not binary absence or proof of inlining/folding.	A named semantic/body/xref authority locating a compiler-emitted or folded retail implementation of `CBattleEngine::GetIsPoweredUp`.
"[""BattleEngine.h"",183,""GetCockpit"",""* GetCockpit()""]"	BattleEngine.h	183	GetCockpit	CBattleEngine::GetCockpit	EXTENDED	SOURCE_ONLY	NO_MATCH_FOUND					reverse-engineering/binary-analysis/ghidra-function-name-table-2026-08-17.tsv;reverse-engineering/binary-analysis/function-c1-closure-2026-08-11.tsv;promoted CThing/CActor/CBattleEngine/CComplexThing semantic tables;resolved lexical owner	No supported target after repaired-owner direct-name search and promoted-semantic search; bounded negative only, not binary absence or proof of inlining/folding.	A named semantic/body/xref authority locating a compiler-emitted or folded retail implementation of `CBattleEngine::GetCockpit`.
"[""BattleEngine.h"",184,""GetWalkerPart"",""* GetWalkerPart()""]"	BattleEngine.h	184	GetWalkerPart	CBattleEngine::GetWalkerPart	EXTENDED	SOURCE_ONLY	NO_MATCH_FOUND					reverse-engineering/binary-analysis/ghidra-function-name-table-2026-08-17.tsv;reverse-engineering/binary-analysis/function-c1-closure-2026-08-11.tsv;promoted CThing/CActor/CBattleEngine/CComplexThing semantic tables;resolved lexical owner	No supported target after repaired-owner direct-name search and promoted-semantic search; bounded negative only, not binary absence or proof of inlining/folding.	A named semantic/body/xref authority locating a compiler-emitted or folded retail implementation of `CBattleEngine::GetWalkerPart`.
"[""BattleEngine.h"",185,""GetJetPart"",""* GetJetPart()""]"	BattleEngine.h	185	GetJetPart	CBattleEngine::GetJetPart	EXTENDED	SOURCE_ONLY	NO_MATCH_FOUND					reverse-engineering/binary-analysis/ghidra-function-name-table-2026-08-17.tsv;reverse-engineering/binary-analysis/function-c1-closure-2026-08-11.tsv;promoted CThing/CActor/CBattleEngine/CComplexThing semantic tables;resolved lexical owner	No supported target after repaired-owner direct-name search and promoted-semantic search; bounded negative only, not binary absence or proof of inlining/folding.	A named semantic/body/xref authority locating a compiler-emitted or folded retail implementation of `CBattleEngine::GetJetPart`.
"[""BattleEngine.h"",187,""BounceFactor"",""BounceFactor()""]"	BattleEngine.h	187	BounceFactor	CBattleEngine::BounceFactor	EXTENDED	SOURCE_ONLY	NO_MATCH_FOUND					reverse-engineering/binary-analysis/ghidra-function-name-table-2026-08-17.tsv;reverse-engineering/binary-analysis/function-c1-closure-2026-08-11.tsv;promoted CThing/CActor/CBattleEngine/CComplexThing semantic tables;resolved lexical owner	No supported target after repaired-owner direct-name search and promoted-semantic search; bounded negative only, not binary absence or proof of inlining/folding.	A named semantic/body/xref authority locating a compiler-emitted or folded retail implementation of `CBattleEngine::BounceFactor`.
"[""BattleEngine.h"",193,""GetTransformStartTime"",""GetTransformStartTime()""]"	BattleEngine.h	193	GetTransformStartTime	CBattleEngine::GetTransformStartTime	EXTENDED	SOURCE_ONLY	NO_MATCH_FOUND					reverse-engineering/binary-analysis/ghidra-function-name-table-2026-08-17.tsv;reverse-engineering/binary-analysis/function-c1-closure-2026-08-11.tsv;promoted CThing/CActor/CBattleEngine/CComplexThing semantic tables;resolved lexical owner	No supported target after repaired-owner direct-name search and promoted-semantic search; bounded negative only, not binary absence or proof of inlining/folding.	A named semantic/body/xref authority locating a compiler-emitted or folded retail implementation of `CBattleEngine::GetTransformStartTime`.
"[""BattleEngine.h"",195,""GetRadarWarningReceiver"",""*GetRadarWarningReceiver()""]"	BattleEngine.h	195	GetRadarWarningReceiver	CBattleEngine::GetRadarWarningReceiver	EXTENDED	SOURCE_ONLY	NO_MATCH_FOUND					reverse-engineering/binary-analysis/ghidra-function-name-table-2026-08-17.tsv;reverse-engineering/binary-analysis/function-c1-closure-2026-08-11.tsv;promoted CThing/CActor/CBattleEngine/CComplexThing semantic tables;resolved lexical owner	No supported target after repaired-owner direct-name search and promoted-semantic search; bounded negative only, not binary absence or proof of inlining/folding.	A named semantic/body/xref authority locating a compiler-emitted or folded retail implementation of `CBattleEngine::GetRadarWarningReceiver`.
"[""BattleEngine.h"",198,""ResetTarget"",""ResetTarget()""]"	BattleEngine.h	198	ResetTarget	CBattleEngine::ResetTarget	EXTENDED	SOURCE_ONLY	NO_MATCH_FOUND					reverse-engineering/binary-analysis/ghidra-function-name-table-2026-08-17.tsv;reverse-engineering/binary-analysis/function-c1-closure-2026-08-11.tsv;promoted CThing/CActor/CBattleEngine/CComplexThing semantic tables;resolved lexical owner	No supported target after repaired-owner direct-name search and promoted-semantic search; bounded negative only, not binary absence or proof of inlining/folding.	A named semantic/body/xref authority locating a compiler-emitted or folded retail implementation of `CBattleEngine::ResetTarget`.
"[""BattleEngine.h"",210,""GetWeaponOverheatedTime"",""GetWeaponOverheatedTime()""]"	BattleEngine.h	210	GetWeaponOverheatedTime	CBattleEngine::GetWeaponOverheatedTime	EXTENDED	SOURCE_ONLY	NO_MATCH_FOUND					reverse-engineering/binary-analysis/ghidra-function-name-table-2026-08-17.tsv;reverse-engineering/binary-analysis/function-c1-closure-2026-08-11.tsv;promoted CThing/CActor/CBattleEngine/CComplexThing semantic tables;resolved lexical owner	No supported target after repaired-owner direct-name search and promoted-semantic search; bounded negative only, not binary absence or proof of inlining/folding.	A named semantic/body/xref authority locating a compiler-emitted or folded retail implementation of `CBattleEngine::GetWeaponOverheatedTime`.
"[""BattleEngine.h"",226,""GetConfiguration"",""*GetConfiguration()""]"	BattleEngine.h	226	GetConfiguration	CBattleEngine::GetConfiguration	EXTENDED	SOURCE_ONLY	NO_MATCH_FOUND					reverse-engineering/binary-analysis/ghidra-function-name-table-2026-08-17.tsv;reverse-engineering/binary-analysis/function-c1-closure-2026-08-11.tsv;promoted CThing/CActor/CBattleEngine/CComplexThing semantic tables;resolved lexical owner	No supported target after repaired-owner direct-name search and promoted-semantic search; bounded negative only, not binary absence or proof of inlining/folding.	A named semantic/body/xref authority locating a compiler-emitted or folded retail implementation of `CBattleEngine::GetConfiguration`.
"[""BattleEngine.h"",227,""GetConfigurationName"",""* GetConfigurationName()""]"	BattleEngine.h	227	GetConfigurationName	CBattleEngine::GetConfigurationName	EXTENDED	SOURCE_ONLY	NO_MATCH_FOUND					reverse-engineering/binary-analysis/ghidra-function-name-table-2026-08-17.tsv;reverse-engineering/binary-analysis/function-c1-closure-2026-08-11.tsv;promoted CThing/CActor/CBattleEngine/CComplexThing semantic tables;resolved lexical owner	No supported target after repaired-owner direct-name search and promoted-semantic search; bounded negative only, not binary absence or proof of inlining/folding.	A named semantic/body/xref authority locating a compiler-emitted or folded retail implementation of `CBattleEngine::GetConfigurationName`.
"[""BattleEngine.h"",229,""SetPlayer"",""SetPlayer(class CPlayer *player)""]"	BattleEngine.h	229	SetPlayer	CBattleEngine::SetPlayer	EXTENDED	SOURCE_ONLY	NO_MATCH_FOUND					reverse-engineering/binary-analysis/ghidra-function-name-table-2026-08-17.tsv;reverse-engineering/binary-analysis/function-c1-closure-2026-08-11.tsv;promoted CThing/CActor/CBattleEngine/CComplexThing semantic tables;resolved lexical owner	No supported target after repaired-owner direct-name search and promoted-semantic search; bounded negative only, not binary absence or proof of inlining/folding.	A named semantic/body/xref authority locating a compiler-emitted or folded retail implementation of `CBattleEngine::SetPlayer`.
"[""BattleEngine.h"",234,""SetInfinateEnergy"",""SetInfinateEnergy(BOOL val)""]"	BattleEngine.h	234	SetInfinateEnergy	CBattleEngine::SetInfinateEnergy	EXTENDED	SOURCE_AGREES	SOURCE_EXACT	0x00405f20	CBattleEngine__VFunc_85_00405f20	C1_CANDIDATE_PARTIAL	OPEN_DARK	reverse-engineering/binary-analysis/cbattleengine-vtable-semantics-2026-08-11.tsv	Preserves the source spelling; stores the flag and refills energy from configuration	Contradictory pristine-byte or independently reviewed semantic evidence showing this VA does not implement this exact source line/signature.
"[""BattleEngine.h"",238,""GetSoundMaterial"",""GetSoundMaterial()""]"	BattleEngine.h	238	GetSoundMaterial	CBattleEngine::GetSoundMaterial	EXTENDED	SOURCE_AGREES	SOURCE_EXACT	0x00405f40	CBattleEngine__VFunc_43_00405f40	C1_CANDIDATE_PARTIAL	OPEN_EXECUTED	reverse-engineering/binary-analysis/cbattleengine-vtable-semantics-2026-08-11.tsv	Returns exact SM_BATTLE_ENGINE value 0x68	Contradictory pristine-byte or independently reviewed semantic evidence showing this VA does not implement this exact source line/signature.
"[""BattleEngine.h"",250,""IsAThreat"",""IsAThreat()""]"	BattleEngine.h	250	IsAThreat	CBattleEngine::IsAThreat	EXTENDED	SOURCE_ONLY	NO_MATCH_FOUND					reverse-engineering/binary-analysis/ghidra-function-name-table-2026-08-17.tsv;reverse-engineering/binary-analysis/function-c1-closure-2026-08-11.tsv;promoted CThing/CActor/CBattleEngine/CComplexThing semantic tables;resolved lexical owner	No supported target after repaired-owner direct-name search and promoted-semantic search; bounded negative only, not binary absence or proof of inlining/folding.	A named semantic/body/xref authority locating a compiler-emitted or folded retail implementation of `CBattleEngine::IsAThreat`.
"[""BattleEngine.h"",252,""GetPlayer"",""*GetPlayer()""]"	BattleEngine.h	252	GetPlayer	CBattleEngine::GetPlayer	EXTENDED	SOURCE_ONLY	NO_MATCH_FOUND					reverse-engineering/binary-analysis/ghidra-function-name-table-2026-08-17.tsv;reverse-engineering/binary-analysis/function-c1-closure-2026-08-11.tsv;promoted CThing/CActor/CBattleEngine/CComplexThing semantic tables;resolved lexical owner	No supported target after repaired-owner direct-name search and promoted-semantic search; bounded negative only, not binary absence or proof of inlining/folding.	A named semantic/body/xref authority locating a compiler-emitted or folded retail implementation of `CBattleEngine::GetPlayer`.
"[""BattleEngine.h"",257,""GetChangedWeaponTime"",""GetChangedWeaponTime()""]"	BattleEngine.h	257	GetChangedWeaponTime	CBattleEngine::GetChangedWeaponTime	EXTENDED	SOURCE_ONLY	NO_MATCH_FOUND					reverse-engineering/binary-analysis/ghidra-function-name-table-2026-08-17.tsv;reverse-engineering/binary-analysis/function-c1-closure-2026-08-11.tsv;promoted CThing/CActor/CBattleEngine/CComplexThing semantic tables;resolved lexical owner	No supported target after repaired-owner direct-name search and promoted-semantic search; bounded negative only, not binary absence or proof of inlining/folding.	A named semantic/body/xref authority locating a compiler-emitted or folded retail implementation of `CBattleEngine::GetChangedWeaponTime`.
"[""BattleEngine.h"",260,""GetLowEnergyStartTime"",""GetLowEnergyStartTime()""]"	BattleEngine.h	260	GetLowEnergyStartTime	CBattleEngine::GetLowEnergyStartTime	EXTENDED	SOURCE_ONLY	NO_MATCH_FOUND					reverse-engineering/binary-analysis/ghidra-function-name-table-2026-08-17.tsv;reverse-engineering/binary-analysis/function-c1-closure-2026-08-11.tsv;promoted CThing/CActor/CBattleEngine/CComplexThing semantic tables;resolved lexical owner	No supported target after repaired-owner direct-name search and promoted-semantic search; bounded negative only, not binary absence or proof of inlining/folding.	A named semantic/body/xref authority locating a compiler-emitted or folded retail implementation of `CBattleEngine::GetLowEnergyStartTime`.
"[""BattleEngine.h"",261,""GetLowArmourStartTime"",""GetLowArmourStartTime()""]"	BattleEngine.h	261	GetLowArmourStartTime	CBattleEngine::GetLowArmourStartTime	EXTENDED	SOURCE_ONLY	NO_MATCH_FOUND					reverse-engineering/binary-analysis/ghidra-function-name-table-2026-08-17.tsv;reverse-engineering/binary-analysis/function-c1-closure-2026-08-11.tsv;promoted CThing/CActor/CBattleEngine/CComplexThing semantic tables;resolved lexical owner	No supported target after repaired-owner direct-name search and promoted-semantic search; bounded negative only, not binary absence or proof of inlining/folding.	A named semantic/body/xref authority locating a compiler-emitted or folded retail implementation of `CBattleEngine::GetLowArmourStartTime`.
"[""BattleEngine.h"",262,""GetDangerStartTime"",""GetDangerStartTime()""]"	BattleEngine.h	262	GetDangerStartTime	CBattleEngine::GetDangerStartTime	EXTENDED	SOURCE_ONLY	NO_MATCH_FOUND					reverse-engineering/binary-analysis/ghidra-function-name-table-2026-08-17.tsv;reverse-engineering/binary-analysis/function-c1-closure-2026-08-11.tsv;promoted CThing/CActor/CBattleEngine/CComplexThing semantic tables;resolved lexical owner	No supported target after repaired-owner direct-name search and promoted-semantic search; bounded negative only, not binary absence or proof of inlining/folding.	A named semantic/body/xref authority locating a compiler-emitted or folded retail implementation of `CBattleEngine::GetDangerStartTime`.
"[""BattleEngine.h"",265,""IsStalling"",""IsStalling()""]"	BattleEngine.h	265	IsStalling	CBattleEngine::IsStalling	EXTENDED	SOURCE_ONLY	NO_MATCH_FOUND					reverse-engineering/binary-analysis/ghidra-function-name-table-2026-08-17.tsv;reverse-engineering/binary-analysis/function-c1-closure-2026-08-11.tsv;promoted CThing/CActor/CBattleEngine/CComplexThing semantic tables;resolved lexical owner	No supported target after repaired-owner direct-name search and promoted-semantic search; bounded negative only, not binary absence or proof of inlining/folding.	A named semantic/body/xref authority locating a compiler-emitted or folded retail implementation of `CBattleEngine::IsStalling`.
"[""BattleEngine.h"",266,""GetStallTime"",""GetStallTime()""]"	BattleEngine.h	266	GetStallTime	CBattleEngine::GetStallTime	EXTENDED	SOURCE_ONLY	NO_MATCH_FOUND					reverse-engineering/binary-analysis/ghidra-function-name-table-2026-08-17.tsv;reverse-engineering/binary-analysis/function-c1-closure-2026-08-11.tsv;promoted CThing/CActor/CBattleEngine/CComplexThing semantic tables;resolved lexical owner	No supported target after repaired-owner direct-name search and promoted-semantic search; bounded negative only, not binary absence or proof of inlining/folding.	A named semantic/body/xref authority locating a compiler-emitted or folded retail implementation of `CBattleEngine::GetStallTime`.
"[""BattleEngine.h"",267,""GetAugmentedTime"",""GetAugmentedTime()""]"	BattleEngine.h	267	GetAugmentedTime	CBattleEngine::GetAugmentedTime	EXTENDED	SOURCE_ONLY	NO_MATCH_FOUND					reverse-engineering/binary-analysis/ghidra-function-name-table-2026-08-17.tsv;reverse-engineering/binary-analysis/function-c1-closure-2026-08-11.tsv;promoted CThing/CActor/CBattleEngine/CComplexThing semantic tables;resolved lexical owner	No supported target after repaired-owner direct-name search and promoted-semantic search; bounded negative only, not binary absence or proof of inlining/folding.	A named semantic/body/xref authority locating a compiler-emitted or folded retail implementation of `CBattleEngine::GetAugmentedTime`.
"[""BattleEngine.h"",274,""GetStealth"",""GetStealth()""]"	BattleEngine.h	274	GetStealth	CBattleEngine::GetStealth	EXTENDED	SOURCE_AGREES	SOURCE_EXACT	0x00405f50	CBattleEngine__VFunc_91_00405f50	C1_CANDIDATE_PARTIAL	OPEN_EXECUTED	reverse-engineering/binary-analysis/cbattleengine-vtable-semantics-2026-08-11.tsv	Returns the Battle Engine stealth field used by target-lock logic	Contradictory pristine-byte or independently reviewed semantic evidence showing this VA does not implement this exact source line/signature.
"[""BattleEngine.h"",276,""GetCanBeImpostered"",""GetCanBeImpostered()""]"	BattleEngine.h	276	GetCanBeImpostered	CBattleEngine::GetCanBeImpostered	EXTENDED	SOURCE_ONLY	NO_MATCH_FOUND					reverse-engineering/binary-analysis/ghidra-function-name-table-2026-08-17.tsv;reverse-engineering/binary-analysis/function-c1-closure-2026-08-11.tsv;promoted CThing/CActor/CBattleEngine/CComplexThing semantic tables;resolved lexical owner	No supported target after repaired-owner direct-name search and promoted-semantic search; bounded negative only, not binary absence or proof of inlining/folding.	A named semantic/body/xref authority locating a compiler-emitted or folded retail implementation of `CBattleEngine::GetCanBeImpostered`.
"[""BattleEngine.h"",279,""GetAugActiveTime"",""GetAugActiveTime()""]"	BattleEngine.h	279	GetAugActiveTime	CBattleEngine::GetAugActiveTime	EXTENDED	SOURCE_ONLY	NO_MATCH_FOUND					reverse-engineering/binary-analysis/ghidra-function-name-table-2026-08-17.tsv;reverse-engineering/binary-analysis/function-c1-closure-2026-08-11.tsv;promoted CThing/CActor/CBattleEngine/CComplexThing semantic tables;resolved lexical owner	No supported target after repaired-owner direct-name search and promoted-semantic search; bounded negative only, not binary absence or proof of inlining/folding.	A named semantic/body/xref authority locating a compiler-emitted or folded retail implementation of `CBattleEngine::GetAugActiveTime`.
"[""BattleEngine.h"",280,""GetAugValue"",""GetAugValue()""]"	BattleEngine.h	280	GetAugValue	CBattleEngine::GetAugValue	EXTENDED	SOURCE_ONLY	NO_MATCH_FOUND					reverse-engineering/binary-analysis/ghidra-function-name-table-2026-08-17.tsv;reverse-engineering/binary-analysis/function-c1-closure-2026-08-11.tsv;promoted CThing/CActor/CBattleEngine/CComplexThing semantic tables;resolved lexical owner	No supported target after repaired-owner direct-name search and promoted-semantic search; bounded negative only, not binary absence or proof of inlining/folding.	A named semantic/body/xref authority locating a compiler-emitted or folded retail implementation of `CBattleEngine::GetAugValue`.
"[""BattleEngine.h"",281,""IsAugActive"",""IsAugActive()""]"	BattleEngine.h	281	IsAugActive	CBattleEngine::IsAugActive	EXTENDED	SOURCE_ONLY	NO_MATCH_FOUND					reverse-engineering/binary-analysis/ghidra-function-name-table-2026-08-17.tsv;reverse-engineering/binary-analysis/function-c1-closure-2026-08-11.tsv;promoted CThing/CActor/CBattleEngine/CComplexThing semantic tables;resolved lexical owner	No supported target after repaired-owner direct-name search and promoted-semantic search; bounded negative only, not binary absence or proof of inlining/folding.	A named semantic/body/xref authority locating a compiler-emitted or folded retail implementation of `CBattleEngine::IsAugActive`.
"[""BattleEngine.h"",310,""GetAmmoDepletedTime"",""GetAmmoDepletedTime()""]"	BattleEngine.h	310	GetAmmoDepletedTime	CBattleEngine::GetAmmoDepletedTime	EXTENDED	SOURCE_ONLY	NO_MATCH_FOUND					reverse-engineering/binary-analysis/ghidra-function-name-table-2026-08-17.tsv;reverse-engineering/binary-analysis/function-c1-closure-2026-08-11.tsv;promoted CThing/CActor/CBattleEngine/CComplexThing semantic tables;resolved lexical owner	No supported target after repaired-owner direct-name search and promoted-semantic search; bounded negative only, not binary absence or proof of inlining/folding.	A named semantic/body/xref authority locating a compiler-emitted or folded retail implementation of `CBattleEngine::GetAmmoDepletedTime`.
"[""BattleEngine.h"",314,""PlayIncommingMissileSound"",""PlayIncommingMissileSound()""]"	BattleEngine.h	314	PlayIncommingMissileSound	CBattleEngine::PlayIncommingMissileSound	EXTENDED	SOURCE_ONLY	NO_MATCH_FOUND					reverse-engineering/binary-analysis/ghidra-function-name-table-2026-08-17.tsv;reverse-engineering/binary-analysis/function-c1-closure-2026-08-11.tsv;promoted CThing/CActor/CBattleEngine/CComplexThing semantic tables;resolved lexical owner	No supported target after repaired-owner direct-name search and promoted-semantic search; bounded negative only, not binary absence or proof of inlining/folding.	A named semantic/body/xref authority locating a compiler-emitted or folded retail implementation of `CBattleEngine::PlayIncommingMissileSound`.
"[""BattleEngine.h"",324,""GetDamageFlashList"",""* GetDamageFlashList()""]"	BattleEngine.h	324	GetDamageFlashList	CBattleEngine::GetDamageFlashList	EXTENDED	SOURCE_ONLY	NO_MATCH_FOUND					reverse-engineering/binary-analysis/ghidra-function-name-table-2026-08-17.tsv;reverse-engineering/binary-analysis/function-c1-closure-2026-08-11.tsv;promoted CThing/CActor/CBattleEngine/CComplexThing semantic tables;resolved lexical owner	No supported target after repaired-owner direct-name search and promoted-semantic search; bounded negative only, not binary absence or proof of inlining/folding.	A named semantic/body/xref authority locating a compiler-emitted or folded retail implementation of `CBattleEngine::GetDamageFlashList`.
"[""BattleEngineConfigurations.h"",26,""UBattleEngineConfigurations::CountConfigurations"",""CountConfigurations()""]"	BattleEngineConfigurations.h	26	UBattleEngineConfigurations::CountConfigurations	UBattleEngineConfigurations::CountConfigurations	REUSED	SOURCE_ONLY	NO_MATCH_FOUND					reverse-engineering/binary-analysis/ghidra-function-name-table-2026-08-17.tsv;reverse-engineering/binary-analysis/function-c1-closure-2026-08-11.tsv;promoted CThing/CActor/CBattleEngine/CComplexThing semantic tables;resolved lexical owner	No supported target after repaired-owner direct-name search and promoted-semantic search; bounded negative only, not binary absence or proof of inlining/folding.	A named semantic/body/xref authority locating a compiler-emitted or folded retail implementation of `UBattleEngineConfigurations::CountConfigurations`.
"[""BattleEngineDataManager.h"",270,""UBattleEngineDataManager::CountConfigurations"",""CountConfigurations()""]"	BattleEngineDataManager.h	270	UBattleEngineDataManager::CountConfigurations	UBattleEngineDataManager::CountConfigurations	REUSED	SOURCE_ONLY	NO_MATCH_FOUND					reverse-engineering/binary-analysis/ghidra-function-name-table-2026-08-17.tsv;reverse-engineering/binary-analysis/function-c1-closure-2026-08-11.tsv;promoted CThing/CActor/CBattleEngine/CComplexThing semantic tables;resolved lexical owner	No supported target after repaired-owner direct-name search and promoted-semantic search; bounded negative only, not binary absence or proof of inlining/folding.	A named semantic/body/xref authority locating a compiler-emitted or folded retail implementation of `UBattleEngineDataManager::CountConfigurations`.
"[""BattleEngineJetPart.h"",37,""CBattleEngineJetPart::GetFlightModel"",""GetFlightModel()""]"	BattleEngineJetPart.h	37	CBattleEngineJetPart::GetFlightModel	CBattleEngineJetPart::GetFlightModel	REUSED	SOURCE_ONLY	NO_MATCH_FOUND					reverse-engineering/binary-analysis/ghidra-function-name-table-2026-08-17.tsv;reverse-engineering/binary-analysis/function-c1-closure-2026-08-11.tsv;promoted CThing/CActor/CBattleEngine/CComplexThing semantic tables;resolved lexical owner	No supported target after repaired-owner direct-name search and promoted-semantic search; bounded negative only, not binary absence or proof of inlining/folding.	A named semantic/body/xref authority locating a compiler-emitted or folded retail implementation of `CBattleEngineJetPart::GetFlightModel`.
"[""BattleEngineJetPart.h"",38,""CBattleEngineJetPart::SetFlightModel"",""SetFlightModel(EJetFlightModel nm)""]"	BattleEngineJetPart.h	38	CBattleEngineJetPart::SetFlightModel	CBattleEngineJetPart::SetFlightModel	REUSED	SOURCE_ONLY	NO_MATCH_FOUND					reverse-engineering/binary-analysis/ghidra-function-name-table-2026-08-17.tsv;reverse-engineering/binary-analysis/function-c1-closure-2026-08-11.tsv;promoted CThing/CActor/CBattleEngine/CComplexThing semantic tables;resolved lexical owner	No supported target after repaired-owner direct-name search and promoted-semantic search; bounded negative only, not binary absence or proof of inlining/folding.	A named semantic/body/xref authority locating a compiler-emitted or folded retail implementation of `CBattleEngineJetPart::SetFlightModel`.
"[""BattleEngineJetPart.h"",77,""CBattleEngineJetPart::DoingLoop"",""DoingLoop()""]"	BattleEngineJetPart.h	77	CBattleEngineJetPart::DoingLoop	CBattleEngineJetPart::DoingLoop	REUSED	SOURCE_ONLY	NO_MATCH_FOUND					reverse-engineering/binary-analysis/ghidra-function-name-table-2026-08-17.tsv;reverse-engineering/binary-analysis/function-c1-closure-2026-08-11.tsv;promoted CThing/CActor/CBattleEngine/CComplexThing semantic tables;resolved lexical owner	No supported target after repaired-owner direct-name search and promoted-semantic search; bounded negative only, not binary absence or proof of inlining/folding.	A named semantic/body/xref authority locating a compiler-emitted or folded retail implementation of `CBattleEngineJetPart::DoingLoop`.
"[""BattleEngineJetPart.h"",78,""CBattleEngineJetPart::DoingRoll"",""DoingRoll()""]"	BattleEngineJetPart.h	78	CBattleEngineJetPart::DoingRoll	CBattleEngineJetPart::DoingRoll	REUSED	SOURCE_ONLY	NO_MATCH_FOUND					reverse-engineering/binary-analysis/ghidra-function-name-table-2026-08-17.tsv;reverse-engineering/binary-analysis/function-c1-closure-2026-08-11.tsv;promoted CThing/CActor/CBattleEngine/CComplexThing semantic tables;resolved lexical owner	No supported target after repaired-owner direct-name search and promoted-semantic search; bounded negative only, not binary absence or proof of inlining/folding.	A named semantic/body/xref authority locating a compiler-emitted or folded retail implementation of `CBattleEngineJetPart::DoingRoll`.
"[""BattleEngineJetPart.h"",80,""CBattleEngineJetPart::GetThrusterValue"",""GetThrusterValue()""]"	BattleEngineJetPart.h	80	CBattleEngineJetPart::GetThrusterValue	CBattleEngineJetPart::GetThrusterValue	REUSED	SOURCE_ONLY	NO_MATCH_FOUND					reverse-engineering/binary-analysis/ghidra-function-name-table-2026-08-17.tsv;reverse-engineering/binary-analysis/function-c1-closure-2026-08-11.tsv;promoted CThing/CActor/CBattleEngine/CComplexThing semantic tables;resolved lexical owner	No supported target after repaired-owner direct-name search and promoted-semantic search; bounded negative only, not binary absence or proof of inlining/folding.	A named semantic/body/xref authority locating a compiler-emitted or folded retail implementation of `CBattleEngineJetPart::GetThrusterValue`.
"[""BattleEngineWalkerPart.h"",37,""CBattleEngineWalkerPart::GetCurrentWalkCycle"",""GetCurrentWalkCycle()""]"	BattleEngineWalkerPart.h	37	CBattleEngineWalkerPart::GetCurrentWalkCycle	CBattleEngineWalkerPart::GetCurrentWalkCycle	REUSED	SOURCE_ONLY	NO_MATCH_FOUND					reverse-engineering/binary-analysis/ghidra-function-name-table-2026-08-17.tsv;reverse-engineering/binary-analysis/function-c1-closure-2026-08-11.tsv;promoted CThing/CActor/CBattleEngine/CComplexThing semantic tables;resolved lexical owner	No supported target after repaired-owner direct-name search and promoted-semantic search; bounded negative only, not binary absence or proof of inlining/folding.	A named semantic/body/xref authority locating a compiler-emitted or folded retail implementation of `CBattleEngineWalkerPart::GetCurrentWalkCycle`.
"[""BattleEngineWalkerPart.h"",38,""CBattleEngineWalkerPart::GetOldWalkCycle"",""GetOldWalkCycle()""]"	BattleEngineWalkerPart.h	38	CBattleEngineWalkerPart::GetOldWalkCycle	CBattleEngineWalkerPart::GetOldWalkCycle	REUSED	SOURCE_ONLY	NO_MATCH_FOUND					reverse-engineering/binary-analysis/ghidra-function-name-table-2026-08-17.tsv;reverse-engineering/binary-analysis/function-c1-closure-2026-08-11.tsv;promoted CThing/CActor/CBattleEngine/CComplexThing semantic tables;resolved lexical owner	No supported target after repaired-owner direct-name search and promoted-semantic search; bounded negative only, not binary absence or proof of inlining/folding.	A named semantic/body/xref authority locating a compiler-emitted or folded retail implementation of `CBattleEngineWalkerPart::GetOldWalkCycle`.
"[""BattleEngineWalkerPart.h"",48,""CBattleEngineWalkerPart::GetPrimaryWeapon"",""* GetPrimaryWeapon()""]"	BattleEngineWalkerPart.h	48	CBattleEngineWalkerPart::GetPrimaryWeapon	CBattleEngineWalkerPart::GetPrimaryWeapon	REUSED	SOURCE_ONLY	NO_MATCH_FOUND					reverse-engineering/binary-analysis/ghidra-function-name-table-2026-08-17.tsv;reverse-engineering/binary-analysis/function-c1-closure-2026-08-11.tsv;promoted CThing/CActor/CBattleEngine/CComplexThing semantic tables;resolved lexical owner	No supported target after repaired-owner direct-name search and promoted-semantic search; bounded negative only, not binary absence or proof of inlining/folding.	A named semantic/body/xref authority locating a compiler-emitted or folded retail implementation of `CBattleEngineWalkerPart::GetPrimaryWeapon`.
"[""BattleEngineWalkerPart.h"",49,""CBattleEngineWalkerPart::GetAugWeapon"",""* GetAugWeapon()""]"	BattleEngineWalkerPart.h	49	CBattleEngineWalkerPart::GetAugWeapon	CBattleEngineWalkerPart::GetAugWeapon	REUSED	SOURCE_ONLY	NO_MATCH_FOUND					reverse-engineering/binary-analysis/ghidra-function-name-table-2026-08-17.tsv;reverse-engineering/binary-analysis/function-c1-closure-2026-08-11.tsv;promoted CThing/CActor/CBattleEngine/CComplexThing semantic tables;resolved lexical owner	No supported target after repaired-owner direct-name search and promoted-semantic search; bounded negative only, not binary absence or proof of inlining/folding.	A named semantic/body/xref authority locating a compiler-emitted or folded retail implementation of `CBattleEngineWalkerPart::GetAugWeapon`.
"[""BattleEngineWalkerPart.h"",74,""CBattleEngineWalkerPart::GetDashCount"",""GetDashCount()""]"	BattleEngineWalkerPart.h	74	CBattleEngineWalkerPart::GetDashCount	CBattleEngineWalkerPart::GetDashCount	REUSED	SOURCE_ONLY	NO_MATCH_FOUND					reverse-engineering/binary-analysis/ghidra-function-name-table-2026-08-17.tsv;reverse-engineering/binary-analysis/function-c1-closure-2026-08-11.tsv;promoted CThing/CActor/CBattleEngine/CComplexThing semantic tables;resolved lexical owner	No supported target after repaired-owner direct-name search and promoted-semantic search; bounded negative only, not binary absence or proof of inlining/folding.	A named semantic/body/xref authority locating a compiler-emitted or folded retail implementation of `CBattleEngineWalkerPart::GetDashCount`.
"[""Camera.cpp"",344,""CPanCamera::CPanCamera"",""CPanCamera::CPanCamera(CThing* for_thing, CBSpline* curve, float length)""]"	Camera.cpp	344	CPanCamera::CPanCamera	CPanCamera::CPanCamera	REUSED	RETAIL_UNRESOLVED	SOURCE_ANALOG	0x004198d0	CPanCamera__ctor	C1_CANDIDATE_PARTIAL	OPEN_EXECUTED	reverse-engineering/binary-analysis/ghidra-fullpass-findings/W001/adversarial/B15.md	Adversarial plate confirms CPanCamera constructor fields, vtables, Update call, and three known callers; retained as bounded analog.	A cold body/ABI read that refutes this named analog, or stronger same-function evidence that promotes it to SOURCE_EXACT.
"[""Camera.cpp"",717,""CControllableCamera::CControllableCamera"",""CControllableCamera::CControllableCamera(FVector pos, FMatrix orientation)""]"	Camera.cpp	717	CControllableCamera::CControllableCamera	CControllableCamera::CControllableCamera	REUSED	RETAIL_UNRESOLVED	SOURCE_ANALOG	0x0041a740	CControllableCamera__ctor	C1_CANDIDATE_PARTIAL	OPEN_DARK	reverse-engineering/binary-analysis/ghidra-fullpass-findings/W002/adversarial/B01.md	Adversarial plate confirms the expanded by-value constructor footprint and current/old/temp pose shape; missing-neighbor risk remains.	A cold body/ABI read that refutes this named analog, or stronger same-function evidence that promotes it to SOURCE_EXACT.
"[""Camera.h"",24,""CCamera::GetOldPos"",""GetOldPos()""]"	Camera.h	24	CCamera::GetOldPos	CCamera::GetOldPos	REUSED	SOURCE_ONLY	NO_MATCH_FOUND					reverse-engineering/binary-analysis/ghidra-function-name-table-2026-08-17.tsv;reverse-engineering/binary-analysis/function-c1-closure-2026-08-11.tsv;promoted CThing/CActor/CBattleEngine/CComplexThing semantic tables;resolved lexical owner	No supported target after repaired-owner direct-name search and promoted-semantic search; bounded negative only, not binary absence or proof of inlining/folding.	A named semantic/body/xref authority locating a compiler-emitted or folded retail implementation of `CCamera::GetOldPos`.
"[""Camera.h"",25,""CCamera::GetOldOrientation"",""GetOldOrientation()""]"	Camera.h	25	CCamera::GetOldOrientation	CCamera::GetOldOrientation	REUSED	SOURCE_ONLY	NO_MATCH_FOUND					reverse-engineering/binary-analysis/ghidra-function-name-table-2026-08-17.tsv;reverse-engineering/binary-analysis/function-c1-closure-2026-08-11.tsv;promoted CThing/CActor/CBattleEngine/CComplexThing semantic tables;resolved lexical owner	No supported target after repaired-owner direct-name search and promoted-semantic search; bounded negative only, not binary absence or proof of inlining/folding.	A named semantic/body/xref authority locating a compiler-emitted or folded retail implementation of `CCamera::GetOldOrientation`.
"[""Camera.h"",27,""CCamera::GetOldZoom"",""GetOldZoom()""]"	Camera.h	27	CCamera::GetOldZoom	CCamera::GetOldZoom	REUSED	SOURCE_ONLY	NO_MATCH_FOUND					reverse-engineering/binary-analysis/ghidra-function-name-table-2026-08-17.tsv;reverse-engineering/binary-analysis/function-c1-closure-2026-08-11.tsv;promoted CThing/CActor/CBattleEngine/CComplexThing semantic tables;resolved lexical owner	No supported target after repaired-owner direct-name search and promoted-semantic search; bounded negative only, not binary absence or proof of inlining/folding.	A named semantic/body/xref authority locating a compiler-emitted or folded retail implementation of `CCamera::GetOldZoom`.
"[""Camera.h"",30,""CCamera::~dtor"",""~CCamera()""]"	Camera.h	30	CCamera::~dtor	CCamera::~dtor	REUSED	RETAIL_UNRESOLVED	NO_MATCH_FOUND					pinned source;reverse-engineering/binary-analysis/ghidra-function-name-table-2026-08-17.tsv;reverse-engineering/binary-analysis/function-c1-closure-2026-08-11.tsv;full-pass destructor plates	Destructor body versus scalar/vector deleting wrapper is unresolved; wrapper spelling alone cannot prove the source destructor.	Static ABI/xref/body evidence resolving whether retail emits or wraps `CCamera::~dtor`.
"[""Camera.h"",43,""CThingCamera::CThingCamera"",""CThingCamera(CThing* for_thing)""]"	Camera.h	43	CThingCamera::CThingCamera	CThingCamera::CThingCamera	REUSED	SOURCE_ONLY	NO_MATCH_FOUND					reverse-engineering/binary-analysis/ghidra-function-name-table-2026-08-17.tsv;reverse-engineering/binary-analysis/function-c1-closure-2026-08-11.tsv;promoted CThing/CActor/CBattleEngine/CComplexThing semantic tables;resolved lexical owner	No supported target after repaired-owner direct-name search and promoted-semantic search; bounded negative only, not binary absence or proof of inlining/folding.	A named semantic/body/xref authority locating a compiler-emitted or folded retail implementation of `CThingCamera::CThingCamera`.
"[""Camera.h"",51,""CThingCamera::GetThing"",""* GetThing()""]"	Camera.h	51	CThingCamera::GetThing	CThingCamera::GetThing	REUSED	SOURCE_ONLY	NO_MATCH_FOUND					reverse-engineering/binary-analysis/ghidra-function-name-table-2026-08-17.tsv;reverse-engineering/binary-analysis/function-c1-closure-2026-08-11.tsv;promoted CThing/CActor/CBattleEngine/CComplexThing semantic tables;resolved lexical owner	No supported target after repaired-owner direct-name search and promoted-semantic search; bounded negative only, not binary absence or proof of inlining/folding.	A named semantic/body/xref authority locating a compiler-emitted or folded retail implementation of `CThingCamera::GetThing`.
"[""Camera.h"",68,""CThing3rdPersonCamera::GetIsThingCamera"",""* GetIsThingCamera()""]"	Camera.h	68	CThing3rdPersonCamera::GetIsThingCamera	CThing3rdPersonCamera::GetIsThingCamera	REUSED	SOURCE_ONLY	NO_MATCH_FOUND					reverse-engineering/binary-analysis/ghidra-function-name-table-2026-08-17.tsv;reverse-engineering/binary-analysis/function-c1-closure-2026-08-11.tsv;promoted CThing/CActor/CBattleEngine/CComplexThing semantic tables;resolved lexical owner	No supported target after repaired-owner direct-name search and promoted-semantic search; bounded negative only, not binary absence or proof of inlining/folding.	A named semantic/body/xref authority locating a compiler-emitted or folded retail implementation of `CThing3rdPersonCamera::GetIsThingCamera`.
"[""Camera.h"",72,""CThing3rdPersonCamera::GetThing"",""* GetThing()""]"	Camera.h	72	CThing3rdPersonCamera::GetThing	CThing3rdPersonCamera::GetThing	REUSED	SOURCE_ONLY	NO_MATCH_FOUND					reverse-engineering/binary-analysis/ghidra-function-name-table-2026-08-17.tsv;reverse-engineering/binary-analysis/function-c1-closure-2026-08-11.tsv;promoted CThing/CActor/CBattleEngine/CComplexThing semantic tables;resolved lexical owner	No supported target after repaired-owner direct-name search and promoted-semantic search; bounded negative only, not binary absence or proof of inlining/folding.	A named semantic/body/xref authority locating a compiler-emitted or folded retail implementation of `CThing3rdPersonCamera::GetThing`.
"[""Camera.h"",126,""CPanCamera::GetZoom"",""GetZoom()""]"	Camera.h	126	CPanCamera::GetZoom	CPanCamera::GetZoom	REUSED	SOURCE_ONLY	NO_MATCH_FOUND					reverse-engineering/binary-analysis/ghidra-function-name-table-2026-08-17.tsv;reverse-engineering/binary-analysis/function-c1-closure-2026-08-11.tsv;promoted CThing/CActor/CBattleEngine/CComplexThing semantic tables;resolved lexical owner	No supported target after repaired-owner direct-name search and promoted-semantic search; bounded negative only, not binary absence or proof of inlining/folding.	A named semantic/body/xref authority locating a compiler-emitted or folded retail implementation of `CPanCamera::GetZoom`.
"[""Camera.h"",127,""CPanCamera::GetShowHUD"",""GetShowHUD()""]"	Camera.h	127	CPanCamera::GetShowHUD	CPanCamera::GetShowHUD	REUSED	SOURCE_ONLY	NO_MATCH_FOUND					reverse-engineering/binary-analysis/ghidra-function-name-table-2026-08-17.tsv;reverse-engineering/binary-analysis/function-c1-closure-2026-08-11.tsv;promoted CThing/CActor/CBattleEngine/CComplexThing semantic tables;resolved lexical owner	No supported target after repaired-owner direct-name search and promoted-semantic search; bounded negative only, not binary absence or proof of inlining/folding.	A named semantic/body/xref authority locating a compiler-emitted or folded retail implementation of `CPanCamera::GetShowHUD`.
"[""Camera.h"",176,""CControllableCamera::GetPos"",""GetPos()""]"	Camera.h	176	CControllableCamera::GetPos	CControllableCamera::GetPos	REUSED	SOURCE_ONLY	NO_MATCH_FOUND					reverse-engineering/binary-analysis/ghidra-function-name-table-2026-08-17.tsv;reverse-engineering/binary-analysis/function-c1-closure-2026-08-11.tsv;promoted CThing/CActor/CBattleEngine/CComplexThing semantic tables;resolved lexical owner	No supported target after repaired-owner direct-name search and promoted-semantic search; bounded negative only, not binary absence or proof of inlining/folding.	A named semantic/body/xref authority locating a compiler-emitted or folded retail implementation of `CControllableCamera::GetPos`.
"[""Camera.h"",177,""CControllableCamera::GetOrientation"",""GetOrientation()""]"	Camera.h	177	CControllableCamera::GetOrientation	CControllableCamera::GetOrientation	REUSED	SOURCE_ONLY	NO_MATCH_FOUND					reverse-engineering/binary-analysis/ghidra-function-name-table-2026-08-17.tsv;reverse-engineering/binary-analysis/function-c1-closure-2026-08-11.tsv;promoted CThing/CActor/CBattleEngine/CComplexThing semantic tables;resolved lexical owner	No supported target after repaired-owner direct-name search and promoted-semantic search; bounded negative only, not binary absence or proof of inlining/folding.	A named semantic/body/xref authority locating a compiler-emitted or folded retail implementation of `CControllableCamera::GetOrientation`.
"[""Camera.h"",178,""CControllableCamera::GetZoom"",""GetZoom()""]"	Camera.h	178	CControllableCamera::GetZoom	CControllableCamera::GetZoom	REUSED	SOURCE_ONLY	NO_MATCH_FOUND					reverse-engineering/binary-analysis/ghidra-function-name-table-2026-08-17.tsv;reverse-engineering/binary-analysis/function-c1-closure-2026-08-11.tsv;promoted CThing/CActor/CBattleEngine/CComplexThing semantic tables;resolved lexical owner	No supported target after repaired-owner direct-name search and promoted-semantic search; bounded negative only, not binary absence or proof of inlining/folding.	A named semantic/body/xref authority locating a compiler-emitted or folded retail implementation of `CControllableCamera::GetZoom`.
"[""Camera.h"",179,""CControllableCamera::GetShowHUD"",""GetShowHUD()""]"	Camera.h	179	CControllableCamera::GetShowHUD	CControllableCamera::GetShowHUD	REUSED	SOURCE_ONLY	NO_MATCH_FOUND					reverse-engineering/binary-analysis/ghidra-function-name-table-2026-08-17.tsv;reverse-engineering/binary-analysis/function-c1-closure-2026-08-11.tsv;promoted CThing/CActor/CBattleEngine/CComplexThing semantic tables;resolved lexical owner	No supported target after repaired-owner direct-name search and promoted-semantic search; bounded negative only, not binary absence or proof of inlining/folding.	A named semantic/body/xref authority locating a compiler-emitted or folded retail implementation of `CControllableCamera::GetShowHUD`.
"[""Camera.h"",180,""CControllableCamera::CanBeControlledWhenInPause"",""CanBeControlledWhenInPause()""]"	Camera.h	180	CControllableCamera::CanBeControlledWhenInPause	CControllableCamera::CanBeControlledWhenInPause	REUSED	SOURCE_ONLY	NO_MATCH_FOUND					reverse-engineering/binary-analysis/ghidra-function-name-table-2026-08-17.tsv;reverse-engineering/binary-analysis/function-c1-closure-2026-08-11.tsv;promoted CThing/CActor/CBattleEngine/CComplexThing semantic tables;resolved lexical owner	No supported target after repaired-owner direct-name search and promoted-semantic search; bounded negative only, not binary absence or proof of inlining/folding.	A named semantic/body/xref authority locating a compiler-emitted or folded retail implementation of `CControllableCamera::CanBeControlledWhenInPause`.
"[""Camera.h"",181,""CControllableCamera::GetControlType"",""GetControlType()""]"	Camera.h	181	CControllableCamera::GetControlType	CControllableCamera::GetControlType	REUSED	SOURCE_ONLY	NO_MATCH_FOUND					reverse-engineering/binary-analysis/ghidra-function-name-table-2026-08-17.tsv;reverse-engineering/binary-analysis/function-c1-closure-2026-08-11.tsv;promoted CThing/CActor/CBattleEngine/CComplexThing semantic tables;resolved lexical owner	No supported target after repaired-owner direct-name search and promoted-semantic search; bounded negative only, not binary absence or proof of inlining/folding.	A named semantic/body/xref authority locating a compiler-emitted or folded retail implementation of `CControllableCamera::GetControlType`.
"[""Camera.h"",184,""CControllableCamera::GetOldPos"",""GetOldPos()""]"	Camera.h	184	CControllableCamera::GetOldPos	CControllableCamera::GetOldPos	REUSED	SOURCE_ONLY	NO_MATCH_FOUND					reverse-engineering/binary-analysis/ghidra-function-name-table-2026-08-17.tsv;reverse-engineering/binary-analysis/function-c1-closure-2026-08-11.tsv;promoted CThing/CActor/CBattleEngine/CComplexThing semantic tables;resolved lexical owner	No supported target after repaired-owner direct-name search and promoted-semantic search; bounded negative only, not binary absence or proof of inlining/folding.	A named semantic/body/xref authority locating a compiler-emitted or folded retail implementation of `CControllableCamera::GetOldPos`.
"[""Camera.h"",185,""CControllableCamera::GetOldOrientation"",""GetOldOrientation()""]"	Camera.h	185	CControllableCamera::GetOldOrientation	CControllableCamera::GetOldOrientation	REUSED	SOURCE_ONLY	NO_MATCH_FOUND					reverse-engineering/binary-analysis/ghidra-function-name-table-2026-08-17.tsv;reverse-engineering/binary-analysis/function-c1-closure-2026-08-11.tsv;promoted CThing/CActor/CBattleEngine/CComplexThing semantic tables;resolved lexical owner	No supported target after repaired-owner direct-name search and promoted-semantic search; bounded negative only, not binary absence or proof of inlining/folding.	A named semantic/body/xref authority locating a compiler-emitted or folded retail implementation of `CControllableCamera::GetOldOrientation`.
"[""Camera.h"",189,""CControllableCamera::UpdateFrameCount"",""UpdateFrameCount()""]"	Camera.h	189	CControllableCamera::UpdateFrameCount	CControllableCamera::UpdateFrameCount	REUSED	SOURCE_ONLY	NO_MATCH_FOUND					reverse-engineering/binary-analysis/ghidra-function-name-table-2026-08-17.tsv;reverse-engineering/binary-analysis/function-c1-closure-2026-08-11.tsv;promoted CThing/CActor/CBattleEngine/CComplexThing semantic tables;resolved lexical owner	No supported target after repaired-owner direct-name search and promoted-semantic search; bounded negative only, not binary absence or proof of inlining/folding.	A named semantic/body/xref authority locating a compiler-emitted or folded retail implementation of `CControllableCamera::UpdateFrameCount`.
"[""Camera.h"",210,""CGenericCamera::CGenericCamera"",""CGenericCamera()""]"	Camera.h	210	CGenericCamera::CGenericCamera	CGenericCamera::CGenericCamera	REUSED	RETAIL_UNRESOLVED	SOURCE_ANALOG	0x00466130	CGenericCamera__ctor	C1_CANDIDATE_PARTIAL	OPEN_EXECUTED	reverse-engineering/binary-analysis/ghidra-fullpass-findings/W004/adversarial/B06.md	Adversarial plate confirms the CGenericCamera constructor vtable install and callsite; only bounded constructor identity is claimed.	A cold body/ABI read that refutes this named analog, or stronger same-function evidence that promotes it to SOURCE_EXACT.
"[""Camera.h"",211,""CGenericCamera::GetPos"",""GetPos()""]"	Camera.h	211	CGenericCamera::GetPos	CGenericCamera::GetPos	REUSED	RETAIL_UNRESOLVED	SOURCE_ANALOG	0x00466140	CGenericCamera__GetPos	C1_CANDIDATE_PARTIAL	OPEN_EXECUTED	reverse-engineering/binary-analysis/ghidra-fullpass-findings/W004/adversarial/B06.md	Adversarial plate confirms CGenericCamera::GetPos field-copy shape and ABI; exact inline source identity is not promoted here.	A cold body/ABI read that refutes this named analog, or stronger same-function evidence that promotes it to SOURCE_EXACT.
"[""Camera.h"",212,""CGenericCamera::GetOrientation"",""GetOrientation()""]"	Camera.h	212	CGenericCamera::GetOrientation	CGenericCamera::GetOrientation	REUSED	SOURCE_ONLY	NO_MATCH_FOUND					reverse-engineering/binary-analysis/ghidra-function-name-table-2026-08-17.tsv;reverse-engineering/binary-analysis/function-c1-closure-2026-08-11.tsv;promoted CThing/CActor/CBattleEngine/CComplexThing semantic tables;resolved lexical owner	No supported target after repaired-owner direct-name search and promoted-semantic search; bounded negative only, not binary absence or proof of inlining/folding.	A named semantic/body/xref authority locating a compiler-emitted or folded retail implementation of `CGenericCamera::GetOrientation`.
"[""Camera.h"",213,""CGenericCamera::GetZoom"",""GetZoom()""]"	Camera.h	213	CGenericCamera::GetZoom	CGenericCamera::GetZoom	REUSED	SOURCE_ONLY	NO_MATCH_FOUND					reverse-engineering/binary-analysis/ghidra-function-name-table-2026-08-17.tsv;reverse-engineering/binary-analysis/function-c1-closure-2026-08-11.tsv;promoted CThing/CActor/CBattleEngine/CComplexThing semantic tables;resolved lexical owner	No supported target after repaired-owner direct-name search and promoted-semantic search; bounded negative only, not binary absence or proof of inlining/folding.	A named semantic/body/xref authority locating a compiler-emitted or folded retail implementation of `CGenericCamera::GetZoom`.
"[""Camera.h"",214,""CGenericCamera::GetShowHUD"",""GetShowHUD()""]"	Camera.h	214	CGenericCamera::GetShowHUD	CGenericCamera::GetShowHUD	REUSED	SOURCE_ONLY	NO_MATCH_FOUND					reverse-engineering/binary-analysis/ghidra-function-name-table-2026-08-17.tsv;reverse-engineering/binary-analysis/function-c1-closure-2026-08-11.tsv;promoted CThing/CActor/CBattleEngine/CComplexThing semantic tables;resolved lexical owner	No supported target after repaired-owner direct-name search and promoted-semantic search; bounded negative only, not binary absence or proof of inlining/folding.	A named semantic/body/xref authority locating a compiler-emitted or folded retail implementation of `CGenericCamera::GetShowHUD`.
"[""Camera.h"",226,""CInterpolatedCamera::GetPos"",""GetPos()""]"	Camera.h	226	CInterpolatedCamera::GetPos	CInterpolatedCamera::GetPos	REUSED	SOURCE_ONLY	NO_MATCH_FOUND					reverse-engineering/binary-analysis/ghidra-function-name-table-2026-08-17.tsv;reverse-engineering/binary-analysis/function-c1-closure-2026-08-11.tsv;promoted CThing/CActor/CBattleEngine/CComplexThing semantic tables;resolved lexical owner	No supported target after repaired-owner direct-name search and promoted-semantic search; bounded negative only, not binary absence or proof of inlining/folding.	A named semantic/body/xref authority locating a compiler-emitted or folded retail implementation of `CInterpolatedCamera::GetPos`.
"[""Camera.h"",227,""CInterpolatedCamera::GetOrientation"",""GetOrientation()""]"	Camera.h	227	CInterpolatedCamera::GetOrientation	CInterpolatedCamera::GetOrientation	REUSED	SOURCE_ONLY	NO_MATCH_FOUND					reverse-engineering/binary-analysis/ghidra-function-name-table-2026-08-17.tsv;reverse-engineering/binary-analysis/function-c1-closure-2026-08-11.tsv;promoted CThing/CActor/CBattleEngine/CComplexThing semantic tables;resolved lexical owner	No supported target after repaired-owner direct-name search and promoted-semantic search; bounded negative only, not binary absence or proof of inlining/folding.	A named semantic/body/xref authority locating a compiler-emitted or folded retail implementation of `CInterpolatedCamera::GetOrientation`.
"[""Camera.h"",228,""CInterpolatedCamera::GetZoom"",""GetZoom()""]"	Camera.h	228	CInterpolatedCamera::GetZoom	CInterpolatedCamera::GetZoom	REUSED	SOURCE_ONLY	NO_MATCH_FOUND					reverse-engineering/binary-analysis/ghidra-function-name-table-2026-08-17.tsv;reverse-engineering/binary-analysis/function-c1-closure-2026-08-11.tsv;promoted CThing/CActor/CBattleEngine/CComplexThing semantic tables;resolved lexical owner	No supported target after repaired-owner direct-name search and promoted-semantic search; bounded negative only, not binary absence or proof of inlining/folding.	A named semantic/body/xref authority locating a compiler-emitted or folded retail implementation of `CInterpolatedCamera::GetZoom`.
"[""Camera.h"",229,""CInterpolatedCamera::GetShowHUD"",""GetShowHUD()""]"	Camera.h	229	CInterpolatedCamera::GetShowHUD	CInterpolatedCamera::GetShowHUD	REUSED	SOURCE_ONLY	NO_MATCH_FOUND					reverse-engineering/binary-analysis/ghidra-function-name-table-2026-08-17.tsv;reverse-engineering/binary-analysis/function-c1-closure-2026-08-11.tsv;promoted CThing/CActor/CBattleEngine/CComplexThing semantic tables;resolved lexical owner	No supported target after repaired-owner direct-name search and promoted-semantic search; bounded negative only, not binary absence or proof of inlining/folding.	A named semantic/body/xref authority locating a compiler-emitted or folded retail implementation of `CInterpolatedCamera::GetShowHUD`.
"[""InitThing.cpp"",68,""CInitThing::CInitThing"",""CInitThing::CInitThing()""]"	InitThing.cpp	68	CInitThing::CInitThing	CInitThing::CInitThing	REUSED	RETAIL_UNRESOLVED	SOURCE_ANALOG	0x0048dcf0	CInitThing__ctor	C1_CANDIDATE_PARTIAL	OPEN_EXECUTED	reverse-engineering/binary-analysis/ghidra-fullpass-findings/W005/adversarial/B04.md	Adversarial plate confirms constructor matrix/default/vtable shape and 61 callers; retained as static analog.	A cold body/ABI read that refutes this named analog, or stronger same-function evidence that promotes it to SOURCE_EXACT.
"[""InitThing.h"",94,""CInitCSThing::CInitCSThing"",""CInitCSThing()""]"	InitThing.h	94	CInitCSThing::CInitCSThing	CInitCSThing::CInitCSThing	REUSED	SOURCE_ONLY	NO_MATCH_FOUND					reverse-engineering/binary-analysis/ghidra-function-name-table-2026-08-17.tsv;reverse-engineering/binary-analysis/function-c1-closure-2026-08-11.tsv;promoted CThing/CActor/CBattleEngine/CComplexThing semantic tables;resolved lexical owner	No supported target after repaired-owner direct-name search and promoted-semantic search; bounded negative only, not binary absence or proof of inlining/folding.	A named semantic/body/xref authority locating a compiler-emitted or folded retail implementation of `CInitCSThing::CInitCSThing`.
"[""InitThing.h"",417,""CSpawnerInitThing::CSpawnerInitThing"",""CSpawnerInitThing()""]"	InitThing.h	417	CSpawnerInitThing::CSpawnerInitThing	CSpawnerInitThing::CSpawnerInitThing	REUSED	RETAIL_UNRESOLVED	NO_MATCH_FOUND					pinned source;reverse-engineering/binary-analysis/ghidra-function-name-table-2026-08-17.tsv;reverse-engineering/binary-analysis/function-c1-closure-2026-08-11.tsv;promoted semantic tables;bounded owner aliases	Multi-line/header body has no proven tracked target; inspect compiler emission/folding, callers, and ABI before classifying.	Static ABI/xref/body evidence resolving whether retail emits or wraps `CSpawnerInitThing::CSpawnerInitThing`.
"[""InitThing.h"",943,""CAnimalInitThing::CAnimalInitThing"",""CAnimalInitThing()""]"	InitThing.h	943	CAnimalInitThing::CAnimalInitThing	CAnimalInitThing::CAnimalInitThing	REUSED	SOURCE_ONLY	NO_MATCH_FOUND					reverse-engineering/binary-analysis/ghidra-function-name-table-2026-08-17.tsv;reverse-engineering/binary-analysis/function-c1-closure-2026-08-11.tsv;promoted CThing/CActor/CBattleEngine/CComplexThing semantic tables;resolved lexical owner	No supported target after repaired-owner direct-name search and promoted-semantic search; bounded negative only, not binary absence or proof of inlining/folding.	A named semantic/body/xref authority locating a compiler-emitted or folded retail implementation of `CAnimalInitThing::CAnimalInitThing`.
"[""thing.h"",71,""GetRenderPos"",""GetRenderPos()""]"	thing.h	71	GetRenderPos	CThing::GetRenderPos	EXTENDED	SOURCE_AGREES	SOURCE_EXACT	0x004040a0	CThing__CopyVector14ToOut_004040a0	C1_CANDIDATE_PARTIAL	OPEN_EXECUTED	reverse-engineering/binary-analysis/cthing-vtable-semantics-2026-08-11.tsv	Adjusted secondary this copies mPos; three identical source methods share one body	Contradictory pristine-byte or independently reviewed semantic evidence showing this VA does not implement this exact source line/signature.
"[""thing.h"",72,""GetRenderOrientation"",""GetRenderOrientation()""]"	thing.h	72	GetRenderOrientation	CThing::GetRenderOrientation	EXTENDED	SOURCE_AGREES	SOURCE_EXACT	0x004bfa00	CThing__CopyGlobal829dd0Block30ToOut_004bfa00	C1_CANDIDATE_PARTIAL	OPEN_DARK	reverse-engineering/binary-analysis/cthing-vtable-semantics-2026-08-11.tsv	Copies the global identity FMatrix through the render-facing interface	Contradictory pristine-byte or independently reviewed semantic evidence showing this VA does not implement this exact source line/signature.
"[""thing.h"",73,""GetRenderSelected"",""GetRenderSelected()""]"	thing.h	73	GetRenderSelected	CThing::GetRenderSelected	EXTENDED	SOURCE_ONLY	NO_MATCH_FOUND					reverse-engineering/binary-analysis/ghidra-function-name-table-2026-08-17.tsv;reverse-engineering/binary-analysis/function-c1-closure-2026-08-11.tsv;promoted CThing/CActor/CBattleEngine/CComplexThing semantic tables;resolved lexical owner	No supported target after repaired-owner direct-name search and promoted-semantic search; bounded negative only, not binary absence or proof of inlining/folding.	A named semantic/body/xref authority locating a compiler-emitted or folded retail implementation of `CThing::GetRenderSelected`.
"[""thing.h"",74,""GetRenderColourOffset"",""GetRenderColourOffset()""]"	thing.h	74	GetRenderColourOffset	CThing::GetRenderColourOffset	EXTENDED	SOURCE_ONLY	NO_MATCH_FOUND					reverse-engineering/binary-analysis/ghidra-function-name-table-2026-08-17.tsv;reverse-engineering/binary-analysis/function-c1-closure-2026-08-11.tsv;promoted CThing/CActor/CBattleEngine/CComplexThing semantic tables;resolved lexical owner	No supported target after repaired-owner direct-name search and promoted-semantic search; bounded negative only, not binary absence or proof of inlining/folding.	A named semantic/body/xref authority locating a compiler-emitted or folded retail implementation of `CThing::GetRenderColourOffset`.
"[""thing.h"",75,""GetRenderColour"",""GetRenderColour()""]"	thing.h	75	GetRenderColour	CThing::GetRenderColour	EXTENDED	SOURCE_ONLY	NO_MATCH_FOUND					reverse-engineering/binary-analysis/ghidra-function-name-table-2026-08-17.tsv;reverse-engineering/binary-analysis/function-c1-closure-2026-08-11.tsv;promoted CThing/CActor/CBattleEngine/CComplexThing semantic tables;resolved lexical owner	No supported target after repaired-owner direct-name search and promoted-semantic search; bounded negative only, not binary absence or proof of inlining/folding.	A named semantic/body/xref authority locating a compiler-emitted or folded retail implementation of `CThing::GetRenderColour`.
"[""thing.h"",76,""GetRenderTurn"",""GetRenderTurn()""]"	thing.h	76	GetRenderTurn	CThing::GetRenderTurn	EXTENDED	SOURCE_ONLY	NO_MATCH_FOUND					reverse-engineering/binary-analysis/ghidra-function-name-table-2026-08-17.tsv;reverse-engineering/binary-analysis/function-c1-closure-2026-08-11.tsv;promoted CThing/CActor/CBattleEngine/CComplexThing semantic tables;resolved lexical owner	No supported target after repaired-owner direct-name search and promoted-semantic search; bounded negative only, not binary absence or proof of inlining/folding.	A named semantic/body/xref authority locating a compiler-emitted or folded retail implementation of `CThing::GetRenderTurn`.
"[""thing.h"",77,""GetRenderFrame"",""GetRenderFrame()""]"	thing.h	77	GetRenderFrame	CThing::GetRenderFrame	EXTENDED	SOURCE_ONLY	NO_MATCH_FOUND					reverse-engineering/binary-analysis/ghidra-function-name-table-2026-08-17.tsv;reverse-engineering/binary-analysis/function-c1-closure-2026-08-11.tsv;promoted CThing/CActor/CBattleEngine/CComplexThing semantic tables;resolved lexical owner	No supported target after repaired-owner direct-name search and promoted-semantic search; bounded negative only, not binary absence or proof of inlining/folding.	A named semantic/body/xref authority locating a compiler-emitted or folded retail implementation of `CThing::GetRenderFrame`.
"[""thing.h"",78,""GetRealAnimIndex"",""GetRealAnimIndex()""]"	thing.h	78	GetRealAnimIndex	CThing::GetRealAnimIndex	EXTENDED	SOURCE_ONLY	NO_MATCH_FOUND					reverse-engineering/binary-analysis/ghidra-function-name-table-2026-08-17.tsv;reverse-engineering/binary-analysis/function-c1-closure-2026-08-11.tsv;promoted CThing/CActor/CBattleEngine/CComplexThing semantic tables;resolved lexical owner	No supported target after repaired-owner direct-name search and promoted-semantic search; bounded negative only, not binary absence or proof of inlining/folding.	A named semantic/body/xref authority locating a compiler-emitted or folded retail implementation of `CThing::GetRealAnimIndex`.
"[""thing.h"",79,""GetRenderRadius"",""GetRenderRadius()""]"	thing.h	79	GetRenderRadius	CThing::GetRenderRadius	EXTENDED	SOURCE_AGREES	SOURCE_EXACT	0x00401400	CThing__ForwardField28Slot18OrFallbackFloat_00401400	C1_CANDIDATE_PARTIAL	OPEN_EXECUTED	reverse-engineering/binary-analysis/cthing-vtable-semantics-2026-08-11.tsv	Adjusted secondary this reaches mRenderThing; forwards GetRTRadius or returns 1.0f exactly as source	Contradictory pristine-byte or independently reviewed semantic evidence showing this VA does not implement this exact source line/signature.
"[""thing.h"",80,""GetRenderStartPos"",""GetRenderStartPos()""]"	thing.h	80	GetRenderStartPos	CThing::GetRenderStartPos	EXTENDED	SOURCE_AGREES	SOURCE_EXACT	0x004040a0	CThing__CopyVector14ToOut_004040a0	C1_CANDIDATE_PARTIAL	OPEN_EXECUTED	reverse-engineering/binary-analysis/cthing-vtable-semantics-2026-08-11.tsv	Adjusted secondary this copies mPos; three identical source methods share one body	Contradictory pristine-byte or independently reviewed semantic evidence showing this VA does not implement this exact source line/signature.
"[""thing.h"",81,""GetRenderEndPos"",""GetRenderEndPos()""]"	thing.h	81	GetRenderEndPos	CThing::GetRenderEndPos	EXTENDED	SOURCE_AGREES	SOURCE_EXACT	0x004040a0	CThing__CopyVector14ToOut_004040a0	C1_CANDIDATE_PARTIAL	OPEN_EXECUTED	reverse-engineering/binary-analysis/cthing-vtable-semantics-2026-08-11.tsv	Adjusted secondary this copies mPos; three identical source methods share one body	Contradictory pristine-byte or independently reviewed semantic evidence showing this VA does not implement this exact source line/signature.
"[""thing.h"",82,""GetRenderMesh"",""GetRenderMesh()""]"	thing.h	82	GetRenderMesh	CThing::GetRenderMesh	EXTENDED	SOURCE_ONLY	NO_MATCH_FOUND					reverse-engineering/binary-analysis/ghidra-function-name-table-2026-08-17.tsv;reverse-engineering/binary-analysis/function-c1-closure-2026-08-11.tsv;promoted CThing/CActor/CBattleEngine/CComplexThing semantic tables;resolved lexical owner	No supported target after repaired-owner direct-name search and promoted-semantic search; bounded negative only, not binary absence or proof of inlining/folding.	A named semantic/body/xref authority locating a compiler-emitted or folded retail implementation of `CThing::GetRenderMesh`.
"[""thing.h"",84,""GetRenderRotateShadow"",""GetRenderRotateShadow()""]"	thing.h	84	GetRenderRotateShadow	CThing::GetRenderRotateShadow	EXTENDED	SOURCE_ONLY	NO_MATCH_FOUND					reverse-engineering/binary-analysis/ghidra-function-name-table-2026-08-17.tsv;reverse-engineering/binary-analysis/function-c1-closure-2026-08-11.tsv;promoted CThing/CActor/CBattleEngine/CComplexThing semantic tables;resolved lexical owner	No supported target after repaired-owner direct-name search and promoted-semantic search; bounded negative only, not binary absence or proof of inlining/folding.	A named semantic/body/xref authority locating a compiler-emitted or folded retail implementation of `CThing::GetRenderRotateShadow`.
"[""thing.h"",85,""GetRenderCanGoFlatShaded"",""GetRenderCanGoFlatShaded()""]"	thing.h	85	GetRenderCanGoFlatShaded	CThing::GetRenderCanGoFlatShaded	EXTENDED	SOURCE_ONLY	NO_MATCH_FOUND					reverse-engineering/binary-analysis/ghidra-function-name-table-2026-08-17.tsv;reverse-engineering/binary-analysis/function-c1-closure-2026-08-11.tsv;promoted CThing/CActor/CBattleEngine/CComplexThing semantic tables;resolved lexical owner	No supported target after repaired-owner direct-name search and promoted-semantic search; bounded negative only, not binary absence or proof of inlining/folding.	A named semantic/body/xref authority locating a compiler-emitted or folded retail implementation of `CThing::GetRenderCanGoFlatShaded`.
"[""thing.h"",86,""RenderUseHierarchy"",""RenderUseHierarchy(SINT pn)""]"	thing.h	86	RenderUseHierarchy	CThing::RenderUseHierarchy	EXTENDED	SOURCE_ONLY	NO_MATCH_FOUND					reverse-engineering/binary-analysis/ghidra-function-name-table-2026-08-17.tsv;reverse-engineering/binary-analysis/function-c1-closure-2026-08-11.tsv;promoted CThing/CActor/CBattleEngine/CComplexThing semantic tables;resolved lexical owner	No supported target after repaired-owner direct-name search and promoted-semantic search; bounded negative only, not binary absence or proof of inlining/folding.	A named semantic/body/xref authority locating a compiler-emitted or folded retail implementation of `CThing::RenderUseHierarchy`.
"[""thing.h"",87,""GetShouldDoHitEffect"",""GetShouldDoHitEffect(SINT mesh_part_no)""]"	thing.h	87	GetShouldDoHitEffect	CThing::GetShouldDoHitEffect	EXTENDED	SOURCE_ONLY	NO_MATCH_FOUND					reverse-engineering/binary-analysis/ghidra-function-name-table-2026-08-17.tsv;reverse-engineering/binary-analysis/function-c1-closure-2026-08-11.tsv;promoted CThing/CActor/CBattleEngine/CComplexThing semantic tables;resolved lexical owner	No supported target after repaired-owner direct-name search and promoted-semantic search; bounded negative only, not binary absence or proof of inlining/folding.	A named semantic/body/xref authority locating a compiler-emitted or folded retail implementation of `CThing::GetShouldDoHitEffect`.
"[""thing.h"",88,""GetRenderYaw"",""GetRenderYaw()""]"	thing.h	88	GetRenderYaw	CThing::GetRenderYaw	EXTENDED	SOURCE_ONLY	NO_MATCH_FOUND					reverse-engineering/binary-analysis/ghidra-function-name-table-2026-08-17.tsv;reverse-engineering/binary-analysis/function-c1-closure-2026-08-11.tsv;promoted CThing/CActor/CBattleEngine/CComplexThing semantic tables;resolved lexical owner	No supported target after repaired-owner direct-name search and promoted-semantic search; bounded negative only, not binary absence or proof of inlining/folding.	A named semantic/body/xref authority locating a compiler-emitted or folded retail implementation of `CThing::GetRenderYaw`.
"[""thing.h"",89,""GetRenderScale"",""GetRenderScale()""]"	thing.h	89	GetRenderScale	CThing::GetRenderScale	EXTENDED	SOURCE_ONLY	NO_MATCH_FOUND					reverse-engineering/binary-analysis/ghidra-function-name-table-2026-08-17.tsv;reverse-engineering/binary-analysis/function-c1-closure-2026-08-11.tsv;promoted CThing/CActor/CBattleEngine/CComplexThing semantic tables;resolved lexical owner	No supported target after repaired-owner direct-name search and promoted-semantic search; bounded negative only, not binary absence or proof of inlining/folding.	A named semantic/body/xref authority locating a compiler-emitted or folded retail implementation of `CThing::GetRenderScale`.
"[""thing.h"",90,""GetRenderWithTransforms"",""GetRenderWithTransforms()""]"	thing.h	90	GetRenderWithTransforms	CThing::GetRenderWithTransforms	EXTENDED	SOURCE_ONLY	NO_MATCH_FOUND					reverse-engineering/binary-analysis/ghidra-function-name-table-2026-08-17.tsv;reverse-engineering/binary-analysis/function-c1-closure-2026-08-11.tsv;promoted CThing/CActor/CBattleEngine/CComplexThing semantic tables;resolved lexical owner	No supported target after repaired-owner direct-name search and promoted-semantic search; bounded negative only, not binary absence or proof of inlining/folding.	A named semantic/body/xref authority locating a compiler-emitted or folded retail implementation of `CThing::GetRenderWithTransforms`.
"[""thing.h"",91,""GetRenderImposterNo"",""GetRenderImposterNo()""]"	thing.h	91	GetRenderImposterNo	CThing::GetRenderImposterNo	EXTENDED	SOURCE_ONLY	NO_MATCH_FOUND					reverse-engineering/binary-analysis/ghidra-function-name-table-2026-08-17.tsv;reverse-engineering/binary-analysis/function-c1-closure-2026-08-11.tsv;promoted CThing/CActor/CBattleEngine/CComplexThing semantic tables;resolved lexical owner	No supported target after repaired-owner direct-name search and promoted-semantic search; bounded negative only, not binary absence or proof of inlining/folding.	A named semantic/body/xref authority locating a compiler-emitted or folded retail implementation of `CThing::GetRenderImposterNo`.
"[""thing.h"",92,""GetRenderImposterBias"",""GetRenderImposterBias()""]"	thing.h	92	GetRenderImposterBias	CThing::GetRenderImposterBias	EXTENDED	SOURCE_ONLY	NO_MATCH_FOUND					reverse-engineering/binary-analysis/ghidra-function-name-table-2026-08-17.tsv;reverse-engineering/binary-analysis/function-c1-closure-2026-08-11.tsv;promoted CThing/CActor/CBattleEngine/CComplexThing semantic tables;resolved lexical owner	No supported target after repaired-owner direct-name search and promoted-semantic search; bounded negative only, not binary absence or proof of inlining/folding.	A named semantic/body/xref authority locating a compiler-emitted or folded retail implementation of `CThing::GetRenderImposterBias`.
"[""thing.h"",93,""GetSnowDensity"",""GetSnowDensity()""]"	thing.h	93	GetSnowDensity	CThing::GetSnowDensity	EXTENDED	SOURCE_ONLY	NO_MATCH_FOUND					reverse-engineering/binary-analysis/ghidra-function-name-table-2026-08-17.tsv;reverse-engineering/binary-analysis/function-c1-closure-2026-08-11.tsv;promoted CThing/CActor/CBattleEngine/CComplexThing semantic tables;resolved lexical owner	No supported target after repaired-owner direct-name search and promoted-semantic search; bounded negative only, not binary absence or proof of inlining/folding.	A named semantic/body/xref authority locating a compiler-emitted or folded retail implementation of `CThing::GetSnowDensity`.
"[""thing.h"",94,""GetCanBeStaticallyShadowed"",""GetCanBeStaticallyShadowed()""]"	thing.h	94	GetCanBeStaticallyShadowed	CThing::GetCanBeStaticallyShadowed	EXTENDED	SOURCE_ONLY	NO_MATCH_FOUND					reverse-engineering/binary-analysis/ghidra-function-name-table-2026-08-17.tsv;reverse-engineering/binary-analysis/function-c1-closure-2026-08-11.tsv;promoted CThing/CActor/CBattleEngine/CComplexThing semantic tables;resolved lexical owner	No supported target after repaired-owner direct-name search and promoted-semantic search; bounded negative only, not binary absence or proof of inlining/folding.	A named semantic/body/xref authority locating a compiler-emitted or folded retail implementation of `CThing::GetCanBeStaticallyShadowed`.
"[""thing.h"",95,""GetStaticShadow"",""*GetStaticShadow()""]"	thing.h	95	GetStaticShadow	CThing::GetStaticShadow	EXTENDED	SOURCE_ONLY	NO_MATCH_FOUND					reverse-engineering/binary-analysis/ghidra-function-name-table-2026-08-17.tsv;reverse-engineering/binary-analysis/function-c1-closure-2026-08-11.tsv;promoted CThing/CActor/CBattleEngine/CComplexThing semantic tables;resolved lexical owner	No supported target after repaired-owner direct-name search and promoted-semantic search; bounded negative only, not binary absence or proof of inlining/folding.	A named semantic/body/xref authority locating a compiler-emitted or folded retail implementation of `CThing::GetStaticShadow`.
"[""thing.h"",96,""SetStaticShadow"",""SetStaticShadow(class CStaticShadow *shadow)""]"	thing.h	96	SetStaticShadow	CThing::SetStaticShadow	EXTENDED	SOURCE_ONLY	NO_MATCH_FOUND					reverse-engineering/binary-analysis/ghidra-function-name-table-2026-08-17.tsv;reverse-engineering/binary-analysis/function-c1-closure-2026-08-11.tsv;promoted CThing/CActor/CBattleEngine/CComplexThing semantic tables;resolved lexical owner	No supported target after repaired-owner direct-name search and promoted-semantic search; bounded negative only, not binary absence or proof of inlining/folding.	A named semantic/body/xref authority locating a compiler-emitted or folded retail implementation of `CThing::SetStaticShadow`.
"[""thing.h"",97,""GetRequiresPolyBucket"",""GetRequiresPolyBucket()""]"	thing.h	97	GetRequiresPolyBucket	CThing::GetRequiresPolyBucket	EXTENDED	SOURCE_ONLY	NO_MATCH_FOUND					reverse-engineering/binary-analysis/ghidra-function-name-table-2026-08-17.tsv;reverse-engineering/binary-analysis/function-c1-closure-2026-08-11.tsv;promoted CThing/CActor/CBattleEngine/CComplexThing semantic tables;resolved lexical owner	No supported target after repaired-owner direct-name search and promoted-semantic search; bounded negative only, not binary absence or proof of inlining/folding.	A named semantic/body/xref authority locating a compiler-emitted or folded retail implementation of `CThing::GetRequiresPolyBucket`.
"[""thing.h"",99,""GetSoundPos"",""GetSoundPos()""]"	thing.h	99	GetSoundPos	CThing::GetSoundPos	EXTENDED	SOURCE_AGREES	SOURCE_EXACT	0x0043e9f0	CThing__GetRenderPos	C1_CANDIDATE_PARTIAL	OPEN_EXECUTED	reverse-engineering/binary-analysis/cthing-vtable-semantics-2026-08-11.tsv	Both source methods return mPos by value and compile to one primary-this body	Contradictory pristine-byte or independently reviewed semantic evidence showing this VA does not implement this exact source line/signature.
"[""thing.h"",100,""GetSoundOrientation"",""GetSoundOrientation()""]"	thing.h	100	GetSoundOrientation	CThing::GetSoundOrientation	EXTENDED	SOURCE_AGREES	SOURCE_EXACT	0x004bfa20	CThing__CopyGlobal829dd0Block30ToOut_004bfa20	C1_CANDIDATE_PARTIAL	OPEN_DARK	reverse-engineering/binary-analysis/cthing-vtable-semantics-2026-08-11.tsv	Copies the global identity FMatrix returned to the audible interface	Contradictory pristine-byte or independently reviewed semantic evidence showing this VA does not implement this exact source line/signature.
"[""thing.h"",101,""GetSoundVelocity"",""GetSoundVelocity()""]"	thing.h	101	GetSoundVelocity	CThing::GetSoundVelocity	EXTENDED	SOURCE_ONLY	NO_MATCH_FOUND					reverse-engineering/binary-analysis/ghidra-function-name-table-2026-08-17.tsv;reverse-engineering/binary-analysis/function-c1-closure-2026-08-11.tsv;promoted CThing/CActor/CBattleEngine/CComplexThing semantic tables;resolved lexical owner	No supported target after repaired-owner direct-name search and promoted-semantic search; bounded negative only, not binary absence or proof of inlining/folding.	A named semantic/body/xref authority locating a compiler-emitted or folded retail implementation of `CThing::GetSoundVelocity`.
"[""thing.h"",103,""GetCueFactor"",""GetCueFactor()""]"	thing.h	103	GetCueFactor	CThing::GetCueFactor	EXTENDED	SOURCE_AGREES	SOURCE_EXACT	0x00401420	CThing__GetCueFactorFromRenderThing	C1_CANDIDATE_PARTIAL	OPEN_EXECUTED	reverse-engineering/binary-analysis/cthing-vtable-semantics-2026-08-11.tsv	Returns render-thing cue factor or exact 0.0001f fallback	Contradictory pristine-byte or independently reviewed semantic evidence showing this VA does not implement this exact source line/signature.
"[""thing.h"",107,""SampleFinishedPlaying"",""SampleFinishedPlaying(CSoundEvent* event)""]"	thing.h	107	SampleFinishedPlaying	CThing::SampleFinishedPlaying	EXTENDED	SOURCE_ONLY	NO_MATCH_FOUND					reverse-engineering/binary-analysis/ghidra-function-name-table-2026-08-17.tsv;reverse-engineering/binary-analysis/function-c1-closure-2026-08-11.tsv;promoted CThing/CActor/CBattleEngine/CComplexThing semantic tables;resolved lexical owner	No supported target after repaired-owner direct-name search and promoted-semantic search; bounded negative only, not binary absence or proof of inlining/folding.	A named semantic/body/xref authority locating a compiler-emitted or folded retail implementation of `CThing::SampleFinishedPlaying`.
"[""thing.h"",113,""GetPos"",""& GetPos()""]"	thing.h	113	GetPos	CThing::GetPos	EXTENDED	SOURCE_ONLY	NO_MATCH_FOUND					reverse-engineering/binary-analysis/ghidra-function-name-table-2026-08-17.tsv;reverse-engineering/binary-analysis/function-c1-closure-2026-08-11.tsv;promoted CThing/CActor/CBattleEngine/CComplexThing semantic tables;resolved lexical owner	No supported target after repaired-owner direct-name search and promoted-semantic search; bounded negative only, not binary absence or proof of inlining/folding.	A named semantic/body/xref authority locating a compiler-emitted or folded retail implementation of `CThing::GetPos`.
"[""thing.h"",116,""SetPos"",""SetPos(FVector &inPos)""]"	thing.h	116	SetPos	CThing::SetPos	EXTENDED	SOURCE_ONLY	NO_MATCH_FOUND					reverse-engineering/binary-analysis/ghidra-function-name-table-2026-08-17.tsv;reverse-engineering/binary-analysis/function-c1-closure-2026-08-11.tsv;promoted CThing/CActor/CBattleEngine/CComplexThing semantic tables;resolved lexical owner	No supported target after repaired-owner direct-name search and promoted-semantic search; bounded negative only, not binary absence or proof of inlining/folding.	A named semantic/body/xref authority locating a compiler-emitted or folded retail implementation of `CThing::SetPos`.
"[""thing.h"",118,""GetMaxVelocity"",""GetMaxVelocity()""]"	thing.h	118	GetMaxVelocity	CThing::GetMaxVelocity	EXTENDED	SOURCE_ONLY	NO_MATCH_FOUND					reverse-engineering/binary-analysis/ghidra-function-name-table-2026-08-17.tsv;reverse-engineering/binary-analysis/function-c1-closure-2026-08-11.tsv;promoted CThing/CActor/CBattleEngine/CComplexThing semantic tables;resolved lexical owner	No supported target after repaired-owner direct-name search and promoted-semantic search; bounded negative only, not binary absence or proof of inlining/folding.	A named semantic/body/xref authority locating a compiler-emitted or folded retail implementation of `CThing::GetMaxVelocity`.
"[""thing.h"",120,""GetRadius"",""GetRadius()""]"	thing.h	120	GetRadius	CThing::GetRadius	EXTENDED	SOURCE_AGREES	SOURCE_EXACT	0x00401440	CThing__GetRenderRadiusFromRenderThing	C1_CANDIDATE_PARTIAL	OPEN_EXECUTED	reverse-engineering/binary-analysis/cthing-vtable-semantics-2026-08-11.tsv	Forwards render-thing radius or returns zero; old label confused it with secondary GetRenderRadius	Contradictory pristine-byte or independently reviewed semantic evidence showing this VA does not implement this exact source line/signature.
"[""thing.h"",133,""TeleportOrientation"",""TeleportOrientation(const FMatrix& orientation)""]"	thing.h	133	TeleportOrientation	CThing::TeleportOrientation	EXTENDED	SOURCE_ONLY	NO_MATCH_FOUND					reverse-engineering/binary-analysis/ghidra-function-name-table-2026-08-17.tsv;reverse-engineering/binary-analysis/function-c1-closure-2026-08-11.tsv;promoted CThing/CActor/CBattleEngine/CComplexThing semantic tables;resolved lexical owner	No supported target after repaired-owner direct-name search and promoted-semantic search; bounded negative only, not binary absence or proof of inlining/folding.	A named semantic/body/xref authority locating a compiler-emitted or folded retail implementation of `CThing::TeleportOrientation`.
"[""thing.h"",134,""Activate"",""Activate()""]"	thing.h	134	Activate	CThing::Activate	EXTENDED	SOURCE_ONLY	NO_MATCH_FOUND					reverse-engineering/binary-analysis/ghidra-function-name-table-2026-08-17.tsv;reverse-engineering/binary-analysis/function-c1-closure-2026-08-11.tsv;promoted CThing/CActor/CBattleEngine/CComplexThing semantic tables;resolved lexical owner	No supported target after repaired-owner direct-name search and promoted-semantic search; bounded negative only, not binary absence or proof of inlining/folding.	A named semantic/body/xref authority locating a compiler-emitted or folded retail implementation of `CThing::Activate`.
"[""thing.h"",135,""Deactivate"",""Deactivate()""]"	thing.h	135	Deactivate	CThing::Deactivate	EXTENDED	SOURCE_ONLY	NO_MATCH_FOUND					reverse-engineering/binary-analysis/ghidra-function-name-table-2026-08-17.tsv;reverse-engineering/binary-analysis/function-c1-closure-2026-08-11.tsv;promoted CThing/CActor/CBattleEngine/CComplexThing semantic tables;resolved lexical owner	No supported target after repaired-owner direct-name search and promoted-semantic search; bounded negative only, not binary absence or proof of inlining/folding.	A named semantic/body/xref authority locating a compiler-emitted or folded retail implementation of `CThing::Deactivate`.
"[""thing.h"",136,""GetMoveMultiplier"",""GetMoveMultiplier()""]"	thing.h	136	GetMoveMultiplier	CThing::GetMoveMultiplier	EXTENDED	SOURCE_ONLY	NO_MATCH_FOUND					reverse-engineering/binary-analysis/ghidra-function-name-table-2026-08-17.tsv;reverse-engineering/binary-analysis/function-c1-closure-2026-08-11.tsv;promoted CThing/CActor/CBattleEngine/CComplexThing semantic tables;resolved lexical owner	No supported target after repaired-owner direct-name search and promoted-semantic search; bounded negative only, not binary absence or proof of inlining/folding.	A named semantic/body/xref authority locating a compiler-emitted or folded retail implementation of `CThing::GetMoveMultiplier`.
"[""thing.h"",138,""GetLocalLastFrameMovement"",""GetLocalLastFrameMovement()""]"	thing.h	138	GetLocalLastFrameMovement	CThing::GetLocalLastFrameMovement	EXTENDED	SOURCE_ONLY	NO_MATCH_FOUND					reverse-engineering/binary-analysis/ghidra-function-name-table-2026-08-17.tsv;reverse-engineering/binary-analysis/function-c1-closure-2026-08-11.tsv;promoted CThing/CActor/CBattleEngine/CComplexThing semantic tables;resolved lexical owner	No supported target after repaired-owner direct-name search and promoted-semantic search; bounded negative only, not binary absence or proof of inlining/folding.	A named semantic/body/xref authority locating a compiler-emitted or folded retail implementation of `CThing::GetLocalLastFrameMovement`.
"[""thing.h"",139,""IsObjective"",""IsObjective()""]"	thing.h	139	IsObjective	CThing::IsObjective	EXTENDED	SOURCE_ONLY	NO_MATCH_FOUND					reverse-engineering/binary-analysis/ghidra-function-name-table-2026-08-17.tsv;reverse-engineering/binary-analysis/function-c1-closure-2026-08-11.tsv;promoted CThing/CActor/CBattleEngine/CComplexThing semantic tables;resolved lexical owner	No supported target after repaired-owner direct-name search and promoted-semantic search; bounded negative only, not binary absence or proof of inlining/folding.	A named semantic/body/xref authority locating a compiler-emitted or folded retail implementation of `CThing::IsObjective`.
"[""thing.h"",142,""GetVelocity"",""GetVelocity()""]"	thing.h	142	GetVelocity	CThing::GetVelocity	EXTENDED	SOURCE_AGREES	SOURCE_EXACT	0x0043e9c0	CThing__CopyGlobal0066ea10Block10ToOut_0043e9c0	C1_CANDIDATE_PARTIAL	OPEN_DARK	reverse-engineering/binary-analysis/cthing-vtable-semantics-2026-08-11.tsv	Copies the global zero FVector returned by the base virtual	Contradictory pristine-byte or independently reviewed semantic evidence showing this VA does not implement this exact source line/signature.
"[""thing.h"",145,""GetOldPos"",""GetOldPos()""]"	thing.h	145	GetOldPos	CThing::GetOldPos	EXTENDED	SOURCE_AGREES	SOURCE_EXACT	0x0043e9f0	CThing__GetRenderPos	C1_CANDIDATE_PARTIAL	OPEN_EXECUTED	reverse-engineering/binary-analysis/cthing-vtable-semantics-2026-08-11.tsv	Both source methods return mPos by value and compile to one primary-this body	Contradictory pristine-byte or independently reviewed semantic evidence showing this VA does not implement this exact source line/signature.
"[""thing.h"",146,""GetOldOrientation"",""GetOldOrientation()""]"	thing.h	146	GetOldOrientation	CThing::GetOldOrientation	EXTENDED	SOURCE_AGREES	SOURCE_EXACT	0x004bfa40	CThing__CopyGlobal829dd0Block30ToOut_004bfa40	C1_CANDIDATE_PARTIAL	OPEN_DARK	reverse-engineering/binary-analysis/cthing-vtable-semantics-2026-08-11.tsv	Copies the global identity FMatrix returned by the base movement interface	Contradictory pristine-byte or independently reviewed semantic evidence showing this VA does not implement this exact source line/signature.
"[""thing.h"",150,""GetMapWhoEntry"",""*   GetMapWhoEntry()""]"	thing.h	150	GetMapWhoEntry	CThing::GetMapWhoEntry	EXTENDED	SOURCE_ONLY	NO_MATCH_FOUND					reverse-engineering/binary-analysis/ghidra-function-name-table-2026-08-17.tsv;reverse-engineering/binary-analysis/function-c1-closure-2026-08-11.tsv;promoted CThing/CActor/CBattleEngine/CComplexThing semantic tables;resolved lexical owner	No supported target after repaired-owner direct-name search and promoted-semantic search; bounded negative only, not binary absence or proof of inlining/folding.	A named semantic/body/xref authority locating a compiler-emitted or folded retail implementation of `CThing::GetMapWhoEntry`.
"[""thing.h"",151,""SetRenderThing"",""SetRenderThing(CRenderThing* rtthing)""]"	thing.h	151	SetRenderThing	CThing::SetRenderThing	EXTENDED	SOURCE_ONLY	NO_MATCH_FOUND					reverse-engineering/binary-analysis/ghidra-function-name-table-2026-08-17.tsv;reverse-engineering/binary-analysis/function-c1-closure-2026-08-11.tsv;promoted CThing/CActor/CBattleEngine/CComplexThing semantic tables;resolved lexical owner	No supported target after repaired-owner direct-name search and promoted-semantic search; bounded negative only, not binary absence or proof of inlining/folding.	A named semantic/body/xref authority locating a compiler-emitted or folded retail implementation of `CThing::SetRenderThing`.
"[""thing.h"",152,""GetRenderThing"",""* GetRenderThing()""]"	thing.h	152	GetRenderThing	CThing::GetRenderThing	EXTENDED	SOURCE_ONLY	NO_MATCH_FOUND					reverse-engineering/binary-analysis/ghidra-function-name-table-2026-08-17.tsv;reverse-engineering/binary-analysis/function-c1-closure-2026-08-11.tsv;promoted CThing/CActor/CBattleEngine/CComplexThing semantic tables;resolved lexical owner	No supported target after repaired-owner direct-name search and promoted-semantic search; bounded negative only, not binary absence or proof of inlining/folding.	A named semantic/body/xref authority locating a compiler-emitted or folded retail implementation of `CThing::GetRenderThing`.
"[""thing.h"",153,""GetCST"",""* GetCST()""]"	thing.h	153	GetCST	CThing::GetCST	EXTENDED	SOURCE_ONLY	NO_MATCH_FOUND					reverse-engineering/binary-analysis/ghidra-function-name-table-2026-08-17.tsv;reverse-engineering/binary-analysis/function-c1-closure-2026-08-11.tsv;promoted CThing/CActor/CBattleEngine/CComplexThing semantic tables;resolved lexical owner	No supported target after repaired-owner direct-name search and promoted-semantic search; bounded negative only, not binary absence or proof of inlining/folding.	A named semantic/body/xref authority locating a compiler-emitted or folded retail implementation of `CThing::GetCST`.
"[""thing.h"",156,""GetIsInvisible"",""GetIsInvisible()""]"	thing.h	156	GetIsInvisible	CThing::GetIsInvisible	EXTENDED	SOURCE_ONLY	NO_MATCH_FOUND					reverse-engineering/binary-analysis/ghidra-function-name-table-2026-08-17.tsv;reverse-engineering/binary-analysis/function-c1-closure-2026-08-11.tsv;promoted CThing/CActor/CBattleEngine/CComplexThing semantic tables;resolved lexical owner	No supported target after repaired-owner direct-name search and promoted-semantic search; bounded negative only, not binary absence or proof of inlining/folding.	A named semantic/body/xref authority locating a compiler-emitted or folded retail implementation of `CThing::GetIsInvisible`.
"[""thing.h"",157,""MakeVisible"",""MakeVisible()""]"	thing.h	157	MakeVisible	CThing::MakeVisible	EXTENDED	SOURCE_AGREES	SOURCE_EXACT	0x00401460	CThing__MakeVisible	C1_CANDIDATE_PARTIAL	OPEN_DARK	reverse-engineering/binary-analysis/cthing-vtable-semantics-2026-08-11.tsv	Clears TF_INVISIBLE in the source flags field	Contradictory pristine-byte or independently reviewed semantic evidence showing this VA does not implement this exact source line/signature.
"[""thing.h"",158,""MakeInvisible"",""MakeInvisible()""]"	thing.h	158	MakeInvisible	CThing::MakeInvisible	EXTENDED	SOURCE_AGREES	SOURCE_EXACT	0x00401470	CThing__MakeInvisible	C1_CANDIDATE_PARTIAL	OPEN_DARK	reverse-engineering/binary-analysis/cthing-vtable-semantics-2026-08-11.tsv	Sets TF_INVISIBLE in the source flags field	Contradictory pristine-byte or independently reviewed semantic evidence showing this VA does not implement this exact source line/signature.
"[""thing.h"",163,""GetCanBeImpostered"",""GetCanBeImpostered()""]"	thing.h	163	GetCanBeImpostered	CThing::GetCanBeImpostered	EXTENDED	SOURCE_ONLY	NO_MATCH_FOUND					reverse-engineering/binary-analysis/ghidra-function-name-table-2026-08-17.tsv;reverse-engineering/binary-analysis/function-c1-closure-2026-08-11.tsv;promoted CThing/CActor/CBattleEngine/CComplexThing semantic tables;resolved lexical owner	No supported target after repaired-owner direct-name search and promoted-semantic search; bounded negative only, not binary absence or proof of inlining/folding.	A named semantic/body/xref authority locating a compiler-emitted or folded retail implementation of `CThing::GetCanBeImpostered`.
"[""thing.h"",164,""GetImposterFrames"",""GetImposterFrames()""]"	thing.h	164	GetImposterFrames	CThing::GetImposterFrames	EXTENDED	SOURCE_ONLY	NO_MATCH_FOUND					reverse-engineering/binary-analysis/ghidra-function-name-table-2026-08-17.tsv;reverse-engineering/binary-analysis/function-c1-closure-2026-08-11.tsv;promoted CThing/CActor/CBattleEngine/CComplexThing semantic tables;resolved lexical owner	No supported target after repaired-owner direct-name search and promoted-semantic search; bounded negative only, not binary absence or proof of inlining/folding.	A named semantic/body/xref authority locating a compiler-emitted or folded retail implementation of `CThing::GetImposterFrames`.
"[""thing.h"",165,""GetImposterAnimMode"",""GetImposterAnimMode()""]"	thing.h	165	GetImposterAnimMode	CThing::GetImposterAnimMode	EXTENDED	SOURCE_ONLY	NO_MATCH_FOUND					reverse-engineering/binary-analysis/ghidra-function-name-table-2026-08-17.tsv;reverse-engineering/binary-analysis/function-c1-closure-2026-08-11.tsv;promoted CThing/CActor/CBattleEngine/CComplexThing semantic tables;resolved lexical owner	No supported target after repaired-owner direct-name search and promoted-semantic search; bounded negative only, not binary absence or proof of inlining/folding.	A named semantic/body/xref authority locating a compiler-emitted or folded retail implementation of `CThing::GetImposterAnimMode`.
"[""thing.h"",167,""GetThing"",""* GetThing()""]"	thing.h	167	GetThing	CThing::GetThing	EXTENDED	SOURCE_ONLY	NO_MATCH_FOUND					reverse-engineering/binary-analysis/ghidra-function-name-table-2026-08-17.tsv;reverse-engineering/binary-analysis/function-c1-closure-2026-08-11.tsv;promoted CThing/CActor/CBattleEngine/CComplexThing semantic tables;resolved lexical owner	No supported target after repaired-owner direct-name search and promoted-semantic search; bounded negative only, not binary absence or proof of inlining/folding.	A named semantic/body/xref authority locating a compiler-emitted or folded retail implementation of `CThing::GetThing`.
"[""thing.h"",170,""GetRTMesh"",""*GetRTMesh()""]"	thing.h	170	GetRTMesh	CThing::GetRTMesh	EXTENDED	SOURCE_ONLY	NO_MATCH_FOUND					reverse-engineering/binary-analysis/ghidra-function-name-table-2026-08-17.tsv;reverse-engineering/binary-analysis/function-c1-closure-2026-08-11.tsv;promoted CThing/CActor/CBattleEngine/CComplexThing semantic tables;resolved lexical owner	No supported target after repaired-owner direct-name search and promoted-semantic search; bounded negative only, not binary absence or proof of inlining/folding.	A named semantic/body/xref authority locating a compiler-emitted or folded retail implementation of `CThing::GetRTMesh`.
"[""thing.h"",172,""SetThingType"",""SetThingType(ULONG t)""]"	thing.h	172	SetThingType	CThing::SetThingType	EXTENDED	SOURCE_AGREES	SOURCE_EXACT	0x004f3470	CThing__SetThingTypeMaskOr1_004f3470	C1_CANDIDATE_PARTIAL	OPEN_DARK	reverse-engineering/binary-analysis/cthing-vtable-semantics-2026-08-11.tsv	Stores input OR THING_TYPE_THING exactly as source	Contradictory pristine-byte or independently reviewed semantic evidence showing this VA does not implement this exact source line/signature.
"[""thing.h"",173,""GetThingType"",""& GetThingType()""]"	thing.h	173	GetThingType	CThing::GetThingType	EXTENDED	SOURCE_ONLY	NO_MATCH_FOUND					reverse-engineering/binary-analysis/ghidra-function-name-table-2026-08-17.tsv;reverse-engineering/binary-analysis/function-c1-closure-2026-08-11.tsv;promoted CThing/CActor/CBattleEngine/CComplexThing semantic tables;resolved lexical owner	No supported target after repaired-owner direct-name search and promoted-semantic search; bounded negative only, not binary absence or proof of inlining/folding.	A named semantic/body/xref authority locating a compiler-emitted or folded retail implementation of `CThing::GetThingType`.
"[""thing.h"",174,""IsA"",""IsA(EThingType type) const""]"	thing.h	174	IsA	CThing::IsA	EXTENDED	SOURCE_ONLY	NO_MATCH_FOUND					reverse-engineering/binary-analysis/ghidra-function-name-table-2026-08-17.tsv;reverse-engineering/binary-analysis/function-c1-closure-2026-08-11.tsv;promoted CThing/CActor/CBattleEngine/CComplexThing semantic tables;resolved lexical owner	No supported target after repaired-owner direct-name search and promoted-semantic search; bounded negative only, not binary absence or proof of inlining/folding.	A named semantic/body/xref authority locating a compiler-emitted or folded retail implementation of `CThing::IsA`.
"[""thing.h"",175,""Hit"",""Hit(CThing* other_thing, CCollisionReport* report)""]"	thing.h	175	Hit	CThing::Hit	EXTENDED	SOURCE_ONLY	NO_MATCH_FOUND					reverse-engineering/binary-analysis/ghidra-function-name-table-2026-08-17.tsv;reverse-engineering/binary-analysis/function-c1-closure-2026-08-11.tsv;promoted CThing/CActor/CBattleEngine/CComplexThing semantic tables;resolved lexical owner	No supported target after repaired-owner direct-name search and promoted-semantic search; bounded negative only, not binary absence or proof of inlining/folding.	A named semantic/body/xref authority locating a compiler-emitted or folded retail implementation of `CThing::Hit`.
"[""thing.h"",176,""Damage"",""Damage(float amount,CThing *inByThis,BOOL inDamageShields=TRUE, int mesh_part_no = -1)""]"	thing.h	176	Damage	CThing::Damage	EXTENDED	SOURCE_AGREES	SOURCE_EXACT	0x00401490	CThing__Damage_NoOp	C1_CANDIDATE_PARTIAL	OPEN_EXECUTED	reverse-engineering/binary-analysis/cthing-vtable-semantics-2026-08-11.tsv	Base virtual is intentionally empty; subclasses own damage behavior	Contradictory pristine-byte or independently reviewed semantic evidence showing this VA does not implement this exact source line/signature.
"[""thing.h"",177,""GetName"",""* GetName()""]"	thing.h	177	GetName	CThing::GetName	EXTENDED	SOURCE_ONLY	NO_MATCH_FOUND					reverse-engineering/binary-analysis/ghidra-function-name-table-2026-08-17.tsv;reverse-engineering/binary-analysis/function-c1-closure-2026-08-11.tsv;promoted CThing/CActor/CBattleEngine/CComplexThing semantic tables;resolved lexical owner	No supported target after repaired-owner direct-name search and promoted-semantic search; bounded negative only, not binary absence or proof of inlining/folding.	A named semantic/body/xref authority locating a compiler-emitted or folded retail implementation of `CThing::GetName`.
"[""thing.h"",178,""SetName"",""SetName(char *inName)""]"	thing.h	178	SetName	CThing::SetName	EXTENDED	SOURCE_ONLY	NO_MATCH_FOUND					reverse-engineering/binary-analysis/ghidra-function-name-table-2026-08-17.tsv;reverse-engineering/binary-analysis/function-c1-closure-2026-08-11.tsv;promoted CThing/CActor/CBattleEngine/CComplexThing semantic tables;resolved lexical owner	No supported target after repaired-owner direct-name search and promoted-semantic search; bounded negative only, not binary absence or proof of inlining/folding.	A named semantic/body/xref authority locating a compiler-emitted or folded retail implementation of `CThing::SetName`.
"[""thing.h"",180,""GetSoundMaterial"",""GetSoundMaterial()""]"	thing.h	180	GetSoundMaterial	CThing::GetSoundMaterial	EXTENDED	SOURCE_ONLY	NO_MATCH_FOUND					reverse-engineering/binary-analysis/ghidra-function-name-table-2026-08-17.tsv;reverse-engineering/binary-analysis/function-c1-closure-2026-08-11.tsv;promoted CThing/CActor/CBattleEngine/CComplexThing semantic tables;resolved lexical owner	No supported target after repaired-owner direct-name search and promoted-semantic search; bounded negative only, not binary absence or proof of inlining/folding.	A named semantic/body/xref authority locating a compiler-emitted or folded retail implementation of `CThing::GetSoundMaterial`.
"[""thing.h"",186,""ClipToGround"",""ClipToGround()""]"	thing.h	186	ClipToGround	CThing::ClipToGround	EXTENDED	SOURCE_ONLY	NO_MATCH_FOUND					reverse-engineering/binary-analysis/ghidra-function-name-table-2026-08-17.tsv;reverse-engineering/binary-analysis/function-c1-closure-2026-08-11.tsv;promoted CThing/CActor/CBattleEngine/CComplexThing semantic tables;resolved lexical owner	No supported target after repaired-owner direct-name search and promoted-semantic search; bounded negative only, not binary absence or proof of inlining/folding.	A named semantic/body/xref authority locating a compiler-emitted or folded retail implementation of `CThing::ClipToGround`.
"[""thing.h"",187,""Gravity"",""Gravity()""]"	thing.h	187	Gravity	CThing::Gravity	EXTENDED	SOURCE_AGREES	SOURCE_EXACT	0x004014b0	CThing__GravityDefault	C1_CANDIDATE_PARTIAL	OPEN_EXECUTED	reverse-engineering/binary-analysis/cthing-vtable-semantics-2026-08-11.tsv	Returns exact source default 0.01f	Contradictory pristine-byte or independently reviewed semantic evidence showing this VA does not implement this exact source line/signature.
"[""thing.h"",188,""ObeyGravity"",""ObeyGravity()""]"	thing.h	188	ObeyGravity	CThing::ObeyGravity	EXTENDED	SOURCE_ONLY	NO_MATCH_FOUND					reverse-engineering/binary-analysis/ghidra-function-name-table-2026-08-17.tsv;reverse-engineering/binary-analysis/function-c1-closure-2026-08-11.tsv;promoted CThing/CActor/CBattleEngine/CComplexThing semantic tables;resolved lexical owner	No supported target after repaired-owner direct-name search and promoted-semantic search; bounded negative only, not binary absence or proof of inlining/folding.	A named semantic/body/xref authority locating a compiler-emitted or folded retail implementation of `CThing::ObeyGravity`.
"[""thing.h"",189,""BounceFactor"",""BounceFactor()""]"	thing.h	189	BounceFactor	CThing::BounceFactor	EXTENDED	SOURCE_ONLY	NO_MATCH_FOUND					reverse-engineering/binary-analysis/ghidra-function-name-table-2026-08-17.tsv;reverse-engineering/binary-analysis/function-c1-closure-2026-08-11.tsv;promoted CThing/CActor/CBattleEngine/CComplexThing semantic tables;resolved lexical owner	No supported target after repaired-owner direct-name search and promoted-semantic search; bounded negative only, not binary absence or proof of inlining/folding.	A named semantic/body/xref authority locating a compiler-emitted or folded retail implementation of `CThing::BounceFactor`.
"[""thing.h"",190,""COfGHeight"",""COfGHeight()""]"	thing.h	190	COfGHeight	CThing::COfGHeight	EXTENDED	SOURCE_ONLY	NO_MATCH_FOUND					reverse-engineering/binary-analysis/ghidra-function-name-table-2026-08-17.tsv;reverse-engineering/binary-analysis/function-c1-closure-2026-08-11.tsv;promoted CThing/CActor/CBattleEngine/CComplexThing semantic tables;resolved lexical owner	No supported target after repaired-owner direct-name search and promoted-semantic search; bounded negative only, not binary absence or proof of inlining/folding.	A named semantic/body/xref authority locating a compiler-emitted or folded retail implementation of `CThing::COfGHeight`.
"[""thing.h"",192,""CanGoUnderWater"",""CanGoUnderWater()""]"	thing.h	192	CanGoUnderWater	CThing::CanGoUnderWater	EXTENDED	SOURCE_ONLY	NO_MATCH_FOUND					reverse-engineering/binary-analysis/ghidra-function-name-table-2026-08-17.tsv;reverse-engineering/binary-analysis/function-c1-closure-2026-08-11.tsv;promoted CThing/CActor/CBattleEngine/CComplexThing semantic tables;resolved lexical owner	No supported target after repaired-owner direct-name search and promoted-semantic search; bounded negative only, not binary absence or proof of inlining/folding.	A named semantic/body/xref authority locating a compiler-emitted or folded retail implementation of `CThing::CanGoUnderWater`.
"[""thing.h"",194,""GetFlags"",""GetFlags()""]"	thing.h	194	GetFlags	CThing::GetFlags	EXTENDED	SOURCE_ONLY	NO_MATCH_FOUND					reverse-engineering/binary-analysis/ghidra-function-name-table-2026-08-17.tsv;reverse-engineering/binary-analysis/function-c1-closure-2026-08-11.tsv;promoted CThing/CActor/CBattleEngine/CComplexThing semantic tables;resolved lexical owner	No supported target after repaired-owner direct-name search and promoted-semantic search; bounded negative only, not binary absence or proof of inlining/folding.	A named semantic/body/xref authority locating a compiler-emitted or folded retail implementation of `CThing::GetFlags`.
"[""thing.h"",195,""SetFlags"",""SetFlags(short val)""]"	thing.h	195	SetFlags	CThing::SetFlags	EXTENDED	SOURCE_ONLY	NO_MATCH_FOUND					reverse-engineering/binary-analysis/ghidra-function-name-table-2026-08-17.tsv;reverse-engineering/binary-analysis/function-c1-closure-2026-08-11.tsv;promoted CThing/CActor/CBattleEngine/CComplexThing semantic tables;resolved lexical owner	No supported target after repaired-owner direct-name search and promoted-semantic search; bounded negative only, not binary absence or proof of inlining/folding.	A named semantic/body/xref authority locating a compiler-emitted or folded retail implementation of `CThing::SetFlags`.
"[""thing.h"",196,""IsDying"",""IsDying()""]"	thing.h	196	IsDying	CThing::IsDying	EXTENDED	SOURCE_ONLY	NO_MATCH_FOUND					reverse-engineering/binary-analysis/ghidra-function-name-table-2026-08-17.tsv;reverse-engineering/binary-analysis/function-c1-closure-2026-08-11.tsv;promoted CThing/CActor/CBattleEngine/CComplexThing semantic tables;resolved lexical owner	No supported target after repaired-owner direct-name search and promoted-semantic search; bounded negative only, not binary absence or proof of inlining/folding.	A named semantic/body/xref authority locating a compiler-emitted or folded retail implementation of `CThing::IsDying`.
"[""thing.h"",197,""IsShuttingDown"",""IsShuttingDown()""]"	thing.h	197	IsShuttingDown	CThing::IsShuttingDown	EXTENDED	SOURCE_ONLY	NO_MATCH_FOUND					reverse-engineering/binary-analysis/ghidra-function-name-table-2026-08-17.tsv;reverse-engineering/binary-analysis/function-c1-closure-2026-08-11.tsv;promoted CThing/CActor/CBattleEngine/CComplexThing semantic tables;resolved lexical owner	No supported target after repaired-owner direct-name search and promoted-semantic search; bounded negative only, not binary absence or proof of inlining/folding.	A named semantic/body/xref authority locating a compiler-emitted or folded retail implementation of `CThing::IsShuttingDown`.
"[""thing.h"",201,""GetMotionController"",""*GetMotionController()""]"	thing.h	201	GetMotionController	CThing::GetMotionController	EXTENDED	SOURCE_ONLY	NO_MATCH_FOUND					reverse-engineering/binary-analysis/ghidra-function-name-table-2026-08-17.tsv;reverse-engineering/binary-analysis/function-c1-closure-2026-08-11.tsv;promoted CThing/CActor/CBattleEngine/CComplexThing semantic tables;resolved lexical owner	No supported target after repaired-owner direct-name search and promoted-semantic search; bounded negative only, not binary absence or proof of inlining/folding.	A named semantic/body/xref authority locating a compiler-emitted or folded retail implementation of `CThing::GetMotionController`.
"[""thing.h"",206,""GetRenderAnimation"",""GetRenderAnimation()""]"	thing.h	206	GetRenderAnimation	CThing::GetRenderAnimation	EXTENDED	SOURCE_ONLY	NO_MATCH_FOUND					reverse-engineering/binary-analysis/ghidra-function-name-table-2026-08-17.tsv;reverse-engineering/binary-analysis/function-c1-closure-2026-08-11.tsv;promoted CThing/CActor/CBattleEngine/CComplexThing semantic tables;resolved lexical owner	No supported target after repaired-owner direct-name search and promoted-semantic search; bounded negative only, not binary absence or proof of inlining/folding.	A named semantic/body/xref authority locating a compiler-emitted or folded retail implementation of `CThing::GetRenderAnimation`.
"[""thing.h"",209,""GetAIState"",""GetAIState()""]"	thing.h	209	GetAIState	CThing::GetAIState	EXTENDED	SOURCE_ONLY	NO_MATCH_FOUND					reverse-engineering/binary-analysis/ghidra-function-name-table-2026-08-17.tsv;reverse-engineering/binary-analysis/function-c1-closure-2026-08-11.tsv;promoted CThing/CActor/CBattleEngine/CComplexThing semantic tables;resolved lexical owner	No supported target after repaired-owner direct-name search and promoted-semantic search; bounded negative only, not binary absence or proof of inlining/folding.	A named semantic/body/xref authority locating a compiler-emitted or folded retail implementation of `CThing::GetAIState`.
"[""thing.h"",210,""SetAIState"",""SetAIState(EAIState inAIState)""]"	thing.h	210	SetAIState	CThing::SetAIState	EXTENDED	SOURCE_ONLY	NO_MATCH_FOUND					reverse-engineering/binary-analysis/ghidra-function-name-table-2026-08-17.tsv;reverse-engineering/binary-analysis/function-c1-closure-2026-08-11.tsv;promoted CThing/CActor/CBattleEngine/CComplexThing semantic tables;resolved lexical owner	No supported target after repaired-owner direct-name search and promoted-semantic search; bounded negative only, not binary absence or proof of inlining/folding.	A named semantic/body/xref authority locating a compiler-emitted or folded retail implementation of `CThing::SetAIState`.
"[""thing.h"",218,""AccumulateScore"",""AccumulateScore()""]"	thing.h	218	AccumulateScore	CThing::AccumulateScore	EXTENDED	SOURCE_ONLY	NO_MATCH_FOUND					reverse-engineering/binary-analysis/ghidra-function-name-table-2026-08-17.tsv;reverse-engineering/binary-analysis/function-c1-closure-2026-08-11.tsv;promoted CThing/CActor/CBattleEngine/CComplexThing semantic tables;resolved lexical owner	No supported target after repaired-owner direct-name search and promoted-semantic search; bounded negative only, not binary absence or proof of inlining/folding.	A named semantic/body/xref authority locating a compiler-emitted or folded retail implementation of `CThing::AccumulateScore`.
"[""thing.h"",220,""ResetThingCounter"",""ResetThingCounter()""]"	thing.h	220	ResetThingCounter	CThing::ResetThingCounter	EXTENDED	SOURCE_ONLY	NO_MATCH_FOUND					reverse-engineering/binary-analysis/ghidra-function-name-table-2026-08-17.tsv;reverse-engineering/binary-analysis/function-c1-closure-2026-08-11.tsv;promoted CThing/CActor/CBattleEngine/CComplexThing semantic tables;resolved lexical owner	No supported target after repaired-owner direct-name search and promoted-semantic search; bounded negative only, not binary absence or proof of inlining/folding.	A named semantic/body/xref authority locating a compiler-emitted or folded retail implementation of `CThing::ResetThingCounter`.
"[""thing.h"",221,""GetThingNumber"",""GetThingNumber()""]"	thing.h	221	GetThingNumber	CThing::GetThingNumber	EXTENDED	SOURCE_ONLY	NO_MATCH_FOUND					reverse-engineering/binary-analysis/ghidra-function-name-table-2026-08-17.tsv;reverse-engineering/binary-analysis/function-c1-closure-2026-08-11.tsv;promoted CThing/CActor/CBattleEngine/CComplexThing semantic tables;resolved lexical owner	No supported target after repaired-owner direct-name search and promoted-semantic search; bounded negative only, not binary absence or proof of inlining/folding.	A named semantic/body/xref authority locating a compiler-emitted or folded retail implementation of `CThing::GetThingNumber`.
"[""thing.h"",223,""SetVulnerable"",""SetVulnerable(BOOL val)""]"	thing.h	223	SetVulnerable	CThing::SetVulnerable	EXTENDED	SOURCE_ONLY	NO_MATCH_FOUND					reverse-engineering/binary-analysis/ghidra-function-name-table-2026-08-17.tsv;reverse-engineering/binary-analysis/function-c1-closure-2026-08-11.tsv;promoted CThing/CActor/CBattleEngine/CComplexThing semantic tables;resolved lexical owner	No supported target after repaired-owner direct-name search and promoted-semantic search; bounded negative only, not binary absence or proof of inlining/folding.	A named semantic/body/xref authority locating a compiler-emitted or folded retail implementation of `CThing::SetVulnerable`.
"[""thing.h"",224,""GetVulnerable"",""GetVulnerable()""]"	thing.h	224	GetVulnerable	CThing::GetVulnerable	EXTENDED	SOURCE_ONLY	NO_MATCH_FOUND					reverse-engineering/binary-analysis/ghidra-function-name-table-2026-08-17.tsv;reverse-engineering/binary-analysis/function-c1-closure-2026-08-11.tsv;promoted CThing/CActor/CBattleEngine/CComplexThing semantic tables;resolved lexical owner	No supported target after repaired-owner direct-name search and promoted-semantic search; bounded negative only, not binary absence or proof of inlining/folding.	A named semantic/body/xref authority locating a compiler-emitted or folded retail implementation of `CThing::GetVulnerable`.
"[""thing.h"",268,""GetRenderOrientation"",""GetRenderOrientation()""]"	thing.h	268	GetRenderOrientation	CComplexThing::GetRenderOrientation	EXTENDED	SOURCE_AGREES	SOURCE_EXACT	0x004040d0	CComplexThing__CopyBlock34ToOut_004040d0	C1_CANDIDATE_PARTIAL	OPEN_DARK	reverse-engineering/binary-analysis/ccomplexthing-vtable-semantics-2026-08-11.tsv	Adjusted secondary this copies mOrientation	Contradictory pristine-byte or independently reviewed semantic evidence showing this VA does not implement this exact source line/signature.
"[""thing.h"",270,""SetThingType"",""SetThingType(ULONG t)""]"	thing.h	270	SetThingType	CComplexThing::SetThingType	EXTENDED	SOURCE_ONLY	NO_MATCH_FOUND					reverse-engineering/binary-analysis/ghidra-function-name-table-2026-08-17.tsv;reverse-engineering/binary-analysis/function-c1-closure-2026-08-11.tsv;promoted CThing/CActor/CBattleEngine/CComplexThing semantic tables;resolved lexical owner	No supported target after repaired-owner direct-name search and promoted-semantic search; bounded negative only, not binary absence or proof of inlining/folding.	A named semantic/body/xref authority locating a compiler-emitted or folded retail implementation of `CComplexThing::SetThingType`.
"[""thing.h"",271,""GetRealAnimIndex"",""GetRealAnimIndex()""]"	thing.h	271	GetRealAnimIndex	CComplexThing::GetRealAnimIndex	EXTENDED	SOURCE_AGREES	SOURCE_EXACT	0x004014d0	CComplexThing__ReturnField64Offset10OrMinusOne_004014d0	C1_CANDIDATE_PARTIAL	OPEN_EXECUTED	reverse-engineering/binary-analysis/ccomplexthing-vtable-semantics-2026-08-11.tsv	Adjusted this reads mAnimation and returns its animation index or -1 exactly as source	Contradictory pristine-byte or independently reviewed semantic evidence showing this VA does not implement this exact source line/signature.
"[""thing.h"",272,""GetSoundOrientation"",""GetSoundOrientation()""]"	thing.h	272	GetSoundOrientation	CComplexThing::GetSoundOrientation	EXTENDED	SOURCE_AGREES	SOURCE_EXACT	0x0043ea20	CComplexThing__GetRenderOrientation	C1_CANDIDATE_PARTIAL	OPEN_DARK	reverse-engineering/binary-analysis/ccomplexthing-vtable-semantics-2026-08-11.tsv	Both source methods copy mOrientation and share one primary-this body	Contradictory pristine-byte or independently reviewed semantic evidence showing this VA does not implement this exact source line/signature.
"[""thing.h"",273,""GetOrientation"",""& GetOrientation()""]"	thing.h	273	GetOrientation	CComplexThing::GetOrientation	EXTENDED	SOURCE_ONLY	NO_MATCH_FOUND					reverse-engineering/binary-analysis/ghidra-function-name-table-2026-08-17.tsv;reverse-engineering/binary-analysis/function-c1-closure-2026-08-11.tsv;promoted CThing/CActor/CBattleEngine/CComplexThing semantic tables;resolved lexical owner	No supported target after repaired-owner direct-name search and promoted-semantic search; bounded negative only, not binary absence or proof of inlining/folding.	A named semantic/body/xref authority locating a compiler-emitted or folded retail implementation of `CComplexThing::GetOrientation`.
"[""thing.h"",274,""IsObjective"",""IsObjective()""]"	thing.h	274	IsObjective	CComplexThing::IsObjective	EXTENDED	SOURCE_AGREES	SOURCE_EXACT	0x004014e0	CComplexThing__IsObjectiveFlagSet	C1_CANDIDATE_PARTIAL	OPEN_EXECUTED	reverse-engineering/binary-analysis/ccomplexthing-vtable-semantics-2026-08-11.tsv	Tests TF_MARKED_OBJECTIVE and canonicalizes the Boolean result	Contradictory pristine-byte or independently reviewed semantic evidence showing this VA does not implement this exact source line/signature.
"[""thing.h"",275,""GetOldOrientation"",""GetOldOrientation()""]"	thing.h	275	GetOldOrientation	CComplexThing::GetOldOrientation	EXTENDED	SOURCE_AGREES	SOURCE_EXACT	0x0043ea20	CComplexThing__GetRenderOrientation	C1_CANDIDATE_PARTIAL	OPEN_DARK	reverse-engineering/binary-analysis/ccomplexthing-vtable-semantics-2026-08-11.tsv	Both source methods copy mOrientation and share one primary-this body	Contradictory pristine-byte or independently reviewed semantic evidence showing this VA does not implement this exact source line/signature.
"[""thing.h"",276,""GetMotionController"",""*GetMotionController()""]"	thing.h	276	GetMotionController	CComplexThing::GetMotionController	EXTENDED	SOURCE_ONLY	NO_MATCH_FOUND					reverse-engineering/binary-analysis/ghidra-function-name-table-2026-08-17.tsv;reverse-engineering/binary-analysis/function-c1-closure-2026-08-11.tsv;promoted CThing/CActor/CBattleEngine/CComplexThing semantic tables;resolved lexical owner	No supported target after repaired-owner direct-name search and promoted-semantic search; bounded negative only, not binary absence or proof of inlining/folding.	A named semantic/body/xref authority locating a compiler-emitted or folded retail implementation of `CComplexThing::GetMotionController`.
"[""thing.h"",277,""GetRenderAnimation"",""GetRenderAnimation()""]"	thing.h	277	GetRenderAnimation	CComplexThing::GetRenderAnimation	EXTENDED	SOURCE_ONLY	NO_MATCH_FOUND					reverse-engineering/binary-analysis/ghidra-function-name-table-2026-08-17.tsv;reverse-engineering/binary-analysis/function-c1-closure-2026-08-11.tsv;promoted CThing/CActor/CBattleEngine/CComplexThing semantic tables;resolved lexical owner	No supported target after repaired-owner direct-name search and promoted-semantic search; bounded negative only, not binary absence or proof of inlining/folding.	A named semantic/body/xref authority locating a compiler-emitted or folded retail implementation of `CComplexThing::GetRenderAnimation`.
"[""thing.h"",278,""GetName"",""* GetName()""]"	thing.h	278	GetName	CComplexThing::GetName	EXTENDED	SOURCE_AGREES	SOURCE_EXACT	0x00401510	CComplexThing__ReturnField78_00401510	C1_CANDIDATE_PARTIAL	OPEN_EXECUTED	reverse-engineering/binary-analysis/ccomplexthing-vtable-semantics-2026-08-11.tsv	Returns the mName field exactly as source	Contradictory pristine-byte or independently reviewed semantic evidence showing this VA does not implement this exact source line/signature.
"[""thing.h"",280,""GetMissionScript"",""* GetMissionScript()""]"	thing.h	280	GetMissionScript	CComplexThing::GetMissionScript	EXTENDED	SOURCE_ONLY	NO_MATCH_FOUND					reverse-engineering/binary-analysis/ghidra-function-name-table-2026-08-17.tsv;reverse-engineering/binary-analysis/function-c1-closure-2026-08-11.tsv;promoted CThing/CActor/CBattleEngine/CComplexThing semantic tables;resolved lexical owner	No supported target after repaired-owner direct-name search and promoted-semantic search; bounded negative only, not binary absence or proof of inlining/folding.	A named semantic/body/xref authority locating a compiler-emitted or folded retail implementation of `CComplexThing::GetMissionScript`.
"[""thing.h"",293,""GoToPoint"",""GoToPoint(FVector  point, BOOL inOverride=FALSE)""]"	thing.h	293	GoToPoint	CComplexThing::GoToPoint	EXTENDED	SOURCE_AGREES	SOURCE_EXACT	0x00401520	CComplexThing__NoOpFiveArgs_00401520	C1_CANDIDATE_PARTIAL	OPEN_DARK	reverse-engineering/binary-analysis/ccomplexthing-vtable-semantics-2026-08-11.tsv	Empty FVector-plus-override virtual matches the five-stack-argument ABI	Contradictory pristine-byte or independently reviewed semantic evidence showing this VA does not implement this exact source line/signature.
"[""thing.h"",296,""Stop"",""Stop()""]"	thing.h	296	Stop	CComplexThing::Stop	EXTENDED	SOURCE_ONLY	NO_MATCH_FOUND					reverse-engineering/binary-analysis/ghidra-function-name-table-2026-08-17.tsv;reverse-engineering/binary-analysis/function-c1-closure-2026-08-11.tsv;promoted CThing/CActor/CBattleEngine/CComplexThing semantic tables;resolved lexical owner	No supported target after repaired-owner direct-name search and promoted-semantic search; bounded negative only, not binary absence or proof of inlining/folding.	A named semantic/body/xref authority locating a compiler-emitted or folded retail implementation of `CComplexThing::Stop`.
"[""thing.h"",297,""GetContainedInside"",""* GetContainedInside()""]"	thing.h	297	GetContainedInside	CComplexThing::GetContainedInside	EXTENDED	SOURCE_ONLY	NO_MATCH_FOUND					reverse-engineering/binary-analysis/ghidra-function-name-table-2026-08-17.tsv;reverse-engineering/binary-analysis/function-c1-closure-2026-08-11.tsv;promoted CThing/CActor/CBattleEngine/CComplexThing semantic tables;resolved lexical owner	No supported target after repaired-owner direct-name search and promoted-semantic search; bounded negative only, not binary absence or proof of inlining/folding.	A named semantic/body/xref authority locating a compiler-emitted or folded retail implementation of `CComplexThing::GetContainedInside`.
