source_file	source_line	function	signature	source_owner	target_branch	source_anchor	source_text_sha256	source_algorithm	source_fields	source_constants	source_side_effects	retail_classification	retail_va_or_empty	retail_name_candidates	retail_evidence	retail_evidence_boundary	retail_falsifier	rebuild_disposition	rebuild_owner	rebuild_evidence
activereader.h	17	CGenericActiveReader::~dtor	~CGenericActiveReader()	CGenericActiveReader	ALL_TARGETS	references/Onslaught/activereader.h:17-17	d4049ec54dc54817990f11781fecc00bb6951be805d61874c8ce87e081788d75	Executes the pinned source body in order: if (mToRead) { mToRead->RemoveDeletionEvent(this) ; }	mToRead		mToRead->RemoveDeletionEvent	SOURCE_ANALOG	0x0044b1d0	0x0044b1d0:CGenericActiveReader__dtor	reverse-engineering/binary-analysis/ghidra-fullpass-findings/W003/adversarial/B13.md;references/Onslaught/activereader.h:17;reverse-engineering/source-crosswalk/audit/REPORT.md;reverse-engineering/binary-analysis/ghidra-function-name-table-2026-08-17.tsv;reverse-engineering/binary-analysis/function-c1-closure-2026-08-11.tsv;reverse-engineering/EVIDENCE-REGISTER.tsv;local-lab/re-campaign-incident-recovery-20260808-v1/generation-32-current-8329-db18625-v1/campaign-functions.tsv;reverse-engineering/binary-analysis/event-manager-scheduler-semantics-2026-08-11.tsv;reverse-engineering/source-code/io/event-system.md	Adversarial plate confirms the named generic ActiveReader destructor body and unlink shape; source-body equality is not promoted.	A body/ABI readback that refutes the named candidate, or proof of a different source owner, refutes this bounded analog.	PARTIAL_OWNER_PRESENT	rebuild/OnslaughtRebuild.Core/RetailEventScheduler.cs	RetailEventScheduler.ClearListener carries the filed-event target-death nulling law; generic monitor registration, copy, reassignment, and destructor unlink remain absent.
activereader.h	19	CGenericActiveReader::ToReadDied	ToReadDied()	CGenericActiveReader	ALL_TARGETS	references/Onslaught/activereader.h:19-19	79119094eb5da07b4196ad89c934417b71877e269fd71d358daf52297bc588c9	Writes mToRead; source body: mToRead = NULL ;	mToRead	NULL	mToRead	NO_MATCH_FOUND			reverse-engineering/binary-analysis/ghidra-function-name-table-2026-08-17.tsv;reverse-engineering/binary-analysis/function-c1-closure-2026-08-11.tsv;references/Onslaught/activereader.h:19;reverse-engineering/source-crosswalk/audit/REPORT.md;reverse-engineering/EVIDENCE-REGISTER.tsv;local-lab/re-campaign-incident-recovery-20260808-v1/generation-32-current-8329-db18625-v1/campaign-functions.tsv;reverse-engineering/binary-analysis/event-manager-scheduler-semantics-2026-08-11.tsv;reverse-engineering/source-code/io/event-system.md	Simple inline/header body has no named or promoted semantic target after direct and bounded-owner-alias search; candidate bounded NO_MATCH only, not binary absence.	A promoted same-owner body or bounded alias with compatible ABI and source semantics falsifies the current negative search.	PARTIAL_OWNER_PRESENT	rebuild/OnslaughtRebuild.Core/RetailEventScheduler.cs	RetailEventScheduler.ClearListener carries the filed-event target-death nulling law; generic monitor registration, copy, reassignment, and destructor unlink remain absent.
activereader.h	32	CActiveReader::CActiveReader	CActiveReader()	CActiveReader	ALL_TARGETS	references/Onslaught/activereader.h:32-32	a3d4fbbfa521fa2cd3dd8d63717460ed163cc3ef521eb1d813ca5618075c10ab	Writes mToRead; source body: mToRead = NULL ;	mToRead	NULL	mToRead	NO_MATCH_FOUND			references/Onslaught/activereader.h:32;reverse-engineering/source-crosswalk/audit/REPORT.md;reverse-engineering/binary-analysis/ghidra-function-name-table-2026-08-17.tsv;reverse-engineering/binary-analysis/function-c1-closure-2026-08-11.tsv;reverse-engineering/EVIDENCE-REGISTER.tsv;local-lab/re-campaign-incident-recovery-20260808-v1/generation-32-current-8329-db18625-v1/campaign-functions.tsv;reverse-engineering/binary-analysis/event-manager-scheduler-semantics-2026-08-11.tsv;reverse-engineering/source-code/io/event-system.md	Same file/function label has multiple line/signature definitions; do not collapse overloads or conditional bodies.	Compiler target membership plus overload/operator identity that selects one retail body resolves and may falsify this unresolved classification.	PARTIAL_OWNER_PRESENT	rebuild/OnslaughtRebuild.Core/RetailEventScheduler.cs	RetailEventScheduler.ClearListener carries the filed-event target-death nulling law; generic monitor registration, copy, reassignment, and destructor unlink remain absent.
activereader.h	33	CActiveReader::CActiveReader	CActiveReader(T* to_read)	CActiveReader	ALL_TARGETS	references/Onslaught/activereader.h:33-33	ce6b1747faf43d35f394732139af1849469e8242360e3c0f0c9e716e9b48fe15	Executes the pinned source body in order: mToRead = (CMonitor*)to_read ; if (mToRead) { mToRead->AddDeletionEvent(this); }	mToRead		mToRead;mToRead->AddDeletionEvent	NO_MATCH_FOUND			references/Onslaught/activereader.h:33;reverse-engineering/source-crosswalk/audit/REPORT.md;reverse-engineering/binary-analysis/ghidra-function-name-table-2026-08-17.tsv;reverse-engineering/binary-analysis/function-c1-closure-2026-08-11.tsv;reverse-engineering/EVIDENCE-REGISTER.tsv;local-lab/re-campaign-incident-recovery-20260808-v1/generation-32-current-8329-db18625-v1/campaign-functions.tsv;reverse-engineering/binary-analysis/event-manager-scheduler-semantics-2026-08-11.tsv;reverse-engineering/source-code/io/event-system.md	Same file/function label has multiple line/signature definitions; do not collapse overloads or conditional bodies.	Compiler target membership plus overload/operator identity that selects one retail body resolves and may falsify this unresolved classification.	PARTIAL_OWNER_PRESENT	rebuild/OnslaughtRebuild.Core/RetailEventScheduler.cs	RetailEventScheduler.ClearListener carries the filed-event target-death nulling law; generic monitor registration, copy, reassignment, and destructor unlink remain absent.
activereader.h	34	CActiveReader::CActiveReader	CActiveReader(CActiveReader<T>& copy)	CActiveReader	ALL_TARGETS	references/Onslaught/activereader.h:34-34	86494ffdd6851f063b81236972d8325d876b2b6f54e4d54d0ebbd21b5b192c39	Executes the pinned source body in order: mToRead = (CMonitor*)copy.mToRead ; if (mToRead) { mToRead->AddDeletionEvent(this); }	mToRead		mToRead;mToRead->AddDeletionEvent	NO_MATCH_FOUND			references/Onslaught/activereader.h:34;reverse-engineering/source-crosswalk/audit/REPORT.md;reverse-engineering/binary-analysis/ghidra-function-name-table-2026-08-17.tsv;reverse-engineering/binary-analysis/function-c1-closure-2026-08-11.tsv;reverse-engineering/EVIDENCE-REGISTER.tsv;local-lab/re-campaign-incident-recovery-20260808-v1/generation-32-current-8329-db18625-v1/campaign-functions.tsv;reverse-engineering/binary-analysis/event-manager-scheduler-semantics-2026-08-11.tsv;reverse-engineering/source-code/io/event-system.md	Same file/function label has multiple line/signature definitions; do not collapse overloads or conditional bodies.	Compiler target membership plus overload/operator identity that selects one retail body resolves and may falsify this unresolved classification.	PARTIAL_OWNER_PRESENT	rebuild/OnslaughtRebuild.Core/RetailEventScheduler.cs	RetailEventScheduler.ClearListener carries the filed-event target-death nulling law; generic monitor registration, copy, reassignment, and destructor unlink remain absent.
activereader.h	35	CActiveReader::SetReader	SetReader(T* to_read)	CActiveReader	ALL_TARGETS	references/Onslaught/activereader.h:35-35	fc696fc4d9b6f68e50c81b62685904eb7d39e791bdcb7b9f91aa81c50afce723	Executes the pinned source body in order: CGenericActiveReader::SetReader((CMonitor*)to_read);			CGenericActiveReader::SetReader	NO_MATCH_FOUND			reverse-engineering/binary-analysis/ghidra-function-name-table-2026-08-17.tsv;reverse-engineering/binary-analysis/function-c1-closure-2026-08-11.tsv;references/Onslaught/activereader.h:35;reverse-engineering/source-crosswalk/audit/REPORT.md;reverse-engineering/EVIDENCE-REGISTER.tsv;local-lab/re-campaign-incident-recovery-20260808-v1/generation-32-current-8329-db18625-v1/campaign-functions.tsv;reverse-engineering/binary-analysis/event-manager-scheduler-semantics-2026-08-11.tsv;reverse-engineering/source-code/io/event-system.md	Simple inline/header body has no named or promoted semantic target after direct and bounded-owner-alias search; candidate bounded NO_MATCH only, not binary absence.	A promoted same-owner body or bounded alias with compatible ABI and source semantics falsifies the current negative search.	PARTIAL_OWNER_PRESENT	rebuild/OnslaughtRebuild.Core/RetailEventScheduler.cs	RetailEventScheduler.ClearListener carries the filed-event target-death nulling law; generic monitor registration, copy, reassignment, and destructor unlink remain absent.
activereader.h	36	CActiveReader::operator==	operator ==(T* right_term)	CActiveReader	ALL_TARGETS	references/Onslaught/activereader.h:36-36	5eb821c908064d9d73fe0e98abc837c316daa8d132ba44606a1baebc4709887b	Returns mToRead == right_term.	mToRead		NONE_READ_ONLY	NO_MATCH_FOUND			references/Onslaught/activereader.h:36;reverse-engineering/source-crosswalk/audit/REPORT.md;reverse-engineering/binary-analysis/ghidra-function-name-table-2026-08-17.tsv;reverse-engineering/binary-analysis/function-c1-closure-2026-08-11.tsv;reverse-engineering/EVIDENCE-REGISTER.tsv;local-lab/re-campaign-incident-recovery-20260808-v1/generation-32-current-8329-db18625-v1/campaign-functions.tsv;reverse-engineering/binary-analysis/event-manager-scheduler-semantics-2026-08-11.tsv;reverse-engineering/source-code/io/event-system.md	Operator punctuation/signature must remain line-distinct; alphanumeric normalization can collapse different operators.	Compiler target membership plus overload/operator identity that selects one retail body resolves and may falsify this unresolved classification.	PARTIAL_OWNER_PRESENT	rebuild/OnslaughtRebuild.Core/RetailEventScheduler.cs	RetailEventScheduler.ClearListener carries the filed-event target-death nulling law; generic monitor registration, copy, reassignment, and destructor unlink remain absent.
activereader.h	37	CActiveReader::operator!=	operator !=(T* right_term)	CActiveReader	ALL_TARGETS	references/Onslaught/activereader.h:37-37	cc16bf551c307163be82ef365e6194eab4dbe8f7ac1e542d7f5856393a7f42e4	Returns mToRead != right_term.	mToRead		NONE_READ_ONLY	NO_MATCH_FOUND			references/Onslaught/activereader.h:37;reverse-engineering/source-crosswalk/audit/REPORT.md;reverse-engineering/binary-analysis/ghidra-function-name-table-2026-08-17.tsv;reverse-engineering/binary-analysis/function-c1-closure-2026-08-11.tsv;reverse-engineering/EVIDENCE-REGISTER.tsv;local-lab/re-campaign-incident-recovery-20260808-v1/generation-32-current-8329-db18625-v1/campaign-functions.tsv;reverse-engineering/binary-analysis/event-manager-scheduler-semantics-2026-08-11.tsv;reverse-engineering/source-code/io/event-system.md	Operator punctuation/signature must remain line-distinct; alphanumeric normalization can collapse different operators.	Compiler target membership plus overload/operator identity that selects one retail body resolves and may falsify this unresolved classification.	PARTIAL_OWNER_PRESENT	rebuild/OnslaughtRebuild.Core/RetailEventScheduler.cs	RetailEventScheduler.ClearListener carries the filed-event target-death nulling law; generic monitor registration, copy, reassignment, and destructor unlink remain absent.
activereader.h	38	CActiveReader::operator=	operator =(T* right_term)	CActiveReader	ALL_TARGETS	references/Onslaught/activereader.h:38-38	285b43dd657dc9b2e6867e1b26a4c8fea20c2cf01aa225bca321141c5b234ef7	Executes the pinned source body in order: SetReader(right_term);			SetReader	NO_MATCH_FOUND			references/Onslaught/activereader.h:38;reverse-engineering/source-crosswalk/audit/REPORT.md;reverse-engineering/binary-analysis/ghidra-function-name-table-2026-08-17.tsv;reverse-engineering/binary-analysis/function-c1-closure-2026-08-11.tsv;reverse-engineering/EVIDENCE-REGISTER.tsv;local-lab/re-campaign-incident-recovery-20260808-v1/generation-32-current-8329-db18625-v1/campaign-functions.tsv;reverse-engineering/binary-analysis/event-manager-scheduler-semantics-2026-08-11.tsv;reverse-engineering/source-code/io/event-system.md	Operator punctuation/signature must remain line-distinct; alphanumeric normalization can collapse different operators.	Compiler target membership plus overload/operator identity that selects one retail body resolves and may falsify this unresolved classification.	PARTIAL_OWNER_PRESENT	rebuild/OnslaughtRebuild.Core/RetailEventScheduler.cs	RetailEventScheduler.ClearListener carries the filed-event target-death nulling law; generic monitor registration, copy, reassignment, and destructor unlink remain absent.
activereader.h	39	CActiveReader::operator->	* operator ->()	CActiveReader	ALL_TARGETS	references/Onslaught/activereader.h:39-39	2aac3221a3f621969a584cfaedf6e990e93ce2f1799123e3198c60f0e5051787	Returns (T*)mToRead.	mToRead		NONE_READ_ONLY	NO_MATCH_FOUND			references/Onslaught/activereader.h:39;reverse-engineering/source-crosswalk/audit/REPORT.md;reverse-engineering/binary-analysis/ghidra-function-name-table-2026-08-17.tsv;reverse-engineering/binary-analysis/function-c1-closure-2026-08-11.tsv;reverse-engineering/EVIDENCE-REGISTER.tsv;local-lab/re-campaign-incident-recovery-20260808-v1/generation-32-current-8329-db18625-v1/campaign-functions.tsv;reverse-engineering/binary-analysis/event-manager-scheduler-semantics-2026-08-11.tsv;reverse-engineering/source-code/io/event-system.md	Operator punctuation/signature must remain line-distinct; alphanumeric normalization can collapse different operators.	Compiler target membership plus overload/operator identity that selects one retail body resolves and may falsify this unresolved classification.	PARTIAL_OWNER_PRESENT	rebuild/OnslaughtRebuild.Core/RetailEventScheduler.cs	RetailEventScheduler.ClearListener carries the filed-event target-death nulling law; generic monitor registration, copy, reassignment, and destructor unlink remain absent.
activereader.h	40	CActiveReader::ToRead	* ToRead()	CActiveReader	ALL_TARGETS	references/Onslaught/activereader.h:40-40	ce4726f45eee1dec6d469e7d1aca9aff0059ce4d13466f7f9a81ea4cb8188571	Returns (T*)mToRead.	mToRead		NONE_READ_ONLY	NO_MATCH_FOUND			reverse-engineering/binary-analysis/ghidra-function-name-table-2026-08-17.tsv;reverse-engineering/binary-analysis/function-c1-closure-2026-08-11.tsv;references/Onslaught/activereader.h:40;reverse-engineering/source-crosswalk/audit/REPORT.md;reverse-engineering/EVIDENCE-REGISTER.tsv;local-lab/re-campaign-incident-recovery-20260808-v1/generation-32-current-8329-db18625-v1/campaign-functions.tsv;reverse-engineering/binary-analysis/event-manager-scheduler-semantics-2026-08-11.tsv;reverse-engineering/source-code/io/event-system.md	Simple inline/header body has no named or promoted semantic target after direct and bounded-owner-alias search; candidate bounded NO_MATCH only, not binary absence.	A promoted same-owner body or bounded alias with compatible ABI and source semantics falsifies the current negative search.	PARTIAL_OWNER_PRESENT	rebuild/OnslaughtRebuild.Core/RetailEventScheduler.cs	RetailEventScheduler.ClearListener carries the filed-event target-death nulling law; generic monitor registration, copy, reassignment, and destructor unlink remain absent.
Career.h	32	CGrade::CGrade	CGrade(char g)	CGrade	ALL_TARGETS	references/Onslaught/Career.h:32-32	155990ead65b041f0a992ec86c940aca2f14a7d0053961315428fa733dd4ad63	Initializes grade(g).	grade		grade	SOURCE_EXACT	0x00420ab0		reverse-engineering/binary-analysis/functions/Career.cpp/CGrade__ctor_char.md;references/Onslaught/Career.h:32;reverse-engineering/source-crosswalk/audit/REPORT.md;reverse-engineering/binary-analysis/ghidra-function-name-table-2026-08-17.tsv;reverse-engineering/binary-analysis/function-c1-closure-2026-08-11.tsv;reverse-engineering/EVIDENCE-REGISTER.tsv;local-lab/re-campaign-incident-recovery-20260808-v1/generation-32-current-8329-db18625-v1/campaign-functions.tsv;reverse-engineering/binary-analysis/career-save-format-semantics-2026-08-11.tsv;reverse-engineering/binary-analysis/career-progression-static-bridge-contract.md;reverse-engineering/source-code/gameplay/career-system.md	Function note names the exact char constructor signature, says Verified vs Source: Yes, and proves the one-byte field store.	Any pristine-body, ABI, or source-line readback mismatch at the cited VA refutes SOURCE_EXACT.	PORTED_SOURCE_SHAPE	rebuild/OnslaughtRebuild.Core/RetailCareerGrades.cs	RetailGrade carries both constructors and both comparison laws with explicit retail/source boundaries.
Career.h	33	CGrade::CGrade	CGrade(WCHAR g)	CGrade	ALL_TARGETS	references/Onslaught/Career.h:33-33	4a3867ab84ffe203d3db95fd2163ae031deea6ed50371a04e5192e56676e0ff4	Writes grade; source body: grade = (char)g ;	grade		grade	NO_MATCH_FOUND			references/Onslaught/Career.h:33;reverse-engineering/source-crosswalk/audit/REPORT.md;reverse-engineering/binary-analysis/ghidra-function-name-table-2026-08-17.tsv;reverse-engineering/binary-analysis/function-c1-closure-2026-08-11.tsv;reverse-engineering/EVIDENCE-REGISTER.tsv;local-lab/re-campaign-incident-recovery-20260808-v1/generation-32-current-8329-db18625-v1/campaign-functions.tsv;reverse-engineering/binary-analysis/career-save-format-semantics-2026-08-11.tsv;reverse-engineering/binary-analysis/career-progression-static-bridge-contract.md;reverse-engineering/source-code/gameplay/career-system.md	Same file/function label has multiple line/signature definitions; do not collapse overloads or conditional bodies.	Compiler target membership plus overload/operator identity that selects one retail body resolves and may falsify this unresolved classification.	PORTED_SOURCE_SHAPE	rebuild/OnslaughtRebuild.Core/RetailCareerGrades.cs	RetailGrade carries both constructors and both comparison laws with explicit retail/source boundaries.
Career.h	35	CGrade::operator>=	operator >= (const CGrade right) const	CGrade	ALL_TARGETS	references/Onslaught/Career.h:35-35	c6e556166076d4070bead42a348fb1d51cbeee7a4d7ffbd044e33eb7eda5cd6c	Executes the pinned source body in order: if (grade == 'S') return TRUE ; if (right.grade == 'S') return FALSE ; return grade <= right.grade ;	grade	'S';FALSE;TRUE	NONE_READ_ONLY	SOURCE_EXACT	0x00420ac0		reverse-engineering/binary-analysis/functions/Career.cpp/CGrade__operator_gte.md;references/Onslaught/Career.h:35;reverse-engineering/source-crosswalk/audit/REPORT.md;reverse-engineering/binary-analysis/ghidra-function-name-table-2026-08-17.tsv;reverse-engineering/binary-analysis/function-c1-closure-2026-08-11.tsv;reverse-engineering/EVIDENCE-REGISTER.tsv;local-lab/re-campaign-incident-recovery-20260808-v1/generation-32-current-8329-db18625-v1/campaign-functions.tsv;reverse-engineering/binary-analysis/career-save-format-semantics-2026-08-11.tsv;reverse-engineering/binary-analysis/career-progression-static-bridge-contract.md;reverse-engineering/source-code/gameplay/career-system.md	Function note explicitly anchors Career.h:35, says Verified vs Source: Yes, and reproduces the S-grade and lexical comparison body.	Any pristine-body, ABI, or source-line readback mismatch at the cited VA refutes SOURCE_EXACT.	PORTED_SOURCE_SHAPE	rebuild/OnslaughtRebuild.Core/RetailCareerGrades.cs	RetailGrade carries both constructors and both comparison laws with explicit retail/source boundaries.
Career.h	36	CGrade::operator==	operator == (const CGrade right) const	CGrade	ALL_TARGETS	references/Onslaught/Career.h:36-36	644f2f32af364b2a959a9c928ad02329ac8caadb3c33691ee242034ca45fbe07	Returns grade == right.grade.	grade		NONE_READ_ONLY	NO_MATCH_FOUND			references/Onslaught/Career.h:36;reverse-engineering/source-crosswalk/audit/REPORT.md;reverse-engineering/binary-analysis/ghidra-function-name-table-2026-08-17.tsv;reverse-engineering/binary-analysis/function-c1-closure-2026-08-11.tsv;reverse-engineering/EVIDENCE-REGISTER.tsv;local-lab/re-campaign-incident-recovery-20260808-v1/generation-32-current-8329-db18625-v1/campaign-functions.tsv;reverse-engineering/binary-analysis/career-save-format-semantics-2026-08-11.tsv;reverse-engineering/binary-analysis/career-progression-static-bridge-contract.md;reverse-engineering/source-code/gameplay/career-system.md	Operator punctuation/signature must remain line-distinct; alphanumeric normalization can collapse different operators.	Compiler target membership plus overload/operator identity that selects one retail body resolves and may falsify this unresolved classification.	PORTED_SOURCE_SHAPE	rebuild/OnslaughtRebuild.Core/RetailCareerGrades.cs	RetailGrade carries both constructors and both comparison laws with explicit retail/source boundaries.
Career.h	53	CGoodie::CGoodie	CGoodie()	CGoodie	ALL_TARGETS	references/Onslaught/Career.h:53-53	ddaca7a40d553950e507e562bf63f9fa94c544e8fb8e044cd4aa1186dfa287fe	Initializes mState(GS_UNKNOWN).	mState	GS_UNKNOWN	mState	NO_MATCH_FOUND			reverse-engineering/binary-analysis/ghidra-function-name-table-2026-08-17.tsv;reverse-engineering/binary-analysis/function-c1-closure-2026-08-11.tsv;references/Onslaught/Career.h:53;reverse-engineering/source-crosswalk/audit/REPORT.md;reverse-engineering/EVIDENCE-REGISTER.tsv;local-lab/re-campaign-incident-recovery-20260808-v1/generation-32-current-8329-db18625-v1/campaign-functions.tsv;reverse-engineering/binary-analysis/career-save-format-semantics-2026-08-11.tsv;reverse-engineering/binary-analysis/career-progression-static-bridge-contract.md;reverse-engineering/source-code/gameplay/career-system.md	Simple inline/header body has no named or promoted semantic target after direct and bounded-owner-alias search; candidate bounded NO_MATCH only, not binary absence.	A promoted same-owner body or bounded alias with compatible ABI and source semantics falsifies the current negative search.	PARTIAL_OWNER_PRESENT	rebuild/OnslaughtRebuild.Core/RetailCareer*.cs	Career graph, grade, slot, kill, goodie, and Level-100 handoff slices exist; save persistence and the options tail remain absent.
Career.h	69	CCareerNodeLink::CCareerNodeLink	CCareerNodeLink()	CCareerNodeLink	ALL_TARGETS	references/Onslaught/Career.h:69-69	22ee2c5253d5517242de368d6ad3a01e8b3f6d83a564e3425eaa95e440920852	Initializes mLinkType(CN_NOT_COMPLETE), mToNode(-1).	mLinkType;mToNode	-1;CN_NOT_COMPLETE	mLinkType;mToNode	NO_MATCH_FOUND			reverse-engineering/binary-analysis/ghidra-function-name-table-2026-08-17.tsv;reverse-engineering/binary-analysis/function-c1-closure-2026-08-11.tsv;references/Onslaught/Career.h:69;reverse-engineering/source-crosswalk/audit/REPORT.md;reverse-engineering/EVIDENCE-REGISTER.tsv;local-lab/re-campaign-incident-recovery-20260808-v1/generation-32-current-8329-db18625-v1/campaign-functions.tsv;reverse-engineering/binary-analysis/career-save-format-semantics-2026-08-11.tsv;reverse-engineering/binary-analysis/career-progression-static-bridge-contract.md;reverse-engineering/source-code/gameplay/career-system.md	Simple inline/header body has no named or promoted semantic target after direct and bounded-owner-alias search; candidate bounded NO_MATCH only, not binary absence.	A promoted same-owner body or bounded alias with compatible ABI and source semantics falsifies the current negative search.	PARTIAL_OWNER_PRESENT	rebuild/OnslaughtRebuild.Core/RetailCareer*.cs	Career graph, grade, slot, kill, goodie, and Level-100 handoff slices exist; save persistence and the options tail remain absent.
Career.h	129	CCareer::Load	Load(char *source, bool suggest_next_level)	CCareer	TARGET == PC	references/Onslaught/Career.h:129-129	6f28cfa4e8b0eef63fa86844a2d9b9b7a01362a6cf8d43ef237fe3d96197b60b	Returns (FALSE).		FALSE	NONE_READ_ONLY	NO_MATCH_FOUND		0x00421200:CCareer__Load	references/Onslaught/Career.h:129;reverse-engineering/source-crosswalk/audit/REPORT.md;reverse-engineering/binary-analysis/ghidra-function-name-table-2026-08-17.tsv;reverse-engineering/binary-analysis/function-c1-closure-2026-08-11.tsv;reverse-engineering/EVIDENCE-REGISTER.tsv;local-lab/re-campaign-incident-recovery-20260808-v1/generation-32-current-8329-db18625-v1/campaign-functions.tsv;reverse-engineering/binary-analysis/career-save-format-semantics-2026-08-11.tsv;reverse-engineering/binary-analysis/career-progression-static-bridge-contract.md;reverse-engineering/source-code/gameplay/career-system.md	Same qualified source function is defined at another file/line (typically a selected preprocessor branch); determine build membership first.	Compiler target membership plus overload/operator identity that selects one retail body resolves and may falsify this unresolved classification.	PARTIAL_OWNER_PRESENT	rebuild/OnslaughtRebuild.Core/RetailCareer*.cs	Career graph, grade, slot, kill, goodie, and Level-100 handoff slices exist; save persistence and the options tail remain absent.
Career.h	133	CCareer::SizeOfSaveGame	SizeOfSaveGame()	CCareer	TARGET == PC	references/Onslaught/Career.h:133-133	0341fb0b863c19f67443c9925d47c7e6cfd18b41eb5532e725267725e5ac277d	Returns (0).		0	NONE_READ_ONLY	NO_MATCH_FOUND			references/Onslaught/Career.h:133;reverse-engineering/source-crosswalk/audit/REPORT.md;reverse-engineering/binary-analysis/ghidra-function-name-table-2026-08-17.tsv;reverse-engineering/binary-analysis/function-c1-closure-2026-08-11.tsv;reverse-engineering/EVIDENCE-REGISTER.tsv;local-lab/re-campaign-incident-recovery-20260808-v1/generation-32-current-8329-db18625-v1/campaign-functions.tsv;reverse-engineering/binary-analysis/career-save-format-semantics-2026-08-11.tsv;reverse-engineering/binary-analysis/career-progression-static-bridge-contract.md;reverse-engineering/source-code/gameplay/career-system.md	Same qualified source function is defined at another file/line (typically a selected preprocessor branch); determine build membership first.	Compiler target membership plus overload/operator identity that selects one retail body resolves and may falsify this unresolved classification.	PARTIAL_OWNER_PRESENT	rebuild/OnslaughtRebuild.Core/RetailCareer*.cs	Career graph, grade, slot, kill, goodie, and Level-100 handoff slices exist; save persistence and the options tail remain absent.
Career.h	138	CCareer::GetNode	* GetNode(int num)	CCareer	ALL_TARGETS	references/Onslaught/Career.h:138-138	03556c46611ca4db9ce7f74370db6f42fdf252e32bd729abdfa896bd9b0dbf7b	Executes the pinned source body in order: if (num < 0) return NULL ; return &mNode[num] ;	mNode	0;NULL	NONE_READ_ONLY	SOURCE_EXACT	0x00420af0	0x00420af0:CCareer__GetNode	reverse-engineering/binary-analysis/functions/Career.cpp/CCareer__GetNode.md;references/Onslaught/Career.h:138;reverse-engineering/source-crosswalk/audit/REPORT.md;reverse-engineering/binary-analysis/ghidra-function-name-table-2026-08-17.tsv;reverse-engineering/binary-analysis/function-c1-closure-2026-08-11.tsv;reverse-engineering/EVIDENCE-REGISTER.tsv;local-lab/re-campaign-incident-recovery-20260808-v1/generation-32-current-8329-db18625-v1/campaign-functions.tsv;reverse-engineering/binary-analysis/career-save-format-semantics-2026-08-11.tsv;reverse-engineering/binary-analysis/career-progression-static-bridge-contract.md;reverse-engineering/source-code/gameplay/career-system.md	Function note explicitly identifies the Career.h inline accessor, says Verified vs Source: Yes, and reproduces its negative-index and stride behavior.	Any pristine-body, ABI, or source-line readback mismatch at the cited VA refutes SOURCE_EXACT.	PORTED_SOURCE_SHAPE	rebuild/OnslaughtRebuild.Core/RetailCareerGrades.cs	RetailCareerRecordLayout carries the node/link offsets and the source negative-index guards.
Career.h	139	CCareer::GetLink	* GetLink(int num)	CCareer	ALL_TARGETS	references/Onslaught/Career.h:139-139	041350f0c73b7715495419fb4f6ce3bb6297162b415e24198de43f537bfe1802	Executes the pinned source body in order: if (num <0) return NULL ;return &mNodeLink[num] ;	mNodeLink	0;NULL	NONE_READ_ONLY	NO_MATCH_FOUND			reverse-engineering/binary-analysis/ghidra-function-name-table-2026-08-17.tsv;reverse-engineering/binary-analysis/function-c1-closure-2026-08-11.tsv;references/Onslaught/Career.h:139;reverse-engineering/source-crosswalk/audit/REPORT.md;reverse-engineering/EVIDENCE-REGISTER.tsv;local-lab/re-campaign-incident-recovery-20260808-v1/generation-32-current-8329-db18625-v1/campaign-functions.tsv;reverse-engineering/binary-analysis/career-save-format-semantics-2026-08-11.tsv;reverse-engineering/binary-analysis/career-progression-static-bridge-contract.md;reverse-engineering/source-code/gameplay/career-system.md	Simple inline/header body has no named or promoted semantic target after direct and bounded-owner-alias search; candidate bounded NO_MATCH only, not binary absence.	A promoted same-owner body or bounded alias with compatible ABI and source semantics falsifies the current negative search.	PORTED_SOURCE_SHAPE	rebuild/OnslaughtRebuild.Core/RetailCareerGrades.cs	RetailCareerRecordLayout carries the node/link offsets and the source negative-index guards.
Career.h	140	CCareer::GetGoodieState	GetGoodieState(int goodie_num)	CCareer	ALL_TARGETS	references/Onslaught/Career.h:140-140	9b175bd594c2155313490c71bcdf29b4dd9f0bda905847c01d3b1774275151a3	Returns mGoodies[goodie_num].mState.	mGoodies;mState		NONE_READ_ONLY	NO_MATCH_FOUND			reverse-engineering/binary-analysis/ghidra-function-name-table-2026-08-17.tsv;reverse-engineering/binary-analysis/function-c1-closure-2026-08-11.tsv;references/Onslaught/Career.h:140;reverse-engineering/source-crosswalk/audit/REPORT.md;reverse-engineering/EVIDENCE-REGISTER.tsv;local-lab/re-campaign-incident-recovery-20260808-v1/generation-32-current-8329-db18625-v1/campaign-functions.tsv;reverse-engineering/binary-analysis/career-save-format-semantics-2026-08-11.tsv;reverse-engineering/binary-analysis/career-progression-static-bridge-contract.md;reverse-engineering/source-code/gameplay/career-system.md	Simple inline/header body has no named or promoted semantic target after direct and bounded-owner-alias search; candidate bounded NO_MATCH only, not binary absence.	A promoted same-owner body or bounded alias with compatible ABI and source semantics falsifies the current negative search.	PORTED_SOURCE_SHAPE	rebuild/OnslaughtRebuild.Core/RetailCareerUpdateGoodieStates.cs	RetailCareerGoodies carries direct get/set state access over the 300-entry store.
Career.h	141	CCareer::SetGoodieState	SetGoodieState(int goodie_num, EGoodieState state)	CCareer	ALL_TARGETS	references/Onslaught/Career.h:141-141	4930d8266e48834cd2480d8ba3b4d6dff3eb82170b95430e8d273d2d3eb45e62	Writes mState; source body: mGoodies[goodie_num].mState = state ;	mGoodies;mState		mState	NO_MATCH_FOUND			reverse-engineering/binary-analysis/ghidra-function-name-table-2026-08-17.tsv;reverse-engineering/binary-analysis/function-c1-closure-2026-08-11.tsv;references/Onslaught/Career.h:141;reverse-engineering/source-crosswalk/audit/REPORT.md;reverse-engineering/EVIDENCE-REGISTER.tsv;local-lab/re-campaign-incident-recovery-20260808-v1/generation-32-current-8329-db18625-v1/campaign-functions.tsv;reverse-engineering/binary-analysis/career-save-format-semantics-2026-08-11.tsv;reverse-engineering/binary-analysis/career-progression-static-bridge-contract.md;reverse-engineering/source-code/gameplay/career-system.md	Simple inline/header body has no named or promoted semantic target after direct and bounded-owner-alias search; candidate bounded NO_MATCH only, not binary absence.	A promoted same-owner body or bounded alias with compatible ABI and source semantics falsifies the current negative search.	PORTED_SOURCE_SHAPE	rebuild/OnslaughtRebuild.Core/RetailCareerUpdateGoodieStates.cs	RetailCareerGoodies carries direct get/set state access over the 300-entry store.
Career.h	153	CCareer::InProgress	InProgress()	CCareer	ALL_TARGETS	references/Onslaught/Career.h:153-153	bf4d2071343a3f980f800c9d0cbb0cb8484ac26aebfb5d7aa028b6e728ed2023	Returns ( mCareerInProgress ).	mCareerInProgress		NONE_READ_ONLY	NO_MATCH_FOUND			reverse-engineering/binary-analysis/ghidra-function-name-table-2026-08-17.tsv;reverse-engineering/binary-analysis/function-c1-closure-2026-08-11.tsv;references/Onslaught/Career.h:153;reverse-engineering/source-crosswalk/audit/REPORT.md;reverse-engineering/EVIDENCE-REGISTER.tsv;local-lab/re-campaign-incident-recovery-20260808-v1/generation-32-current-8329-db18625-v1/campaign-functions.tsv;reverse-engineering/binary-analysis/career-save-format-semantics-2026-08-11.tsv;reverse-engineering/binary-analysis/career-progression-static-bridge-contract.md;reverse-engineering/source-code/gameplay/career-system.md	Simple inline/header body has no named or promoted semantic target after direct and bounded-owner-alias search; candidate bounded NO_MATCH only, not binary absence.	A promoted same-owner body or bounded alias with compatible ABI and source semantics falsifies the current negative search.	PARTIAL_OWNER_PRESENT	rebuild/OnslaughtRebuild.Core/RetailCareer*.cs	Career graph, grade, slot, kill, goodie, and Level-100 handoff slices exist; save persistence and the options tail remain absent.
Career.h	154	CCareer::SetInProgress	SetInProgress()	CCareer	ALL_TARGETS	references/Onslaught/Career.h:154-154	a40cf6c26dc4811859c87ade6915656750241a111cd22d0d377ca12f5ff384ed	Writes mCareerInProgress; source body: mCareerInProgress = TRUE;	mCareerInProgress	TRUE	mCareerInProgress	NO_MATCH_FOUND			reverse-engineering/binary-analysis/ghidra-function-name-table-2026-08-17.tsv;reverse-engineering/binary-analysis/function-c1-closure-2026-08-11.tsv;references/Onslaught/Career.h:154;reverse-engineering/source-crosswalk/audit/REPORT.md;reverse-engineering/EVIDENCE-REGISTER.tsv;local-lab/re-campaign-incident-recovery-20260808-v1/generation-32-current-8329-db18625-v1/campaign-functions.tsv;reverse-engineering/binary-analysis/career-save-format-semantics-2026-08-11.tsv;reverse-engineering/binary-analysis/career-progression-static-bridge-contract.md;reverse-engineering/source-code/gameplay/career-system.md	Simple inline/header body has no named or promoted semantic target after direct and bounded-owner-alias search; candidate bounded NO_MATCH only, not binary absence.	A promoted same-owner body or bounded alias with compatible ABI and source semantics falsifies the current negative search.	PARTIAL_OWNER_PRESENT	rebuild/OnslaughtRebuild.Core/RetailCareer*.cs	Career graph, grade, slot, kill, goodie, and Level-100 handoff slices exist; save persistence and the options tail remain absent.
Career.h	156	CCareer::GetSlots	& GetSlots()	CCareer	ALL_TARGETS	references/Onslaught/Career.h:156-156	7b0e5f9b306e92821c85239ada4b96e4647a0e5891a7fbe347d0dbbe415e5644	Returns mSlots.	mSlots		NONE_READ_ONLY	NO_MATCH_FOUND			reverse-engineering/binary-analysis/ghidra-function-name-table-2026-08-17.tsv;reverse-engineering/binary-analysis/function-c1-closure-2026-08-11.tsv;references/Onslaught/Career.h:156;reverse-engineering/source-crosswalk/audit/REPORT.md;reverse-engineering/EVIDENCE-REGISTER.tsv;local-lab/re-campaign-incident-recovery-20260808-v1/generation-32-current-8329-db18625-v1/campaign-functions.tsv;reverse-engineering/binary-analysis/career-save-format-semantics-2026-08-11.tsv;reverse-engineering/binary-analysis/career-progression-static-bridge-contract.md;reverse-engineering/source-code/gameplay/career-system.md	Simple inline/header body has no named or promoted semantic target after direct and bounded-owner-alias search; candidate bounded NO_MATCH only, not binary absence.	A promoted same-owner body or bounded alias with compatible ABI and source semantics falsifies the current negative search.	PORTED_SOURCE_SHAPE	rebuild/OnslaughtRebuild.Core/RetailCareerProgress.cs	RetailCareerSlots carries the 32-word store and exposes the raw words.
Career.h	161	CCareer::GetIsGod	GetIsGod(int player)	CCareer	ALL_TARGETS	references/Onslaught/Career.h:161-161	e4c5b81e5efd85276f8c4f1c06327bf67c31182c11ecf437ef59c95b7100f3c4	Returns mIsGod[player].	mIsGod		NONE_READ_ONLY	NO_MATCH_FOUND			reverse-engineering/binary-analysis/ghidra-function-name-table-2026-08-17.tsv;reverse-engineering/binary-analysis/function-c1-closure-2026-08-11.tsv;references/Onslaught/Career.h:161;reverse-engineering/source-crosswalk/audit/REPORT.md;reverse-engineering/EVIDENCE-REGISTER.tsv;local-lab/re-campaign-incident-recovery-20260808-v1/generation-32-current-8329-db18625-v1/campaign-functions.tsv;reverse-engineering/binary-analysis/career-save-format-semantics-2026-08-11.tsv;reverse-engineering/binary-analysis/career-progression-static-bridge-contract.md;reverse-engineering/source-code/gameplay/career-system.md	Simple inline/header body has no named or promoted semantic target after direct and bounded-owner-alias search; candidate bounded NO_MATCH only, not binary absence.	A promoted same-owner body or bounded alias with compatible ABI and source semantics falsifies the current negative search.	PARTIAL_OWNER_PRESENT	rebuild/OnslaughtRebuild.Core/RetailCareer*.cs	Career graph, grade, slot, kill, goodie, and Level-100 handoff slices exist; save persistence and the options tail remain absent.
Career.h	162	CCareer::SetIsGod	SetIsGod(int player, BOOL val)	CCareer	ALL_TARGETS	references/Onslaught/Career.h:162-162	c919dd6e65be624623c77c00c58cc7ba127d78846a88c2a31d03bf2794bc8fe5	Writes mIsGod[player]; source body: mIsGod[player] = val ;	mIsGod		mIsGod[player]	NO_MATCH_FOUND			reverse-engineering/binary-analysis/ghidra-function-name-table-2026-08-17.tsv;reverse-engineering/binary-analysis/function-c1-closure-2026-08-11.tsv;references/Onslaught/Career.h:162;reverse-engineering/source-crosswalk/audit/REPORT.md;reverse-engineering/EVIDENCE-REGISTER.tsv;local-lab/re-campaign-incident-recovery-20260808-v1/generation-32-current-8329-db18625-v1/campaign-functions.tsv;reverse-engineering/binary-analysis/career-save-format-semantics-2026-08-11.tsv;reverse-engineering/binary-analysis/career-progression-static-bridge-contract.md;reverse-engineering/source-code/gameplay/career-system.md	Simple inline/header body has no named or promoted semantic target after direct and bounded-owner-alias search; candidate bounded NO_MATCH only, not binary absence.	A promoted same-owner body or bounded alias with compatible ABI and source semantics falsifies the current negative search.	PARTIAL_OWNER_PRESENT	rebuild/OnslaughtRebuild.Core/RetailCareer*.cs	Career graph, grade, slot, kill, goodie, and Level-100 handoff slices exist; save persistence and the options tail remain absent.
Career.h	166	CCareer::GetSoundVolume	GetSoundVolume()	CCareer	ALL_TARGETS	references/Onslaught/Career.h:166-166	0c12d2fdb40fd67c1a77c071d696e00aef0710ff299804361b4a874918241f21	Returns mSoundVolume.	mSoundVolume		NONE_READ_ONLY	NO_MATCH_FOUND			reverse-engineering/binary-analysis/ghidra-function-name-table-2026-08-17.tsv;reverse-engineering/binary-analysis/function-c1-closure-2026-08-11.tsv;references/Onslaught/Career.h:166;reverse-engineering/source-crosswalk/audit/REPORT.md;reverse-engineering/EVIDENCE-REGISTER.tsv;local-lab/re-campaign-incident-recovery-20260808-v1/generation-32-current-8329-db18625-v1/campaign-functions.tsv;reverse-engineering/binary-analysis/career-save-format-semantics-2026-08-11.tsv;reverse-engineering/binary-analysis/career-progression-static-bridge-contract.md;reverse-engineering/source-code/gameplay/career-system.md	Simple inline/header body has no named or promoted semantic target after direct and bounded-owner-alias search; candidate bounded NO_MATCH only, not binary absence.	A promoted same-owner body or bounded alias with compatible ABI and source semantics falsifies the current negative search.	PARTIAL_OWNER_PRESENT	rebuild/OnslaughtRebuild.Core/RetailCareer*.cs	Career graph, grade, slot, kill, goodie, and Level-100 handoff slices exist; save persistence and the options tail remain absent.
Career.h	167	CCareer::SetSoundVolume	SetSoundVolume(float val)	CCareer	ALL_TARGETS	references/Onslaught/Career.h:167-167	12512e9cea79778bcb178b0370eb1eb9d1921577ab37e7f6196c5b607b8f7034	Writes mSoundVolume; source body: mSoundVolume = val ;	mSoundVolume		mSoundVolume	NO_MATCH_FOUND			reverse-engineering/binary-analysis/ghidra-function-name-table-2026-08-17.tsv;reverse-engineering/binary-analysis/function-c1-closure-2026-08-11.tsv;references/Onslaught/Career.h:167;reverse-engineering/source-crosswalk/audit/REPORT.md;reverse-engineering/EVIDENCE-REGISTER.tsv;local-lab/re-campaign-incident-recovery-20260808-v1/generation-32-current-8329-db18625-v1/campaign-functions.tsv;reverse-engineering/binary-analysis/career-save-format-semantics-2026-08-11.tsv;reverse-engineering/binary-analysis/career-progression-static-bridge-contract.md;reverse-engineering/source-code/gameplay/career-system.md	Simple inline/header body has no named or promoted semantic target after direct and bounded-owner-alias search; candidate bounded NO_MATCH only, not binary absence.	A promoted same-owner body or bounded alias with compatible ABI and source semantics falsifies the current negative search.	PARTIAL_OWNER_PRESENT	rebuild/OnslaughtRebuild.Core/RetailCareer*.cs	Career graph, grade, slot, kill, goodie, and Level-100 handoff slices exist; save persistence and the options tail remain absent.
Career.h	169	CCareer::GetMusicVolume	GetMusicVolume()	CCareer	ALL_TARGETS	references/Onslaught/Career.h:169-169	b00e62aae45c99712a6c1fb2e7e2e7f27510906fbfcd9988e27975247f916522	Returns mMusicVolume.	mMusicVolume		NONE_READ_ONLY	NO_MATCH_FOUND			reverse-engineering/binary-analysis/ghidra-function-name-table-2026-08-17.tsv;reverse-engineering/binary-analysis/function-c1-closure-2026-08-11.tsv;references/Onslaught/Career.h:169;reverse-engineering/source-crosswalk/audit/REPORT.md;reverse-engineering/EVIDENCE-REGISTER.tsv;local-lab/re-campaign-incident-recovery-20260808-v1/generation-32-current-8329-db18625-v1/campaign-functions.tsv;reverse-engineering/binary-analysis/career-save-format-semantics-2026-08-11.tsv;reverse-engineering/binary-analysis/career-progression-static-bridge-contract.md;reverse-engineering/source-code/gameplay/career-system.md	Simple inline/header body has no named or promoted semantic target after direct and bounded-owner-alias search; candidate bounded NO_MATCH only, not binary absence.	A promoted same-owner body or bounded alias with compatible ABI and source semantics falsifies the current negative search.	PARTIAL_OWNER_PRESENT	rebuild/OnslaughtRebuild.Core/RetailCareer*.cs	Career graph, grade, slot, kill, goodie, and Level-100 handoff slices exist; save persistence and the options tail remain absent.
Career.h	170	CCareer::SetMusicVolume	SetMusicVolume(float val)	CCareer	ALL_TARGETS	references/Onslaught/Career.h:170-170	d46b97fe9205acb3b1711391bf6f9c4bde15c3d08394a91fbd558516e0251eff	Writes mMusicVolume; source body: mMusicVolume = val ;	mMusicVolume		mMusicVolume	NO_MATCH_FOUND			reverse-engineering/binary-analysis/ghidra-function-name-table-2026-08-17.tsv;reverse-engineering/binary-analysis/function-c1-closure-2026-08-11.tsv;references/Onslaught/Career.h:170;reverse-engineering/source-crosswalk/audit/REPORT.md;reverse-engineering/EVIDENCE-REGISTER.tsv;local-lab/re-campaign-incident-recovery-20260808-v1/generation-32-current-8329-db18625-v1/campaign-functions.tsv;reverse-engineering/binary-analysis/career-save-format-semantics-2026-08-11.tsv;reverse-engineering/binary-analysis/career-progression-static-bridge-contract.md;reverse-engineering/source-code/gameplay/career-system.md	Simple inline/header body has no named or promoted semantic target after direct and bounded-owner-alias search; candidate bounded NO_MATCH only, not binary absence.	A promoted same-owner body or bounded alias with compatible ABI and source semantics falsifies the current negative search.	PARTIAL_OWNER_PRESENT	rebuild/OnslaughtRebuild.Core/RetailCareer*.cs	Career graph, grade, slot, kill, goodie, and Level-100 handoff slices exist; save persistence and the options tail remain absent.
Career.h	172	CCareer::GetControllerConfigurationNum	GetControllerConfigurationNum(int player)	CCareer	ALL_TARGETS	references/Onslaught/Career.h:172-172	25dff3c1e96da90423118423afb0f80b548e2f9f6ded084e5a9379b3f6187a86	Returns mControllerConfigurationNum[player].	mControllerConfigurationNum		NONE_READ_ONLY	NO_MATCH_FOUND			reverse-engineering/binary-analysis/ghidra-function-name-table-2026-08-17.tsv;reverse-engineering/binary-analysis/function-c1-closure-2026-08-11.tsv;references/Onslaught/Career.h:172;reverse-engineering/source-crosswalk/audit/REPORT.md;reverse-engineering/EVIDENCE-REGISTER.tsv;local-lab/re-campaign-incident-recovery-20260808-v1/generation-32-current-8329-db18625-v1/campaign-functions.tsv;reverse-engineering/binary-analysis/career-save-format-semantics-2026-08-11.tsv;reverse-engineering/binary-analysis/career-progression-static-bridge-contract.md;reverse-engineering/source-code/gameplay/career-system.md	Simple inline/header body has no named or promoted semantic target after direct and bounded-owner-alias search; candidate bounded NO_MATCH only, not binary absence.	A promoted same-owner body or bounded alias with compatible ABI and source semantics falsifies the current negative search.	PARTIAL_OWNER_PRESENT	rebuild/OnslaughtRebuild.Core/RetailCareer*.cs	Career graph, grade, slot, kill, goodie, and Level-100 handoff slices exist; save persistence and the options tail remain absent.
Career.h	173	CCareer::SetControllerConfigurationNum	SetControllerConfigurationNum(int player, int val)	CCareer	ALL_TARGETS	references/Onslaught/Career.h:173-173	fe28367cc0aaa7721963fc92aff1e0cd8436644fa390bf3e651377f5a4c18dd2	Writes mControllerConfigurationNum[player]; source body: mControllerConfigurationNum[player] = val ;	mControllerConfigurationNum		mControllerConfigurationNum[player]	NO_MATCH_FOUND			reverse-engineering/binary-analysis/ghidra-function-name-table-2026-08-17.tsv;reverse-engineering/binary-analysis/function-c1-closure-2026-08-11.tsv;references/Onslaught/Career.h:173;reverse-engineering/source-crosswalk/audit/REPORT.md;reverse-engineering/EVIDENCE-REGISTER.tsv;local-lab/re-campaign-incident-recovery-20260808-v1/generation-32-current-8329-db18625-v1/campaign-functions.tsv;reverse-engineering/binary-analysis/career-save-format-semantics-2026-08-11.tsv;reverse-engineering/binary-analysis/career-progression-static-bridge-contract.md;reverse-engineering/source-code/gameplay/career-system.md	Simple inline/header body has no named or promoted semantic target after direct and bounded-owner-alias search; candidate bounded NO_MATCH only, not binary absence.	A promoted same-owner body or bounded alias with compatible ABI and source semantics falsifies the current negative search.	PARTIAL_OWNER_PRESENT	rebuild/OnslaughtRebuild.Core/RetailCareer*.cs	Career graph, grade, slot, kill, goodie, and Level-100 handoff slices exist; save persistence and the options tail remain absent.
Career.h	176	CCareer::GetInvertYAxis	GetInvertYAxis(int player)	CCareer	ALL_TARGETS	references/Onslaught/Career.h:176-176	a6e0689ae25b471bb4ad2515112e6ff1ce07ec47097f444ba6875395d32cc0b4	Returns mInvertYAxis[player].	mInvertYAxis		NONE_READ_ONLY	NO_MATCH_FOUND			reverse-engineering/binary-analysis/ghidra-function-name-table-2026-08-17.tsv;reverse-engineering/binary-analysis/function-c1-closure-2026-08-11.tsv;references/Onslaught/Career.h:176;reverse-engineering/source-crosswalk/audit/REPORT.md;reverse-engineering/EVIDENCE-REGISTER.tsv;local-lab/re-campaign-incident-recovery-20260808-v1/generation-32-current-8329-db18625-v1/campaign-functions.tsv;reverse-engineering/binary-analysis/career-save-format-semantics-2026-08-11.tsv;reverse-engineering/binary-analysis/career-progression-static-bridge-contract.md;reverse-engineering/source-code/gameplay/career-system.md	Simple inline/header body has no named or promoted semantic target after direct and bounded-owner-alias search; candidate bounded NO_MATCH only, not binary absence.	A promoted same-owner body or bounded alias with compatible ABI and source semantics falsifies the current negative search.	PARTIAL_OWNER_PRESENT	rebuild/OnslaughtRebuild.Core/RetailCareer*.cs	Career graph, grade, slot, kill, goodie, and Level-100 handoff slices exist; save persistence and the options tail remain absent.
Career.h	177	CCareer::SetInvertYAxis	SetInvertYAxis(int player, BOOL val)	CCareer	ALL_TARGETS	references/Onslaught/Career.h:177-177	b864836b4c63192e4225c73213465faeee98df2cb2f92330e8dd1d3b60946f9a	Writes mInvertYAxis[player]; source body: mInvertYAxis[player] = val ;	mInvertYAxis		mInvertYAxis[player]	NO_MATCH_FOUND			reverse-engineering/binary-analysis/ghidra-function-name-table-2026-08-17.tsv;reverse-engineering/binary-analysis/function-c1-closure-2026-08-11.tsv;references/Onslaught/Career.h:177;reverse-engineering/source-crosswalk/audit/REPORT.md;reverse-engineering/EVIDENCE-REGISTER.tsv;local-lab/re-campaign-incident-recovery-20260808-v1/generation-32-current-8329-db18625-v1/campaign-functions.tsv;reverse-engineering/binary-analysis/career-save-format-semantics-2026-08-11.tsv;reverse-engineering/binary-analysis/career-progression-static-bridge-contract.md;reverse-engineering/source-code/gameplay/career-system.md	Simple inline/header body has no named or promoted semantic target after direct and bounded-owner-alias search; candidate bounded NO_MATCH only, not binary absence.	A promoted same-owner body or bounded alias with compatible ABI and source semantics falsifies the current negative search.	PARTIAL_OWNER_PRESENT	rebuild/OnslaughtRebuild.Core/RetailCareer*.cs	Career graph, grade, slot, kill, goodie, and Level-100 handoff slices exist; save persistence and the options tail remain absent.
Career.h	178	CCareer::GetVibration	GetVibration(int player)	CCareer	ALL_TARGETS	references/Onslaught/Career.h:178-178	8bd1b9ad73e1ccf69ede4e015934b72803230db382e1316e7c6a514eca5ff272	Returns mVibration[player].	mVibration		NONE_READ_ONLY	NO_MATCH_FOUND			reverse-engineering/binary-analysis/ghidra-function-name-table-2026-08-17.tsv;reverse-engineering/binary-analysis/function-c1-closure-2026-08-11.tsv;references/Onslaught/Career.h:178;reverse-engineering/source-crosswalk/audit/REPORT.md;reverse-engineering/EVIDENCE-REGISTER.tsv;local-lab/re-campaign-incident-recovery-20260808-v1/generation-32-current-8329-db18625-v1/campaign-functions.tsv;reverse-engineering/binary-analysis/career-save-format-semantics-2026-08-11.tsv;reverse-engineering/binary-analysis/career-progression-static-bridge-contract.md;reverse-engineering/source-code/gameplay/career-system.md	Simple inline/header body has no named or promoted semantic target after direct and bounded-owner-alias search; candidate bounded NO_MATCH only, not binary absence.	A promoted same-owner body or bounded alias with compatible ABI and source semantics falsifies the current negative search.	PARTIAL_OWNER_PRESENT	rebuild/OnslaughtRebuild.Core/RetailCareer*.cs	Career graph, grade, slot, kill, goodie, and Level-100 handoff slices exist; save persistence and the options tail remain absent.
Career.h	179	CCareer::SetVibration	SetVibration(int player, BOOL val)	CCareer	ALL_TARGETS	references/Onslaught/Career.h:179-179	7aad6570d6f373f7263aede86c1c88d756eb35bf2976f0b39a117232c5b1c97b	Writes mVibration[player]; source body: mVibration[player] = val ;	mVibration		mVibration[player]	NO_MATCH_FOUND			reverse-engineering/binary-analysis/ghidra-function-name-table-2026-08-17.tsv;reverse-engineering/binary-analysis/function-c1-closure-2026-08-11.tsv;references/Onslaught/Career.h:179;reverse-engineering/source-crosswalk/audit/REPORT.md;reverse-engineering/EVIDENCE-REGISTER.tsv;local-lab/re-campaign-incident-recovery-20260808-v1/generation-32-current-8329-db18625-v1/campaign-functions.tsv;reverse-engineering/binary-analysis/career-save-format-semantics-2026-08-11.tsv;reverse-engineering/binary-analysis/career-progression-static-bridge-contract.md;reverse-engineering/source-code/gameplay/career-system.md	Simple inline/header body has no named or promoted semantic target after direct and bounded-owner-alias search; candidate bounded NO_MATCH only, not binary absence.	A promoted same-owner body or bounded alias with compatible ABI and source semantics falsifies the current negative search.	PARTIAL_OWNER_PRESENT	rebuild/OnslaughtRebuild.Core/RetailCareer*.cs	Career graph, grade, slot, kill, goodie, and Level-100 handoff slices exist; save persistence and the options tail remain absent.
Controller.h	194	CController::SetConfigurationNum	SetConfigurationNum(int num)	CController	ALL_TARGETS	references/Onslaught/Controller.h:194-194	2d3fe724fd2e4a51c1beea231614c12d5c2b62e938ad3d6a695527de31cc3162	Writes mConfigurationNum; source body: mConfigurationNum = num ;	mConfigurationNum		mConfigurationNum	NO_MATCH_FOUND			reverse-engineering/binary-analysis/ghidra-function-name-table-2026-08-17.tsv;reverse-engineering/binary-analysis/function-c1-closure-2026-08-11.tsv;references/Onslaught/Controller.h:194;reverse-engineering/source-crosswalk/audit/REPORT.md;reverse-engineering/EVIDENCE-REGISTER.tsv;local-lab/re-campaign-incident-recovery-20260808-v1/generation-32-current-8329-db18625-v1/campaign-functions.tsv;reverse-engineering/binary-analysis/controller-shared-semantics-2026-08-11.tsv;reverse-engineering/binary-analysis/cpccontroller-vtable-semantics-2026-08-11.tsv;reverse-engineering/binary-analysis/controller-player-game-event-spine-2026-08-11.tsv;reverse-engineering/source-code/frontend/controller-system.md	Simple inline/header body has no named or promoted semantic target after direct and bounded-owner-alias search; candidate bounded NO_MATCH only, not binary absence.	A promoted same-owner body or bounded alias with compatible ABI and source semantics falsifies the current negative search.	PARTIAL_OWNER_PRESENT	rebuild/OnslaughtRebuild.Client/InteractiveSession.cs;rebuild/OnslaughtRebuild.Client.Tests/InteractiveSessionTests.cs	Fixed-step input latches and measured mouse/button laws exist; generic controller stacks, configuration persistence, recording, and vibration do not.
Controller.h	195	CController::GetConfigurationNum	GetConfigurationNum()	CController	ALL_TARGETS	references/Onslaught/Controller.h:195-195	448b9660c53ce438f13d167e10a1f8dabbf45140608a2231a98b1dc7f98ff1be	Returns mConfigurationNum.	mConfigurationNum		NONE_READ_ONLY	NO_MATCH_FOUND			reverse-engineering/binary-analysis/ghidra-function-name-table-2026-08-17.tsv;reverse-engineering/binary-analysis/function-c1-closure-2026-08-11.tsv;references/Onslaught/Controller.h:195;reverse-engineering/source-crosswalk/audit/REPORT.md;reverse-engineering/EVIDENCE-REGISTER.tsv;local-lab/re-campaign-incident-recovery-20260808-v1/generation-32-current-8329-db18625-v1/campaign-functions.tsv;reverse-engineering/binary-analysis/controller-shared-semantics-2026-08-11.tsv;reverse-engineering/binary-analysis/cpccontroller-vtable-semantics-2026-08-11.tsv;reverse-engineering/binary-analysis/controller-player-game-event-spine-2026-08-11.tsv;reverse-engineering/source-code/frontend/controller-system.md	Simple inline/header body has no named or promoted semantic target after direct and bounded-owner-alias search; candidate bounded NO_MATCH only, not binary absence.	A promoted same-owner body or bounded alias with compatible ABI and source semantics falsifies the current negative search.	PARTIAL_OWNER_PRESENT	rebuild/OnslaughtRebuild.Client/InteractiveSession.cs;rebuild/OnslaughtRebuild.Client.Tests/InteractiveSessionTests.cs	Fixed-step input latches and measured mouse/button laws exist; generic controller stacks, configuration persistence, recording, and vibration do not.
Controller.h	197	CController::GetReverseLookYAxis	GetReverseLookYAxis()	CController	ALL_TARGETS	references/Onslaught/Controller.h:197-197	da3b5a786fe85bbd2d165003bea6fe681d8c488bc406d63580514d4349d1f255	Returns mReverseLookYAxis.	mReverseLookYAxis		NONE_READ_ONLY	NO_MATCH_FOUND			reverse-engineering/binary-analysis/ghidra-function-name-table-2026-08-17.tsv;reverse-engineering/binary-analysis/function-c1-closure-2026-08-11.tsv;references/Onslaught/Controller.h:197;reverse-engineering/source-crosswalk/audit/REPORT.md;reverse-engineering/EVIDENCE-REGISTER.tsv;local-lab/re-campaign-incident-recovery-20260808-v1/generation-32-current-8329-db18625-v1/campaign-functions.tsv;reverse-engineering/binary-analysis/controller-shared-semantics-2026-08-11.tsv;reverse-engineering/binary-analysis/cpccontroller-vtable-semantics-2026-08-11.tsv;reverse-engineering/binary-analysis/controller-player-game-event-spine-2026-08-11.tsv;reverse-engineering/source-code/frontend/controller-system.md	Simple inline/header body has no named or promoted semantic target after direct and bounded-owner-alias search; candidate bounded NO_MATCH only, not binary absence.	A promoted same-owner body or bounded alias with compatible ABI and source semantics falsifies the current negative search.	PARTIAL_OWNER_PRESENT	rebuild/OnslaughtRebuild.Client/InteractiveSession.cs;rebuild/OnslaughtRebuild.Client.Tests/InteractiveSessionTests.cs	Fixed-step input latches and measured mouse/button laws exist; generic controller stacks, configuration persistence, recording, and vibration do not.
Controller.h	202	CController::IsPresent	IsPresent()	CController	ALL_TARGETS	references/Onslaught/Controller.h:202-202	401e1c06edc0945e081ca63446bf597ac17c310e926537b1419e8deefb45b4bf	Returns TRUE.		TRUE	NONE_READ_ONLY	NO_MATCH_FOUND			reverse-engineering/binary-analysis/ghidra-function-name-table-2026-08-17.tsv;reverse-engineering/binary-analysis/function-c1-closure-2026-08-11.tsv;references/Onslaught/Controller.h:202;reverse-engineering/source-crosswalk/audit/REPORT.md;reverse-engineering/EVIDENCE-REGISTER.tsv;local-lab/re-campaign-incident-recovery-20260808-v1/generation-32-current-8329-db18625-v1/campaign-functions.tsv;reverse-engineering/binary-analysis/controller-shared-semantics-2026-08-11.tsv;reverse-engineering/binary-analysis/cpccontroller-vtable-semantics-2026-08-11.tsv;reverse-engineering/binary-analysis/controller-player-game-event-spine-2026-08-11.tsv;reverse-engineering/source-code/frontend/controller-system.md	Simple inline/header body has no named or promoted semantic target after direct and bounded-owner-alias search; candidate bounded NO_MATCH only, not binary absence.	A promoted same-owner body or bounded alias with compatible ABI and source semantics falsifies the current negative search.	PARTIAL_OWNER_PRESENT	rebuild/OnslaughtRebuild.Client/InteractiveSession.cs;rebuild/OnslaughtRebuild.Client.Tests/InteractiveSessionTests.cs	Fixed-step input latches and measured mouse/button laws exist; generic controller stacks, configuration persistence, recording, and vibration do not.
Controller.h	258	CController::GetPadNumber	GetPadNumber()	CController	ALL_TARGETS	references/Onslaught/Controller.h:258-258	27f9113206cca1d4e18625fad5a8586d58586bc0ab371ba3acfed9178b95f2b8	Returns mPadNumber.	mPadNumber		NONE_READ_ONLY	NO_MATCH_FOUND			reverse-engineering/binary-analysis/ghidra-function-name-table-2026-08-17.tsv;reverse-engineering/binary-analysis/function-c1-closure-2026-08-11.tsv;references/Onslaught/Controller.h:258;reverse-engineering/source-crosswalk/audit/REPORT.md;reverse-engineering/EVIDENCE-REGISTER.tsv;local-lab/re-campaign-incident-recovery-20260808-v1/generation-32-current-8329-db18625-v1/campaign-functions.tsv;reverse-engineering/binary-analysis/controller-shared-semantics-2026-08-11.tsv;reverse-engineering/binary-analysis/cpccontroller-vtable-semantics-2026-08-11.tsv;reverse-engineering/binary-analysis/controller-player-game-event-spine-2026-08-11.tsv;reverse-engineering/source-code/frontend/controller-system.md	Simple inline/header body has no named or promoted semantic target after direct and bounded-owner-alias search; candidate bounded NO_MATCH only, not binary absence.	A promoted same-owner body or bounded alias with compatible ABI and source semantics falsifies the current negative search.	PARTIAL_OWNER_PRESENT	rebuild/OnslaughtRebuild.Client/InteractiveSession.cs;rebuild/OnslaughtRebuild.Client.Tests/InteractiveSessionTests.cs	Fixed-step input latches and measured mouse/button laws exist; generic controller stacks, configuration persistence, recording, and vibration do not.
DXGame.h	15	CDXGame::SetBaseTime	SetBaseTime(float t)	CDXGame	DIRECTX_OWNER_FILE	references/Onslaught/DXGame.h:15-15	bdcff8c6cbba257237a5c31d3d242f0c9a042b46df5aac8c362d8ba2d943d166	Writes mBaseTime; source body: mBaseTime=t;	mBaseTime		mBaseTime	NO_MATCH_FOUND			reverse-engineering/binary-analysis/ghidra-function-name-table-2026-08-17.tsv;reverse-engineering/binary-analysis/function-c1-closure-2026-08-11.tsv;references/Onslaught/DXGame.h:15;reverse-engineering/source-crosswalk/audit/REPORT.md;reverse-engineering/EVIDENCE-REGISTER.tsv;local-lab/re-campaign-incident-recovery-20260808-v1/generation-32-current-8329-db18625-v1/campaign-functions.tsv;reverse-engineering/binary-analysis/cgame-level-lifecycle-semantics-2026-08-11.tsv;reverse-engineering/binary-analysis/controller-player-game-event-spine-2026-08-11.tsv;reverse-engineering/source-code/gameplay/game-system.md	Simple inline/header body has no named or promoted semantic target after direct and bounded-owner-alias search; candidate bounded NO_MATCH only, not binary absence.	A promoted same-owner body or bounded alias with compatible ABI and source semantics falsifies the current negative search.	PARTIAL_OWNER_PRESENT	rebuild/OnslaughtRebuild.Core/Simulation.cs;rebuild/OnslaughtRebuild.Client/InteractiveSession.cs	The Level-100 deterministic session carries selected state/objective/input laws, not the complete CGame shell or mutable platform timing facade.
DXGame.h	16	CDXGame::SetFrameTime	SetFrameTime(float t)	CDXGame	DIRECTX_OWNER_FILE	references/Onslaught/DXGame.h:16-16	b93c8198009940f7a9609ff8ef0f57ae909b3af9593233492eaa8825b0c5a80d	Writes mFrameTime; source body: mFrameTime=t;	mFrameTime		mFrameTime	NO_MATCH_FOUND			reverse-engineering/binary-analysis/ghidra-function-name-table-2026-08-17.tsv;reverse-engineering/binary-analysis/function-c1-closure-2026-08-11.tsv;references/Onslaught/DXGame.h:16;reverse-engineering/source-crosswalk/audit/REPORT.md;reverse-engineering/EVIDENCE-REGISTER.tsv;local-lab/re-campaign-incident-recovery-20260808-v1/generation-32-current-8329-db18625-v1/campaign-functions.tsv;reverse-engineering/binary-analysis/cgame-level-lifecycle-semantics-2026-08-11.tsv;reverse-engineering/binary-analysis/controller-player-game-event-spine-2026-08-11.tsv;reverse-engineering/source-code/gameplay/game-system.md	Simple inline/header body has no named or promoted semantic target after direct and bounded-owner-alias search; candidate bounded NO_MATCH only, not binary absence.	A promoted same-owner body or bounded alias with compatible ABI and source semantics falsifies the current negative search.	PARTIAL_OWNER_PRESENT	rebuild/OnslaughtRebuild.Core/Simulation.cs;rebuild/OnslaughtRebuild.Client/InteractiveSession.cs	The Level-100 deterministic session carries selected state/objective/input laws, not the complete CGame shell or mutable platform timing facade.
event.h	16	CEvent::CEvent	CEvent()	CEvent	ALL_TARGETS	references/Onslaught/event.h:16-16	4f68eb823ae0f0e641d0b3f77df6f36f290a6291862b6e320641b26ccbf27257	Executes the pinned source body in order: 			NONE_READ_ONLY	NO_MATCH_FOUND			references/Onslaught/event.h:16;reverse-engineering/source-crosswalk/audit/REPORT.md;reverse-engineering/binary-analysis/ghidra-function-name-table-2026-08-17.tsv;reverse-engineering/binary-analysis/function-c1-closure-2026-08-11.tsv;reverse-engineering/EVIDENCE-REGISTER.tsv;local-lab/re-campaign-incident-recovery-20260808-v1/generation-32-current-8329-db18625-v1/campaign-functions.tsv;reverse-engineering/binary-analysis/event-manager-scheduler-semantics-2026-08-11.tsv;reverse-engineering/source-code/io/event-system.md	Same qualified source function is defined at another file/line (typically a selected preprocessor branch); determine build membership first.	Compiler target membership plus overload/operator identity that selects one retail body resolves and may falsify this unresolved classification.	PARTIAL_OWNER_PRESENT	rebuild/OnslaughtRebuild.Core/RetailEventScheduler.cs;rebuild/OnslaughtRebuild.Core.Tests/RetailEventSchedulerTests.cs	The pooled scheduler carries event number/time/listener/data/reuse/free-link state, but not every standalone CEvent/CScheduledEvent accessor or static live-count surface.
event.h	18	CEvent::SetNum	SetNum(const int event)	CEvent	ALL_TARGETS	references/Onslaught/event.h:18-18	37b9ff4649bf29111d15492190be31f6a3d9dd4bf50ef737416a789eda7fd416	Writes mEventNum; source body: mEventNum = (short)event ;	mEventNum		mEventNum	NO_MATCH_FOUND			reverse-engineering/binary-analysis/ghidra-function-name-table-2026-08-17.tsv;reverse-engineering/binary-analysis/function-c1-closure-2026-08-11.tsv;references/Onslaught/event.h:18;reverse-engineering/source-crosswalk/audit/REPORT.md;reverse-engineering/EVIDENCE-REGISTER.tsv;local-lab/re-campaign-incident-recovery-20260808-v1/generation-32-current-8329-db18625-v1/campaign-functions.tsv;reverse-engineering/binary-analysis/event-manager-scheduler-semantics-2026-08-11.tsv;reverse-engineering/source-code/io/event-system.md	Simple inline/header body has no named or promoted semantic target after direct and bounded-owner-alias search; candidate bounded NO_MATCH only, not binary absence.	A promoted same-owner body or bounded alias with compatible ABI and source semantics falsifies the current negative search.	PARTIAL_OWNER_PRESENT	rebuild/OnslaughtRebuild.Core/RetailEventScheduler.cs;rebuild/OnslaughtRebuild.Core.Tests/RetailEventSchedulerTests.cs	The pooled scheduler carries event number/time/listener/data/reuse/free-link state, but not every standalone CEvent/CScheduledEvent accessor or static live-count surface.
event.h	19	CEvent::GetEventNum	GetEventNum()	CEvent	ALL_TARGETS	references/Onslaught/event.h:19-19	665e047fa4015ec51608a01704a9127209af30a1bb83a5e9727329b48139e365	Returns (int)mEventNum.	mEventNum		NONE_READ_ONLY	NO_MATCH_FOUND			reverse-engineering/binary-analysis/ghidra-function-name-table-2026-08-17.tsv;reverse-engineering/binary-analysis/function-c1-closure-2026-08-11.tsv;references/Onslaught/event.h:19;reverse-engineering/source-crosswalk/audit/REPORT.md;reverse-engineering/EVIDENCE-REGISTER.tsv;local-lab/re-campaign-incident-recovery-20260808-v1/generation-32-current-8329-db18625-v1/campaign-functions.tsv;reverse-engineering/binary-analysis/event-manager-scheduler-semantics-2026-08-11.tsv;reverse-engineering/source-code/io/event-system.md	Simple inline/header body has no named or promoted semantic target after direct and bounded-owner-alias search; candidate bounded NO_MATCH only, not binary absence.	A promoted same-owner body or bounded alias with compatible ABI and source semantics falsifies the current negative search.	PARTIAL_OWNER_PRESENT	rebuild/OnslaughtRebuild.Core/RetailEventScheduler.cs;rebuild/OnslaughtRebuild.Core.Tests/RetailEventSchedulerTests.cs	The pooled scheduler carries event number/time/listener/data/reuse/free-link state, but not every standalone CEvent/CScheduledEvent accessor or static live-count surface.
event.h	20	CEvent::SetToCall	SetToCall(CMonitor* to_call)	CEvent	ALL_TARGETS	references/Onslaught/event.h:20-20	9ae1f8c33e8a04eefcba7af3d421ef1a0558f1a5ec2bbe7e6a22bea1aef0d9a3	Executes the pinned source body in order: mToCall.SetReader(to_call) ;	mToCall		mToCall.SetReader	NO_MATCH_FOUND			reverse-engineering/binary-analysis/ghidra-function-name-table-2026-08-17.tsv;reverse-engineering/binary-analysis/function-c1-closure-2026-08-11.tsv;references/Onslaught/event.h:20;reverse-engineering/source-crosswalk/audit/REPORT.md;reverse-engineering/EVIDENCE-REGISTER.tsv;local-lab/re-campaign-incident-recovery-20260808-v1/generation-32-current-8329-db18625-v1/campaign-functions.tsv;reverse-engineering/binary-analysis/event-manager-scheduler-semantics-2026-08-11.tsv;reverse-engineering/source-code/io/event-system.md	Simple inline/header body has no named or promoted semantic target after direct and bounded-owner-alias search; candidate bounded NO_MATCH only, not binary absence.	A promoted same-owner body or bounded alias with compatible ABI and source semantics falsifies the current negative search.	PARTIAL_OWNER_PRESENT	rebuild/OnslaughtRebuild.Core/RetailEventScheduler.cs;rebuild/OnslaughtRebuild.Core.Tests/RetailEventSchedulerTests.cs	The pooled scheduler carries event number/time/listener/data/reuse/free-link state, but not every standalone CEvent/CScheduledEvent accessor or static live-count surface.
event.h	21	CEvent::GetToCall	*  GetToCall()	CEvent	ALL_TARGETS	references/Onslaught/event.h:21-21	da5e116a588d783beb333416c93f61e530778eaf1afea7cf6721619f1ef1bbba	Returns mToCall.ToRead().	mToCall		mToCall.ToRead	NO_MATCH_FOUND			reverse-engineering/binary-analysis/ghidra-function-name-table-2026-08-17.tsv;reverse-engineering/binary-analysis/function-c1-closure-2026-08-11.tsv;references/Onslaught/event.h:21;reverse-engineering/source-crosswalk/audit/REPORT.md;reverse-engineering/EVIDENCE-REGISTER.tsv;local-lab/re-campaign-incident-recovery-20260808-v1/generation-32-current-8329-db18625-v1/campaign-functions.tsv;reverse-engineering/binary-analysis/event-manager-scheduler-semantics-2026-08-11.tsv;reverse-engineering/source-code/io/event-system.md	Simple inline/header body has no named or promoted semantic target after direct and bounded-owner-alias search; candidate bounded NO_MATCH only, not binary absence.	A promoted same-owner body or bounded alias with compatible ABI and source semantics falsifies the current negative search.	PARTIAL_OWNER_PRESENT	rebuild/OnslaughtRebuild.Core/RetailEventScheduler.cs;rebuild/OnslaughtRebuild.Core.Tests/RetailEventSchedulerTests.cs	The pooled scheduler carries event number/time/listener/data/reuse/free-link state, but not every standalone CEvent/CScheduledEvent accessor or static live-count surface.
eventmanager.h	58	CEventManager::TotalEvents	TotalEvents()	CEventManager	ALL_TARGETS	references/Onslaught/eventmanager.h:58-58	17197e5b8bde20bc62fa721bf05eefb315af773b6dd129d6e2a56ef938f4e3be	Returns mNumEventsInEventManager.	mNumEventsInEventManager		NONE_READ_ONLY	NO_MATCH_FOUND			reverse-engineering/binary-analysis/ghidra-function-name-table-2026-08-17.tsv;reverse-engineering/binary-analysis/function-c1-closure-2026-08-11.tsv;references/Onslaught/eventmanager.h:58;reverse-engineering/source-crosswalk/audit/REPORT.md;reverse-engineering/EVIDENCE-REGISTER.tsv;local-lab/re-campaign-incident-recovery-20260808-v1/generation-32-current-8329-db18625-v1/campaign-functions.tsv;reverse-engineering/binary-analysis/event-manager-scheduler-semantics-2026-08-11.tsv;reverse-engineering/source-code/io/event-system.md	Simple inline/header body has no named or promoted semantic target after direct and bounded-owner-alias search; candidate bounded NO_MATCH only, not binary absence.	A promoted same-owner body or bounded alias with compatible ABI and source semantics falsifies the current negative search.	PORTED_SOURCE_SHAPE	rebuild/OnslaughtRebuild.Core/RetailEventScheduler.cs;rebuild/OnslaughtRebuild.Core.Tests/RetailEventSchedulerTests.cs	RetailEventScheduler carries all six omitted manager accessors plus the 200x3 ring, overflow list, pool, frame clock, routing, flush, and recycler with focused parity tests.
eventmanager.h	59	CEventManager::GetNumEventsProcessedInLastUpdate	GetNumEventsProcessedInLastUpdate()	CEventManager	ALL_TARGETS	references/Onslaught/eventmanager.h:59-59	a17be6527d3b76835d3d3d468caf26f78c2cccb85ac895124f57e5d201983b63	Returns mEventsProcessedThisUpdate.	mEventsProcessedThisUpdate		NONE_READ_ONLY	NO_MATCH_FOUND			reverse-engineering/binary-analysis/ghidra-function-name-table-2026-08-17.tsv;reverse-engineering/binary-analysis/function-c1-closure-2026-08-11.tsv;references/Onslaught/eventmanager.h:59;reverse-engineering/source-crosswalk/audit/REPORT.md;reverse-engineering/EVIDENCE-REGISTER.tsv;local-lab/re-campaign-incident-recovery-20260808-v1/generation-32-current-8329-db18625-v1/campaign-functions.tsv;reverse-engineering/binary-analysis/event-manager-scheduler-semantics-2026-08-11.tsv;reverse-engineering/source-code/io/event-system.md	Simple inline/header body has no named or promoted semantic target after direct and bounded-owner-alias search; candidate bounded NO_MATCH only, not binary absence.	A promoted same-owner body or bounded alias with compatible ABI and source semantics falsifies the current negative search.	PORTED_SOURCE_SHAPE	rebuild/OnslaughtRebuild.Core/RetailEventScheduler.cs;rebuild/OnslaughtRebuild.Core.Tests/RetailEventSchedulerTests.cs	RetailEventScheduler carries all six omitted manager accessors plus the 200x3 ring, overflow list, pool, frame clock, routing, flush, and recycler with focused parity tests.
eventmanager.h	60	CEventManager::GetTime	& GetTime()	CEventManager	ALL_TARGETS	references/Onslaught/eventmanager.h:60-60	274829a477c36e5b2450993181157e64d850d7d8f97095ae649040cd836a0b31	Returns mTime.	mTime		NONE_READ_ONLY	NO_MATCH_FOUND			reverse-engineering/binary-analysis/ghidra-function-name-table-2026-08-17.tsv;reverse-engineering/binary-analysis/function-c1-closure-2026-08-11.tsv;references/Onslaught/eventmanager.h:60;reverse-engineering/source-crosswalk/audit/REPORT.md;reverse-engineering/EVIDENCE-REGISTER.tsv;local-lab/re-campaign-incident-recovery-20260808-v1/generation-32-current-8329-db18625-v1/campaign-functions.tsv;reverse-engineering/binary-analysis/event-manager-scheduler-semantics-2026-08-11.tsv;reverse-engineering/source-code/io/event-system.md	Simple inline/header body has no named or promoted semantic target after direct and bounded-owner-alias search; candidate bounded NO_MATCH only, not binary absence.	A promoted same-owner body or bounded alias with compatible ABI and source semantics falsifies the current negative search.	PORTED_SOURCE_SHAPE	rebuild/OnslaughtRebuild.Core/RetailEventScheduler.cs;rebuild/OnslaughtRebuild.Core.Tests/RetailEventSchedulerTests.cs	RetailEventScheduler carries all six omitted manager accessors plus the 200x3 ring, overflow list, pool, frame clock, routing, flush, and recycler with focused parity tests.
eventmanager.h	61	CEventManager::GetCurrentEventProcessNum	GetCurrentEventProcessNum()	CEventManager	ALL_TARGETS	references/Onslaught/eventmanager.h:61-61	5b98e5e5a3a044f0e16fe61d723c5efdb416a2060437bbb96374f2fc32ecfc05	Returns mTotalEventProcessedNum.	mTotalEventProcessedNum		NONE_READ_ONLY	NO_MATCH_FOUND			reverse-engineering/binary-analysis/ghidra-function-name-table-2026-08-17.tsv;reverse-engineering/binary-analysis/function-c1-closure-2026-08-11.tsv;references/Onslaught/eventmanager.h:61;reverse-engineering/source-crosswalk/audit/REPORT.md;reverse-engineering/EVIDENCE-REGISTER.tsv;local-lab/re-campaign-incident-recovery-20260808-v1/generation-32-current-8329-db18625-v1/campaign-functions.tsv;reverse-engineering/binary-analysis/event-manager-scheduler-semantics-2026-08-11.tsv;reverse-engineering/source-code/io/event-system.md	Simple inline/header body has no named or promoted semantic target after direct and bounded-owner-alias search; candidate bounded NO_MATCH only, not binary absence.	A promoted same-owner body or bounded alias with compatible ABI and source semantics falsifies the current negative search.	PORTED_SOURCE_SHAPE	rebuild/OnslaughtRebuild.Core/RetailEventScheduler.cs;rebuild/OnslaughtRebuild.Core.Tests/RetailEventSchedulerTests.cs	RetailEventScheduler carries all six omitted manager accessors plus the 200x3 ring, overflow list, pool, frame clock, routing, flush, and recycler with focused parity tests.
eventmanager.h	62	CEventManager::GetFrameCount	GetFrameCount()	CEventManager	ALL_TARGETS	references/Onslaught/eventmanager.h:62-62	ff4c4d14a2c4b76934ee573fee0577a1d5b3d83589f557f5f0d534170a64053d	Returns mFrameCount.	mFrameCount		NONE_READ_ONLY	NO_MATCH_FOUND			reverse-engineering/binary-analysis/ghidra-function-name-table-2026-08-17.tsv;reverse-engineering/binary-analysis/function-c1-closure-2026-08-11.tsv;references/Onslaught/eventmanager.h:62;reverse-engineering/source-crosswalk/audit/REPORT.md;reverse-engineering/EVIDENCE-REGISTER.tsv;local-lab/re-campaign-incident-recovery-20260808-v1/generation-32-current-8329-db18625-v1/campaign-functions.tsv;reverse-engineering/binary-analysis/event-manager-scheduler-semantics-2026-08-11.tsv;reverse-engineering/source-code/io/event-system.md	Simple inline/header body has no named or promoted semantic target after direct and bounded-owner-alias search; candidate bounded NO_MATCH only, not binary absence.	A promoted same-owner body or bounded alias with compatible ABI and source semantics falsifies the current negative search.	PORTED_SOURCE_SHAPE	rebuild/OnslaughtRebuild.Core/RetailEventScheduler.cs;rebuild/OnslaughtRebuild.Core.Tests/RetailEventSchedulerTests.cs	RetailEventScheduler carries all six omitted manager accessors plus the 200x3 ring, overflow list, pool, frame clock, routing, flush, and recycler with focused parity tests.
eventmanager.h	68	CEventManager::IsValid	IsValid()	CEventManager	ALL_TARGETS	references/Onslaught/eventmanager.h:68-68	94fff3b7ee5b4ade038fbb613488dff0340dd735dd1aa37db4514eb92feb9f32	Returns mValid.	mValid		NONE_READ_ONLY	NO_MATCH_FOUND			reverse-engineering/binary-analysis/ghidra-function-name-table-2026-08-17.tsv;reverse-engineering/binary-analysis/function-c1-closure-2026-08-11.tsv;references/Onslaught/eventmanager.h:68;reverse-engineering/source-crosswalk/audit/REPORT.md;reverse-engineering/EVIDENCE-REGISTER.tsv;local-lab/re-campaign-incident-recovery-20260808-v1/generation-32-current-8329-db18625-v1/campaign-functions.tsv;reverse-engineering/binary-analysis/event-manager-scheduler-semantics-2026-08-11.tsv;reverse-engineering/source-code/io/event-system.md	Simple inline/header body has no named or promoted semantic target after direct and bounded-owner-alias search; candidate bounded NO_MATCH only, not binary absence.	A promoted same-owner body or bounded alias with compatible ABI and source semantics falsifies the current negative search.	PORTED_SOURCE_SHAPE	rebuild/OnslaughtRebuild.Core/RetailEventScheduler.cs;rebuild/OnslaughtRebuild.Core.Tests/RetailEventSchedulerTests.cs	RetailEventScheduler carries all six omitted manager accessors plus the 200x3 ring, overflow list, pool, frame clock, routing, flush, and recycler with focused parity tests.
FEPGoodies.h	35	CGoodieData::GetNumber	GetNumber() const	CGoodieData	ALL_TARGETS	references/Onslaught/FEPGoodies.h:35-35	f8d2fabecdbecd1164913cd3cef5718d5cb9647873ec74c8fc9dbd3f9caa7fc6	Returns Number.	Number		NONE_READ_ONLY	NO_MATCH_FOUND			reverse-engineering/binary-analysis/ghidra-function-name-table-2026-08-17.tsv;reverse-engineering/binary-analysis/function-c1-closure-2026-08-11.tsv;references/Onslaught/FEPGoodies.h:35;reverse-engineering/source-crosswalk/audit/REPORT.md;reverse-engineering/EVIDENCE-REGISTER.tsv;local-lab/re-campaign-incident-recovery-20260808-v1/generation-32-current-8329-db18625-v1/campaign-functions.tsv;reverse-engineering/binary-analysis/frontend-save-load-semantics-2026-08-11.tsv;reverse-engineering/source-code/frontend/fep-systems.md	Simple inline/header body has no named or promoted semantic target after direct and bounded-owner-alias search; candidate bounded NO_MATCH only, not binary absence.	A promoted same-owner body or bounded alias with compatible ABI and source semantics falsifies the current negative search.	PARTIAL_OWNER_PRESENT	rebuild/OnslaughtRebuild.Client/RetailFrontendSession.cs;rebuild/OnslaughtRebuild.Godot/RetailFrontendFlow.cs	The presentation frontend carries bounded page/session state, but no save transaction, full page set, or CFrontEnd object-layout parity.
FEPGoodies.h	36	CGoodieData::GetNumber2	GetNumber2() const	CGoodieData	ALL_TARGETS	references/Onslaught/FEPGoodies.h:36-36	4a8b4a6fccf23b694af83646f5b9a58420cb2a6dbdbbef5c9e66a02938ee64ca	Returns Number2.	Number2		NONE_READ_ONLY	NO_MATCH_FOUND			reverse-engineering/binary-analysis/ghidra-function-name-table-2026-08-17.tsv;reverse-engineering/binary-analysis/function-c1-closure-2026-08-11.tsv;references/Onslaught/FEPGoodies.h:36;reverse-engineering/source-crosswalk/audit/REPORT.md;reverse-engineering/EVIDENCE-REGISTER.tsv;local-lab/re-campaign-incident-recovery-20260808-v1/generation-32-current-8329-db18625-v1/campaign-functions.tsv;reverse-engineering/binary-analysis/frontend-save-load-semantics-2026-08-11.tsv;reverse-engineering/source-code/frontend/fep-systems.md	Simple inline/header body has no named or promoted semantic target after direct and bounded-owner-alias search; candidate bounded NO_MATCH only, not binary absence.	A promoted same-owner body or bounded alias with compatible ABI and source semantics falsifies the current negative search.	PARTIAL_OWNER_PRESENT	rebuild/OnslaughtRebuild.Client/RetailFrontendSession.cs;rebuild/OnslaughtRebuild.Godot/RetailFrontendFlow.cs	The presentation frontend carries bounded page/session state, but no save transaction, full page set, or CFrontEnd object-layout parity.
FrontEnd.cpp	32	CFrontEnd::CFrontEnd	CFrontEnd::CFrontEnd(void)	CFrontEnd	ALL_TARGETS	references/Onslaught/FrontEnd.cpp:32-41	1611ccb82a7ded68e8f8de59bdc7116db533877bfa6190cc869b5bae3592d988	Initializes mAutoSave(CFrontEnd::AUTO_SAVE_NOT), mFirstRun(TRUE), mSelectedLevel(-1), mAllLevelsCheatActive(FALSE); then writes mPlayer0ControllerPort, mSaveFilename[0]; source body: mSaveFilename[0] = 0; mPlayer0ControllerPort = -1;	mAllLevelsCheatActive;mAutoSave;mFirstRun;mPlayer0ControllerPort;mSaveFilename;mSelectedLevel	-1;0;AUTO_SAVE_NOT;FALSE;TRUE	mAllLevelsCheatActive;mAutoSave;mFirstRun;mPlayer0ControllerPort;mSaveFilename[0];mSelectedLevel	NO_MATCH_FOUND			reverse-engineering/binary-analysis/ghidra-function-name-table-2026-08-17.tsv;reverse-engineering/binary-analysis/function-c1-closure-2026-08-11.tsv;references/Onslaught/FrontEnd.cpp:32;reverse-engineering/source-crosswalk/audit/REPORT.md;reverse-engineering/EVIDENCE-REGISTER.tsv;local-lab/re-campaign-incident-recovery-20260808-v1/generation-32-current-8329-db18625-v1/campaign-functions.tsv;reverse-engineering/binary-analysis/frontend-save-load-semantics-2026-08-11.tsv;reverse-engineering/source-code/frontend/fep-systems.md	Out-of-line source definition has no proven tracked analog; external static/ABI or runtime proof is required before a negative or VA assignment.	Static ABI/xref/body evidence or controlled runtime evidence that proves a target resolves and may falsify this unresolved classification.	PARTIAL_OWNER_PRESENT	rebuild/OnslaughtRebuild.Client/RetailFrontendSession.cs;rebuild/OnslaughtRebuild.Godot/RetailFrontendFlow.cs	The presentation frontend carries bounded page/session state, but no save transaction, full page set, or CFrontEnd object-layout parity.
Frontend.h	115	CFrontEnd::CanBeControlledWhenInPause	CanBeControlledWhenInPause()	CFrontEnd	ALL_TARGETS	references/Onslaught/Frontend.h:115-115	a9021f3a941322f23010269f6cbd7b1f85ddf0ad834389dd6d30d894a4a29a17	Returns (TRUE).		TRUE	NONE_READ_ONLY	NO_MATCH_FOUND			reverse-engineering/binary-analysis/ghidra-function-name-table-2026-08-17.tsv;reverse-engineering/binary-analysis/function-c1-closure-2026-08-11.tsv;references/Onslaught/Frontend.h:115;reverse-engineering/source-crosswalk/audit/REPORT.md;reverse-engineering/EVIDENCE-REGISTER.tsv;local-lab/re-campaign-incident-recovery-20260808-v1/generation-32-current-8329-db18625-v1/campaign-functions.tsv;reverse-engineering/binary-analysis/frontend-save-load-semantics-2026-08-11.tsv;reverse-engineering/source-code/frontend/fep-systems.md	Simple inline/header body has no named or promoted semantic target after direct and bounded-owner-alias search; candidate bounded NO_MATCH only, not binary absence.	A promoted same-owner body or bounded alias with compatible ABI and source semantics falsifies the current negative search.	PARTIAL_OWNER_PRESENT	rebuild/OnslaughtRebuild.Client/RetailFrontendSession.cs;rebuild/OnslaughtRebuild.Godot/RetailFrontendFlow.cs	The presentation frontend carries bounded page/session state, but no save transaction, full page set, or CFrontEnd object-layout parity.
Frontend.h	116	CFrontEnd::GetControlType	GetControlType()	CFrontEnd	ALL_TARGETS	references/Onslaught/Frontend.h:116-116	74af922b57d9615adf5605f180224579c05f507d04ac156a1ceb5b069378a57b	Returns CONTROL_FRONTEND.		CONTROL_FRONTEND	NONE_READ_ONLY	NO_MATCH_FOUND			reverse-engineering/binary-analysis/ghidra-function-name-table-2026-08-17.tsv;reverse-engineering/binary-analysis/function-c1-closure-2026-08-11.tsv;references/Onslaught/Frontend.h:116;reverse-engineering/source-crosswalk/audit/REPORT.md;reverse-engineering/EVIDENCE-REGISTER.tsv;local-lab/re-campaign-incident-recovery-20260808-v1/generation-32-current-8329-db18625-v1/campaign-functions.tsv;reverse-engineering/binary-analysis/frontend-save-load-semantics-2026-08-11.tsv;reverse-engineering/source-code/frontend/fep-systems.md	Simple inline/header body has no named or promoted semantic target after direct and bounded-owner-alias search; candidate bounded NO_MATCH only, not binary absence.	A promoted same-owner body or bounded alias with compatible ABI and source semantics falsifies the current negative search.	PARTIAL_OWNER_PRESENT	rebuild/OnslaughtRebuild.Client/RetailFrontendSession.cs;rebuild/OnslaughtRebuild.Godot/RetailFrontendFlow.cs	The presentation frontend carries bounded page/session state, but no save transaction, full page set, or CFrontEnd object-layout parity.
Frontend.h	119	CFrontEnd::GetCounter	GetCounter()	CFrontEnd	ALL_TARGETS	references/Onslaught/Frontend.h:119-119	6551a272aea83b11b9353d876e86b0a4c415d37725ca6c84bf4904f74a0787f3	Returns mCounter.	mCounter		NONE_READ_ONLY	NO_MATCH_FOUND			reverse-engineering/binary-analysis/ghidra-function-name-table-2026-08-17.tsv;reverse-engineering/binary-analysis/function-c1-closure-2026-08-11.tsv;references/Onslaught/Frontend.h:119;reverse-engineering/source-crosswalk/audit/REPORT.md;reverse-engineering/EVIDENCE-REGISTER.tsv;local-lab/re-campaign-incident-recovery-20260808-v1/generation-32-current-8329-db18625-v1/campaign-functions.tsv;reverse-engineering/binary-analysis/frontend-save-load-semantics-2026-08-11.tsv;reverse-engineering/source-code/frontend/fep-systems.md	Simple inline/header body has no named or promoted semantic target after direct and bounded-owner-alias search; candidate bounded NO_MATCH only, not binary absence.	A promoted same-owner body or bounded alias with compatible ABI and source semantics falsifies the current negative search.	PARTIAL_OWNER_PRESENT	rebuild/OnslaughtRebuild.Client/RetailFrontendSession.cs;rebuild/OnslaughtRebuild.Godot/RetailFrontendFlow.cs	The presentation frontend carries bounded page/session state, but no save transaction, full page set, or CFrontEnd object-layout parity.
Frontend.h	120	CFrontEnd::SetQuit	SetQuit(SINT val)	CFrontEnd	ALL_TARGETS	references/Onslaught/Frontend.h:120-120	e25d07938d174c1e203491a0e4bba63635e50a5387f65f957f6367c86fa87833	Writes mQuit; source body: mQuit = val;	mQuit		mQuit	NO_MATCH_FOUND			reverse-engineering/binary-analysis/ghidra-function-name-table-2026-08-17.tsv;reverse-engineering/binary-analysis/function-c1-closure-2026-08-11.tsv;references/Onslaught/Frontend.h:120;reverse-engineering/source-crosswalk/audit/REPORT.md;reverse-engineering/EVIDENCE-REGISTER.tsv;local-lab/re-campaign-incident-recovery-20260808-v1/generation-32-current-8329-db18625-v1/campaign-functions.tsv;reverse-engineering/binary-analysis/frontend-save-load-semantics-2026-08-11.tsv;reverse-engineering/source-code/frontend/fep-systems.md	Simple inline/header body has no named or promoted semantic target after direct and bounded-owner-alias search; candidate bounded NO_MATCH only, not binary absence.	A promoted same-owner body or bounded alias with compatible ABI and source semantics falsifies the current negative search.	PARTIAL_OWNER_PRESENT	rebuild/OnslaughtRebuild.Client/RetailFrontendSession.cs;rebuild/OnslaughtRebuild.Godot/RetailFrontendFlow.cs	The presentation frontend carries bounded page/session state, but no save transaction, full page set, or CFrontEnd object-layout parity.
Frontend.h	123	CFrontEnd::GetCurrentPage	GetCurrentPage()	CFrontEnd	ALL_TARGETS	references/Onslaught/Frontend.h:123-123	cfa6a474d7e01062bbea4064454d97911c5ec250ec4a1f1710145b273830c0ca	Returns mActivePage.	mActivePage		NONE_READ_ONLY	NO_MATCH_FOUND			reverse-engineering/binary-analysis/ghidra-function-name-table-2026-08-17.tsv;reverse-engineering/binary-analysis/function-c1-closure-2026-08-11.tsv;references/Onslaught/Frontend.h:123;reverse-engineering/source-crosswalk/audit/REPORT.md;reverse-engineering/EVIDENCE-REGISTER.tsv;local-lab/re-campaign-incident-recovery-20260808-v1/generation-32-current-8329-db18625-v1/campaign-functions.tsv;reverse-engineering/binary-analysis/frontend-save-load-semantics-2026-08-11.tsv;reverse-engineering/source-code/frontend/fep-systems.md	Simple inline/header body has no named or promoted semantic target after direct and bounded-owner-alias search; candidate bounded NO_MATCH only, not binary absence.	A promoted same-owner body or bounded alias with compatible ABI and source semantics falsifies the current negative search.	PARTIAL_OWNER_PRESENT	rebuild/OnslaughtRebuild.Client/RetailFrontendSession.cs;rebuild/OnslaughtRebuild.Godot/RetailFrontendFlow.cs	The presentation frontend carries bounded page/session state, but no save transaction, full page set, or CFrontEnd object-layout parity.
Frontend.h	124	CFrontEnd::GetTransitionTo	GetTransitionTo()	CFrontEnd	ALL_TARGETS	references/Onslaught/Frontend.h:124-124	813f5f42bfefa7ae37019dfe9403b5eac7569bc7fdb907bc6777f6d1d5617500	Returns mTransitionTo.	mTransitionTo		NONE_READ_ONLY	NO_MATCH_FOUND			reverse-engineering/binary-analysis/ghidra-function-name-table-2026-08-17.tsv;reverse-engineering/binary-analysis/function-c1-closure-2026-08-11.tsv;references/Onslaught/Frontend.h:124;reverse-engineering/source-crosswalk/audit/REPORT.md;reverse-engineering/EVIDENCE-REGISTER.tsv;local-lab/re-campaign-incident-recovery-20260808-v1/generation-32-current-8329-db18625-v1/campaign-functions.tsv;reverse-engineering/binary-analysis/frontend-save-load-semantics-2026-08-11.tsv;reverse-engineering/source-code/frontend/fep-systems.md	Simple inline/header body has no named or promoted semantic target after direct and bounded-owner-alias search; candidate bounded NO_MATCH only, not binary absence.	A promoted same-owner body or bounded alias with compatible ABI and source semantics falsifies the current negative search.	PARTIAL_OWNER_PRESENT	rebuild/OnslaughtRebuild.Client/RetailFrontendSession.cs;rebuild/OnslaughtRebuild.Godot/RetailFrontendFlow.cs	The presentation frontend carries bounded page/session state, but no save transaction, full page set, or CFrontEnd object-layout parity.
Frontend.h	125	CFrontEnd::GetTransitionFrom	GetTransitionFrom()	CFrontEnd	ALL_TARGETS	references/Onslaught/Frontend.h:125-125	9d76ae2a3fbc255d4246bc2d3853fb702481139399c3710a0bf0a20780815875	Returns mTransitionFrom.	mTransitionFrom		NONE_READ_ONLY	NO_MATCH_FOUND			reverse-engineering/binary-analysis/ghidra-function-name-table-2026-08-17.tsv;reverse-engineering/binary-analysis/function-c1-closure-2026-08-11.tsv;references/Onslaught/Frontend.h:125;reverse-engineering/source-crosswalk/audit/REPORT.md;reverse-engineering/EVIDENCE-REGISTER.tsv;local-lab/re-campaign-incident-recovery-20260808-v1/generation-32-current-8329-db18625-v1/campaign-functions.tsv;reverse-engineering/binary-analysis/frontend-save-load-semantics-2026-08-11.tsv;reverse-engineering/source-code/frontend/fep-systems.md	Simple inline/header body has no named or promoted semantic target after direct and bounded-owner-alias search; candidate bounded NO_MATCH only, not binary absence.	A promoted same-owner body or bounded alias with compatible ABI and source semantics falsifies the current negative search.	PARTIAL_OWNER_PRESENT	rebuild/OnslaughtRebuild.Client/RetailFrontendSession.cs;rebuild/OnslaughtRebuild.Godot/RetailFrontendFlow.cs	The presentation frontend carries bounded page/session state, but no save transaction, full page set, or CFrontEnd object-layout parity.
Frontend.h	127	CFrontEnd::GetCommonPage	*GetCommonPage()	CFrontEnd	ALL_TARGETS	references/Onslaught/Frontend.h:127-127	ec229f7bd7964acd3ef0d05b221ea99c19b2fb2b77587ac53be302f409d69e0f	Returns &mFEPCommon.	mFEPCommon		NONE_READ_ONLY	NO_MATCH_FOUND			reverse-engineering/binary-analysis/ghidra-function-name-table-2026-08-17.tsv;reverse-engineering/binary-analysis/function-c1-closure-2026-08-11.tsv;references/Onslaught/Frontend.h:127;reverse-engineering/source-crosswalk/audit/REPORT.md;reverse-engineering/EVIDENCE-REGISTER.tsv;local-lab/re-campaign-incident-recovery-20260808-v1/generation-32-current-8329-db18625-v1/campaign-functions.tsv;reverse-engineering/binary-analysis/frontend-save-load-semantics-2026-08-11.tsv;reverse-engineering/source-code/frontend/fep-systems.md	Simple inline/header body has no named or promoted semantic target after direct and bounded-owner-alias search; candidate bounded NO_MATCH only, not binary absence.	A promoted same-owner body or bounded alias with compatible ABI and source semantics falsifies the current negative search.	PARTIAL_OWNER_PRESENT	rebuild/OnslaughtRebuild.Client/RetailFrontendSession.cs;rebuild/OnslaughtRebuild.Godot/RetailFrontendFlow.cs	The presentation frontend carries bounded page/session state, but no save transaction, full page set, or CFrontEnd object-layout parity.
Frontend.h	152	CFrontEnd::GetSaveMode	GetSaveMode()	CFrontEnd	ALL_TARGETS	references/Onslaught/Frontend.h:152-152	033e7e04956a492bd6d227fafc2eeb272289f2bf1d58340ff025203f0dfed3f9	Returns (mSaveMode).	mSaveMode		NONE_READ_ONLY	NO_MATCH_FOUND			reverse-engineering/binary-analysis/ghidra-function-name-table-2026-08-17.tsv;reverse-engineering/binary-analysis/function-c1-closure-2026-08-11.tsv;references/Onslaught/Frontend.h:152;reverse-engineering/source-crosswalk/audit/REPORT.md;reverse-engineering/EVIDENCE-REGISTER.tsv;local-lab/re-campaign-incident-recovery-20260808-v1/generation-32-current-8329-db18625-v1/campaign-functions.tsv;reverse-engineering/binary-analysis/frontend-save-load-semantics-2026-08-11.tsv;reverse-engineering/source-code/frontend/fep-systems.md	Simple inline/header body has no named or promoted semantic target after direct and bounded-owner-alias search; candidate bounded NO_MATCH only, not binary absence.	A promoted same-owner body or bounded alias with compatible ABI and source semantics falsifies the current negative search.	PARTIAL_OWNER_PRESENT	rebuild/OnslaughtRebuild.Client/RetailFrontendSession.cs;rebuild/OnslaughtRebuild.Godot/RetailFrontendFlow.cs	The presentation frontend carries bounded page/session state, but no save transaction, full page set, or CFrontEnd object-layout parity.
Frontend.h	162	CFrontEnd::GetAutoSave	GetAutoSave()	CFrontEnd	ALL_TARGETS	references/Onslaught/Frontend.h:162-162	74152feb86445fd9ebe230679600ef25cdd1d00aca6ce3d3ab61ec27faac54d0	Returns (mAutoSave).	mAutoSave		NONE_READ_ONLY	NO_MATCH_FOUND			reverse-engineering/binary-analysis/ghidra-function-name-table-2026-08-17.tsv;reverse-engineering/binary-analysis/function-c1-closure-2026-08-11.tsv;references/Onslaught/Frontend.h:162;reverse-engineering/source-crosswalk/audit/REPORT.md;reverse-engineering/EVIDENCE-REGISTER.tsv;local-lab/re-campaign-incident-recovery-20260808-v1/generation-32-current-8329-db18625-v1/campaign-functions.tsv;reverse-engineering/binary-analysis/frontend-save-load-semantics-2026-08-11.tsv;reverse-engineering/source-code/frontend/fep-systems.md	Simple inline/header body has no named or promoted semantic target after direct and bounded-owner-alias search; candidate bounded NO_MATCH only, not binary absence.	A promoted same-owner body or bounded alias with compatible ABI and source semantics falsifies the current negative search.	PARTIAL_OWNER_PRESENT	rebuild/OnslaughtRebuild.Client/RetailFrontendSession.cs;rebuild/OnslaughtRebuild.Godot/RetailFrontendFlow.cs	The presentation frontend carries bounded page/session state, but no save transaction, full page set, or CFrontEnd object-layout parity.
Frontend.h	163	CFrontEnd::SetAutoSave	SetAutoSave(AutoSaveMode as)	CFrontEnd	ALL_TARGETS	references/Onslaught/Frontend.h:163-163	6d3a5b08b9a116596ca7b090065c8bd3a8b4e3ef0a5eb83ac1e91c63a4f9daba	Writes mAutoSave; source body: mAutoSave = as;	mAutoSave		mAutoSave	NO_MATCH_FOUND			reverse-engineering/binary-analysis/ghidra-function-name-table-2026-08-17.tsv;reverse-engineering/binary-analysis/function-c1-closure-2026-08-11.tsv;references/Onslaught/Frontend.h:163;reverse-engineering/source-crosswalk/audit/REPORT.md;reverse-engineering/EVIDENCE-REGISTER.tsv;local-lab/re-campaign-incident-recovery-20260808-v1/generation-32-current-8329-db18625-v1/campaign-functions.tsv;reverse-engineering/binary-analysis/frontend-save-load-semantics-2026-08-11.tsv;reverse-engineering/source-code/frontend/fep-systems.md	Simple inline/header body has no named or promoted semantic target after direct and bounded-owner-alias search; candidate bounded NO_MATCH only, not binary absence.	A promoted same-owner body or bounded alias with compatible ABI and source semantics falsifies the current negative search.	PARTIAL_OWNER_PRESENT	rebuild/OnslaughtRebuild.Client/RetailFrontendSession.cs;rebuild/OnslaughtRebuild.Godot/RetailFrontendFlow.cs	The presentation frontend carries bounded page/session state, but no save transaction, full page set, or CFrontEnd object-layout parity.
Frontend.h	165	CFrontEnd::GetMemoryCardNumber	GetMemoryCardNumber()	CFrontEnd	ALL_TARGETS	references/Onslaught/Frontend.h:165-165	6b0da25a88c8acbd1dc77c51438b4a06f2e2e686f2591164ec9c6305d48467cf	Returns (mMemoryCardNumber).	mMemoryCardNumber		NONE_READ_ONLY	NO_MATCH_FOUND			reverse-engineering/binary-analysis/ghidra-function-name-table-2026-08-17.tsv;reverse-engineering/binary-analysis/function-c1-closure-2026-08-11.tsv;references/Onslaught/Frontend.h:165;reverse-engineering/source-crosswalk/audit/REPORT.md;reverse-engineering/EVIDENCE-REGISTER.tsv;local-lab/re-campaign-incident-recovery-20260808-v1/generation-32-current-8329-db18625-v1/campaign-functions.tsv;reverse-engineering/binary-analysis/frontend-save-load-semantics-2026-08-11.tsv;reverse-engineering/source-code/frontend/fep-systems.md	Simple inline/header body has no named or promoted semantic target after direct and bounded-owner-alias search; candidate bounded NO_MATCH only, not binary absence.	A promoted same-owner body or bounded alias with compatible ABI and source semantics falsifies the current negative search.	PARTIAL_OWNER_PRESENT	rebuild/OnslaughtRebuild.Client/RetailFrontendSession.cs;rebuild/OnslaughtRebuild.Godot/RetailFrontendFlow.cs	The presentation frontend carries bounded page/session state, but no save transaction, full page set, or CFrontEnd object-layout parity.
Frontend.h	166	CFrontEnd::SetMemoryCardNumber	SetMemoryCardNumber(int num)	CFrontEnd	ALL_TARGETS	references/Onslaught/Frontend.h:166-166	2994cc395fa73de5da342a9aaa835bc06f87f84360f8b2cf4f08d1719bb8a917	Writes mMemoryCardNumber; source body: mMemoryCardNumber=num;	mMemoryCardNumber		mMemoryCardNumber	NO_MATCH_FOUND			reverse-engineering/binary-analysis/ghidra-function-name-table-2026-08-17.tsv;reverse-engineering/binary-analysis/function-c1-closure-2026-08-11.tsv;references/Onslaught/Frontend.h:166;reverse-engineering/source-crosswalk/audit/REPORT.md;reverse-engineering/EVIDENCE-REGISTER.tsv;local-lab/re-campaign-incident-recovery-20260808-v1/generation-32-current-8329-db18625-v1/campaign-functions.tsv;reverse-engineering/binary-analysis/frontend-save-load-semantics-2026-08-11.tsv;reverse-engineering/source-code/frontend/fep-systems.md	Simple inline/header body has no named or promoted semantic target after direct and bounded-owner-alias search; candidate bounded NO_MATCH only, not binary absence.	A promoted same-owner body or bounded alias with compatible ABI and source semantics falsifies the current negative search.	PARTIAL_OWNER_PRESENT	rebuild/OnslaughtRebuild.Client/RetailFrontendSession.cs;rebuild/OnslaughtRebuild.Godot/RetailFrontendFlow.cs	The presentation frontend carries bounded page/session state, but no save transaction, full page set, or CFrontEnd object-layout parity.
Frontend.h	168	CFrontEnd::SetSaveMode	SetSaveMode(BOOL mode)	CFrontEnd	ALL_TARGETS	references/Onslaught/Frontend.h:168-168	4b9a7cca4e3b15b9513b16e60516dc6b085eaaa3d87adc040f2fbb9e85377fbc	Writes mSaveMode; source body: mSaveMode = mode;	mSaveMode		mSaveMode	NO_MATCH_FOUND			reverse-engineering/binary-analysis/ghidra-function-name-table-2026-08-17.tsv;reverse-engineering/binary-analysis/function-c1-closure-2026-08-11.tsv;references/Onslaught/Frontend.h:168;reverse-engineering/source-crosswalk/audit/REPORT.md;reverse-engineering/EVIDENCE-REGISTER.tsv;local-lab/re-campaign-incident-recovery-20260808-v1/generation-32-current-8329-db18625-v1/campaign-functions.tsv;reverse-engineering/binary-analysis/frontend-save-load-semantics-2026-08-11.tsv;reverse-engineering/source-code/frontend/fep-systems.md	Simple inline/header body has no named or promoted semantic target after direct and bounded-owner-alias search; candidate bounded NO_MATCH only, not binary absence.	A promoted same-owner body or bounded alias with compatible ABI and source semantics falsifies the current negative search.	PARTIAL_OWNER_PRESENT	rebuild/OnslaughtRebuild.Client/RetailFrontendSession.cs;rebuild/OnslaughtRebuild.Godot/RetailFrontendFlow.cs	The presentation frontend carries bounded page/session state, but no save transaction, full page set, or CFrontEnd object-layout parity.
Frontend.h	169	CFrontEnd::SetSuccessFEP	SetSuccessFEP(EFrontEndPage page, UINT time)	CFrontEnd	ALL_TARGETS	references/Onslaught/Frontend.h:169-169	4d1dfa2cc526142c8e51721f9abc0ee6b81b2049bc7a07743d78382fc04a9447	Writes mFEPTransTime, mOnSuccessFEP; source body: mOnSuccessFEP = page; mFEPTransTime = time;	mFEPTransTime;mOnSuccessFEP		mFEPTransTime;mOnSuccessFEP	NO_MATCH_FOUND			reverse-engineering/binary-analysis/ghidra-function-name-table-2026-08-17.tsv;reverse-engineering/binary-analysis/function-c1-closure-2026-08-11.tsv;references/Onslaught/Frontend.h:169;reverse-engineering/source-crosswalk/audit/REPORT.md;reverse-engineering/EVIDENCE-REGISTER.tsv;local-lab/re-campaign-incident-recovery-20260808-v1/generation-32-current-8329-db18625-v1/campaign-functions.tsv;reverse-engineering/binary-analysis/frontend-save-load-semantics-2026-08-11.tsv;reverse-engineering/source-code/frontend/fep-systems.md	Simple inline/header body has no named or promoted semantic target after direct and bounded-owner-alias search; candidate bounded NO_MATCH only, not binary absence.	A promoted same-owner body or bounded alias with compatible ABI and source semantics falsifies the current negative search.	PARTIAL_OWNER_PRESENT	rebuild/OnslaughtRebuild.Client/RetailFrontendSession.cs;rebuild/OnslaughtRebuild.Godot/RetailFrontendFlow.cs	The presentation frontend carries bounded page/session state, but no save transaction, full page set, or CFrontEnd object-layout parity.
Frontend.h	170	CFrontEnd::GetSuccessPage	GetSuccessPage()	CFrontEnd	ALL_TARGETS	references/Onslaught/Frontend.h:170-170	2560367ac77e6b52d22b6159ab2325ac496913766babb049c824888ca787db65	Returns (mOnSuccessFEP).	mOnSuccessFEP		NONE_READ_ONLY	NO_MATCH_FOUND			reverse-engineering/binary-analysis/ghidra-function-name-table-2026-08-17.tsv;reverse-engineering/binary-analysis/function-c1-closure-2026-08-11.tsv;references/Onslaught/Frontend.h:170;reverse-engineering/source-crosswalk/audit/REPORT.md;reverse-engineering/EVIDENCE-REGISTER.tsv;local-lab/re-campaign-incident-recovery-20260808-v1/generation-32-current-8329-db18625-v1/campaign-functions.tsv;reverse-engineering/binary-analysis/frontend-save-load-semantics-2026-08-11.tsv;reverse-engineering/source-code/frontend/fep-systems.md	Simple inline/header body has no named or promoted semantic target after direct and bounded-owner-alias search; candidate bounded NO_MATCH only, not binary absence.	A promoted same-owner body or bounded alias with compatible ABI and source semantics falsifies the current negative search.	PARTIAL_OWNER_PRESENT	rebuild/OnslaughtRebuild.Client/RetailFrontendSession.cs;rebuild/OnslaughtRebuild.Godot/RetailFrontendFlow.cs	The presentation frontend carries bounded page/session state, but no save transaction, full page set, or CFrontEnd object-layout parity.
Frontend.h	171	CFrontEnd::GetSuccessTransTime	GetSuccessTransTime()	CFrontEnd	ALL_TARGETS	references/Onslaught/Frontend.h:171-171	a37697df08857d6422f828a691bca76636bc5b41ab814763528a2ae2edc30ee7	Returns (mFEPTransTime).	mFEPTransTime		NONE_READ_ONLY	NO_MATCH_FOUND			reverse-engineering/binary-analysis/ghidra-function-name-table-2026-08-17.tsv;reverse-engineering/binary-analysis/function-c1-closure-2026-08-11.tsv;references/Onslaught/Frontend.h:171;reverse-engineering/source-crosswalk/audit/REPORT.md;reverse-engineering/EVIDENCE-REGISTER.tsv;local-lab/re-campaign-incident-recovery-20260808-v1/generation-32-current-8329-db18625-v1/campaign-functions.tsv;reverse-engineering/binary-analysis/frontend-save-load-semantics-2026-08-11.tsv;reverse-engineering/source-code/frontend/fep-systems.md	Simple inline/header body has no named or promoted semantic target after direct and bounded-owner-alias search; candidate bounded NO_MATCH only, not binary absence.	A promoted same-owner body or bounded alias with compatible ABI and source semantics falsifies the current negative search.	PARTIAL_OWNER_PRESENT	rebuild/OnslaughtRebuild.Client/RetailFrontendSession.cs;rebuild/OnslaughtRebuild.Godot/RetailFrontendFlow.cs	The presentation frontend carries bounded page/session state, but no save transaction, full page set, or CFrontEnd object-layout parity.
Frontend.h	173	CFrontEnd::AllLevelsCheatActive	AllLevelsCheatActive()	CFrontEnd	ALL_TARGETS	references/Onslaught/Frontend.h:173-173	ba0c79cee15c91a0127d1ae330cd4afbaafa514f141cdcaf0b760bfd549c9faa	Returns mAllLevelsCheatActive.	mAllLevelsCheatActive		NONE_READ_ONLY	NO_MATCH_FOUND			reverse-engineering/binary-analysis/ghidra-function-name-table-2026-08-17.tsv;reverse-engineering/binary-analysis/function-c1-closure-2026-08-11.tsv;references/Onslaught/Frontend.h:173;reverse-engineering/source-crosswalk/audit/REPORT.md;reverse-engineering/EVIDENCE-REGISTER.tsv;local-lab/re-campaign-incident-recovery-20260808-v1/generation-32-current-8329-db18625-v1/campaign-functions.tsv;reverse-engineering/binary-analysis/frontend-save-load-semantics-2026-08-11.tsv;reverse-engineering/source-code/frontend/fep-systems.md	Simple inline/header body has no named or promoted semantic target after direct and bounded-owner-alias search; candidate bounded NO_MATCH only, not binary absence.	A promoted same-owner body or bounded alias with compatible ABI and source semantics falsifies the current negative search.	PARTIAL_OWNER_PRESENT	rebuild/OnslaughtRebuild.Client/RetailFrontendSession.cs;rebuild/OnslaughtRebuild.Godot/RetailFrontendFlow.cs	The presentation frontend carries bounded page/session state, but no save transaction, full page set, or CFrontEnd object-layout parity.
Frontend.h	258	CFrontEnd::GetController	* GetController(int which)	CFrontEnd	ALL_TARGETS	references/Onslaught/Frontend.h:258-258	f186daa03f567813374cca1771fa74c1cc5e076941ace5cd59886c307c4de573	Executes the pinned source body in order: ASSERT(which >= 0 && which < NUM_CONTROLLER_PORTS); return mControllers[which];	mControllers	0;ASSERT;NUM_CONTROLLER_PORTS	ASSERT	NO_MATCH_FOUND			reverse-engineering/binary-analysis/ghidra-function-name-table-2026-08-17.tsv;reverse-engineering/binary-analysis/function-c1-closure-2026-08-11.tsv;references/Onslaught/Frontend.h:258;reverse-engineering/source-crosswalk/audit/REPORT.md;reverse-engineering/EVIDENCE-REGISTER.tsv;local-lab/re-campaign-incident-recovery-20260808-v1/generation-32-current-8329-db18625-v1/campaign-functions.tsv;reverse-engineering/binary-analysis/frontend-save-load-semantics-2026-08-11.tsv;reverse-engineering/source-code/frontend/fep-systems.md	Simple inline/header body has no named or promoted semantic target after direct and bounded-owner-alias search; candidate bounded NO_MATCH only, not binary absence.	A promoted same-owner body or bounded alias with compatible ABI and source semantics falsifies the current negative search.	PARTIAL_OWNER_PRESENT	rebuild/OnslaughtRebuild.Client/RetailFrontendSession.cs;rebuild/OnslaughtRebuild.Godot/RetailFrontendFlow.cs	The presentation frontend carries bounded page/session state, but no save transaction, full page set, or CFrontEnd object-layout parity.
Frontend.h	260	CFrontEnd::GetTextSet	*GetTextSet(SINT n)	CFrontEnd	ALL_TARGETS	references/Onslaught/Frontend.h:260-260	eeaadd45f0104c4b67b7b84ee5b9f6acdc4206513aee9a75024a5b451318e4f3	Returns &mTextSets[n].	mTextSets		NONE_READ_ONLY	NO_MATCH_FOUND			reverse-engineering/binary-analysis/ghidra-function-name-table-2026-08-17.tsv;reverse-engineering/binary-analysis/function-c1-closure-2026-08-11.tsv;references/Onslaught/Frontend.h:260;reverse-engineering/source-crosswalk/audit/REPORT.md;reverse-engineering/EVIDENCE-REGISTER.tsv;local-lab/re-campaign-incident-recovery-20260808-v1/generation-32-current-8329-db18625-v1/campaign-functions.tsv;reverse-engineering/binary-analysis/frontend-save-load-semantics-2026-08-11.tsv;reverse-engineering/source-code/frontend/fep-systems.md	Simple inline/header body has no named or promoted semantic target after direct and bounded-owner-alias search; candidate bounded NO_MATCH only, not binary absence.	A promoted same-owner body or bounded alias with compatible ABI and source semantics falsifies the current negative search.	PARTIAL_OWNER_PRESENT	rebuild/OnslaughtRebuild.Client/RetailFrontendSession.cs;rebuild/OnslaughtRebuild.Godot/RetailFrontendFlow.cs	The presentation frontend carries bounded page/session state, but no save transaction, full page set, or CFrontEnd object-layout parity.
Frontend.h	263	CFrontEnd::ClearFirstRun	ClearFirstRun()	CFrontEnd	ALL_TARGETS	references/Onslaught/Frontend.h:263-263	64c08a08b2e9a41cf1e35fc8aa69b715c2c3426561a64098be99b231efd21048	Writes mFirstRun; source body: mFirstRun = FALSE;	mFirstRun	FALSE	mFirstRun	NO_MATCH_FOUND			reverse-engineering/binary-analysis/ghidra-function-name-table-2026-08-17.tsv;reverse-engineering/binary-analysis/function-c1-closure-2026-08-11.tsv;references/Onslaught/Frontend.h:263;reverse-engineering/source-crosswalk/audit/REPORT.md;reverse-engineering/EVIDENCE-REGISTER.tsv;local-lab/re-campaign-incident-recovery-20260808-v1/generation-32-current-8329-db18625-v1/campaign-functions.tsv;reverse-engineering/binary-analysis/frontend-save-load-semantics-2026-08-11.tsv;reverse-engineering/source-code/frontend/fep-systems.md	Simple inline/header body has no named or promoted semantic target after direct and bounded-owner-alias search; candidate bounded NO_MATCH only, not binary absence.	A promoted same-owner body or bounded alias with compatible ABI and source semantics falsifies the current negative search.	PARTIAL_OWNER_PRESENT	rebuild/OnslaughtRebuild.Client/RetailFrontendSession.cs;rebuild/OnslaughtRebuild.Godot/RetailFrontendFlow.cs	The presentation frontend carries bounded page/session state, but no save transaction, full page set, or CFrontEnd object-layout parity.
game.cpp	1253	CWaitForStart::CanBeControlledWhenInPause	CanBeControlledWhenInPause()	CWaitForStart	ALL_TARGETS	references/Onslaught/game.cpp:1253-1253	3df9e59d26db667da1da3d00918bb93ec6fd6ed40aced00bd22ff73023469de6	Returns TRUE.		TRUE	NONE_READ_ONLY	NO_MATCH_FOUND			reverse-engineering/binary-analysis/ghidra-function-name-table-2026-08-17.tsv;reverse-engineering/binary-analysis/function-c1-closure-2026-08-11.tsv;references/Onslaught/game.cpp:1253;reverse-engineering/source-crosswalk/audit/REPORT.md;reverse-engineering/EVIDENCE-REGISTER.tsv;local-lab/re-campaign-incident-recovery-20260808-v1/generation-32-current-8329-db18625-v1/campaign-functions.tsv;reverse-engineering/binary-analysis/cgame-level-lifecycle-semantics-2026-08-11.tsv;reverse-engineering/binary-analysis/controller-player-game-event-spine-2026-08-11.tsv;reverse-engineering/source-code/gameplay/game-system.md	Out-of-line source definition has no proven tracked analog; external static/ABI or runtime proof is required before a negative or VA assignment.	Static ABI/xref/body evidence or controlled runtime evidence that proves a target resolves and may falsify this unresolved classification.	PARTIAL_OWNER_PRESENT	rebuild/OnslaughtRebuild.Core/Simulation.cs;rebuild/OnslaughtRebuild.Client/InteractiveSession.cs	The Level-100 deterministic session carries selected state/objective/input laws, not the complete CGame shell or mutable platform timing facade.
game.cpp	1254	CWaitForStart::GetControlType	GetControlType()	CWaitForStart	ALL_TARGETS	references/Onslaught/game.cpp:1254-1254	88072b986a1df12e07d7120f669e906606b82625894a2668beb0b621b024b321	Returns CONTROL_MECH.		CONTROL_MECH	NONE_READ_ONLY	NO_MATCH_FOUND			reverse-engineering/binary-analysis/ghidra-function-name-table-2026-08-17.tsv;reverse-engineering/binary-analysis/function-c1-closure-2026-08-11.tsv;references/Onslaught/game.cpp:1254;reverse-engineering/source-crosswalk/audit/REPORT.md;reverse-engineering/EVIDENCE-REGISTER.tsv;local-lab/re-campaign-incident-recovery-20260808-v1/generation-32-current-8329-db18625-v1/campaign-functions.tsv;reverse-engineering/binary-analysis/cgame-level-lifecycle-semantics-2026-08-11.tsv;reverse-engineering/binary-analysis/controller-player-game-event-spine-2026-08-11.tsv;reverse-engineering/source-code/gameplay/game-system.md	Out-of-line source definition has no proven tracked analog; external static/ABI or runtime proof is required before a negative or VA assignment.	Static ABI/xref/body evidence or controlled runtime evidence that proves a target resolves and may falsify this unresolved classification.	PARTIAL_OWNER_PRESENT	rebuild/OnslaughtRebuild.Core/Simulation.cs;rebuild/OnslaughtRebuild.Client/InteractiveSession.cs	The Level-100 deterministic session carries selected state/objective/input laws, not the complete CGame shell or mutable platform timing facade.
game.cpp	4089	CGameCreditControlHandler::CGameCreditControlHandler	CGameCreditControlHandler()	CGameCreditControlHandler	ALL_TARGETS	references/Onslaught/game.cpp:4089-4089	b3eb63a745b4e75044e6340ee2b72d8e1cc578951f0ba7de2f9c2ae47227adc4	Initializes mWantsToQuit(FALSE).	mWantsToQuit	FALSE	mWantsToQuit	NO_MATCH_FOUND			reverse-engineering/binary-analysis/ghidra-function-name-table-2026-08-17.tsv;reverse-engineering/binary-analysis/function-c1-closure-2026-08-11.tsv;references/Onslaught/game.cpp:4089;reverse-engineering/source-crosswalk/audit/REPORT.md;reverse-engineering/EVIDENCE-REGISTER.tsv;local-lab/re-campaign-incident-recovery-20260808-v1/generation-32-current-8329-db18625-v1/campaign-functions.tsv;reverse-engineering/binary-analysis/cgame-level-lifecycle-semantics-2026-08-11.tsv;reverse-engineering/binary-analysis/controller-player-game-event-spine-2026-08-11.tsv;reverse-engineering/source-code/gameplay/game-system.md	Out-of-line source definition has no proven tracked analog; external static/ABI or runtime proof is required before a negative or VA assignment.	Static ABI/xref/body evidence or controlled runtime evidence that proves a target resolves and may falsify this unresolved classification.	PARTIAL_OWNER_PRESENT	rebuild/OnslaughtRebuild.Core/Simulation.cs;rebuild/OnslaughtRebuild.Client/InteractiveSession.cs	The Level-100 deterministic session carries selected state/objective/input laws, not the complete CGame shell or mutable platform timing facade.
game.cpp	4091	CGameCreditControlHandler::ResetQuitFlag	ResetQuitFlag()	CGameCreditControlHandler	ALL_TARGETS	references/Onslaught/game.cpp:4091-4091	ca4ad88d887dd913894103f22a4fc3bd02c7edff54b45076246055495787ed37	Writes mWantsToQuit; source body: mWantsToQuit = FALSE;	mWantsToQuit	FALSE	mWantsToQuit	NO_MATCH_FOUND			reverse-engineering/binary-analysis/ghidra-function-name-table-2026-08-17.tsv;reverse-engineering/binary-analysis/function-c1-closure-2026-08-11.tsv;references/Onslaught/game.cpp:4091;reverse-engineering/source-crosswalk/audit/REPORT.md;reverse-engineering/EVIDENCE-REGISTER.tsv;local-lab/re-campaign-incident-recovery-20260808-v1/generation-32-current-8329-db18625-v1/campaign-functions.tsv;reverse-engineering/binary-analysis/cgame-level-lifecycle-semantics-2026-08-11.tsv;reverse-engineering/binary-analysis/controller-player-game-event-spine-2026-08-11.tsv;reverse-engineering/source-code/gameplay/game-system.md	Out-of-line source definition has no proven tracked analog; external static/ABI or runtime proof is required before a negative or VA assignment.	Static ABI/xref/body evidence or controlled runtime evidence that proves a target resolves and may falsify this unresolved classification.	PARTIAL_OWNER_PRESENT	rebuild/OnslaughtRebuild.Core/Simulation.cs;rebuild/OnslaughtRebuild.Client/InteractiveSession.cs	The Level-100 deterministic session carries selected state/objective/input laws, not the complete CGame shell or mutable platform timing facade.
game.cpp	4092	CGameCreditControlHandler::WantToQuit	WantToQuit()	CGameCreditControlHandler	ALL_TARGETS	references/Onslaught/game.cpp:4092-4092	94656325ff74745dd94029764820177e326ce2455fc19b8408a36c70fb277dd0	Returns mWantsToQuit.	mWantsToQuit		NONE_READ_ONLY	NO_MATCH_FOUND			reverse-engineering/binary-analysis/ghidra-function-name-table-2026-08-17.tsv;reverse-engineering/binary-analysis/function-c1-closure-2026-08-11.tsv;references/Onslaught/game.cpp:4092;reverse-engineering/source-crosswalk/audit/REPORT.md;reverse-engineering/EVIDENCE-REGISTER.tsv;local-lab/re-campaign-incident-recovery-20260808-v1/generation-32-current-8329-db18625-v1/campaign-functions.tsv;reverse-engineering/binary-analysis/cgame-level-lifecycle-semantics-2026-08-11.tsv;reverse-engineering/binary-analysis/controller-player-game-event-spine-2026-08-11.tsv;reverse-engineering/source-code/gameplay/game-system.md	Out-of-line source definition has no proven tracked analog; external static/ABI or runtime proof is required before a negative or VA assignment.	Static ABI/xref/body evidence or controlled runtime evidence that proves a target resolves and may falsify this unresolved classification.	PARTIAL_OWNER_PRESENT	rebuild/OnslaughtRebuild.Core/Simulation.cs;rebuild/OnslaughtRebuild.Client/InteractiveSession.cs	The Level-100 deterministic session carries selected state/objective/input laws, not the complete CGame shell or mutable platform timing facade.
game.cpp	4099	CGameCreditControlHandler::CanBeControlledWhenInPause	CanBeControlledWhenInPause()	CGameCreditControlHandler	ALL_TARGETS	references/Onslaught/game.cpp:4099-4099	e6d21081088994ff81336a05fbc38b31034d12c804c23f56c769e41825852f36	Returns TRUE.		TRUE	NONE_READ_ONLY	NO_MATCH_FOUND			reverse-engineering/binary-analysis/ghidra-function-name-table-2026-08-17.tsv;reverse-engineering/binary-analysis/function-c1-closure-2026-08-11.tsv;references/Onslaught/game.cpp:4099;reverse-engineering/source-crosswalk/audit/REPORT.md;reverse-engineering/EVIDENCE-REGISTER.tsv;local-lab/re-campaign-incident-recovery-20260808-v1/generation-32-current-8329-db18625-v1/campaign-functions.tsv;reverse-engineering/binary-analysis/cgame-level-lifecycle-semantics-2026-08-11.tsv;reverse-engineering/binary-analysis/controller-player-game-event-spine-2026-08-11.tsv;reverse-engineering/source-code/gameplay/game-system.md	Out-of-line source definition has no proven tracked analog; external static/ABI or runtime proof is required before a negative or VA assignment.	Static ABI/xref/body evidence or controlled runtime evidence that proves a target resolves and may falsify this unresolved classification.	PARTIAL_OWNER_PRESENT	rebuild/OnslaughtRebuild.Core/Simulation.cs;rebuild/OnslaughtRebuild.Client/InteractiveSession.cs	The Level-100 deterministic session carries selected state/objective/input laws, not the complete CGame shell or mutable platform timing facade.
game.cpp	4100	CGameCreditControlHandler::GetControlType	GetControlType()	CGameCreditControlHandler	ALL_TARGETS	references/Onslaught/game.cpp:4100-4100	b910c8af070526086aeb2d158f51a348931505144fdaa836337387e0cc5f2f83	Returns CONTROL_FRONTEND.		CONTROL_FRONTEND	NONE_READ_ONLY	NO_MATCH_FOUND			reverse-engineering/binary-analysis/ghidra-function-name-table-2026-08-17.tsv;reverse-engineering/binary-analysis/function-c1-closure-2026-08-11.tsv;references/Onslaught/game.cpp:4100;reverse-engineering/source-crosswalk/audit/REPORT.md;reverse-engineering/EVIDENCE-REGISTER.tsv;local-lab/re-campaign-incident-recovery-20260808-v1/generation-32-current-8329-db18625-v1/campaign-functions.tsv;reverse-engineering/binary-analysis/cgame-level-lifecycle-semantics-2026-08-11.tsv;reverse-engineering/binary-analysis/controller-player-game-event-spine-2026-08-11.tsv;reverse-engineering/source-code/gameplay/game-system.md	Out-of-line source definition has no proven tracked analog; external static/ABI or runtime proof is required before a negative or VA assignment.	Static ABI/xref/body evidence or controlled runtime evidence that proves a target resolves and may falsify this unresolved classification.	PARTIAL_OWNER_PRESENT	rebuild/OnslaughtRebuild.Core/Simulation.cs;rebuild/OnslaughtRebuild.Client/InteractiveSession.cs	The Level-100 deterministic session carries selected state/objective/input laws, not the complete CGame shell or mutable platform timing facade.
game.h	121	CGame::ToggleControlMethod	ToggleControlMethod()	CGame	ALL_TARGETS	references/Onslaught/game.h:121-121	d417e108c5f41ef6add42aad1693fcc43b8f762073674e61eefae06e60199b62	Executes the pinned source body in order: mControlMode++ ; if (mControlMode > 1 ) mControlMode = 0 ;	mControlMode	0;1	mControlMode	NO_MATCH_FOUND			reverse-engineering/binary-analysis/ghidra-function-name-table-2026-08-17.tsv;reverse-engineering/binary-analysis/function-c1-closure-2026-08-11.tsv;references/Onslaught/game.h:121;reverse-engineering/source-crosswalk/audit/REPORT.md;reverse-engineering/EVIDENCE-REGISTER.tsv;local-lab/re-campaign-incident-recovery-20260808-v1/generation-32-current-8329-db18625-v1/campaign-functions.tsv;reverse-engineering/binary-analysis/cgame-level-lifecycle-semantics-2026-08-11.tsv;reverse-engineering/binary-analysis/controller-player-game-event-spine-2026-08-11.tsv;reverse-engineering/source-code/gameplay/game-system.md	Simple inline/header body has no named or promoted semantic target after direct and bounded-owner-alias search; candidate bounded NO_MATCH only, not binary absence.	A promoted same-owner body or bounded alias with compatible ABI and source semantics falsifies the current negative search.	PARTIAL_OWNER_PRESENT	rebuild/OnslaughtRebuild.Core/Simulation.cs;rebuild/OnslaughtRebuild.Client/InteractiveSession.cs	The Level-100 deterministic session carries selected state/objective/input laws, not the complete CGame shell or mutable platform timing facade.
game.h	126	CGame::SetQuit	SetQuit(EQuitType quit)	CGame	ALL_TARGETS	references/Onslaught/game.h:126-126	2ef3f6bcce678b586cd8f05359cb993d84f78c91e25376d692721b91688b942b	Executes the pinned source body in order: mQuit = quit; if ((mQuit > QT_NONE) && (mGameState <= GAME_STATE_PLAYING)) mGameState = GAME_STATE_QUIT ;	mGameState;mQuit	GAME_STATE_PLAYING;GAME_STATE_QUIT;QT_NONE	mGameState;mQuit	NO_MATCH_FOUND			reverse-engineering/binary-analysis/ghidra-function-name-table-2026-08-17.tsv;reverse-engineering/binary-analysis/function-c1-closure-2026-08-11.tsv;references/Onslaught/game.h:126;reverse-engineering/source-crosswalk/audit/REPORT.md;reverse-engineering/EVIDENCE-REGISTER.tsv;local-lab/re-campaign-incident-recovery-20260808-v1/generation-32-current-8329-db18625-v1/campaign-functions.tsv;reverse-engineering/binary-analysis/cgame-level-lifecycle-semantics-2026-08-11.tsv;reverse-engineering/binary-analysis/controller-player-game-event-spine-2026-08-11.tsv;reverse-engineering/source-code/gameplay/game-system.md	Simple inline/header body has no named or promoted semantic target after direct and bounded-owner-alias search; candidate bounded NO_MATCH only, not binary absence.	A promoted same-owner body or bounded alias with compatible ABI and source semantics falsifies the current negative search.	PARTIAL_OWNER_PRESENT	rebuild/OnslaughtRebuild.Core/Simulation.cs;rebuild/OnslaughtRebuild.Client/InteractiveSession.cs	The Level-100 deterministic session carries selected state/objective/input laws, not the complete CGame shell or mutable platform timing facade.
game.h	129	CGame::GetForsetiFearGrid	* GetForsetiFearGrid()	CGame	ALL_TARGETS	references/Onslaught/game.h:129-129	27552ba6e5fbc8c465f49ed0cb0b5e14ab9a86ef09a145cb7a62b4e7923be2b2	Returns mForsetiFearGrid.	mForsetiFearGrid		NONE_READ_ONLY	NO_MATCH_FOUND			reverse-engineering/binary-analysis/ghidra-function-name-table-2026-08-17.tsv;reverse-engineering/binary-analysis/function-c1-closure-2026-08-11.tsv;references/Onslaught/game.h:129;reverse-engineering/source-crosswalk/audit/REPORT.md;reverse-engineering/EVIDENCE-REGISTER.tsv;local-lab/re-campaign-incident-recovery-20260808-v1/generation-32-current-8329-db18625-v1/campaign-functions.tsv;reverse-engineering/binary-analysis/cgame-level-lifecycle-semantics-2026-08-11.tsv;reverse-engineering/binary-analysis/controller-player-game-event-spine-2026-08-11.tsv;reverse-engineering/source-code/gameplay/game-system.md	Simple inline/header body has no named or promoted semantic target after direct and bounded-owner-alias search; candidate bounded NO_MATCH only, not binary absence.	A promoted same-owner body or bounded alias with compatible ABI and source semantics falsifies the current negative search.	PARTIAL_OWNER_PRESENT	rebuild/OnslaughtRebuild.Core/Simulation.cs;rebuild/OnslaughtRebuild.Client/InteractiveSession.cs	The Level-100 deterministic session carries selected state/objective/input laws, not the complete CGame shell or mutable platform timing facade.
game.h	130	CGame::GetMuspellFearGrid	* GetMuspellFearGrid()	CGame	ALL_TARGETS	references/Onslaught/game.h:130-130	aaaf0b3aaf223feab749ce0d39da0d1f5811dc70e540ded14003824eef59d2b4	Returns mMuspellFearGrid.	mMuspellFearGrid		NONE_READ_ONLY	NO_MATCH_FOUND			reverse-engineering/binary-analysis/ghidra-function-name-table-2026-08-17.tsv;reverse-engineering/binary-analysis/function-c1-closure-2026-08-11.tsv;references/Onslaught/game.h:130;reverse-engineering/source-crosswalk/audit/REPORT.md;reverse-engineering/EVIDENCE-REGISTER.tsv;local-lab/re-campaign-incident-recovery-20260808-v1/generation-32-current-8329-db18625-v1/campaign-functions.tsv;reverse-engineering/binary-analysis/cgame-level-lifecycle-semantics-2026-08-11.tsv;reverse-engineering/binary-analysis/controller-player-game-event-spine-2026-08-11.tsv;reverse-engineering/source-code/gameplay/game-system.md	Simple inline/header body has no named or promoted semantic target after direct and bounded-owner-alias search; candidate bounded NO_MATCH only, not binary absence.	A promoted same-owner body or bounded alias with compatible ABI and source semantics falsifies the current negative search.	PARTIAL_OWNER_PRESENT	rebuild/OnslaughtRebuild.Core/Simulation.cs;rebuild/OnslaughtRebuild.Client/InteractiveSession.cs	The Level-100 deterministic session carries selected state/objective/input laws, not the complete CGame shell or mutable platform timing facade.
game.h	136	CGame::Random	Random()	CGame	ALL_TARGETS	references/Onslaught/game.h:136-136	7c1b763059a9bcbaadb0191428b525479fb0c74d49070d63539697df76019dc0	Returns mRandomStream->Next().	mRandomStream		mRandomStream->Next	NO_MATCH_FOUND			reverse-engineering/binary-analysis/ghidra-function-name-table-2026-08-17.tsv;reverse-engineering/binary-analysis/function-c1-closure-2026-08-11.tsv;references/Onslaught/game.h:136;reverse-engineering/source-crosswalk/audit/REPORT.md;reverse-engineering/EVIDENCE-REGISTER.tsv;local-lab/re-campaign-incident-recovery-20260808-v1/generation-32-current-8329-db18625-v1/campaign-functions.tsv;reverse-engineering/binary-analysis/cgame-level-lifecycle-semantics-2026-08-11.tsv;reverse-engineering/binary-analysis/controller-player-game-event-spine-2026-08-11.tsv;reverse-engineering/source-code/gameplay/game-system.md	Simple inline/header body has no named or promoted semantic target after direct and bounded-owner-alias search; candidate bounded NO_MATCH only, not binary absence.	A promoted same-owner body or bounded alias with compatible ABI and source semantics falsifies the current negative search.	PARTIAL_OWNER_PRESENT	rebuild/OnslaughtRebuild.Core/Simulation.cs;rebuild/OnslaughtRebuild.Client/InteractiveSession.cs	The Level-100 deterministic session carries selected state/objective/input laws, not the complete CGame shell or mutable platform timing facade.
game.h	137	CGame::FloatRandom	FloatRandom()	CGame	ALL_TARGETS	references/Onslaught/game.h:137-137	cdc0506ed6640cc084e5714d6527f606853df5363f211a47695fa70ac14007fd	Returns ((float)(Random() % 65536)) / 65536.0f.		65536;65536.0f	Random	NO_MATCH_FOUND			reverse-engineering/binary-analysis/ghidra-function-name-table-2026-08-17.tsv;reverse-engineering/binary-analysis/function-c1-closure-2026-08-11.tsv;references/Onslaught/game.h:137;reverse-engineering/source-crosswalk/audit/REPORT.md;reverse-engineering/EVIDENCE-REGISTER.tsv;local-lab/re-campaign-incident-recovery-20260808-v1/generation-32-current-8329-db18625-v1/campaign-functions.tsv;reverse-engineering/binary-analysis/cgame-level-lifecycle-semantics-2026-08-11.tsv;reverse-engineering/binary-analysis/controller-player-game-event-spine-2026-08-11.tsv;reverse-engineering/source-code/gameplay/game-system.md	Simple inline/header body has no named or promoted semantic target after direct and bounded-owner-alias search; candidate bounded NO_MATCH only, not binary absence.	A promoted same-owner body or bounded alias with compatible ABI and source semantics falsifies the current negative search.	PARTIAL_OWNER_PRESENT	rebuild/OnslaughtRebuild.Core/Simulation.cs;rebuild/OnslaughtRebuild.Client/InteractiveSession.cs	The Level-100 deterministic session carries selected state/objective/input laws, not the complete CGame shell or mutable platform timing facade.
game.h	140	CGame::GetPlayer	* GetPlayer(SINT no)	CGame	ALL_TARGETS	references/Onslaught/game.h:140-140	504467a02a4deda10b84cf87c2ca85df4dee13f6c881bca22a192a0fabaebefe	Returns mPlayer[no].	mPlayer		NONE_READ_ONLY	NO_MATCH_FOUND			reverse-engineering/binary-analysis/ghidra-function-name-table-2026-08-17.tsv;reverse-engineering/binary-analysis/function-c1-closure-2026-08-11.tsv;references/Onslaught/game.h:140;reverse-engineering/source-crosswalk/audit/REPORT.md;reverse-engineering/EVIDENCE-REGISTER.tsv;local-lab/re-campaign-incident-recovery-20260808-v1/generation-32-current-8329-db18625-v1/campaign-functions.tsv;reverse-engineering/binary-analysis/cgame-level-lifecycle-semantics-2026-08-11.tsv;reverse-engineering/binary-analysis/controller-player-game-event-spine-2026-08-11.tsv;reverse-engineering/source-code/gameplay/game-system.md	Simple inline/header body has no named or promoted semantic target after direct and bounded-owner-alias search; candidate bounded NO_MATCH only, not binary absence.	A promoted same-owner body or bounded alias with compatible ABI and source semantics falsifies the current negative search.	PARTIAL_OWNER_PRESENT	rebuild/OnslaughtRebuild.Core/Simulation.cs;rebuild/OnslaughtRebuild.Client/InteractiveSession.cs	The Level-100 deterministic session carries selected state/objective/input laws, not the complete CGame shell or mutable platform timing facade.
game.h	141	CGame::GetCurrentCamera	* GetCurrentCamera(int number)	CGame	ALL_TARGETS	references/Onslaught/game.h:141-141	bfdf2142389828bae2940929a6fcfdecf94b67e17b7a841284fdc596b52bb4bf	Returns mCurrentCamera[number].	mCurrentCamera		NONE_READ_ONLY	NO_MATCH_FOUND			reverse-engineering/binary-analysis/ghidra-function-name-table-2026-08-17.tsv;reverse-engineering/binary-analysis/function-c1-closure-2026-08-11.tsv;references/Onslaught/game.h:141;reverse-engineering/source-crosswalk/audit/REPORT.md;reverse-engineering/EVIDENCE-REGISTER.tsv;local-lab/re-campaign-incident-recovery-20260808-v1/generation-32-current-8329-db18625-v1/campaign-functions.tsv;reverse-engineering/binary-analysis/cgame-level-lifecycle-semantics-2026-08-11.tsv;reverse-engineering/binary-analysis/controller-player-game-event-spine-2026-08-11.tsv;reverse-engineering/source-code/gameplay/game-system.md	Simple inline/header body has no named or promoted semantic target after direct and bounded-owner-alias search; candidate bounded NO_MATCH only, not binary absence.	A promoted same-owner body or bounded alias with compatible ABI and source semantics falsifies the current negative search.	PARTIAL_OWNER_PRESENT	rebuild/OnslaughtRebuild.Core/Simulation.cs;rebuild/OnslaughtRebuild.Client/InteractiveSession.cs	The Level-100 deterministic session carries selected state/objective/input laws, not the complete CGame shell or mutable platform timing facade.
game.h	145	CGame::GetCurrentLevel	GetCurrentLevel()	CGame	ALL_TARGETS	references/Onslaught/game.h:145-145	08cb360e52cb1d15ddc54e1a7cbace2ab56247874c0076edd95679299261ae2a	Returns mCurrentLevel.	mCurrentLevel		NONE_READ_ONLY	NO_MATCH_FOUND			reverse-engineering/binary-analysis/ghidra-function-name-table-2026-08-17.tsv;reverse-engineering/binary-analysis/function-c1-closure-2026-08-11.tsv;references/Onslaught/game.h:145;reverse-engineering/source-crosswalk/audit/REPORT.md;reverse-engineering/EVIDENCE-REGISTER.tsv;local-lab/re-campaign-incident-recovery-20260808-v1/generation-32-current-8329-db18625-v1/campaign-functions.tsv;reverse-engineering/binary-analysis/cgame-level-lifecycle-semantics-2026-08-11.tsv;reverse-engineering/binary-analysis/controller-player-game-event-spine-2026-08-11.tsv;reverse-engineering/source-code/gameplay/game-system.md	Simple inline/header body has no named or promoted semantic target after direct and bounded-owner-alias search; candidate bounded NO_MATCH only, not binary absence.	A promoted same-owner body or bounded alias with compatible ABI and source semantics falsifies the current negative search.	PARTIAL_OWNER_PRESENT	rebuild/OnslaughtRebuild.Core/Simulation.cs;rebuild/OnslaughtRebuild.Client/InteractiveSession.cs	The Level-100 deterministic session carries selected state/objective/input laws, not the complete CGame shell or mutable platform timing facade.
game.h	152	CGame::CanBeControlledWhenInPause	CanBeControlledWhenInPause()	CGame	ALL_TARGETS	references/Onslaught/game.h:152-152	7b27c3cadb1dae836e90f9fdcb7c3e620bf529311ff11c728a3ac6c0338b6c2b	Returns TRUE.		TRUE	NONE_READ_ONLY	NO_MATCH_FOUND			reverse-engineering/binary-analysis/ghidra-function-name-table-2026-08-17.tsv;reverse-engineering/binary-analysis/function-c1-closure-2026-08-11.tsv;references/Onslaught/game.h:152;reverse-engineering/source-crosswalk/audit/REPORT.md;reverse-engineering/EVIDENCE-REGISTER.tsv;local-lab/re-campaign-incident-recovery-20260808-v1/generation-32-current-8329-db18625-v1/campaign-functions.tsv;reverse-engineering/binary-analysis/cgame-level-lifecycle-semantics-2026-08-11.tsv;reverse-engineering/binary-analysis/controller-player-game-event-spine-2026-08-11.tsv;reverse-engineering/source-code/gameplay/game-system.md	Simple inline/header body has no named or promoted semantic target after direct and bounded-owner-alias search; candidate bounded NO_MATCH only, not binary absence.	A promoted same-owner body or bounded alias with compatible ABI and source semantics falsifies the current negative search.	PARTIAL_OWNER_PRESENT	rebuild/OnslaughtRebuild.Core/Simulation.cs;rebuild/OnslaughtRebuild.Client/InteractiveSession.cs	The Level-100 deterministic session carries selected state/objective/input laws, not the complete CGame shell or mutable platform timing facade.
game.h	153	CGame::GetControlType	GetControlType()	CGame	ALL_TARGETS	references/Onslaught/game.h:153-153	a82db7f440ee42586459a3655656573ffa5ca3a088684e1a4250e79762043f7a	Returns CONTROL_GAME.		CONTROL_GAME	NONE_READ_ONLY	NO_MATCH_FOUND			reverse-engineering/binary-analysis/ghidra-function-name-table-2026-08-17.tsv;reverse-engineering/binary-analysis/function-c1-closure-2026-08-11.tsv;references/Onslaught/game.h:153;reverse-engineering/source-crosswalk/audit/REPORT.md;reverse-engineering/EVIDENCE-REGISTER.tsv;local-lab/re-campaign-incident-recovery-20260808-v1/generation-32-current-8329-db18625-v1/campaign-functions.tsv;reverse-engineering/binary-analysis/cgame-level-lifecycle-semantics-2026-08-11.tsv;reverse-engineering/binary-analysis/controller-player-game-event-spine-2026-08-11.tsv;reverse-engineering/source-code/gameplay/game-system.md	Simple inline/header body has no named or promoted semantic target after direct and bounded-owner-alias search; candidate bounded NO_MATCH only, not binary absence.	A promoted same-owner body or bounded alias with compatible ABI and source semantics falsifies the current negative search.	PARTIAL_OWNER_PRESENT	rebuild/OnslaughtRebuild.Core/Simulation.cs;rebuild/OnslaughtRebuild.Client/InteractiveSession.cs	The Level-100 deterministic session carries selected state/objective/input laws, not the complete CGame shell or mutable platform timing facade.
game.h	156	CGame::IsPaused	IsPaused()	CGame	ALL_TARGETS	references/Onslaught/game.h:156-156	efade137fb24166ca911d16e43d6edcc2ccee23e598f32de86d328197125eb56	Returns mPause.	mPause		NONE_READ_ONLY	NO_MATCH_FOUND			reverse-engineering/binary-analysis/ghidra-function-name-table-2026-08-17.tsv;reverse-engineering/binary-analysis/function-c1-closure-2026-08-11.tsv;references/Onslaught/game.h:156;reverse-engineering/source-crosswalk/audit/REPORT.md;reverse-engineering/EVIDENCE-REGISTER.tsv;local-lab/re-campaign-incident-recovery-20260808-v1/generation-32-current-8329-db18625-v1/campaign-functions.tsv;reverse-engineering/binary-analysis/cgame-level-lifecycle-semantics-2026-08-11.tsv;reverse-engineering/binary-analysis/controller-player-game-event-spine-2026-08-11.tsv;reverse-engineering/source-code/gameplay/game-system.md	Simple inline/header body has no named or promoted semantic target after direct and bounded-owner-alias search; candidate bounded NO_MATCH only, not binary absence.	A promoted same-owner body or bounded alias with compatible ABI and source semantics falsifies the current negative search.	PARTIAL_OWNER_PRESENT	rebuild/OnslaughtRebuild.Core/Simulation.cs;rebuild/OnslaughtRebuild.Client/InteractiveSession.cs	The Level-100 deterministic session carries selected state/objective/input laws, not the complete CGame shell or mutable platform timing facade.
game.h	157	CGame::GetMessageBox	* GetMessageBox()	CGame	ALL_TARGETS	references/Onslaught/game.h:157-157	f7960e170c92effa878cc4c5f4c5ae7d07c5a327e2c1ab8705ed8c45b2f13054	Returns mMessageBox.	mMessageBox		NONE_READ_ONLY	NO_MATCH_FOUND			reverse-engineering/binary-analysis/ghidra-function-name-table-2026-08-17.tsv;reverse-engineering/binary-analysis/function-c1-closure-2026-08-11.tsv;references/Onslaught/game.h:157;reverse-engineering/source-crosswalk/audit/REPORT.md;reverse-engineering/EVIDENCE-REGISTER.tsv;local-lab/re-campaign-incident-recovery-20260808-v1/generation-32-current-8329-db18625-v1/campaign-functions.tsv;reverse-engineering/binary-analysis/cgame-level-lifecycle-semantics-2026-08-11.tsv;reverse-engineering/binary-analysis/controller-player-game-event-spine-2026-08-11.tsv;reverse-engineering/source-code/gameplay/game-system.md	Simple inline/header body has no named or promoted semantic target after direct and bounded-owner-alias search; candidate bounded NO_MATCH only, not binary absence.	A promoted same-owner body or bounded alias with compatible ABI and source semantics falsifies the current negative search.	PARTIAL_OWNER_PRESENT	rebuild/OnslaughtRebuild.Core/Simulation.cs;rebuild/OnslaughtRebuild.Client/InteractiveSession.cs	The Level-100 deterministic session carries selected state/objective/input laws, not the complete CGame shell or mutable platform timing facade.
game.h	158	CGame::GetMessageLog	* GetMessageLog()	CGame	ALL_TARGETS	references/Onslaught/game.h:158-158	9539d2983fdd676c2d193efb39fc79c9a94d2151832d943339eb13c2a97a8756	Returns mMessageLog.	mMessageLog		NONE_READ_ONLY	NO_MATCH_FOUND			reverse-engineering/binary-analysis/ghidra-function-name-table-2026-08-17.tsv;reverse-engineering/binary-analysis/function-c1-closure-2026-08-11.tsv;references/Onslaught/game.h:158;reverse-engineering/source-crosswalk/audit/REPORT.md;reverse-engineering/EVIDENCE-REGISTER.tsv;local-lab/re-campaign-incident-recovery-20260808-v1/generation-32-current-8329-db18625-v1/campaign-functions.tsv;reverse-engineering/binary-analysis/cgame-level-lifecycle-semantics-2026-08-11.tsv;reverse-engineering/binary-analysis/controller-player-game-event-spine-2026-08-11.tsv;reverse-engineering/source-code/gameplay/game-system.md	Simple inline/header body has no named or promoted semantic target after direct and bounded-owner-alias search; candidate bounded NO_MATCH only, not binary absence.	A promoted same-owner body or bounded alias with compatible ABI and source semantics falsifies the current negative search.	PARTIAL_OWNER_PRESENT	rebuild/OnslaughtRebuild.Core/Simulation.cs;rebuild/OnslaughtRebuild.Client/InteractiveSession.cs	The Level-100 deterministic session carries selected state/objective/input laws, not the complete CGame shell or mutable platform timing facade.
game.h	159	CGame::GetHelpTextDisplay	* GetHelpTextDisplay()	CGame	ALL_TARGETS	references/Onslaught/game.h:159-159	c40e2739e0b48f7fb75971495f89e8abe0626635a403fdcb511528c7c121d9eb	Returns mHelpTextDisplay.	mHelpTextDisplay		NONE_READ_ONLY	NO_MATCH_FOUND			reverse-engineering/binary-analysis/ghidra-function-name-table-2026-08-17.tsv;reverse-engineering/binary-analysis/function-c1-closure-2026-08-11.tsv;references/Onslaught/game.h:159;reverse-engineering/source-crosswalk/audit/REPORT.md;reverse-engineering/EVIDENCE-REGISTER.tsv;local-lab/re-campaign-incident-recovery-20260808-v1/generation-32-current-8329-db18625-v1/campaign-functions.tsv;reverse-engineering/binary-analysis/cgame-level-lifecycle-semantics-2026-08-11.tsv;reverse-engineering/binary-analysis/controller-player-game-event-spine-2026-08-11.tsv;reverse-engineering/source-code/gameplay/game-system.md	Simple inline/header body has no named or promoted semantic target after direct and bounded-owner-alias search; candidate bounded NO_MATCH only, not binary absence.	A promoted same-owner body or bounded alias with compatible ABI and source semantics falsifies the current negative search.	PARTIAL_OWNER_PRESENT	rebuild/OnslaughtRebuild.Core/Simulation.cs;rebuild/OnslaughtRebuild.Client/InteractiveSession.cs	The Level-100 deterministic session carries selected state/objective/input laws, not the complete CGame shell or mutable platform timing facade.
game.h	160	CGame::GetLevelBriefingLog	* GetLevelBriefingLog()	CGame	ALL_TARGETS	references/Onslaught/game.h:160-160	abe288398f473938081bb0c80553ae810c97df92c4a96a0c045d61f517200a36	Returns mLevelBriefingLog.	mLevelBriefingLog		NONE_READ_ONLY	NO_MATCH_FOUND			reverse-engineering/binary-analysis/ghidra-function-name-table-2026-08-17.tsv;reverse-engineering/binary-analysis/function-c1-closure-2026-08-11.tsv;references/Onslaught/game.h:160;reverse-engineering/source-crosswalk/audit/REPORT.md;reverse-engineering/EVIDENCE-REGISTER.tsv;local-lab/re-campaign-incident-recovery-20260808-v1/generation-32-current-8329-db18625-v1/campaign-functions.tsv;reverse-engineering/binary-analysis/cgame-level-lifecycle-semantics-2026-08-11.tsv;reverse-engineering/binary-analysis/controller-player-game-event-spine-2026-08-11.tsv;reverse-engineering/source-code/gameplay/game-system.md	Simple inline/header body has no named or promoted semantic target after direct and bounded-owner-alias search; candidate bounded NO_MATCH only, not binary absence.	A promoted same-owner body or bounded alias with compatible ABI and source semantics falsifies the current negative search.	PARTIAL_OWNER_PRESENT	rebuild/OnslaughtRebuild.Core/Simulation.cs;rebuild/OnslaughtRebuild.Client/InteractiveSession.cs	The Level-100 deterministic session carries selected state/objective/input laws, not the complete CGame shell or mutable platform timing facade.
game.h	161	CGame::GetPauseMenu	* GetPauseMenu()	CGame	ALL_TARGETS	references/Onslaught/game.h:161-161	cc0aaa14205e2d021c5f66e4b84502cef762da3484fa832e75692f55c8a76c20	Returns mPauseMenu.	mPauseMenu		NONE_READ_ONLY	NO_MATCH_FOUND			reverse-engineering/binary-analysis/ghidra-function-name-table-2026-08-17.tsv;reverse-engineering/binary-analysis/function-c1-closure-2026-08-11.tsv;references/Onslaught/game.h:161;reverse-engineering/source-crosswalk/audit/REPORT.md;reverse-engineering/EVIDENCE-REGISTER.tsv;local-lab/re-campaign-incident-recovery-20260808-v1/generation-32-current-8329-db18625-v1/campaign-functions.tsv;reverse-engineering/binary-analysis/cgame-level-lifecycle-semantics-2026-08-11.tsv;reverse-engineering/binary-analysis/controller-player-game-event-spine-2026-08-11.tsv;reverse-engineering/source-code/gameplay/game-system.md	Simple inline/header body has no named or promoted semantic target after direct and bounded-owner-alias search; candidate bounded NO_MATCH only, not binary absence.	A promoted same-owner body or bounded alias with compatible ABI and source semantics falsifies the current negative search.	PARTIAL_OWNER_PRESENT	rebuild/OnslaughtRebuild.Core/Simulation.cs;rebuild/OnslaughtRebuild.Client/InteractiveSession.cs	The Level-100 deterministic session carries selected state/objective/input laws, not the complete CGame shell or mutable platform timing facade.
game.h	166	CGame::GetNPlayers	GetNPlayers()	CGame	ALL_TARGETS	references/Onslaught/game.h:166-166	2c6e934c762e3ca8e2ec21aafc40ae93639530b077a392ab961e02b3e5023d0d	Returns mPlayers.	mPlayers		NONE_READ_ONLY	NO_MATCH_FOUND			reverse-engineering/binary-analysis/ghidra-function-name-table-2026-08-17.tsv;reverse-engineering/binary-analysis/function-c1-closure-2026-08-11.tsv;references/Onslaught/game.h:166;reverse-engineering/source-crosswalk/audit/REPORT.md;reverse-engineering/EVIDENCE-REGISTER.tsv;local-lab/re-campaign-incident-recovery-20260808-v1/generation-32-current-8329-db18625-v1/campaign-functions.tsv;reverse-engineering/binary-analysis/cgame-level-lifecycle-semantics-2026-08-11.tsv;reverse-engineering/binary-analysis/controller-player-game-event-spine-2026-08-11.tsv;reverse-engineering/source-code/gameplay/game-system.md	Simple inline/header body has no named or promoted semantic target after direct and bounded-owner-alias search; candidate bounded NO_MATCH only, not binary absence.	A promoted same-owner body or bounded alias with compatible ABI and source semantics falsifies the current negative search.	PARTIAL_OWNER_PRESENT	rebuild/OnslaughtRebuild.Core/Simulation.cs;rebuild/OnslaughtRebuild.Client/InteractiveSession.cs	The Level-100 deterministic session carries selected state/objective/input laws, not the complete CGame shell or mutable platform timing facade.
game.h	172	CGame::GetGameState	GetGameState()	CGame	ALL_TARGETS	references/Onslaught/game.h:172-172	7c84b3afa97f13fb45d91420983afa1f293525aa161851877cc7912436bc9045	Returns mGameState.	mGameState		NONE_READ_ONLY	NO_MATCH_FOUND			reverse-engineering/binary-analysis/ghidra-function-name-table-2026-08-17.tsv;reverse-engineering/binary-analysis/function-c1-closure-2026-08-11.tsv;references/Onslaught/game.h:172;reverse-engineering/source-crosswalk/audit/REPORT.md;reverse-engineering/EVIDENCE-REGISTER.tsv;local-lab/re-campaign-incident-recovery-20260808-v1/generation-32-current-8329-db18625-v1/campaign-functions.tsv;reverse-engineering/binary-analysis/cgame-level-lifecycle-semantics-2026-08-11.tsv;reverse-engineering/binary-analysis/controller-player-game-event-spine-2026-08-11.tsv;reverse-engineering/source-code/gameplay/game-system.md	Simple inline/header body has no named or promoted semantic target after direct and bounded-owner-alias search; candidate bounded NO_MATCH only, not binary absence.	A promoted same-owner body or bounded alias with compatible ABI and source semantics falsifies the current negative search.	PARTIAL_OWNER_PRESENT	rebuild/OnslaughtRebuild.Core/Simulation.cs;rebuild/OnslaughtRebuild.Client/InteractiveSession.cs	The Level-100 deterministic session carries selected state/objective/input laws, not the complete CGame shell or mutable platform timing facade.
game.h	173	CGame::IsFreeCameraOn	IsFreeCameraOn(int player)	CGame	ALL_TARGETS	references/Onslaught/game.h:173-173	4a152492b0ad7b368c87eb1a5e7b63d4b751f4e1fb6f9f7d46d6c96b1a6db131	Returns mFreeCameraOn[player].	mFreeCameraOn		NONE_READ_ONLY	NO_MATCH_FOUND			reverse-engineering/binary-analysis/ghidra-function-name-table-2026-08-17.tsv;reverse-engineering/binary-analysis/function-c1-closure-2026-08-11.tsv;references/Onslaught/game.h:173;reverse-engineering/source-crosswalk/audit/REPORT.md;reverse-engineering/EVIDENCE-REGISTER.tsv;local-lab/re-campaign-incident-recovery-20260808-v1/generation-32-current-8329-db18625-v1/campaign-functions.tsv;reverse-engineering/binary-analysis/cgame-level-lifecycle-semantics-2026-08-11.tsv;reverse-engineering/binary-analysis/controller-player-game-event-spine-2026-08-11.tsv;reverse-engineering/source-code/gameplay/game-system.md	Simple inline/header body has no named or promoted semantic target after direct and bounded-owner-alias search; candidate bounded NO_MATCH only, not binary absence.	A promoted same-owner body or bounded alias with compatible ABI and source semantics falsifies the current negative search.	PARTIAL_OWNER_PRESENT	rebuild/OnslaughtRebuild.Core/Simulation.cs;rebuild/OnslaughtRebuild.Client/InteractiveSession.cs	The Level-100 deterministic session carries selected state/objective/input laws, not the complete CGame shell or mutable platform timing facade.
game.h	174	CGame::IsGameFinished	IsGameFinished()	CGame	ALL_TARGETS	references/Onslaught/game.h:174-174	a3f8fd799d131b75c68c0ea5a99eefeec060c3a1bc6c4ebbac7ac57a3a1f76fc	Returns mGameState > GAME_STATE_PLAYING.	mGameState	GAME_STATE_PLAYING	NONE_READ_ONLY	NO_MATCH_FOUND			reverse-engineering/binary-analysis/ghidra-function-name-table-2026-08-17.tsv;reverse-engineering/binary-analysis/function-c1-closure-2026-08-11.tsv;references/Onslaught/game.h:174;reverse-engineering/source-crosswalk/audit/REPORT.md;reverse-engineering/EVIDENCE-REGISTER.tsv;local-lab/re-campaign-incident-recovery-20260808-v1/generation-32-current-8329-db18625-v1/campaign-functions.tsv;reverse-engineering/binary-analysis/cgame-level-lifecycle-semantics-2026-08-11.tsv;reverse-engineering/binary-analysis/controller-player-game-event-spine-2026-08-11.tsv;reverse-engineering/source-code/gameplay/game-system.md	Simple inline/header body has no named or promoted semantic target after direct and bounded-owner-alias search; candidate bounded NO_MATCH only, not binary absence.	A promoted same-owner body or bounded alias with compatible ABI and source semantics falsifies the current negative search.	PARTIAL_OWNER_PRESENT	rebuild/OnslaughtRebuild.Core/Simulation.cs;rebuild/OnslaughtRebuild.Client/InteractiveSession.cs	The Level-100 deterministic session carries selected state/objective/input laws, not the complete CGame shell or mutable platform timing facade.
game.h	178	CGame::GetRenderFrameNumber	GetRenderFrameNumber()	CGame	ALL_TARGETS	references/Onslaught/game.h:178-178	1ee681ea62635d4efedc6070029e6bc4b2cd14cb0fc103fbe16d634458778119	Returns mRenderFrameNumber.	mRenderFrameNumber		NONE_READ_ONLY	NO_MATCH_FOUND			reverse-engineering/binary-analysis/ghidra-function-name-table-2026-08-17.tsv;reverse-engineering/binary-analysis/function-c1-closure-2026-08-11.tsv;references/Onslaught/game.h:178;reverse-engineering/source-crosswalk/audit/REPORT.md;reverse-engineering/EVIDENCE-REGISTER.tsv;local-lab/re-campaign-incident-recovery-20260808-v1/generation-32-current-8329-db18625-v1/campaign-functions.tsv;reverse-engineering/binary-analysis/cgame-level-lifecycle-semantics-2026-08-11.tsv;reverse-engineering/binary-analysis/controller-player-game-event-spine-2026-08-11.tsv;reverse-engineering/source-code/gameplay/game-system.md	Simple inline/header body has no named or promoted semantic target after direct and bounded-owner-alias search; candidate bounded NO_MATCH only, not binary absence.	A promoted same-owner body or bounded alias with compatible ABI and source semantics falsifies the current negative search.	PARTIAL_OWNER_PRESENT	rebuild/OnslaughtRebuild.Core/Simulation.cs;rebuild/OnslaughtRebuild.Client/InteractiveSession.cs	The Level-100 deterministic session carries selected state/objective/input laws, not the complete CGame shell or mutable platform timing facade.
game.h	179	CGame::SetPrimaryObjectiveComplete	SetPrimaryObjectiveComplete(int num, int string_id)	CGame	ALL_TARGETS	references/Onslaught/game.h:179-179	8c986313ed10c3ef38bd995e8a33109eaaaa74db6789731b46555033086e3e0b	Executes the pinned source body in order: mPrimaryObjectives[num].Set(MOS_COMPLETE, string_id);	mPrimaryObjectives	MOS_COMPLETE	Set	NO_MATCH_FOUND			reverse-engineering/binary-analysis/ghidra-function-name-table-2026-08-17.tsv;reverse-engineering/binary-analysis/function-c1-closure-2026-08-11.tsv;references/Onslaught/game.h:179;reverse-engineering/source-crosswalk/audit/REPORT.md;reverse-engineering/EVIDENCE-REGISTER.tsv;local-lab/re-campaign-incident-recovery-20260808-v1/generation-32-current-8329-db18625-v1/campaign-functions.tsv;reverse-engineering/binary-analysis/cgame-level-lifecycle-semantics-2026-08-11.tsv;reverse-engineering/binary-analysis/controller-player-game-event-spine-2026-08-11.tsv;reverse-engineering/source-code/gameplay/game-system.md	Simple inline/header body has no named or promoted semantic target after direct and bounded-owner-alias search; candidate bounded NO_MATCH only, not binary absence.	A promoted same-owner body or bounded alias with compatible ABI and source semantics falsifies the current negative search.	PARTIAL_OWNER_PRESENT	rebuild/OnslaughtRebuild.Core/Simulation.cs;rebuild/OnslaughtRebuild.Client/InteractiveSession.cs	The Level-100 deterministic session carries selected state/objective/input laws, not the complete CGame shell or mutable platform timing facade.
game.h	180	CGame::SetSecondaryObjectiveComplete	SetSecondaryObjectiveComplete(int num, int string_id)	CGame	ALL_TARGETS	references/Onslaught/game.h:180-180	493e0af1da1e8cf4b1a80b4a427bc2f8b76f69765278e5208d49f06d8afd9556	Executes the pinned source body in order: mSecondaryObjectives[num].Set(MOS_COMPLETE, string_id);	mSecondaryObjectives	MOS_COMPLETE	Set	NO_MATCH_FOUND			reverse-engineering/binary-analysis/ghidra-function-name-table-2026-08-17.tsv;reverse-engineering/binary-analysis/function-c1-closure-2026-08-11.tsv;references/Onslaught/game.h:180;reverse-engineering/source-crosswalk/audit/REPORT.md;reverse-engineering/EVIDENCE-REGISTER.tsv;local-lab/re-campaign-incident-recovery-20260808-v1/generation-32-current-8329-db18625-v1/campaign-functions.tsv;reverse-engineering/binary-analysis/cgame-level-lifecycle-semantics-2026-08-11.tsv;reverse-engineering/binary-analysis/controller-player-game-event-spine-2026-08-11.tsv;reverse-engineering/source-code/gameplay/game-system.md	Simple inline/header body has no named or promoted semantic target after direct and bounded-owner-alias search; candidate bounded NO_MATCH only, not binary absence.	A promoted same-owner body or bounded alias with compatible ABI and source semantics falsifies the current negative search.	PARTIAL_OWNER_PRESENT	rebuild/OnslaughtRebuild.Core/Simulation.cs;rebuild/OnslaughtRebuild.Client/InteractiveSession.cs	The Level-100 deterministic session carries selected state/objective/input laws, not the complete CGame shell or mutable platform timing facade.
game.h	181	CGame::SetPrimaryObjectiveFailed	SetPrimaryObjectiveFailed(int num, int string_id)	CGame	ALL_TARGETS	references/Onslaught/game.h:181-181	096a2baae7bda24472971fcbcb898682c1df7759f275c4d0aa6e7b5fe43802fd	Executes the pinned source body in order: mPrimaryObjectives[num].Set(MOS_FAILED, string_id);	mPrimaryObjectives	MOS_FAILED	Set	NO_MATCH_FOUND			reverse-engineering/binary-analysis/ghidra-function-name-table-2026-08-17.tsv;reverse-engineering/binary-analysis/function-c1-closure-2026-08-11.tsv;references/Onslaught/game.h:181;reverse-engineering/source-crosswalk/audit/REPORT.md;reverse-engineering/EVIDENCE-REGISTER.tsv;local-lab/re-campaign-incident-recovery-20260808-v1/generation-32-current-8329-db18625-v1/campaign-functions.tsv;reverse-engineering/binary-analysis/cgame-level-lifecycle-semantics-2026-08-11.tsv;reverse-engineering/binary-analysis/controller-player-game-event-spine-2026-08-11.tsv;reverse-engineering/source-code/gameplay/game-system.md	Simple inline/header body has no named or promoted semantic target after direct and bounded-owner-alias search; candidate bounded NO_MATCH only, not binary absence.	A promoted same-owner body or bounded alias with compatible ABI and source semantics falsifies the current negative search.	PARTIAL_OWNER_PRESENT	rebuild/OnslaughtRebuild.Core/Simulation.cs;rebuild/OnslaughtRebuild.Client/InteractiveSession.cs	The Level-100 deterministic session carries selected state/objective/input laws, not the complete CGame shell or mutable platform timing facade.
game.h	182	CGame::SetSecondaryObjectiveFailed	SetSecondaryObjectiveFailed(int num, int string_id)	CGame	ALL_TARGETS	references/Onslaught/game.h:182-182	8186014d52f451abf1d9dbad700b12528cd42260b54f7f1c26ee126bfc3041b7	Executes the pinned source body in order: mSecondaryObjectives[num].Set(MOS_FAILED, string_id);	mSecondaryObjectives	MOS_FAILED	Set	NO_MATCH_FOUND			reverse-engineering/binary-analysis/ghidra-function-name-table-2026-08-17.tsv;reverse-engineering/binary-analysis/function-c1-closure-2026-08-11.tsv;references/Onslaught/game.h:182;reverse-engineering/source-crosswalk/audit/REPORT.md;reverse-engineering/EVIDENCE-REGISTER.tsv;local-lab/re-campaign-incident-recovery-20260808-v1/generation-32-current-8329-db18625-v1/campaign-functions.tsv;reverse-engineering/binary-analysis/cgame-level-lifecycle-semantics-2026-08-11.tsv;reverse-engineering/binary-analysis/controller-player-game-event-spine-2026-08-11.tsv;reverse-engineering/source-code/gameplay/game-system.md	Simple inline/header body has no named or promoted semantic target after direct and bounded-owner-alias search; candidate bounded NO_MATCH only, not binary absence.	A promoted same-owner body or bounded alias with compatible ABI and source semantics falsifies the current negative search.	PARTIAL_OWNER_PRESENT	rebuild/OnslaughtRebuild.Core/Simulation.cs;rebuild/OnslaughtRebuild.Client/InteractiveSession.cs	The Level-100 deterministic session carries selected state/objective/input laws, not the complete CGame shell or mutable platform timing facade.
game.h	184	CGame::GetPrimaryObjective	* GetPrimaryObjective(int num)	CGame	ALL_TARGETS	references/Onslaught/game.h:184-184	4105259a6452e44ca07c2b72a33b94ed48a661f43912757a597f4ee0d717a1da	Returns &mPrimaryObjectives[num].	mPrimaryObjectives		NONE_READ_ONLY	NO_MATCH_FOUND			reverse-engineering/binary-analysis/ghidra-function-name-table-2026-08-17.tsv;reverse-engineering/binary-analysis/function-c1-closure-2026-08-11.tsv;references/Onslaught/game.h:184;reverse-engineering/source-crosswalk/audit/REPORT.md;reverse-engineering/EVIDENCE-REGISTER.tsv;local-lab/re-campaign-incident-recovery-20260808-v1/generation-32-current-8329-db18625-v1/campaign-functions.tsv;reverse-engineering/binary-analysis/cgame-level-lifecycle-semantics-2026-08-11.tsv;reverse-engineering/binary-analysis/controller-player-game-event-spine-2026-08-11.tsv;reverse-engineering/source-code/gameplay/game-system.md	Simple inline/header body has no named or promoted semantic target after direct and bounded-owner-alias search; candidate bounded NO_MATCH only, not binary absence.	A promoted same-owner body or bounded alias with compatible ABI and source semantics falsifies the current negative search.	PARTIAL_OWNER_PRESENT	rebuild/OnslaughtRebuild.Core/Simulation.cs;rebuild/OnslaughtRebuild.Client/InteractiveSession.cs	The Level-100 deterministic session carries selected state/objective/input laws, not the complete CGame shell or mutable platform timing facade.
game.h	185	CGame::GetSecondaryObjective	* GetSecondaryObjective(int num)	CGame	ALL_TARGETS	references/Onslaught/game.h:185-185	6e5f0f86f7f205787d50376a4b09db6486566e3db958d544b331c99dead28d96	Returns &mSecondaryObjectives[num].	mSecondaryObjectives		NONE_READ_ONLY	NO_MATCH_FOUND			reverse-engineering/binary-analysis/ghidra-function-name-table-2026-08-17.tsv;reverse-engineering/binary-analysis/function-c1-closure-2026-08-11.tsv;references/Onslaught/game.h:185;reverse-engineering/source-crosswalk/audit/REPORT.md;reverse-engineering/EVIDENCE-REGISTER.tsv;local-lab/re-campaign-incident-recovery-20260808-v1/generation-32-current-8329-db18625-v1/campaign-functions.tsv;reverse-engineering/binary-analysis/cgame-level-lifecycle-semantics-2026-08-11.tsv;reverse-engineering/binary-analysis/controller-player-game-event-spine-2026-08-11.tsv;reverse-engineering/source-code/gameplay/game-system.md	Simple inline/header body has no named or promoted semantic target after direct and bounded-owner-alias search; candidate bounded NO_MATCH only, not binary absence.	A promoted same-owner body or bounded alias with compatible ABI and source semantics falsifies the current negative search.	PARTIAL_OWNER_PRESENT	rebuild/OnslaughtRebuild.Core/Simulation.cs;rebuild/OnslaughtRebuild.Client/InteractiveSession.cs	The Level-100 deterministic session carries selected state/objective/input laws, not the complete CGame shell or mutable platform timing facade.
game.h	186	CGame::GetMaxPrimaryObjectives	GetMaxPrimaryObjectives()	CGame	ALL_TARGETS	references/Onslaught/game.h:186-186	cc8ad081598d3e91bf2299ebb914f087fa17c67f4c337d3b78af962897e0ecc3	Returns mPrimaryObjectives.Size().	mPrimaryObjectives		mPrimaryObjectives.Size	NO_MATCH_FOUND			reverse-engineering/binary-analysis/ghidra-function-name-table-2026-08-17.tsv;reverse-engineering/binary-analysis/function-c1-closure-2026-08-11.tsv;references/Onslaught/game.h:186;reverse-engineering/source-crosswalk/audit/REPORT.md;reverse-engineering/EVIDENCE-REGISTER.tsv;local-lab/re-campaign-incident-recovery-20260808-v1/generation-32-current-8329-db18625-v1/campaign-functions.tsv;reverse-engineering/binary-analysis/cgame-level-lifecycle-semantics-2026-08-11.tsv;reverse-engineering/binary-analysis/controller-player-game-event-spine-2026-08-11.tsv;reverse-engineering/source-code/gameplay/game-system.md	Simple inline/header body has no named or promoted semantic target after direct and bounded-owner-alias search; candidate bounded NO_MATCH only, not binary absence.	A promoted same-owner body or bounded alias with compatible ABI and source semantics falsifies the current negative search.	PARTIAL_OWNER_PRESENT	rebuild/OnslaughtRebuild.Core/Simulation.cs;rebuild/OnslaughtRebuild.Client/InteractiveSession.cs	The Level-100 deterministic session carries selected state/objective/input laws, not the complete CGame shell or mutable platform timing facade.
game.h	187	CGame::GetMaxSecondaryObjectives	GetMaxSecondaryObjectives()	CGame	ALL_TARGETS	references/Onslaught/game.h:187-187	f5b2e5551067879d3a4c175d572af934a2b1cff7d3215f781e76ee45eb1eb094	Returns mSecondaryObjectives.Size().	mSecondaryObjectives		mSecondaryObjectives.Size	NO_MATCH_FOUND			reverse-engineering/binary-analysis/ghidra-function-name-table-2026-08-17.tsv;reverse-engineering/binary-analysis/function-c1-closure-2026-08-11.tsv;references/Onslaught/game.h:187;reverse-engineering/source-crosswalk/audit/REPORT.md;reverse-engineering/EVIDENCE-REGISTER.tsv;local-lab/re-campaign-incident-recovery-20260808-v1/generation-32-current-8329-db18625-v1/campaign-functions.tsv;reverse-engineering/binary-analysis/cgame-level-lifecycle-semantics-2026-08-11.tsv;reverse-engineering/binary-analysis/controller-player-game-event-spine-2026-08-11.tsv;reverse-engineering/source-code/gameplay/game-system.md	Simple inline/header body has no named or promoted semantic target after direct and bounded-owner-alias search; candidate bounded NO_MATCH only, not binary absence.	A promoted same-owner body or bounded alias with compatible ABI and source semantics falsifies the current negative search.	PARTIAL_OWNER_PRESENT	rebuild/OnslaughtRebuild.Core/Simulation.cs;rebuild/OnslaughtRebuild.Client/InteractiveSession.cs	The Level-100 deterministic session carries selected state/objective/input laws, not the complete CGame shell or mutable platform timing facade.
game.h	191	CGame::SetPanTime	SetPanTime(float time)	CGame	ALL_TARGETS	references/Onslaught/game.h:191-191	045e96b2b64d78d23a239e23e7006d7522947b1c3209b19c8d133db1449f0cbe	Writes mPanTime; source body: mPanTime = time ;	mPanTime		mPanTime	NO_MATCH_FOUND			reverse-engineering/binary-analysis/ghidra-function-name-table-2026-08-17.tsv;reverse-engineering/binary-analysis/function-c1-closure-2026-08-11.tsv;references/Onslaught/game.h:191;reverse-engineering/source-crosswalk/audit/REPORT.md;reverse-engineering/EVIDENCE-REGISTER.tsv;local-lab/re-campaign-incident-recovery-20260808-v1/generation-32-current-8329-db18625-v1/campaign-functions.tsv;reverse-engineering/binary-analysis/cgame-level-lifecycle-semantics-2026-08-11.tsv;reverse-engineering/binary-analysis/controller-player-game-event-spine-2026-08-11.tsv;reverse-engineering/source-code/gameplay/game-system.md	Simple inline/header body has no named or promoted semantic target after direct and bounded-owner-alias search; candidate bounded NO_MATCH only, not binary absence.	A promoted same-owner body or bounded alias with compatible ABI and source semantics falsifies the current negative search.	PARTIAL_OWNER_PRESENT	rebuild/OnslaughtRebuild.Core/Simulation.cs;rebuild/OnslaughtRebuild.Client/InteractiveSession.cs	The Level-100 deterministic session carries selected state/objective/input laws, not the complete CGame shell or mutable platform timing facade.
game.h	192	CGame::SetPreRunTime	SetPreRunTime(float time)	CGame	ALL_TARGETS	references/Onslaught/game.h:192-192	42a90dc43776cc065acd3744fe45c27778bdd8d5aa93579ff07ee754e59aec36	Writes mPreRunTime; source body: mPreRunTime = time ;	mPreRunTime		mPreRunTime	NO_MATCH_FOUND			reverse-engineering/binary-analysis/ghidra-function-name-table-2026-08-17.tsv;reverse-engineering/binary-analysis/function-c1-closure-2026-08-11.tsv;references/Onslaught/game.h:192;reverse-engineering/source-crosswalk/audit/REPORT.md;reverse-engineering/EVIDENCE-REGISTER.tsv;local-lab/re-campaign-incident-recovery-20260808-v1/generation-32-current-8329-db18625-v1/campaign-functions.tsv;reverse-engineering/binary-analysis/cgame-level-lifecycle-semantics-2026-08-11.tsv;reverse-engineering/binary-analysis/controller-player-game-event-spine-2026-08-11.tsv;reverse-engineering/source-code/gameplay/game-system.md	Simple inline/header body has no named or promoted semantic target after direct and bounded-owner-alias search; candidate bounded NO_MATCH only, not binary absence.	A promoted same-owner body or bounded alias with compatible ABI and source semantics falsifies the current negative search.	PARTIAL_OWNER_PRESENT	rebuild/OnslaughtRebuild.Core/Simulation.cs;rebuild/OnslaughtRebuild.Client/InteractiveSession.cs	The Level-100 deterministic session carries selected state/objective/input laws, not the complete CGame shell or mutable platform timing facade.
game.h	194	CGame::GetPreRunTime	GetPreRunTime()	CGame	ALL_TARGETS	references/Onslaught/game.h:194-194	113e2c5c91316bbd229bf342a046952e04d478bf4e34b4527790c549b78d90d3	Returns mPreRunTime.	mPreRunTime		NONE_READ_ONLY	NO_MATCH_FOUND			reverse-engineering/binary-analysis/ghidra-function-name-table-2026-08-17.tsv;reverse-engineering/binary-analysis/function-c1-closure-2026-08-11.tsv;references/Onslaught/game.h:194;reverse-engineering/source-crosswalk/audit/REPORT.md;reverse-engineering/EVIDENCE-REGISTER.tsv;local-lab/re-campaign-incident-recovery-20260808-v1/generation-32-current-8329-db18625-v1/campaign-functions.tsv;reverse-engineering/binary-analysis/cgame-level-lifecycle-semantics-2026-08-11.tsv;reverse-engineering/binary-analysis/controller-player-game-event-spine-2026-08-11.tsv;reverse-engineering/source-code/gameplay/game-system.md	Simple inline/header body has no named or promoted semantic target after direct and bounded-owner-alias search; candidate bounded NO_MATCH only, not binary absence.	A promoted same-owner body or bounded alias with compatible ABI and source semantics falsifies the current negative search.	PARTIAL_OWNER_PRESENT	rebuild/OnslaughtRebuild.Core/Simulation.cs;rebuild/OnslaughtRebuild.Client/InteractiveSession.cs	The Level-100 deterministic session carries selected state/objective/input laws, not the complete CGame shell or mutable platform timing facade.
game.h	195	CGame::GetPanTime	GetPanTime()	CGame	ALL_TARGETS	references/Onslaught/game.h:195-195	ecb2bf891ed6da746edce7cb5a444175dde3832736debb365aefda72b88d447d	Returns mPanTime.	mPanTime		NONE_READ_ONLY	NO_MATCH_FOUND			reverse-engineering/binary-analysis/ghidra-function-name-table-2026-08-17.tsv;reverse-engineering/binary-analysis/function-c1-closure-2026-08-11.tsv;references/Onslaught/game.h:195;reverse-engineering/source-crosswalk/audit/REPORT.md;reverse-engineering/EVIDENCE-REGISTER.tsv;local-lab/re-campaign-incident-recovery-20260808-v1/generation-32-current-8329-db18625-v1/campaign-functions.tsv;reverse-engineering/binary-analysis/cgame-level-lifecycle-semantics-2026-08-11.tsv;reverse-engineering/binary-analysis/controller-player-game-event-spine-2026-08-11.tsv;reverse-engineering/source-code/gameplay/game-system.md	Simple inline/header body has no named or promoted semantic target after direct and bounded-owner-alias search; candidate bounded NO_MATCH only, not binary absence.	A promoted same-owner body or bounded alias with compatible ABI and source semantics falsifies the current negative search.	PARTIAL_OWNER_PRESENT	rebuild/OnslaughtRebuild.Core/Simulation.cs;rebuild/OnslaughtRebuild.Client/InteractiveSession.cs	The Level-100 deterministic session carries selected state/objective/input laws, not the complete CGame shell or mutable platform timing facade.
game.h	197	CGame::SetSGradeScore	SetSGradeScore(SINT score)	CGame	ALL_TARGETS	references/Onslaught/game.h:197-197	2e25fc6492de76e15bd1766dee84bd4ea13ca0572c09e756ae372588742ab0c1	Writes mSGradeScore; source body: mSGradeScore = score;	mSGradeScore		mSGradeScore	NO_MATCH_FOUND			reverse-engineering/binary-analysis/ghidra-function-name-table-2026-08-17.tsv;reverse-engineering/binary-analysis/function-c1-closure-2026-08-11.tsv;references/Onslaught/game.h:197;reverse-engineering/source-crosswalk/audit/REPORT.md;reverse-engineering/EVIDENCE-REGISTER.tsv;local-lab/re-campaign-incident-recovery-20260808-v1/generation-32-current-8329-db18625-v1/campaign-functions.tsv;reverse-engineering/binary-analysis/cgame-level-lifecycle-semantics-2026-08-11.tsv;reverse-engineering/binary-analysis/controller-player-game-event-spine-2026-08-11.tsv;reverse-engineering/source-code/gameplay/game-system.md	Simple inline/header body has no named or promoted semantic target after direct and bounded-owner-alias search; candidate bounded NO_MATCH only, not binary absence.	A promoted same-owner body or bounded alias with compatible ABI and source semantics falsifies the current negative search.	PARTIAL_OWNER_PRESENT	rebuild/OnslaughtRebuild.Core/Simulation.cs;rebuild/OnslaughtRebuild.Client/InteractiveSession.cs	The Level-100 deterministic session carries selected state/objective/input laws, not the complete CGame shell or mutable platform timing facade.
game.h	198	CGame::SetDGradeScore	SetDGradeScore(SINT score)	CGame	ALL_TARGETS	references/Onslaught/game.h:198-198	b2aae685fad12d1b50a6ff6677c5cb91e6f848470104d3518ffb1f64ef0c2a3a	Writes mDGradeScore; source body: mDGradeScore = score;	mDGradeScore		mDGradeScore	NO_MATCH_FOUND			reverse-engineering/binary-analysis/ghidra-function-name-table-2026-08-17.tsv;reverse-engineering/binary-analysis/function-c1-closure-2026-08-11.tsv;references/Onslaught/game.h:198;reverse-engineering/source-crosswalk/audit/REPORT.md;reverse-engineering/EVIDENCE-REGISTER.tsv;local-lab/re-campaign-incident-recovery-20260808-v1/generation-32-current-8329-db18625-v1/campaign-functions.tsv;reverse-engineering/binary-analysis/cgame-level-lifecycle-semantics-2026-08-11.tsv;reverse-engineering/binary-analysis/controller-player-game-event-spine-2026-08-11.tsv;reverse-engineering/source-code/gameplay/game-system.md	Simple inline/header body has no named or promoted semantic target after direct and bounded-owner-alias search; candidate bounded NO_MATCH only, not binary absence.	A promoted same-owner body or bounded alias with compatible ABI and source semantics falsifies the current negative search.	PARTIAL_OWNER_PRESENT	rebuild/OnslaughtRebuild.Core/Simulation.cs;rebuild/OnslaughtRebuild.Client/InteractiveSession.cs	The Level-100 deterministic session carries selected state/objective/input laws, not the complete CGame shell or mutable platform timing facade.
game.h	200	CGame::SetTimeLimit	SetTimeLimit(float time)	CGame	ALL_TARGETS	references/Onslaught/game.h:200-200	8ade2d6ca8c209de58e8fe6cbb25abc92f6a8d7bccc8d45f33b7917946f4552f	Writes mTimeLimit; source body: mTimeLimit = time ;	mTimeLimit		mTimeLimit	NO_MATCH_FOUND			reverse-engineering/binary-analysis/ghidra-function-name-table-2026-08-17.tsv;reverse-engineering/binary-analysis/function-c1-closure-2026-08-11.tsv;references/Onslaught/game.h:200;reverse-engineering/source-crosswalk/audit/REPORT.md;reverse-engineering/EVIDENCE-REGISTER.tsv;local-lab/re-campaign-incident-recovery-20260808-v1/generation-32-current-8329-db18625-v1/campaign-functions.tsv;reverse-engineering/binary-analysis/cgame-level-lifecycle-semantics-2026-08-11.tsv;reverse-engineering/binary-analysis/controller-player-game-event-spine-2026-08-11.tsv;reverse-engineering/source-code/gameplay/game-system.md	Simple inline/header body has no named or promoted semantic target after direct and bounded-owner-alias search; candidate bounded NO_MATCH only, not binary absence.	A promoted same-owner body or bounded alias with compatible ABI and source semantics falsifies the current negative search.	PARTIAL_OWNER_PRESENT	rebuild/OnslaughtRebuild.Core/Simulation.cs;rebuild/OnslaughtRebuild.Client/InteractiveSession.cs	The Level-100 deterministic session carries selected state/objective/input laws, not the complete CGame shell or mutable platform timing facade.
game.h	201	CGame::SetFullScoreTime	SetFullScoreTime(float time)	CGame	ALL_TARGETS	references/Onslaught/game.h:201-201	0cf5f5790ed1f837d8c4b185ceede758902e9f2f0fa2d9f97955773c3b20f04c	Writes mFullScoreTime; source body: mFullScoreTime = time ;	mFullScoreTime		mFullScoreTime	NO_MATCH_FOUND			reverse-engineering/binary-analysis/ghidra-function-name-table-2026-08-17.tsv;reverse-engineering/binary-analysis/function-c1-closure-2026-08-11.tsv;references/Onslaught/game.h:201;reverse-engineering/source-crosswalk/audit/REPORT.md;reverse-engineering/EVIDENCE-REGISTER.tsv;local-lab/re-campaign-incident-recovery-20260808-v1/generation-32-current-8329-db18625-v1/campaign-functions.tsv;reverse-engineering/binary-analysis/cgame-level-lifecycle-semantics-2026-08-11.tsv;reverse-engineering/binary-analysis/controller-player-game-event-spine-2026-08-11.tsv;reverse-engineering/source-code/gameplay/game-system.md	Simple inline/header body has no named or promoted semantic target after direct and bounded-owner-alias search; candidate bounded NO_MATCH only, not binary absence.	A promoted same-owner body or bounded alias with compatible ABI and source semantics falsifies the current negative search.	PARTIAL_OWNER_PRESENT	rebuild/OnslaughtRebuild.Core/Simulation.cs;rebuild/OnslaughtRebuild.Client/InteractiveSession.cs	The Level-100 deterministic session carries selected state/objective/input laws, not the complete CGame shell or mutable platform timing facade.
game.h	202	CGame::SetPercentageScoreTime	SetPercentageScoreTime(float time)	CGame	ALL_TARGETS	references/Onslaught/game.h:202-202	68c8c9718df0a799dbc0994c35ea7067cfa1a5a0050496661891957dbe58acc5	Writes mPercentageScoreTime; source body: mPercentageScoreTime = time;	mPercentageScoreTime		mPercentageScoreTime	NO_MATCH_FOUND			reverse-engineering/binary-analysis/ghidra-function-name-table-2026-08-17.tsv;reverse-engineering/binary-analysis/function-c1-closure-2026-08-11.tsv;references/Onslaught/game.h:202;reverse-engineering/source-crosswalk/audit/REPORT.md;reverse-engineering/EVIDENCE-REGISTER.tsv;local-lab/re-campaign-incident-recovery-20260808-v1/generation-32-current-8329-db18625-v1/campaign-functions.tsv;reverse-engineering/binary-analysis/cgame-level-lifecycle-semantics-2026-08-11.tsv;reverse-engineering/binary-analysis/controller-player-game-event-spine-2026-08-11.tsv;reverse-engineering/source-code/gameplay/game-system.md	Simple inline/header body has no named or promoted semantic target after direct and bounded-owner-alias search; candidate bounded NO_MATCH only, not binary absence.	A promoted same-owner body or bounded alias with compatible ABI and source semantics falsifies the current negative search.	PARTIAL_OWNER_PRESENT	rebuild/OnslaughtRebuild.Core/Simulation.cs;rebuild/OnslaughtRebuild.Client/InteractiveSession.cs	The Level-100 deterministic session carries selected state/objective/input laws, not the complete CGame shell or mutable platform timing facade.
game.h	203	CGame::SetScorePercentage	SetScorePercentage(float percentage)	CGame	ALL_TARGETS	references/Onslaught/game.h:203-203	e69e6c2b89915d30b8a12ffde987e616bc497b618e89baa5f9706f5220f08c8a	Writes mScorePercentage; source body: mScorePercentage=percentage;	mScorePercentage		mScorePercentage	NO_MATCH_FOUND			reverse-engineering/binary-analysis/ghidra-function-name-table-2026-08-17.tsv;reverse-engineering/binary-analysis/function-c1-closure-2026-08-11.tsv;references/Onslaught/game.h:203;reverse-engineering/source-crosswalk/audit/REPORT.md;reverse-engineering/EVIDENCE-REGISTER.tsv;local-lab/re-campaign-incident-recovery-20260808-v1/generation-32-current-8329-db18625-v1/campaign-functions.tsv;reverse-engineering/binary-analysis/cgame-level-lifecycle-semantics-2026-08-11.tsv;reverse-engineering/binary-analysis/controller-player-game-event-spine-2026-08-11.tsv;reverse-engineering/source-code/gameplay/game-system.md	Simple inline/header body has no named or promoted semantic target after direct and bounded-owner-alias search; candidate bounded NO_MATCH only, not binary absence.	A promoted same-owner body or bounded alias with compatible ABI and source semantics falsifies the current negative search.	PARTIAL_OWNER_PRESENT	rebuild/OnslaughtRebuild.Core/Simulation.cs;rebuild/OnslaughtRebuild.Client/InteractiveSession.cs	The Level-100 deterministic session carries selected state/objective/input laws, not the complete CGame shell or mutable platform timing facade.
game.h	210	CGame::IncScore	IncScore(SINT inScore)	CGame	ALL_TARGETS	references/Onslaught/game.h:210-210	a6deae1afc8a4452b7e37057987aca825527ae0cdb9489080d8ebb19afb1edbc	Writes mScore; source body: mScore+=inScore;	mScore		mScore	NO_MATCH_FOUND			reverse-engineering/binary-analysis/ghidra-function-name-table-2026-08-17.tsv;reverse-engineering/binary-analysis/function-c1-closure-2026-08-11.tsv;references/Onslaught/game.h:210;reverse-engineering/source-crosswalk/audit/REPORT.md;reverse-engineering/EVIDENCE-REGISTER.tsv;local-lab/re-campaign-incident-recovery-20260808-v1/generation-32-current-8329-db18625-v1/campaign-functions.tsv;reverse-engineering/binary-analysis/cgame-level-lifecycle-semantics-2026-08-11.tsv;reverse-engineering/binary-analysis/controller-player-game-event-spine-2026-08-11.tsv;reverse-engineering/source-code/gameplay/game-system.md	Simple inline/header body has no named or promoted semantic target after direct and bounded-owner-alias search; candidate bounded NO_MATCH only, not binary absence.	A promoted same-owner body or bounded alias with compatible ABI and source semantics falsifies the current negative search.	PARTIAL_OWNER_PRESENT	rebuild/OnslaughtRebuild.Core/Simulation.cs;rebuild/OnslaughtRebuild.Client/InteractiveSession.cs	The Level-100 deterministic session carries selected state/objective/input laws, not the complete CGame shell or mutable platform timing facade.
game.h	211	CGame::GetAllowedAutoAim	GetAllowedAutoAim()	CGame	ALL_TARGETS	references/Onslaught/game.h:211-211	8a5f6be9bbd69b82adead007a2ca604fd75aa6fe1cd3947a78d3cf4194646420	Returns mAllowedAutoAim.	mAllowedAutoAim		NONE_READ_ONLY	NO_MATCH_FOUND			reverse-engineering/binary-analysis/ghidra-function-name-table-2026-08-17.tsv;reverse-engineering/binary-analysis/function-c1-closure-2026-08-11.tsv;references/Onslaught/game.h:211;reverse-engineering/source-crosswalk/audit/REPORT.md;reverse-engineering/EVIDENCE-REGISTER.tsv;local-lab/re-campaign-incident-recovery-20260808-v1/generation-32-current-8329-db18625-v1/campaign-functions.tsv;reverse-engineering/binary-analysis/cgame-level-lifecycle-semantics-2026-08-11.tsv;reverse-engineering/binary-analysis/controller-player-game-event-spine-2026-08-11.tsv;reverse-engineering/source-code/gameplay/game-system.md	Simple inline/header body has no named or promoted semantic target after direct and bounded-owner-alias search; candidate bounded NO_MATCH only, not binary absence.	A promoted same-owner body or bounded alias with compatible ABI and source semantics falsifies the current negative search.	PARTIAL_OWNER_PRESENT	rebuild/OnslaughtRebuild.Core/Simulation.cs;rebuild/OnslaughtRebuild.Client/InteractiveSession.cs	The Level-100 deterministic session carries selected state/objective/input laws, not the complete CGame shell or mutable platform timing facade.
game.h	212	CGame::SetAllowedAutoAim	SetAllowedAutoAim(BOOL val)	CGame	ALL_TARGETS	references/Onslaught/game.h:212-212	570eaa127d7aaabb4f27ca061923124dd1eadb757c28fff98094d31d523a272a	Writes mAllowedAutoAim; source body: mAllowedAutoAim = val ;	mAllowedAutoAim		mAllowedAutoAim	NO_MATCH_FOUND			reverse-engineering/binary-analysis/ghidra-function-name-table-2026-08-17.tsv;reverse-engineering/binary-analysis/function-c1-closure-2026-08-11.tsv;references/Onslaught/game.h:212;reverse-engineering/source-crosswalk/audit/REPORT.md;reverse-engineering/EVIDENCE-REGISTER.tsv;local-lab/re-campaign-incident-recovery-20260808-v1/generation-32-current-8329-db18625-v1/campaign-functions.tsv;reverse-engineering/binary-analysis/cgame-level-lifecycle-semantics-2026-08-11.tsv;reverse-engineering/binary-analysis/controller-player-game-event-spine-2026-08-11.tsv;reverse-engineering/source-code/gameplay/game-system.md	Simple inline/header body has no named or promoted semantic target after direct and bounded-owner-alias search; candidate bounded NO_MATCH only, not binary absence.	A promoted same-owner body or bounded alias with compatible ABI and source semantics falsifies the current negative search.	PARTIAL_OWNER_PRESENT	rebuild/OnslaughtRebuild.Core/Simulation.cs;rebuild/OnslaughtRebuild.Client/InteractiveSession.cs	The Level-100 deterministic session carries selected state/objective/input laws, not the complete CGame shell or mutable platform timing facade.
game.h	215	CGame::InvertSides	InvertSides()	CGame	ALL_TARGETS	references/Onslaught/game.h:215-215	8dfc454a301adb62d2067a1e9f33ffba8ae9a6445620268d151ae07eb6e969a2	Returns mSettings.mInvertSides.	mInvertSides;mSettings		NONE_READ_ONLY	NO_MATCH_FOUND			reverse-engineering/binary-analysis/ghidra-function-name-table-2026-08-17.tsv;reverse-engineering/binary-analysis/function-c1-closure-2026-08-11.tsv;references/Onslaught/game.h:215;reverse-engineering/source-crosswalk/audit/REPORT.md;reverse-engineering/EVIDENCE-REGISTER.tsv;local-lab/re-campaign-incident-recovery-20260808-v1/generation-32-current-8329-db18625-v1/campaign-functions.tsv;reverse-engineering/binary-analysis/cgame-level-lifecycle-semantics-2026-08-11.tsv;reverse-engineering/binary-analysis/controller-player-game-event-spine-2026-08-11.tsv;reverse-engineering/source-code/gameplay/game-system.md	Simple inline/header body has no named or promoted semantic target after direct and bounded-owner-alias search; candidate bounded NO_MATCH only, not binary absence.	A promoted same-owner body or bounded alias with compatible ABI and source semantics falsifies the current negative search.	PARTIAL_OWNER_PRESENT	rebuild/OnslaughtRebuild.Core/Simulation.cs;rebuild/OnslaughtRebuild.Client/InteractiveSession.cs	The Level-100 deterministic session carries selected state/objective/input laws, not the complete CGame shell or mutable platform timing facade.
game.h	222	CGame::GetSlots	& GetSlots()	CGame	ALL_TARGETS	references/Onslaught/game.h:222-222	a17b0aaead8c20fbe9c0529a27e146c42399eb467cc0656a643cf271136b7537	Returns mSlots.	mSlots		NONE_READ_ONLY	NO_MATCH_FOUND			reverse-engineering/binary-analysis/ghidra-function-name-table-2026-08-17.tsv;reverse-engineering/binary-analysis/function-c1-closure-2026-08-11.tsv;references/Onslaught/game.h:222;reverse-engineering/source-crosswalk/audit/REPORT.md;reverse-engineering/EVIDENCE-REGISTER.tsv;local-lab/re-campaign-incident-recovery-20260808-v1/generation-32-current-8329-db18625-v1/campaign-functions.tsv;reverse-engineering/binary-analysis/cgame-level-lifecycle-semantics-2026-08-11.tsv;reverse-engineering/binary-analysis/controller-player-game-event-spine-2026-08-11.tsv;reverse-engineering/source-code/gameplay/game-system.md	Simple inline/header body has no named or promoted semantic target after direct and bounded-owner-alias search; candidate bounded NO_MATCH only, not binary absence.	A promoted same-owner body or bounded alias with compatible ABI and source semantics falsifies the current negative search.	PARTIAL_OWNER_PRESENT	rebuild/OnslaughtRebuild.Core/Simulation.cs;rebuild/OnslaughtRebuild.Client/InteractiveSession.cs	The Level-100 deterministic session carries selected state/objective/input laws, not the complete CGame shell or mutable platform timing facade.
game.h	226	CGame::GetLevelStartTime	GetLevelStartTime()	CGame	ALL_TARGETS	references/Onslaught/game.h:226-226	e302e3cbae208cefbffc746632edf64cf332492dddc646d50034847fbabe3b60	Returns mLevelStartTime.	mLevelStartTime		NONE_READ_ONLY	NO_MATCH_FOUND			reverse-engineering/binary-analysis/ghidra-function-name-table-2026-08-17.tsv;reverse-engineering/binary-analysis/function-c1-closure-2026-08-11.tsv;references/Onslaught/game.h:226;reverse-engineering/source-crosswalk/audit/REPORT.md;reverse-engineering/EVIDENCE-REGISTER.tsv;local-lab/re-campaign-incident-recovery-20260808-v1/generation-32-current-8329-db18625-v1/campaign-functions.tsv;reverse-engineering/binary-analysis/cgame-level-lifecycle-semantics-2026-08-11.tsv;reverse-engineering/binary-analysis/controller-player-game-event-spine-2026-08-11.tsv;reverse-engineering/source-code/gameplay/game-system.md	Simple inline/header body has no named or promoted semantic target after direct and bounded-owner-alias search; candidate bounded NO_MATCH only, not binary absence.	A promoted same-owner body or bounded alias with compatible ABI and source semantics falsifies the current negative search.	PARTIAL_OWNER_PRESENT	rebuild/OnslaughtRebuild.Core/Simulation.cs;rebuild/OnslaughtRebuild.Client/InteractiveSession.cs	The Level-100 deterministic session carries selected state/objective/input laws, not the complete CGame shell or mutable platform timing facade.
game.h	227	CGame::SetLevelStartTime	SetLevelStartTime(float inTime)	CGame	ALL_TARGETS	references/Onslaught/game.h:227-227	402b472de20ede911b501f0b7d5b0349986a9eb6011b77470ec823184165f98d	Writes mLevelStartTime; source body: mLevelStartTime=inTime;	mLevelStartTime		mLevelStartTime	NO_MATCH_FOUND			reverse-engineering/binary-analysis/ghidra-function-name-table-2026-08-17.tsv;reverse-engineering/binary-analysis/function-c1-closure-2026-08-11.tsv;references/Onslaught/game.h:227;reverse-engineering/source-crosswalk/audit/REPORT.md;reverse-engineering/EVIDENCE-REGISTER.tsv;local-lab/re-campaign-incident-recovery-20260808-v1/generation-32-current-8329-db18625-v1/campaign-functions.tsv;reverse-engineering/binary-analysis/cgame-level-lifecycle-semantics-2026-08-11.tsv;reverse-engineering/binary-analysis/controller-player-game-event-spine-2026-08-11.tsv;reverse-engineering/source-code/gameplay/game-system.md	Simple inline/header body has no named or promoted semantic target after direct and bounded-owner-alias search; candidate bounded NO_MATCH only, not binary absence.	A promoted same-owner body or bounded alias with compatible ABI and source semantics falsifies the current negative search.	PARTIAL_OWNER_PRESENT	rebuild/OnslaughtRebuild.Core/Simulation.cs;rebuild/OnslaughtRebuild.Client/InteractiveSession.cs	The Level-100 deterministic session carries selected state/objective/input laws, not the complete CGame shell or mutable platform timing facade.
game.h	228	CGame::IsRestarting	IsRestarting()	CGame	ALL_TARGETS	references/Onslaught/game.h:228-228	da13cf57f91be1534f2232767380317b5640e4fb76adab71c11849b36eb40404	Returns mRestarting.	mRestarting		NONE_READ_ONLY	NO_MATCH_FOUND			reverse-engineering/binary-analysis/ghidra-function-name-table-2026-08-17.tsv;reverse-engineering/binary-analysis/function-c1-closure-2026-08-11.tsv;references/Onslaught/game.h:228;reverse-engineering/source-crosswalk/audit/REPORT.md;reverse-engineering/EVIDENCE-REGISTER.tsv;local-lab/re-campaign-incident-recovery-20260808-v1/generation-32-current-8329-db18625-v1/campaign-functions.tsv;reverse-engineering/binary-analysis/cgame-level-lifecycle-semantics-2026-08-11.tsv;reverse-engineering/binary-analysis/controller-player-game-event-spine-2026-08-11.tsv;reverse-engineering/source-code/gameplay/game-system.md	Simple inline/header body has no named or promoted semantic target after direct and bounded-owner-alias search; candidate bounded NO_MATCH only, not binary absence.	A promoted same-owner body or bounded alias with compatible ABI and source semantics falsifies the current negative search.	PARTIAL_OWNER_PRESENT	rebuild/OnslaughtRebuild.Core/Simulation.cs;rebuild/OnslaughtRebuild.Client/InteractiveSession.cs	The Level-100 deterministic session carries selected state/objective/input laws, not the complete CGame shell or mutable platform timing facade.
game.h	264	CGame::GetRenderFrameLength	GetRenderFrameLength()	CGame	ALL_TARGETS	references/Onslaught/game.h:264-264	6b5432aaa9528e8c366754f465244ab2120ca68d7e6d3d9b9f47910a54d3f61b	Returns mRenderFrameLength.	mRenderFrameLength		NONE_READ_ONLY	NO_MATCH_FOUND			reverse-engineering/binary-analysis/ghidra-function-name-table-2026-08-17.tsv;reverse-engineering/binary-analysis/function-c1-closure-2026-08-11.tsv;references/Onslaught/game.h:264;reverse-engineering/source-crosswalk/audit/REPORT.md;reverse-engineering/EVIDENCE-REGISTER.tsv;local-lab/re-campaign-incident-recovery-20260808-v1/generation-32-current-8329-db18625-v1/campaign-functions.tsv;reverse-engineering/binary-analysis/cgame-level-lifecycle-semantics-2026-08-11.tsv;reverse-engineering/binary-analysis/controller-player-game-event-spine-2026-08-11.tsv;reverse-engineering/source-code/gameplay/game-system.md	Simple inline/header body has no named or promoted semantic target after direct and bounded-owner-alias search; candidate bounded NO_MATCH only, not binary absence.	A promoted same-owner body or bounded alias with compatible ABI and source semantics falsifies the current negative search.	PARTIAL_OWNER_PRESENT	rebuild/OnslaughtRebuild.Core/Simulation.cs;rebuild/OnslaughtRebuild.Client/InteractiveSession.cs	The Level-100 deterministic session carries selected state/objective/input laws, not the complete CGame shell or mutable platform timing facade.
game.h	265	CGame::GetCurrentInterleavedScreen	GetCurrentInterleavedScreen()	CGame	ALL_TARGETS	references/Onslaught/game.h:265-265	94fda11fdbcefd87f535a6295f6f631a0d79860b5777b9ef1a736dde461df9f4	Returns mCurrentInterleavedScreen.	mCurrentInterleavedScreen		NONE_READ_ONLY	NO_MATCH_FOUND			reverse-engineering/binary-analysis/ghidra-function-name-table-2026-08-17.tsv;reverse-engineering/binary-analysis/function-c1-closure-2026-08-11.tsv;references/Onslaught/game.h:265;reverse-engineering/source-crosswalk/audit/REPORT.md;reverse-engineering/EVIDENCE-REGISTER.tsv;local-lab/re-campaign-incident-recovery-20260808-v1/generation-32-current-8329-db18625-v1/campaign-functions.tsv;reverse-engineering/binary-analysis/cgame-level-lifecycle-semantics-2026-08-11.tsv;reverse-engineering/binary-analysis/controller-player-game-event-spine-2026-08-11.tsv;reverse-engineering/source-code/gameplay/game-system.md	Simple inline/header body has no named or promoted semantic target after direct and bounded-owner-alias search; candidate bounded NO_MATCH only, not binary absence.	A promoted same-owner body or bounded alias with compatible ABI and source semantics falsifies the current negative search.	PARTIAL_OWNER_PRESENT	rebuild/OnslaughtRebuild.Core/Simulation.cs;rebuild/OnslaughtRebuild.Client/InteractiveSession.cs	The Level-100 deterministic session carries selected state/objective/input laws, not the complete CGame shell or mutable platform timing facade.
game.h	266	CGame::IsFirstFrame	IsFirstFrame()	CGame	ALL_TARGETS	references/Onslaught/game.h:266-266	06256086d05336917f84237db993cae2d94b542ad0e922a36d40ae4b39bbba91	Returns mIsFirstFrame.	mIsFirstFrame		NONE_READ_ONLY	NO_MATCH_FOUND			reverse-engineering/binary-analysis/ghidra-function-name-table-2026-08-17.tsv;reverse-engineering/binary-analysis/function-c1-closure-2026-08-11.tsv;references/Onslaught/game.h:266;reverse-engineering/source-crosswalk/audit/REPORT.md;reverse-engineering/EVIDENCE-REGISTER.tsv;local-lab/re-campaign-incident-recovery-20260808-v1/generation-32-current-8329-db18625-v1/campaign-functions.tsv;reverse-engineering/binary-analysis/cgame-level-lifecycle-semantics-2026-08-11.tsv;reverse-engineering/binary-analysis/controller-player-game-event-spine-2026-08-11.tsv;reverse-engineering/source-code/gameplay/game-system.md	Simple inline/header body has no named or promoted semantic target after direct and bounded-owner-alias search; candidate bounded NO_MATCH only, not binary absence.	A promoted same-owner body or bounded alias with compatible ABI and source semantics falsifies the current negative search.	PARTIAL_OWNER_PRESENT	rebuild/OnslaughtRebuild.Core/Simulation.cs;rebuild/OnslaughtRebuild.Client/InteractiveSession.cs	The Level-100 deterministic session carries selected state/objective/input laws, not the complete CGame shell or mutable platform timing facade.
game.h	268	CGame::GetFrontEndSettings	* GetFrontEndSettings()	CGame	ALL_TARGETS	references/Onslaught/game.h:268-268	fea662070f17f855dc6c9431ad7ff91147463331b6aedce36246a35bbe62d226	Returns &mSettings.	mSettings		NONE_READ_ONLY	NO_MATCH_FOUND			reverse-engineering/binary-analysis/ghidra-function-name-table-2026-08-17.tsv;reverse-engineering/binary-analysis/function-c1-closure-2026-08-11.tsv;references/Onslaught/game.h:268;reverse-engineering/source-crosswalk/audit/REPORT.md;reverse-engineering/EVIDENCE-REGISTER.tsv;local-lab/re-campaign-incident-recovery-20260808-v1/generation-32-current-8329-db18625-v1/campaign-functions.tsv;reverse-engineering/binary-analysis/cgame-level-lifecycle-semantics-2026-08-11.tsv;reverse-engineering/binary-analysis/controller-player-game-event-spine-2026-08-11.tsv;reverse-engineering/source-code/gameplay/game-system.md	Simple inline/header body has no named or promoted semantic target after direct and bounded-owner-alias search; candidate bounded NO_MATCH only, not binary absence.	A promoted same-owner body or bounded alias with compatible ABI and source semantics falsifies the current negative search.	PARTIAL_OWNER_PRESENT	rebuild/OnslaughtRebuild.Core/Simulation.cs;rebuild/OnslaughtRebuild.Client/InteractiveSession.cs	The Level-100 deterministic session carries selected state/objective/input laws, not the complete CGame shell or mutable platform timing facade.
game.h	269	CGame::GetCurrentlyRunningLevelNum	GetCurrentlyRunningLevelNum()	CGame	ALL_TARGETS	references/Onslaught/game.h:269-269	f0f10f91aa5828dfc36e74ca3446d4f51d8c3ccd04a1d55dbda9b10d8ce9f609	Returns mCurrentlyRunningLevel.	mCurrentlyRunningLevel		NONE_READ_ONLY	NO_MATCH_FOUND			reverse-engineering/binary-analysis/ghidra-function-name-table-2026-08-17.tsv;reverse-engineering/binary-analysis/function-c1-closure-2026-08-11.tsv;references/Onslaught/game.h:269;reverse-engineering/source-crosswalk/audit/REPORT.md;reverse-engineering/EVIDENCE-REGISTER.tsv;local-lab/re-campaign-incident-recovery-20260808-v1/generation-32-current-8329-db18625-v1/campaign-functions.tsv;reverse-engineering/binary-analysis/cgame-level-lifecycle-semantics-2026-08-11.tsv;reverse-engineering/binary-analysis/controller-player-game-event-spine-2026-08-11.tsv;reverse-engineering/source-code/gameplay/game-system.md	Simple inline/header body has no named or promoted semantic target after direct and bounded-owner-alias search; candidate bounded NO_MATCH only, not binary absence.	A promoted same-owner body or bounded alias with compatible ABI and source semantics falsifies the current negative search.	PARTIAL_OWNER_PRESENT	rebuild/OnslaughtRebuild.Core/Simulation.cs;rebuild/OnslaughtRebuild.Client/InteractiveSession.cs	The Level-100 deterministic session carries selected state/objective/input laws, not the complete CGame shell or mutable platform timing facade.
game.h	270	CGame::GetFrameTime	GetFrameTime()	CGame	ALL_TARGETS	references/Onslaught/game.h:270-270	28ab96436155f1866c3e4887fd334cb2c5f1a722e1975cfb701056293654aca8	Returns mFrameTime.	mFrameTime		NONE_READ_ONLY	NO_MATCH_FOUND			reverse-engineering/binary-analysis/ghidra-function-name-table-2026-08-17.tsv;reverse-engineering/binary-analysis/function-c1-closure-2026-08-11.tsv;references/Onslaught/game.h:270;reverse-engineering/source-crosswalk/audit/REPORT.md;reverse-engineering/EVIDENCE-REGISTER.tsv;local-lab/re-campaign-incident-recovery-20260808-v1/generation-32-current-8329-db18625-v1/campaign-functions.tsv;reverse-engineering/binary-analysis/cgame-level-lifecycle-semantics-2026-08-11.tsv;reverse-engineering/binary-analysis/controller-player-game-event-spine-2026-08-11.tsv;reverse-engineering/source-code/gameplay/game-system.md	Simple inline/header body has no named or promoted semantic target after direct and bounded-owner-alias search; candidate bounded NO_MATCH only, not binary absence.	A promoted same-owner body or bounded alias with compatible ABI and source semantics falsifies the current negative search.	PARTIAL_OWNER_PRESENT	rebuild/OnslaughtRebuild.Core/Simulation.cs;rebuild/OnslaughtRebuild.Client/InteractiveSession.cs	The Level-100 deterministic session carries selected state/objective/input laws, not the complete CGame shell or mutable platform timing facade.
game.h	271	CGame::GetBaseTime	GetBaseTime()	CGame	ALL_TARGETS	references/Onslaught/game.h:271-271	aadc2bee024c69b2842ab636f321ef98d00fd80fc08b69a29038afa6e32ed998	Returns mBaseTime.	mBaseTime		NONE_READ_ONLY	NO_MATCH_FOUND			reverse-engineering/binary-analysis/ghidra-function-name-table-2026-08-17.tsv;reverse-engineering/binary-analysis/function-c1-closure-2026-08-11.tsv;references/Onslaught/game.h:271;reverse-engineering/source-crosswalk/audit/REPORT.md;reverse-engineering/EVIDENCE-REGISTER.tsv;local-lab/re-campaign-incident-recovery-20260808-v1/generation-32-current-8329-db18625-v1/campaign-functions.tsv;reverse-engineering/binary-analysis/cgame-level-lifecycle-semantics-2026-08-11.tsv;reverse-engineering/binary-analysis/controller-player-game-event-spine-2026-08-11.tsv;reverse-engineering/source-code/gameplay/game-system.md	Simple inline/header body has no named or promoted semantic target after direct and bounded-owner-alias search; candidate bounded NO_MATCH only, not binary absence.	A promoted same-owner body or bounded alias with compatible ABI and source semantics falsifies the current negative search.	PARTIAL_OWNER_PRESENT	rebuild/OnslaughtRebuild.Core/Simulation.cs;rebuild/OnslaughtRebuild.Client/InteractiveSession.cs	The Level-100 deterministic session carries selected state/objective/input laws, not the complete CGame shell or mutable platform timing facade.
MemoryCard.h	58	CMemoryCard::TooManySavesHere	TooManySavesHere(int card)	CMemoryCard	ALL_TARGETS	references/Onslaught/MemoryCard.h:58-58	c407e127bb2dc93cc48aa7bb1cce36949166076a91221bb52f4334b33cfffb00	Returns false.		false	NONE_READ_ONLY	NO_MATCH_FOUND			reverse-engineering/binary-analysis/ghidra-function-name-table-2026-08-17.tsv;reverse-engineering/binary-analysis/function-c1-closure-2026-08-11.tsv;references/Onslaught/MemoryCard.h:58;reverse-engineering/source-crosswalk/audit/REPORT.md;reverse-engineering/EVIDENCE-REGISTER.tsv;local-lab/re-campaign-incident-recovery-20260808-v1/generation-32-current-8329-db18625-v1/campaign-functions.tsv;reverse-engineering/binary-analysis/cpcmemorycard-pc-save-backend-semantics-2026-08-11.tsv;reverse-engineering/binary-analysis/frontend-save-load-semantics-2026-08-11.tsv	Simple inline/header body has no named or promoted semantic target after direct and bounded-owner-alias search; candidate bounded NO_MATCH only, not binary absence.	A promoted same-owner body or bounded alias with compatible ABI and source semantics falsifies the current negative search.	NO_DIRECT_PORT	rebuild/README.md	The rebuild explicitly owns no save persistence or storage backend in the current slice.
PCController.cpp	143	CPCController::CPCController	CPCController::CPCController(IController* to_control, int padnumber,int configuration, BOOL reverse_look_y_axis)	CPCController	TARGET == PC	references/Onslaught/PCController.cpp:143-146	8971586082b75e4c9cef6f221da9d2f8e895f2bcfd3fa71d871b9fa4da16c375	Initializes CController(to_control, padnumber,configuration,reverse_look_y_axis).			CController	NO_MATCH_FOUND			reverse-engineering/binary-analysis/ghidra-function-name-table-2026-08-17.tsv;reverse-engineering/binary-analysis/function-c1-closure-2026-08-11.tsv;references/Onslaught/PCController.cpp:143;reverse-engineering/source-crosswalk/audit/REPORT.md;reverse-engineering/EVIDENCE-REGISTER.tsv;local-lab/re-campaign-incident-recovery-20260808-v1/generation-32-current-8329-db18625-v1/campaign-functions.tsv;reverse-engineering/binary-analysis/controller-shared-semantics-2026-08-11.tsv;reverse-engineering/binary-analysis/cpccontroller-vtable-semantics-2026-08-11.tsv;reverse-engineering/binary-analysis/controller-player-game-event-spine-2026-08-11.tsv;reverse-engineering/source-code/frontend/controller-system.md	Out-of-line source definition has no proven tracked analog; external static/ABI or runtime proof is required before a negative or VA assignment.	Static ABI/xref/body evidence or controlled runtime evidence that proves a target resolves and may falsify this unresolved classification.	PARTIAL_OWNER_PRESENT	rebuild/OnslaughtRebuild.Client/InteractiveSession.cs;rebuild/OnslaughtRebuild.Client.Tests/InteractiveSessionTests.cs	Fixed-step input latches and measured mouse/button laws exist; generic controller stacks, configuration persistence, recording, and vibration do not.
PCController.h	21	CPCController::GetJoyButtonOnce	GetJoyButtonOnce(int pad_number, int button)	CPCController	PC_OWNER_FILE	references/Onslaught/PCController.h:21-21	a8b7b5229b3c3d11fb46f5e1a4d7f064edce34c856cde80158b9052c822ef3bf	Returns LT.JoyButtonOnce(pad_number, button).			LT.JoyButtonOnce	SOURCE_EXACT	0x005147b0	0x005147b0:CPCController__GetJoyButtonOnce	reverse-engineering/binary-analysis/cpccontroller-vtable-semantics-2026-08-11.tsv;references/Onslaught/PCController.h:21;reverse-engineering/source-crosswalk/audit/REPORT.md;reverse-engineering/binary-analysis/ghidra-function-name-table-2026-08-17.tsv;reverse-engineering/binary-analysis/function-c1-closure-2026-08-11.tsv;reverse-engineering/EVIDENCE-REGISTER.tsv;local-lab/re-campaign-incident-recovery-20260808-v1/generation-32-current-8329-db18625-v1/campaign-functions.tsv;reverse-engineering/binary-analysis/controller-shared-semantics-2026-08-11.tsv;reverse-engineering/binary-analysis/controller-player-game-event-spine-2026-08-11.tsv;reverse-engineering/source-code/frontend/controller-system.md	Promoted semantic row labels CPCController::GetJoyButtonOnce SOURCE_INLINE and states the exact edge test.	Any pristine-body, ABI, or source-line readback mismatch at the cited VA refutes SOURCE_EXACT.	PARTIAL_OWNER_PRESENT	rebuild/OnslaughtRebuild.Client/InteractiveSession.cs;rebuild/OnslaughtRebuild.Client.Tests/InteractiveSessionTests.cs	Fixed-step input latches and measured mouse/button laws exist; generic controller stacks, configuration persistence, recording, and vibration do not.
PCController.h	22	CPCController::GetJoyButtonOn	GetJoyButtonOn(int pad_number, int button)	CPCController	PC_OWNER_FILE	references/Onslaught/PCController.h:22-22	950064c8f84ca57aa33e2cec08e1c24d164a8ee564292b6c4edd2e753fd18cc0	Returns LT.JoyButtonOn(pad_number, button).			LT.JoyButtonOn	SOURCE_EXACT	0x005147f0	0x005147f0:CPCController__GetJoyButtonOn	reverse-engineering/binary-analysis/cpccontroller-vtable-semantics-2026-08-11.tsv;references/Onslaught/PCController.h:22;reverse-engineering/source-crosswalk/audit/REPORT.md;reverse-engineering/binary-analysis/ghidra-function-name-table-2026-08-17.tsv;reverse-engineering/binary-analysis/function-c1-closure-2026-08-11.tsv;reverse-engineering/EVIDENCE-REGISTER.tsv;local-lab/re-campaign-incident-recovery-20260808-v1/generation-32-current-8329-db18625-v1/campaign-functions.tsv;reverse-engineering/binary-analysis/controller-shared-semantics-2026-08-11.tsv;reverse-engineering/binary-analysis/controller-player-game-event-spine-2026-08-11.tsv;reverse-engineering/source-code/frontend/controller-system.md	Promoted semantic row labels CPCController::GetJoyButtonOn SOURCE_INLINE and states the exact current-byte test.	Any pristine-body, ABI, or source-line readback mismatch at the cited VA refutes SOURCE_EXACT.	PARTIAL_OWNER_PRESENT	rebuild/OnslaughtRebuild.Client/InteractiveSession.cs;rebuild/OnslaughtRebuild.Client.Tests/InteractiveSessionTests.cs	Fixed-step input latches and measured mouse/button laws exist; generic controller stacks, configuration persistence, recording, and vibration do not.
PCController.h	23	CPCController::GetJoyButtonRelease	GetJoyButtonRelease(int pad_number, int button)	CPCController	PC_OWNER_FILE	references/Onslaught/PCController.h:23-23	7561d9a702b6f58a5ebe71c9205e3fea34c5ab57bfd9b931625a3ce89c8e73ed	Returns LT.JoyButtonRelease(pad_number, button).			LT.JoyButtonRelease	SOURCE_EXACT	0x00514810	0x00514810:CPCController__GetJoyButtonRelease	reverse-engineering/binary-analysis/cpccontroller-vtable-semantics-2026-08-11.tsv;references/Onslaught/PCController.h:23;reverse-engineering/source-crosswalk/audit/REPORT.md;reverse-engineering/binary-analysis/ghidra-function-name-table-2026-08-17.tsv;reverse-engineering/binary-analysis/function-c1-closure-2026-08-11.tsv;reverse-engineering/EVIDENCE-REGISTER.tsv;local-lab/re-campaign-incident-recovery-20260808-v1/generation-32-current-8329-db18625-v1/campaign-functions.tsv;reverse-engineering/binary-analysis/controller-shared-semantics-2026-08-11.tsv;reverse-engineering/binary-analysis/controller-player-game-event-spine-2026-08-11.tsv;reverse-engineering/source-code/frontend/controller-system.md	Promoted semantic row labels CPCController::GetJoyButtonRelease SOURCE_INLINE and states the exact release-edge test.	Any pristine-body, ABI, or source-line readback mismatch at the cited VA refutes SOURCE_EXACT.	PARTIAL_OWNER_PRESENT	rebuild/OnslaughtRebuild.Client/InteractiveSession.cs;rebuild/OnslaughtRebuild.Client.Tests/InteractiveSessionTests.cs	Fixed-step input latches and measured mouse/button laws exist; generic controller stacks, configuration persistence, recording, and vibration do not.
PCController.h	25	CPCController::GetKeyOnce	GetKeyOnce(int pad_number, int key)	CPCController	PC_OWNER_FILE	references/Onslaught/PCController.h:25-25	863eb559191767824207aae6d8af6cdddbbc109188efeaf5fe579db17bd49e42	Returns PLATFORM.KeyOnce(key).		PLATFORM	PLATFORM.KeyOnce	SOURCE_EXACT	0x00514850	0x00514850:CPCController__GetKeyOnce	reverse-engineering/binary-analysis/cpccontroller-vtable-semantics-2026-08-11.tsv;references/Onslaught/PCController.h:25;reverse-engineering/source-crosswalk/audit/REPORT.md;reverse-engineering/binary-analysis/ghidra-function-name-table-2026-08-17.tsv;reverse-engineering/binary-analysis/function-c1-closure-2026-08-11.tsv;reverse-engineering/EVIDENCE-REGISTER.tsv;local-lab/re-campaign-incident-recovery-20260808-v1/generation-32-current-8329-db18625-v1/campaign-functions.tsv;reverse-engineering/binary-analysis/controller-shared-semantics-2026-08-11.tsv;reverse-engineering/binary-analysis/controller-player-game-event-spine-2026-08-11.tsv;reverse-engineering/source-code/frontend/controller-system.md	Promoted semantic row labels CPCController::GetKeyOnce SOURCE_INLINE and bounds the forwarding/canonicalization body.	Any pristine-body, ABI, or source-line readback mismatch at the cited VA refutes SOURCE_EXACT.	PARTIAL_OWNER_PRESENT	rebuild/OnslaughtRebuild.Client/InteractiveSession.cs;rebuild/OnslaughtRebuild.Client.Tests/InteractiveSessionTests.cs	Fixed-step input latches and measured mouse/button laws exist; generic controller stacks, configuration persistence, recording, and vibration do not.
PCController.h	26	CPCController::GetKeyOn	GetKeyOn(int pad_number, int key)	CPCController	PC_OWNER_FILE	references/Onslaught/PCController.h:26-26	98c1002d356c242f8e3c1651d429753ba69a8605b2ce0b277586ff648fdc5ded	Returns PLATFORM.KeyOn(key).		PLATFORM	PLATFORM.KeyOn	SOURCE_EXACT	0x00514890	0x00514890:CPCController__GetKeyOn	reverse-engineering/binary-analysis/cpccontroller-vtable-semantics-2026-08-11.tsv;references/Onslaught/PCController.h:26;reverse-engineering/source-crosswalk/audit/REPORT.md;reverse-engineering/binary-analysis/ghidra-function-name-table-2026-08-17.tsv;reverse-engineering/binary-analysis/function-c1-closure-2026-08-11.tsv;reverse-engineering/EVIDENCE-REGISTER.tsv;local-lab/re-campaign-incident-recovery-20260808-v1/generation-32-current-8329-db18625-v1/campaign-functions.tsv;reverse-engineering/binary-analysis/controller-shared-semantics-2026-08-11.tsv;reverse-engineering/binary-analysis/controller-player-game-event-spine-2026-08-11.tsv;reverse-engineering/source-code/frontend/controller-system.md	Promoted semantic row labels CPCController::GetKeyOn SOURCE_INLINE and bounds the forwarding/canonicalization body.	Any pristine-body, ABI, or source-line readback mismatch at the cited VA refutes SOURCE_EXACT.	PARTIAL_OWNER_PRESENT	rebuild/OnslaughtRebuild.Client/InteractiveSession.cs;rebuild/OnslaughtRebuild.Client.Tests/InteractiveSessionTests.cs	Fixed-step input latches and measured mouse/button laws exist; generic controller stacks, configuration persistence, recording, and vibration do not.
PCController.h	27	CPCController::DeviceSetVibration	DeviceSetVibration(float)	CPCController	PC_OWNER_FILE	references/Onslaught/PCController.h:27-27	afa06dbc460678457c021cd1acd706fd0d899bedaf2d9e6968e2a18629701d95	Executes the pinned source body in order: 			NONE_READ_ONLY	NO_MATCH_FOUND			reverse-engineering/binary-analysis/ghidra-function-name-table-2026-08-17.tsv;reverse-engineering/binary-analysis/function-c1-closure-2026-08-11.tsv;references/Onslaught/PCController.h:27;reverse-engineering/source-crosswalk/audit/REPORT.md;reverse-engineering/EVIDENCE-REGISTER.tsv;local-lab/re-campaign-incident-recovery-20260808-v1/generation-32-current-8329-db18625-v1/campaign-functions.tsv;reverse-engineering/binary-analysis/controller-shared-semantics-2026-08-11.tsv;reverse-engineering/binary-analysis/cpccontroller-vtable-semantics-2026-08-11.tsv;reverse-engineering/binary-analysis/controller-player-game-event-spine-2026-08-11.tsv;reverse-engineering/source-code/frontend/controller-system.md	Simple inline/header body has no named or promoted semantic target after direct and bounded-owner-alias search; candidate bounded NO_MATCH only, not binary absence.	A promoted same-owner body or bounded alias with compatible ABI and source semantics falsifies the current negative search.	PARTIAL_OWNER_PRESENT	rebuild/OnslaughtRebuild.Client/InteractiveSession.cs;rebuild/OnslaughtRebuild.Client.Tests/InteractiveSessionTests.cs	Fixed-step input latches and measured mouse/button laws exist; generic controller stacks, configuration persistence, recording, and vibration do not.
PCGame.h	17	CPCGame::SetBaseTime	SetBaseTime(float t)	CPCGame	PC_OWNER_FILE	references/Onslaught/PCGame.h:17-17	bdcff8c6cbba257237a5c31d3d242f0c9a042b46df5aac8c362d8ba2d943d166	Writes mBaseTime; source body: mBaseTime=t;	mBaseTime		mBaseTime	NO_MATCH_FOUND			reverse-engineering/binary-analysis/ghidra-function-name-table-2026-08-17.tsv;reverse-engineering/binary-analysis/function-c1-closure-2026-08-11.tsv;references/Onslaught/PCGame.h:17;reverse-engineering/source-crosswalk/audit/REPORT.md;reverse-engineering/EVIDENCE-REGISTER.tsv;local-lab/re-campaign-incident-recovery-20260808-v1/generation-32-current-8329-db18625-v1/campaign-functions.tsv;reverse-engineering/binary-analysis/cgame-level-lifecycle-semantics-2026-08-11.tsv;reverse-engineering/binary-analysis/controller-player-game-event-spine-2026-08-11.tsv;reverse-engineering/source-code/gameplay/game-system.md	Simple inline/header body has no named or promoted semantic target after direct and bounded-owner-alias search; candidate bounded NO_MATCH only, not binary absence.	A promoted same-owner body or bounded alias with compatible ABI and source semantics falsifies the current negative search.	PARTIAL_OWNER_PRESENT	rebuild/OnslaughtRebuild.Core/Simulation.cs;rebuild/OnslaughtRebuild.Client/InteractiveSession.cs	The Level-100 deterministic session carries selected state/objective/input laws, not the complete CGame shell or mutable platform timing facade.
PCGame.h	18	CPCGame::SetFrameTime	SetFrameTime(float t)	CPCGame	PC_OWNER_FILE	references/Onslaught/PCGame.h:18-18	b93c8198009940f7a9609ff8ef0f57ae909b3af9593233492eaa8825b0c5a80d	Writes mFrameTime; source body: mFrameTime=t;	mFrameTime		mFrameTime	NO_MATCH_FOUND			reverse-engineering/binary-analysis/ghidra-function-name-table-2026-08-17.tsv;reverse-engineering/binary-analysis/function-c1-closure-2026-08-11.tsv;references/Onslaught/PCGame.h:18;reverse-engineering/source-crosswalk/audit/REPORT.md;reverse-engineering/EVIDENCE-REGISTER.tsv;local-lab/re-campaign-incident-recovery-20260808-v1/generation-32-current-8329-db18625-v1/campaign-functions.tsv;reverse-engineering/binary-analysis/cgame-level-lifecycle-semantics-2026-08-11.tsv;reverse-engineering/binary-analysis/controller-player-game-event-spine-2026-08-11.tsv;reverse-engineering/source-code/gameplay/game-system.md	Simple inline/header body has no named or promoted semantic target after direct and bounded-owner-alias search; candidate bounded NO_MATCH only, not binary absence.	A promoted same-owner body or bounded alias with compatible ABI and source semantics falsifies the current negative search.	PARTIAL_OWNER_PRESENT	rebuild/OnslaughtRebuild.Core/Simulation.cs;rebuild/OnslaughtRebuild.Client/InteractiveSession.cs	The Level-100 deterministic session carries selected state/objective/input laws, not the complete CGame shell or mutable platform timing facade.
PCMemoryCard.h	15	CPCMemoryCard::IsHDDAvailable	IsHDDAvailable()	CPCMemoryCard	PC_OWNER_FILE	references/Onslaught/PCMemoryCard.h:15-15	849895062e6b032aa0a1605c1d81a4defb94d5bd8a9ad721ea04e31ee046fca7	Returns (FALSE).		FALSE	NONE_READ_ONLY	NO_MATCH_FOUND			reverse-engineering/binary-analysis/ghidra-function-name-table-2026-08-17.tsv;reverse-engineering/binary-analysis/function-c1-closure-2026-08-11.tsv;references/Onslaught/PCMemoryCard.h:15;reverse-engineering/source-crosswalk/audit/REPORT.md;reverse-engineering/EVIDENCE-REGISTER.tsv;local-lab/re-campaign-incident-recovery-20260808-v1/generation-32-current-8329-db18625-v1/campaign-functions.tsv;reverse-engineering/binary-analysis/cpcmemorycard-pc-save-backend-semantics-2026-08-11.tsv;reverse-engineering/binary-analysis/frontend-save-load-semantics-2026-08-11.tsv	Simple inline/header body has no named or promoted semantic target after direct and bounded-owner-alias search; candidate bounded NO_MATCH only, not binary absence.	A promoted same-owner body or bounded alias with compatible ABI and source semantics falsifies the current negative search.	NO_DIRECT_PORT	rebuild/README.md	The rebuild explicitly owns no save persistence or storage backend in the current slice.
PCMemoryCard.h	17	CPCMemoryCard::GetNumCards	GetNumCards(int *num)	CPCMemoryCard	PC_OWNER_FILE	references/Onslaught/PCMemoryCard.h:17-17	014580aef05a42a828a7d6c98b4b71b63664ef2c2590ca0e25276ef9f861c38a	Writes num; source body: *num=0; return(MCE_SUCCESS);		0;MCE_SUCCESS	num	SOURCE_ANALOG	0x00514950		reverse-engineering/binary-analysis/cpcmemorycard-pc-save-backend-semantics-2026-08-11.tsv;references/Onslaught/PCMemoryCard.h:17;reverse-engineering/source-crosswalk/audit/REPORT.md;reverse-engineering/binary-analysis/ghidra-function-name-table-2026-08-17.tsv;reverse-engineering/binary-analysis/function-c1-closure-2026-08-11.tsv;reverse-engineering/EVIDENCE-REGISTER.tsv;local-lab/re-campaign-incident-recovery-20260808-v1/generation-32-current-8329-db18625-v1/campaign-functions.tsv;reverse-engineering/binary-analysis/frontend-save-load-semantics-2026-08-11.tsv	Promoted semantics anchors PCMemoryCard.h:17 and names the released single-device adapter, explicitly bounding divergence from the zero-returning source stub.	A body/ABI readback that refutes the named candidate, or proof of a different source owner, refutes this bounded analog.	NO_DIRECT_PORT	rebuild/README.md	The rebuild explicitly owns no save persistence or storage backend in the current slice.
PCMemoryCard.h	97	CPCMemoryCard::Update	Update()	CPCMemoryCard	PC_OWNER_FILE	references/Onslaught/PCMemoryCard.h:97-97	004bf647d522957ced218b1f50271e04db911e5fcacc5df07e2fb37c054dba6b	Returns false.		false	NONE_READ_ONLY	NO_MATCH_FOUND			reverse-engineering/binary-analysis/ghidra-function-name-table-2026-08-17.tsv;reverse-engineering/binary-analysis/function-c1-closure-2026-08-11.tsv;references/Onslaught/PCMemoryCard.h:97;reverse-engineering/source-crosswalk/audit/REPORT.md;reverse-engineering/EVIDENCE-REGISTER.tsv;local-lab/re-campaign-incident-recovery-20260808-v1/generation-32-current-8329-db18625-v1/campaign-functions.tsv;reverse-engineering/binary-analysis/cpcmemorycard-pc-save-backend-semantics-2026-08-11.tsv;reverse-engineering/binary-analysis/frontend-save-load-semantics-2026-08-11.tsv	Simple inline/header body has no named or promoted semantic target after direct and bounded-owner-alias search; candidate bounded NO_MATCH only, not binary absence.	A promoted same-owner body or bounded alias with compatible ABI and source semantics falsifies the current negative search.	NO_DIRECT_PORT	rebuild/README.md	The rebuild explicitly owns no save persistence or storage backend in the current slice.
Player.cpp	24	CPlayer::CPlayer	CPlayer::CPlayer(int number)	CPlayer	ALL_TARGETS	references/Onslaught/Player.cpp:24-34	3fa56f943e58ce671214636da401f364b648cfb9fc350a8536de3a735d5ea519	Initializes mNumber(number); then writes mCurrentViewMode, mIsGod, mPreferedControlView; source body: mBattleEngine.SetReader(NULL); WipeStats(); mCurrentViewMode = PLAYER_FP_VIEW; mPreferedControlView = PLAYER_FP_VIEW; mThingsKilled.SetAll(0); mIsGod = CAREER.GetIsGod(mNumber-1) ;	mBattleEngine;mCurrentViewMode;mIsGod;mNumber;mPreferedControlView;mThingsKilled	0;1;CAREER;NULL;PLAYER_FP_VIEW	CAREER.GetIsGod;WipeStats;mBattleEngine.SetReader;mCurrentViewMode;mIsGod;mNumber;mPreferedControlView;mThingsKilled.SetAll	SOURCE_ANALOG	0x004d2780	0x004d2780:CPlayer__ctor	reverse-engineering/binary-analysis/functions/Player.cpp/CPlayer__ctor.md;references/Onslaught/Player.cpp:24;reverse-engineering/source-crosswalk/audit/REPORT.md;reverse-engineering/binary-analysis/ghidra-function-name-table-2026-08-17.tsv;reverse-engineering/binary-analysis/function-c1-closure-2026-08-11.tsv;reverse-engineering/EVIDENCE-REGISTER.tsv;local-lab/re-campaign-incident-recovery-20260808-v1/generation-32-current-8329-db18625-v1/campaign-functions.tsv;reverse-engineering/binary-analysis/controller-player-game-event-spine-2026-08-11.tsv	Function note names the exact source signature and retail constructor but grades the bridge Partial static, so this remains SOURCE_ANALOG-ready only.	A body/ABI readback that refutes the named candidate, or proof of a different source owner, refutes this bounded analog.	PARTIAL_OWNER_PRESENT	rebuild/OnslaughtRebuild.Core/Level100ActorRegistry.cs;rebuild/OnslaughtRebuild.Core/Simulation.cs	The canonical player actor and selected view/state laws exist; the full CPlayer facade, statistics, and control stack do not.
Player.h	65	CPlayer::CanBeControlledWhenInPause	CanBeControlledWhenInPause()	CPlayer	ALL_TARGETS	references/Onslaught/Player.h:65-65	e77d6d9141a7e58bc21ed9574f97a4a87ec2bcb236f1cd71898c0695d84909e0	Returns FALSE.		FALSE	NONE_READ_ONLY	NO_MATCH_FOUND			reverse-engineering/binary-analysis/ghidra-function-name-table-2026-08-17.tsv;reverse-engineering/binary-analysis/function-c1-closure-2026-08-11.tsv;references/Onslaught/Player.h:65;reverse-engineering/source-crosswalk/audit/REPORT.md;reverse-engineering/EVIDENCE-REGISTER.tsv;local-lab/re-campaign-incident-recovery-20260808-v1/generation-32-current-8329-db18625-v1/campaign-functions.tsv;reverse-engineering/binary-analysis/controller-player-game-event-spine-2026-08-11.tsv;reverse-engineering/binary-analysis/functions/Player.cpp/CPlayer__ctor.md	Simple inline/header body has no named or promoted semantic target after direct and bounded-owner-alias search; candidate bounded NO_MATCH only, not binary absence.	A promoted same-owner body or bounded alias with compatible ABI and source semantics falsifies the current negative search.	PARTIAL_OWNER_PRESENT	rebuild/OnslaughtRebuild.Core/Level100ActorRegistry.cs;rebuild/OnslaughtRebuild.Core/Simulation.cs	The canonical player actor and selected view/state laws exist; the full CPlayer facade, statistics, and control stack do not.
Player.h	66	CPlayer::GetControlType	GetControlType()	CPlayer	ALL_TARGETS	references/Onslaught/Player.h:66-66	27c7ac74c3730f2a5c7aba889c9fa49acd8f6567c2f78d0a8583568468179a7c	Returns CONTROL_MECH.		CONTROL_MECH	NONE_READ_ONLY	NO_MATCH_FOUND			reverse-engineering/binary-analysis/ghidra-function-name-table-2026-08-17.tsv;reverse-engineering/binary-analysis/function-c1-closure-2026-08-11.tsv;references/Onslaught/Player.h:66;reverse-engineering/source-crosswalk/audit/REPORT.md;reverse-engineering/EVIDENCE-REGISTER.tsv;local-lab/re-campaign-incident-recovery-20260808-v1/generation-32-current-8329-db18625-v1/campaign-functions.tsv;reverse-engineering/binary-analysis/controller-player-game-event-spine-2026-08-11.tsv;reverse-engineering/binary-analysis/functions/Player.cpp/CPlayer__ctor.md	Simple inline/header body has no named or promoted semantic target after direct and bounded-owner-alias search; candidate bounded NO_MATCH only, not binary absence.	A promoted same-owner body or bounded alias with compatible ABI and source semantics falsifies the current negative search.	PARTIAL_OWNER_PRESENT	rebuild/OnslaughtRebuild.Core/Level100ActorRegistry.cs;rebuild/OnslaughtRebuild.Core/Simulation.cs	The canonical player actor and selected view/state laws exist; the full CPlayer facade, statistics, and control stack do not.
Player.h	68	CPlayer::GetNumber	GetNumber()	CPlayer	ALL_TARGETS	references/Onslaught/Player.h:68-68	f6f98d1b7de20578b88a84ab4038fb7a2ac1359e1ad89d7bd769e9544ff1d9d4	Returns mNumber.	mNumber		NONE_READ_ONLY	NO_MATCH_FOUND			reverse-engineering/binary-analysis/ghidra-function-name-table-2026-08-17.tsv;reverse-engineering/binary-analysis/function-c1-closure-2026-08-11.tsv;references/Onslaught/Player.h:68;reverse-engineering/source-crosswalk/audit/REPORT.md;reverse-engineering/EVIDENCE-REGISTER.tsv;local-lab/re-campaign-incident-recovery-20260808-v1/generation-32-current-8329-db18625-v1/campaign-functions.tsv;reverse-engineering/binary-analysis/controller-player-game-event-spine-2026-08-11.tsv;reverse-engineering/binary-analysis/functions/Player.cpp/CPlayer__ctor.md	Simple inline/header body has no named or promoted semantic target after direct and bounded-owner-alias search; candidate bounded NO_MATCH only, not binary absence.	A promoted same-owner body or bounded alias with compatible ABI and source semantics falsifies the current negative search.	PARTIAL_OWNER_PRESENT	rebuild/OnslaughtRebuild.Core/Level100ActorRegistry.cs;rebuild/OnslaughtRebuild.Core/Simulation.cs	The canonical player actor and selected view/state laws exist; the full CPlayer facade, statistics, and control stack do not.
Player.h	70	CPlayer::GetNumEnemyThingKilled	GetNumEnemyThingKilled(EKilledType type)	CPlayer	ALL_TARGETS	references/Onslaught/Player.h:70-70	e633711a7f30c09e2a3ebaf74ed940fff9a7bbf66dc78c53d8087715b44bf25a	Returns mThingsKilled[type].	mThingsKilled		NONE_READ_ONLY	NO_MATCH_FOUND			reverse-engineering/binary-analysis/ghidra-function-name-table-2026-08-17.tsv;reverse-engineering/binary-analysis/function-c1-closure-2026-08-11.tsv;references/Onslaught/Player.h:70;reverse-engineering/source-crosswalk/audit/REPORT.md;reverse-engineering/EVIDENCE-REGISTER.tsv;local-lab/re-campaign-incident-recovery-20260808-v1/generation-32-current-8329-db18625-v1/campaign-functions.tsv;reverse-engineering/binary-analysis/controller-player-game-event-spine-2026-08-11.tsv;reverse-engineering/binary-analysis/functions/Player.cpp/CPlayer__ctor.md	Simple inline/header body has no named or promoted semantic target after direct and bounded-owner-alias search; candidate bounded NO_MATCH only, not binary absence.	A promoted same-owner body or bounded alias with compatible ABI and source semantics falsifies the current negative search.	PARTIAL_OWNER_PRESENT	rebuild/OnslaughtRebuild.Core/Level100ActorRegistry.cs;rebuild/OnslaughtRebuild.Core/Simulation.cs	The canonical player actor and selected view/state laws exist; the full CPlayer facade, statistics, and control stack do not.
Player.h	71	CPlayer::GetBattleEngine	* GetBattleEngine()	CPlayer	ALL_TARGETS	references/Onslaught/Player.h:71-71	c86e8d90a9636a1d7ecd2888da55737491f6129cf4328b2b3a6341a282862121	Returns mBattleEngine.ToRead().	mBattleEngine		mBattleEngine.ToRead	NO_MATCH_FOUND			reverse-engineering/binary-analysis/ghidra-function-name-table-2026-08-17.tsv;reverse-engineering/binary-analysis/function-c1-closure-2026-08-11.tsv;references/Onslaught/Player.h:71;reverse-engineering/source-crosswalk/audit/REPORT.md;reverse-engineering/EVIDENCE-REGISTER.tsv;local-lab/re-campaign-incident-recovery-20260808-v1/generation-32-current-8329-db18625-v1/campaign-functions.tsv;reverse-engineering/binary-analysis/controller-player-game-event-spine-2026-08-11.tsv;reverse-engineering/binary-analysis/functions/Player.cpp/CPlayer__ctor.md	Simple inline/header body has no named or promoted semantic target after direct and bounded-owner-alias search; candidate bounded NO_MATCH only, not binary absence.	A promoted same-owner body or bounded alias with compatible ABI and source semantics falsifies the current negative search.	PARTIAL_OWNER_PRESENT	rebuild/OnslaughtRebuild.Core/Level100ActorRegistry.cs;rebuild/OnslaughtRebuild.Core/Simulation.cs	The canonical player actor and selected view/state laws exist; the full CPlayer facade, statistics, and control stack do not.
Player.h	72	CPlayer::IsGod	IsGod()	CPlayer	ALL_TARGETS	references/Onslaught/Player.h:72-72	e48efa6ece4fdb0a56a9f543486c40b81dc18b888458ad2d3d2842edf3ad3f84	Returns mIsGod.	mIsGod		NONE_READ_ONLY	NO_MATCH_FOUND			reverse-engineering/binary-analysis/ghidra-function-name-table-2026-08-17.tsv;reverse-engineering/binary-analysis/function-c1-closure-2026-08-11.tsv;references/Onslaught/Player.h:72;reverse-engineering/source-crosswalk/audit/REPORT.md;reverse-engineering/EVIDENCE-REGISTER.tsv;local-lab/re-campaign-incident-recovery-20260808-v1/generation-32-current-8329-db18625-v1/campaign-functions.tsv;reverse-engineering/binary-analysis/controller-player-game-event-spine-2026-08-11.tsv;reverse-engineering/binary-analysis/functions/Player.cpp/CPlayer__ctor.md	Simple inline/header body has no named or promoted semantic target after direct and bounded-owner-alias search; candidate bounded NO_MATCH only, not binary absence.	A promoted same-owner body or bounded alias with compatible ABI and source semantics falsifies the current negative search.	PARTIAL_OWNER_PRESENT	rebuild/OnslaughtRebuild.Core/Level100ActorRegistry.cs;rebuild/OnslaughtRebuild.Core/Simulation.cs	The canonical player actor and selected view/state laws exist; the full CPlayer facade, statistics, and control stack do not.
Player.h	73	CPlayer::ShouldRenderInternalCockpit	ShouldRenderInternalCockpit()	CPlayer	ALL_TARGETS	references/Onslaught/Player.h:73-73	265c2f812908efe46a2ad0d60f441588381ce2ac416acf3220e5d6203e472674	Returns mCurrentViewMode == PLAYER_FP_VIEW.	mCurrentViewMode	PLAYER_FP_VIEW	NONE_READ_ONLY	NO_MATCH_FOUND			reverse-engineering/binary-analysis/ghidra-function-name-table-2026-08-17.tsv;reverse-engineering/binary-analysis/function-c1-closure-2026-08-11.tsv;references/Onslaught/Player.h:73;reverse-engineering/source-crosswalk/audit/REPORT.md;reverse-engineering/EVIDENCE-REGISTER.tsv;local-lab/re-campaign-incident-recovery-20260808-v1/generation-32-current-8329-db18625-v1/campaign-functions.tsv;reverse-engineering/binary-analysis/controller-player-game-event-spine-2026-08-11.tsv;reverse-engineering/binary-analysis/functions/Player.cpp/CPlayer__ctor.md	Simple inline/header body has no named or promoted semantic target after direct and bounded-owner-alias search; candidate bounded NO_MATCH only, not binary absence.	A promoted same-owner body or bounded alias with compatible ABI and source semantics falsifies the current negative search.	PARTIAL_OWNER_PRESENT	rebuild/OnslaughtRebuild.Core/Level100ActorRegistry.cs;rebuild/OnslaughtRebuild.Core/Simulation.cs	The canonical player actor and selected view/state laws exist; the full CPlayer facade, statistics, and control stack do not.
Player.h	74	CPlayer::GetIsInFPV	GetIsInFPV()	CPlayer	ALL_TARGETS	references/Onslaught/Player.h:74-74	06a8763e1177b507d47895b7a00e94a937dfb8b2010025c2e4975a75720e0d86	Returns mCurrentViewMode == PLAYER_FP_VIEW.	mCurrentViewMode	PLAYER_FP_VIEW	NONE_READ_ONLY	NO_MATCH_FOUND			reverse-engineering/binary-analysis/ghidra-function-name-table-2026-08-17.tsv;reverse-engineering/binary-analysis/function-c1-closure-2026-08-11.tsv;references/Onslaught/Player.h:74;reverse-engineering/source-crosswalk/audit/REPORT.md;reverse-engineering/EVIDENCE-REGISTER.tsv;local-lab/re-campaign-incident-recovery-20260808-v1/generation-32-current-8329-db18625-v1/campaign-functions.tsv;reverse-engineering/binary-analysis/controller-player-game-event-spine-2026-08-11.tsv;reverse-engineering/binary-analysis/functions/Player.cpp/CPlayer__ctor.md	Simple inline/header body has no named or promoted semantic target after direct and bounded-owner-alias search; candidate bounded NO_MATCH only, not binary absence.	A promoted same-owner body or bounded alias with compatible ABI and source semantics falsifies the current negative search.	PARTIAL_OWNER_PRESENT	rebuild/OnslaughtRebuild.Core/Level100ActorRegistry.cs;rebuild/OnslaughtRebuild.Core/Simulation.cs	The canonical player actor and selected view/state laws exist; the full CPlayer facade, statistics, and control stack do not.
Player.h	75	CPlayer::GetPreferredCurrentViewMode	GetPreferredCurrentViewMode()	CPlayer	ALL_TARGETS	references/Onslaught/Player.h:75-75	db4c1ff2fcffd74d2ed2dd3ede34599dedd6400d5d442221bd1fb84180bbb390	Returns mPreferedControlView.	mPreferedControlView		NONE_READ_ONLY	NO_MATCH_FOUND			reverse-engineering/binary-analysis/ghidra-function-name-table-2026-08-17.tsv;reverse-engineering/binary-analysis/function-c1-closure-2026-08-11.tsv;references/Onslaught/Player.h:75;reverse-engineering/source-crosswalk/audit/REPORT.md;reverse-engineering/EVIDENCE-REGISTER.tsv;local-lab/re-campaign-incident-recovery-20260808-v1/generation-32-current-8329-db18625-v1/campaign-functions.tsv;reverse-engineering/binary-analysis/controller-player-game-event-spine-2026-08-11.tsv;reverse-engineering/binary-analysis/functions/Player.cpp/CPlayer__ctor.md	Simple inline/header body has no named or promoted semantic target after direct and bounded-owner-alias search; candidate bounded NO_MATCH only, not binary absence.	A promoted same-owner body or bounded alias with compatible ABI and source semantics falsifies the current negative search.	PARTIAL_OWNER_PRESENT	rebuild/OnslaughtRebuild.Core/Level100ActorRegistry.cs;rebuild/OnslaughtRebuild.Core/Simulation.cs	The canonical player actor and selected view/state laws exist; the full CPlayer facade, statistics, and control stack do not.
Player.h	86	CPlayer::SetStat	SetStat(EPlayerStats s,int v)	CPlayer	ALL_TARGETS	references/Onslaught/Player.h:86-86	d5ca0c87993c905fc89342d5d2cfe953d57efd86cd759b602683ad33402febc1	Writes mStat[s]; source body: mStat[s]=v;	mStat		mStat[s]	NO_MATCH_FOUND			reverse-engineering/binary-analysis/ghidra-function-name-table-2026-08-17.tsv;reverse-engineering/binary-analysis/function-c1-closure-2026-08-11.tsv;references/Onslaught/Player.h:86;reverse-engineering/source-crosswalk/audit/REPORT.md;reverse-engineering/EVIDENCE-REGISTER.tsv;local-lab/re-campaign-incident-recovery-20260808-v1/generation-32-current-8329-db18625-v1/campaign-functions.tsv;reverse-engineering/binary-analysis/controller-player-game-event-spine-2026-08-11.tsv;reverse-engineering/binary-analysis/functions/Player.cpp/CPlayer__ctor.md	Simple inline/header body has no named or promoted semantic target after direct and bounded-owner-alias search; candidate bounded NO_MATCH only, not binary absence.	A promoted same-owner body or bounded alias with compatible ABI and source semantics falsifies the current negative search.	PARTIAL_OWNER_PRESENT	rebuild/OnslaughtRebuild.Core/Level100ActorRegistry.cs;rebuild/OnslaughtRebuild.Core/Simulation.cs	The canonical player actor and selected view/state laws exist; the full CPlayer facade, statistics, and control stack do not.
Player.h	87	CPlayer::GetStat	GetStat(EPlayerStats s)	CPlayer	ALL_TARGETS	references/Onslaught/Player.h:87-87	d5114cee8b42b1aa5afbb32e5e813dccace858eccb1015f03a3b3889d2952a8f	Returns (mStat[s]).	mStat		NONE_READ_ONLY	NO_MATCH_FOUND			reverse-engineering/binary-analysis/ghidra-function-name-table-2026-08-17.tsv;reverse-engineering/binary-analysis/function-c1-closure-2026-08-11.tsv;references/Onslaught/Player.h:87;reverse-engineering/source-crosswalk/audit/REPORT.md;reverse-engineering/EVIDENCE-REGISTER.tsv;local-lab/re-campaign-incident-recovery-20260808-v1/generation-32-current-8329-db18625-v1/campaign-functions.tsv;reverse-engineering/binary-analysis/controller-player-game-event-spine-2026-08-11.tsv;reverse-engineering/binary-analysis/functions/Player.cpp/CPlayer__ctor.md	Simple inline/header body has no named or promoted semantic target after direct and bounded-owner-alias search; candidate bounded NO_MATCH only, not binary absence.	A promoted same-owner body or bounded alias with compatible ABI and source semantics falsifies the current negative search.	PARTIAL_OWNER_PRESENT	rebuild/OnslaughtRebuild.Core/Level100ActorRegistry.cs;rebuild/OnslaughtRebuild.Core/Simulation.cs	The canonical player actor and selected view/state laws exist; the full CPlayer facade, statistics, and control stack do not.
Player.h	88	CPlayer::IncStat	IncStat(EPlayerStats s,int v=1)	CPlayer	ALL_TARGETS	references/Onslaught/Player.h:88-88	7e35ee4654bc2eb1132d49f2f57add26975133354bb7f8c4b0bb92692a463409	Writes mStat[s]; source body: mStat[s]+=v;	mStat		mStat[s]	NO_MATCH_FOUND			reverse-engineering/binary-analysis/ghidra-function-name-table-2026-08-17.tsv;reverse-engineering/binary-analysis/function-c1-closure-2026-08-11.tsv;references/Onslaught/Player.h:88;reverse-engineering/source-crosswalk/audit/REPORT.md;reverse-engineering/EVIDENCE-REGISTER.tsv;local-lab/re-campaign-incident-recovery-20260808-v1/generation-32-current-8329-db18625-v1/campaign-functions.tsv;reverse-engineering/binary-analysis/controller-player-game-event-spine-2026-08-11.tsv;reverse-engineering/binary-analysis/functions/Player.cpp/CPlayer__ctor.md	Simple inline/header body has no named or promoted semantic target after direct and bounded-owner-alias search; candidate bounded NO_MATCH only, not binary absence.	A promoted same-owner body or bounded alias with compatible ABI and source semantics falsifies the current negative search.	PARTIAL_OWNER_PRESENT	rebuild/OnslaughtRebuild.Core/Level100ActorRegistry.cs;rebuild/OnslaughtRebuild.Core/Simulation.cs	The canonical player actor and selected view/state laws exist; the full CPlayer facade, statistics, and control stack do not.
Player.h	94	CPlayer::KilledThing	KilledThing(EKilledType type)	CPlayer	ALL_TARGETS	references/Onslaught/Player.h:94-94	a91efa139a8d3730a60c208e05b0e881fbc61f12c10f9b42e7dbf0af81c83dc9	Writes mThingsKilled[type]; source body: mThingsKilled[type]++ ;	mThingsKilled		mThingsKilled[type]	NO_MATCH_FOUND			reverse-engineering/binary-analysis/ghidra-function-name-table-2026-08-17.tsv;reverse-engineering/binary-analysis/function-c1-closure-2026-08-11.tsv;references/Onslaught/Player.h:94;reverse-engineering/source-crosswalk/audit/REPORT.md;reverse-engineering/EVIDENCE-REGISTER.tsv;local-lab/re-campaign-incident-recovery-20260808-v1/generation-32-current-8329-db18625-v1/campaign-functions.tsv;reverse-engineering/binary-analysis/controller-player-game-event-spine-2026-08-11.tsv;reverse-engineering/binary-analysis/functions/Player.cpp/CPlayer__ctor.md	Simple inline/header body has no named or promoted semantic target after direct and bounded-owner-alias search; candidate bounded NO_MATCH only, not binary absence.	A promoted same-owner body or bounded alias with compatible ABI and source semantics falsifies the current negative search.	PARTIAL_OWNER_PRESENT	rebuild/OnslaughtRebuild.Core/Level100ActorRegistry.cs;rebuild/OnslaughtRebuild.Core/Simulation.cs	The canonical player actor and selected view/state laws exist; the full CPlayer facade, statistics, and control stack do not.
Player.h	96	CPlayer::GetTimeoutTime	GetTimeoutTime()	CPlayer	ALL_TARGETS	references/Onslaught/Player.h:96-96	9b940a59efed8fcb4bb4f0b5a0db314afdac7b0c59d85e190633d399adff49fa	Returns mTimeoutTime.	mTimeoutTime		NONE_READ_ONLY	NO_MATCH_FOUND			reverse-engineering/binary-analysis/ghidra-function-name-table-2026-08-17.tsv;reverse-engineering/binary-analysis/function-c1-closure-2026-08-11.tsv;references/Onslaught/Player.h:96;reverse-engineering/source-crosswalk/audit/REPORT.md;reverse-engineering/EVIDENCE-REGISTER.tsv;local-lab/re-campaign-incident-recovery-20260808-v1/generation-32-current-8329-db18625-v1/campaign-functions.tsv;reverse-engineering/binary-analysis/controller-player-game-event-spine-2026-08-11.tsv;reverse-engineering/binary-analysis/functions/Player.cpp/CPlayer__ctor.md	Simple inline/header body has no named or promoted semantic target after direct and bounded-owner-alias search; candidate bounded NO_MATCH only, not binary absence.	A promoted same-owner body or bounded alias with compatible ABI and source semantics falsifies the current negative search.	PARTIAL_OWNER_PRESENT	rebuild/OnslaughtRebuild.Core/Level100ActorRegistry.cs;rebuild/OnslaughtRebuild.Core/Simulation.cs	The canonical player actor and selected view/state laws exist; the full CPlayer facade, statistics, and control stack do not.
scheduledevent.h	16	CScheduledEvent::CScheduledEvent	CScheduledEvent()	CScheduledEvent	ALL_TARGETS	references/Onslaught/scheduledevent.h:16-16	8be6679a0acf5add70d273c012031c000f3e8ccbcd9b4b8d9e2e4774de7286eb	Initializes mData(NULL); then writes mNumCreated; source body: mNumCreated++;	mData;mNumCreated	NULL	mData;mNumCreated	NO_MATCH_FOUND			reverse-engineering/binary-analysis/ghidra-function-name-table-2026-08-17.tsv;reverse-engineering/binary-analysis/function-c1-closure-2026-08-11.tsv;references/Onslaught/scheduledevent.h:16;reverse-engineering/source-crosswalk/audit/REPORT.md;reverse-engineering/EVIDENCE-REGISTER.tsv;local-lab/re-campaign-incident-recovery-20260808-v1/generation-32-current-8329-db18625-v1/campaign-functions.tsv;reverse-engineering/binary-analysis/event-manager-scheduler-semantics-2026-08-11.tsv;reverse-engineering/source-code/io/event-system.md	Simple inline/header body has no named or promoted semantic target after direct and bounded-owner-alias search; candidate bounded NO_MATCH only, not binary absence.	A promoted same-owner body or bounded alias with compatible ABI and source semantics falsifies the current negative search.	PARTIAL_OWNER_PRESENT	rebuild/OnslaughtRebuild.Core/RetailEventScheduler.cs;rebuild/OnslaughtRebuild.Core.Tests/RetailEventSchedulerTests.cs	The pooled scheduler carries event number/time/listener/data/reuse/free-link state, but not every standalone CEvent/CScheduledEvent accessor or static live-count surface.
scheduledevent.h	20	CScheduledEvent::GetTime	& GetTime()	CScheduledEvent	ALL_TARGETS	references/Onslaught/scheduledevent.h:20-20	274829a477c36e5b2450993181157e64d850d7d8f97095ae649040cd836a0b31	Returns mTime.	mTime		NONE_READ_ONLY	NO_MATCH_FOUND			reverse-engineering/binary-analysis/ghidra-function-name-table-2026-08-17.tsv;reverse-engineering/binary-analysis/function-c1-closure-2026-08-11.tsv;references/Onslaught/scheduledevent.h:20;reverse-engineering/source-crosswalk/audit/REPORT.md;reverse-engineering/EVIDENCE-REGISTER.tsv;local-lab/re-campaign-incident-recovery-20260808-v1/generation-32-current-8329-db18625-v1/campaign-functions.tsv;reverse-engineering/binary-analysis/event-manager-scheduler-semantics-2026-08-11.tsv;reverse-engineering/source-code/io/event-system.md	Simple inline/header body has no named or promoted semantic target after direct and bounded-owner-alias search; candidate bounded NO_MATCH only, not binary absence.	A promoted same-owner body or bounded alias with compatible ABI and source semantics falsifies the current negative search.	PARTIAL_OWNER_PRESENT	rebuild/OnslaughtRebuild.Core/RetailEventScheduler.cs;rebuild/OnslaughtRebuild.Core.Tests/RetailEventSchedulerTests.cs	The pooled scheduler carries event number/time/listener/data/reuse/free-link state, but not every standalone CEvent/CScheduledEvent accessor or static live-count surface.
scheduledevent.h	21	CScheduledEvent::SetTime	SetTime(float new_time)	CScheduledEvent	ALL_TARGETS	references/Onslaught/scheduledevent.h:21-21	17ddbb2b800e76fd2832fc44bc756ba74bbb8c657e1b2b0acc4a77d5df69f045	Writes mTime; source body: mTime = new_time ;	mTime		mTime	NO_MATCH_FOUND			reverse-engineering/binary-analysis/ghidra-function-name-table-2026-08-17.tsv;reverse-engineering/binary-analysis/function-c1-closure-2026-08-11.tsv;references/Onslaught/scheduledevent.h:21;reverse-engineering/source-crosswalk/audit/REPORT.md;reverse-engineering/EVIDENCE-REGISTER.tsv;local-lab/re-campaign-incident-recovery-20260808-v1/generation-32-current-8329-db18625-v1/campaign-functions.tsv;reverse-engineering/binary-analysis/event-manager-scheduler-semantics-2026-08-11.tsv;reverse-engineering/source-code/io/event-system.md	Simple inline/header body has no named or promoted semantic target after direct and bounded-owner-alias search; candidate bounded NO_MATCH only, not binary absence.	A promoted same-owner body or bounded alias with compatible ABI and source semantics falsifies the current negative search.	PARTIAL_OWNER_PRESENT	rebuild/OnslaughtRebuild.Core/RetailEventScheduler.cs;rebuild/OnslaughtRebuild.Core.Tests/RetailEventSchedulerTests.cs	The pooled scheduler carries event number/time/listener/data/reuse/free-link state, but not every standalone CEvent/CScheduledEvent accessor or static live-count surface.
scheduledevent.h	22	CScheduledEvent::SetReuse	SetReuse(BOOL val)	CScheduledEvent	ALL_TARGETS	references/Onslaught/scheduledevent.h:22-22	d8b1137fa3b6618569ebcd259535d6cae616860493ce48ab3247a8d084287b44	Writes mBeingReused; source body: mBeingReused = (short)val ;	mBeingReused		mBeingReused	NO_MATCH_FOUND			reverse-engineering/binary-analysis/ghidra-function-name-table-2026-08-17.tsv;reverse-engineering/binary-analysis/function-c1-closure-2026-08-11.tsv;references/Onslaught/scheduledevent.h:22;reverse-engineering/source-crosswalk/audit/REPORT.md;reverse-engineering/EVIDENCE-REGISTER.tsv;local-lab/re-campaign-incident-recovery-20260808-v1/generation-32-current-8329-db18625-v1/campaign-functions.tsv;reverse-engineering/binary-analysis/event-manager-scheduler-semantics-2026-08-11.tsv;reverse-engineering/source-code/io/event-system.md	Simple inline/header body has no named or promoted semantic target after direct and bounded-owner-alias search; candidate bounded NO_MATCH only, not binary absence.	A promoted same-owner body or bounded alias with compatible ABI and source semantics falsifies the current negative search.	PARTIAL_OWNER_PRESENT	rebuild/OnslaughtRebuild.Core/RetailEventScheduler.cs;rebuild/OnslaughtRebuild.Core.Tests/RetailEventSchedulerTests.cs	The pooled scheduler carries event number/time/listener/data/reuse/free-link state, but not every standalone CEvent/CScheduledEvent accessor or static live-count surface.
scheduledevent.h	24	CScheduledEvent::GetReuse	GetReuse()	CScheduledEvent	ALL_TARGETS	references/Onslaught/scheduledevent.h:24-24	fbdbf7e625159b730c05a5a8211f424b9fb86ad38e623944c64700a3a0aae7a5	Returns (BOOL)mBeingReused.	mBeingReused		NONE_READ_ONLY	NO_MATCH_FOUND			reverse-engineering/binary-analysis/ghidra-function-name-table-2026-08-17.tsv;reverse-engineering/binary-analysis/function-c1-closure-2026-08-11.tsv;references/Onslaught/scheduledevent.h:24;reverse-engineering/source-crosswalk/audit/REPORT.md;reverse-engineering/EVIDENCE-REGISTER.tsv;local-lab/re-campaign-incident-recovery-20260808-v1/generation-32-current-8329-db18625-v1/campaign-functions.tsv;reverse-engineering/binary-analysis/event-manager-scheduler-semantics-2026-08-11.tsv;reverse-engineering/source-code/io/event-system.md	Simple inline/header body has no named or promoted semantic target after direct and bounded-owner-alias search; candidate bounded NO_MATCH only, not binary absence.	A promoted same-owner body or bounded alias with compatible ABI and source semantics falsifies the current negative search.	PARTIAL_OWNER_PRESENT	rebuild/OnslaughtRebuild.Core/RetailEventScheduler.cs;rebuild/OnslaughtRebuild.Core.Tests/RetailEventSchedulerTests.cs	The pooled scheduler carries event number/time/listener/data/reuse/free-link state, but not every standalone CEvent/CScheduledEvent accessor or static live-count surface.
scheduledevent.h	25	CScheduledEvent::GetData	*  GetData()	CScheduledEvent	ALL_TARGETS	references/Onslaught/scheduledevent.h:25-25	9dd54ecfc2c8b5aab90cb53a77b0da110007640ee1919e488bb99b713756d9f9	Returns mData.ToRead().	mData		mData.ToRead	NO_MATCH_FOUND			reverse-engineering/binary-analysis/ghidra-function-name-table-2026-08-17.tsv;reverse-engineering/binary-analysis/function-c1-closure-2026-08-11.tsv;references/Onslaught/scheduledevent.h:25;reverse-engineering/source-crosswalk/audit/REPORT.md;reverse-engineering/EVIDENCE-REGISTER.tsv;local-lab/re-campaign-incident-recovery-20260808-v1/generation-32-current-8329-db18625-v1/campaign-functions.tsv;reverse-engineering/binary-analysis/event-manager-scheduler-semantics-2026-08-11.tsv;reverse-engineering/source-code/io/event-system.md	Simple inline/header body has no named or promoted semantic target after direct and bounded-owner-alias search; candidate bounded NO_MATCH only, not binary absence.	A promoted same-owner body or bounded alias with compatible ABI and source semantics falsifies the current negative search.	PARTIAL_OWNER_PRESENT	rebuild/OnslaughtRebuild.Core/RetailEventScheduler.cs;rebuild/OnslaughtRebuild.Core.Tests/RetailEventSchedulerTests.cs	The pooled scheduler carries event number/time/listener/data/reuse/free-link state, but not every standalone CEvent/CScheduledEvent accessor or static live-count surface.
scheduledevent.h	26	CScheduledEvent::SetData	SetData(CMonitor* data)	CScheduledEvent	ALL_TARGETS	references/Onslaught/scheduledevent.h:26-26	57b4971268caa20ee33fe5783befbb535ef2fe075fdd2a667f58988d7192f827	Executes the pinned source body in order: mData.SetReader(data) ;	mData		mData.SetReader	NO_MATCH_FOUND			reverse-engineering/binary-analysis/ghidra-function-name-table-2026-08-17.tsv;reverse-engineering/binary-analysis/function-c1-closure-2026-08-11.tsv;references/Onslaught/scheduledevent.h:26;reverse-engineering/source-crosswalk/audit/REPORT.md;reverse-engineering/EVIDENCE-REGISTER.tsv;local-lab/re-campaign-incident-recovery-20260808-v1/generation-32-current-8329-db18625-v1/campaign-functions.tsv;reverse-engineering/binary-analysis/event-manager-scheduler-semantics-2026-08-11.tsv;reverse-engineering/source-code/io/event-system.md	Simple inline/header body has no named or promoted semantic target after direct and bounded-owner-alias search; candidate bounded NO_MATCH only, not binary absence.	A promoted same-owner body or bounded alias with compatible ABI and source semantics falsifies the current negative search.	PARTIAL_OWNER_PRESENT	rebuild/OnslaughtRebuild.Core/RetailEventScheduler.cs;rebuild/OnslaughtRebuild.Core.Tests/RetailEventSchedulerTests.cs	The pooled scheduler carries event number/time/listener/data/reuse/free-link state, but not every standalone CEvent/CScheduledEvent accessor or static live-count surface.
scheduledevent.h	28	CScheduledEvent::GetNextFreeSE	* GetNextFreeSE()	CScheduledEvent	ALL_TARGETS	references/Onslaught/scheduledevent.h:28-28	8b0b9d219516c7e562b6d8dd20c4e505a12330de8954917863d7fad9a90c761d	Returns mNextFreeSE.	mNextFreeSE		NONE_READ_ONLY	NO_MATCH_FOUND			reverse-engineering/binary-analysis/ghidra-function-name-table-2026-08-17.tsv;reverse-engineering/binary-analysis/function-c1-closure-2026-08-11.tsv;references/Onslaught/scheduledevent.h:28;reverse-engineering/source-crosswalk/audit/REPORT.md;reverse-engineering/EVIDENCE-REGISTER.tsv;local-lab/re-campaign-incident-recovery-20260808-v1/generation-32-current-8329-db18625-v1/campaign-functions.tsv;reverse-engineering/binary-analysis/event-manager-scheduler-semantics-2026-08-11.tsv;reverse-engineering/source-code/io/event-system.md	Simple inline/header body has no named or promoted semantic target after direct and bounded-owner-alias search; candidate bounded NO_MATCH only, not binary absence.	A promoted same-owner body or bounded alias with compatible ABI and source semantics falsifies the current negative search.	PARTIAL_OWNER_PRESENT	rebuild/OnslaughtRebuild.Core/RetailEventScheduler.cs;rebuild/OnslaughtRebuild.Core.Tests/RetailEventSchedulerTests.cs	The pooled scheduler carries event number/time/listener/data/reuse/free-link state, but not every standalone CEvent/CScheduledEvent accessor or static live-count surface.
scheduledevent.h	29	CScheduledEvent::SetNextFreeSE	SetNextFreeSE(CScheduledEvent* se)	CScheduledEvent	ALL_TARGETS	references/Onslaught/scheduledevent.h:29-29	3a218b0c1730396f9285850859e73c8091d90c9b03ca729c4babf799d69daf74	Writes mNextFreeSE; source body: mNextFreeSE = se;	mNextFreeSE		mNextFreeSE	NO_MATCH_FOUND			reverse-engineering/binary-analysis/ghidra-function-name-table-2026-08-17.tsv;reverse-engineering/binary-analysis/function-c1-closure-2026-08-11.tsv;references/Onslaught/scheduledevent.h:29;reverse-engineering/source-crosswalk/audit/REPORT.md;reverse-engineering/EVIDENCE-REGISTER.tsv;local-lab/re-campaign-incident-recovery-20260808-v1/generation-32-current-8329-db18625-v1/campaign-functions.tsv;reverse-engineering/binary-analysis/event-manager-scheduler-semantics-2026-08-11.tsv;reverse-engineering/source-code/io/event-system.md	Simple inline/header body has no named or promoted semantic target after direct and bounded-owner-alias search; candidate bounded NO_MATCH only, not binary absence.	A promoted same-owner body or bounded alias with compatible ABI and source semantics falsifies the current negative search.	PARTIAL_OWNER_PRESENT	rebuild/OnslaughtRebuild.Core/RetailEventScheduler.cs;rebuild/OnslaughtRebuild.Core.Tests/RetailEventSchedulerTests.cs	The pooled scheduler carries event number/time/listener/data/reuse/free-link state, but not every standalone CEvent/CScheduledEvent accessor or static live-count surface.
scheduledevent.h	31	CScheduledEvent::GetNumCreated	GetNumCreated()	CScheduledEvent	ALL_TARGETS	references/Onslaught/scheduledevent.h:31-31	c83c9cdf2d9cb3c975a2a9e4e93ec201a2f86680ff6b6339d4b21d49fd0997ba	Returns mNumCreated.	mNumCreated		NONE_READ_ONLY	NO_MATCH_FOUND			reverse-engineering/binary-analysis/ghidra-function-name-table-2026-08-17.tsv;reverse-engineering/binary-analysis/function-c1-closure-2026-08-11.tsv;references/Onslaught/scheduledevent.h:31;reverse-engineering/source-crosswalk/audit/REPORT.md;reverse-engineering/EVIDENCE-REGISTER.tsv;local-lab/re-campaign-incident-recovery-20260808-v1/generation-32-current-8329-db18625-v1/campaign-functions.tsv;reverse-engineering/binary-analysis/event-manager-scheduler-semantics-2026-08-11.tsv;reverse-engineering/source-code/io/event-system.md	Simple inline/header body has no named or promoted semantic target after direct and bounded-owner-alias search; candidate bounded NO_MATCH only, not binary absence.	A promoted same-owner body or bounded alias with compatible ABI and source semantics falsifies the current negative search.	PARTIAL_OWNER_PRESENT	rebuild/OnslaughtRebuild.Core/RetailEventScheduler.cs;rebuild/OnslaughtRebuild.Core.Tests/RetailEventSchedulerTests.cs	The pooled scheduler carries event number/time/listener/data/reuse/free-link state, but not every standalone CEvent/CScheduledEvent accessor or static live-count surface.
