source_file	source_line	function	signature	retail_delta	retail_classification	retail_va_or_empty	evidence	bounded_delta	falsifier
activereader.h	17	CGenericActiveReader::~dtor	~CGenericActiveReader()	RETAIL_UNRESOLVED	SOURCE_ANALOG	0x0044b1d0	reverse-engineering/binary-analysis/ghidra-fullpass-findings/W003/adversarial/B13.md;references/Onslaught/activereader.h:17;reverse-engineering/source-crosswalk/audit/REPORT.md;reverse-engineering/binary-analysis/ghidra-function-name-table-2026-08-17.tsv;reverse-engineering/binary-analysis/function-c1-closure-2026-08-11.tsv;reverse-engineering/EVIDENCE-REGISTER.tsv;local-lab/re-campaign-incident-recovery-20260808-v1/generation-32-current-8329-db18625-v1/campaign-functions.tsv;reverse-engineering/binary-analysis/event-manager-scheduler-semantics-2026-08-11.tsv;reverse-engineering/source-code/io/event-system.md	Adversarial plate confirms the named generic ActiveReader destructor body and unlink shape; source-body equality is not promoted.	A body/ABI readback that refutes the named candidate, or proof of a different source owner, refutes this bounded analog.
activereader.h	19	CGenericActiveReader::ToReadDied	ToReadDied()	SOURCE_ONLY	NO_MATCH_FOUND		reverse-engineering/binary-analysis/ghidra-function-name-table-2026-08-17.tsv;reverse-engineering/binary-analysis/function-c1-closure-2026-08-11.tsv;references/Onslaught/activereader.h:19;reverse-engineering/source-crosswalk/audit/REPORT.md;reverse-engineering/EVIDENCE-REGISTER.tsv;local-lab/re-campaign-incident-recovery-20260808-v1/generation-32-current-8329-db18625-v1/campaign-functions.tsv;reverse-engineering/binary-analysis/event-manager-scheduler-semantics-2026-08-11.tsv;reverse-engineering/source-code/io/event-system.md	Simple inline/header body has no named or promoted semantic target after direct and bounded-owner-alias search; candidate bounded NO_MATCH only, not binary absence.	A promoted same-owner body or bounded alias with compatible ABI and source semantics falsifies the current negative search.
activereader.h	32	CActiveReader::CActiveReader	CActiveReader()	RETAIL_UNRESOLVED	NO_MATCH_FOUND		references/Onslaught/activereader.h:32;reverse-engineering/source-crosswalk/audit/REPORT.md;reverse-engineering/binary-analysis/ghidra-function-name-table-2026-08-17.tsv;reverse-engineering/binary-analysis/function-c1-closure-2026-08-11.tsv;reverse-engineering/EVIDENCE-REGISTER.tsv;local-lab/re-campaign-incident-recovery-20260808-v1/generation-32-current-8329-db18625-v1/campaign-functions.tsv;reverse-engineering/binary-analysis/event-manager-scheduler-semantics-2026-08-11.tsv;reverse-engineering/source-code/io/event-system.md	Same file/function label has multiple line/signature definitions; do not collapse overloads or conditional bodies.	Compiler target membership plus overload/operator identity that selects one retail body resolves and may falsify this unresolved classification.
activereader.h	33	CActiveReader::CActiveReader	CActiveReader(T* to_read)	RETAIL_UNRESOLVED	NO_MATCH_FOUND		references/Onslaught/activereader.h:33;reverse-engineering/source-crosswalk/audit/REPORT.md;reverse-engineering/binary-analysis/ghidra-function-name-table-2026-08-17.tsv;reverse-engineering/binary-analysis/function-c1-closure-2026-08-11.tsv;reverse-engineering/EVIDENCE-REGISTER.tsv;local-lab/re-campaign-incident-recovery-20260808-v1/generation-32-current-8329-db18625-v1/campaign-functions.tsv;reverse-engineering/binary-analysis/event-manager-scheduler-semantics-2026-08-11.tsv;reverse-engineering/source-code/io/event-system.md	Same file/function label has multiple line/signature definitions; do not collapse overloads or conditional bodies.	Compiler target membership plus overload/operator identity that selects one retail body resolves and may falsify this unresolved classification.
activereader.h	34	CActiveReader::CActiveReader	CActiveReader(CActiveReader<T>& copy)	RETAIL_UNRESOLVED	NO_MATCH_FOUND		references/Onslaught/activereader.h:34;reverse-engineering/source-crosswalk/audit/REPORT.md;reverse-engineering/binary-analysis/ghidra-function-name-table-2026-08-17.tsv;reverse-engineering/binary-analysis/function-c1-closure-2026-08-11.tsv;reverse-engineering/EVIDENCE-REGISTER.tsv;local-lab/re-campaign-incident-recovery-20260808-v1/generation-32-current-8329-db18625-v1/campaign-functions.tsv;reverse-engineering/binary-analysis/event-manager-scheduler-semantics-2026-08-11.tsv;reverse-engineering/source-code/io/event-system.md	Same file/function label has multiple line/signature definitions; do not collapse overloads or conditional bodies.	Compiler target membership plus overload/operator identity that selects one retail body resolves and may falsify this unresolved classification.
activereader.h	35	CActiveReader::SetReader	SetReader(T* to_read)	SOURCE_ONLY	NO_MATCH_FOUND		reverse-engineering/binary-analysis/ghidra-function-name-table-2026-08-17.tsv;reverse-engineering/binary-analysis/function-c1-closure-2026-08-11.tsv;references/Onslaught/activereader.h:35;reverse-engineering/source-crosswalk/audit/REPORT.md;reverse-engineering/EVIDENCE-REGISTER.tsv;local-lab/re-campaign-incident-recovery-20260808-v1/generation-32-current-8329-db18625-v1/campaign-functions.tsv;reverse-engineering/binary-analysis/event-manager-scheduler-semantics-2026-08-11.tsv;reverse-engineering/source-code/io/event-system.md	Simple inline/header body has no named or promoted semantic target after direct and bounded-owner-alias search; candidate bounded NO_MATCH only, not binary absence.	A promoted same-owner body or bounded alias with compatible ABI and source semantics falsifies the current negative search.
activereader.h	36	CActiveReader::operator==	operator ==(T* right_term)	RETAIL_UNRESOLVED	NO_MATCH_FOUND		references/Onslaught/activereader.h:36;reverse-engineering/source-crosswalk/audit/REPORT.md;reverse-engineering/binary-analysis/ghidra-function-name-table-2026-08-17.tsv;reverse-engineering/binary-analysis/function-c1-closure-2026-08-11.tsv;reverse-engineering/EVIDENCE-REGISTER.tsv;local-lab/re-campaign-incident-recovery-20260808-v1/generation-32-current-8329-db18625-v1/campaign-functions.tsv;reverse-engineering/binary-analysis/event-manager-scheduler-semantics-2026-08-11.tsv;reverse-engineering/source-code/io/event-system.md	Operator punctuation/signature must remain line-distinct; alphanumeric normalization can collapse different operators.	Compiler target membership plus overload/operator identity that selects one retail body resolves and may falsify this unresolved classification.
activereader.h	37	CActiveReader::operator!=	operator !=(T* right_term)	RETAIL_UNRESOLVED	NO_MATCH_FOUND		references/Onslaught/activereader.h:37;reverse-engineering/source-crosswalk/audit/REPORT.md;reverse-engineering/binary-analysis/ghidra-function-name-table-2026-08-17.tsv;reverse-engineering/binary-analysis/function-c1-closure-2026-08-11.tsv;reverse-engineering/EVIDENCE-REGISTER.tsv;local-lab/re-campaign-incident-recovery-20260808-v1/generation-32-current-8329-db18625-v1/campaign-functions.tsv;reverse-engineering/binary-analysis/event-manager-scheduler-semantics-2026-08-11.tsv;reverse-engineering/source-code/io/event-system.md	Operator punctuation/signature must remain line-distinct; alphanumeric normalization can collapse different operators.	Compiler target membership plus overload/operator identity that selects one retail body resolves and may falsify this unresolved classification.
activereader.h	38	CActiveReader::operator=	operator =(T* right_term)	RETAIL_UNRESOLVED	NO_MATCH_FOUND		references/Onslaught/activereader.h:38;reverse-engineering/source-crosswalk/audit/REPORT.md;reverse-engineering/binary-analysis/ghidra-function-name-table-2026-08-17.tsv;reverse-engineering/binary-analysis/function-c1-closure-2026-08-11.tsv;reverse-engineering/EVIDENCE-REGISTER.tsv;local-lab/re-campaign-incident-recovery-20260808-v1/generation-32-current-8329-db18625-v1/campaign-functions.tsv;reverse-engineering/binary-analysis/event-manager-scheduler-semantics-2026-08-11.tsv;reverse-engineering/source-code/io/event-system.md	Operator punctuation/signature must remain line-distinct; alphanumeric normalization can collapse different operators.	Compiler target membership plus overload/operator identity that selects one retail body resolves and may falsify this unresolved classification.
activereader.h	39	CActiveReader::operator->	* operator ->()	RETAIL_UNRESOLVED	NO_MATCH_FOUND		references/Onslaught/activereader.h:39;reverse-engineering/source-crosswalk/audit/REPORT.md;reverse-engineering/binary-analysis/ghidra-function-name-table-2026-08-17.tsv;reverse-engineering/binary-analysis/function-c1-closure-2026-08-11.tsv;reverse-engineering/EVIDENCE-REGISTER.tsv;local-lab/re-campaign-incident-recovery-20260808-v1/generation-32-current-8329-db18625-v1/campaign-functions.tsv;reverse-engineering/binary-analysis/event-manager-scheduler-semantics-2026-08-11.tsv;reverse-engineering/source-code/io/event-system.md	Operator punctuation/signature must remain line-distinct; alphanumeric normalization can collapse different operators.	Compiler target membership plus overload/operator identity that selects one retail body resolves and may falsify this unresolved classification.
activereader.h	40	CActiveReader::ToRead	* ToRead()	SOURCE_ONLY	NO_MATCH_FOUND		reverse-engineering/binary-analysis/ghidra-function-name-table-2026-08-17.tsv;reverse-engineering/binary-analysis/function-c1-closure-2026-08-11.tsv;references/Onslaught/activereader.h:40;reverse-engineering/source-crosswalk/audit/REPORT.md;reverse-engineering/EVIDENCE-REGISTER.tsv;local-lab/re-campaign-incident-recovery-20260808-v1/generation-32-current-8329-db18625-v1/campaign-functions.tsv;reverse-engineering/binary-analysis/event-manager-scheduler-semantics-2026-08-11.tsv;reverse-engineering/source-code/io/event-system.md	Simple inline/header body has no named or promoted semantic target after direct and bounded-owner-alias search; candidate bounded NO_MATCH only, not binary absence.	A promoted same-owner body or bounded alias with compatible ABI and source semantics falsifies the current negative search.
Career.h	32	CGrade::CGrade	CGrade(char g)	SOURCE_AGREES	SOURCE_EXACT	0x00420ab0	reverse-engineering/binary-analysis/functions/Career.cpp/CGrade__ctor_char.md;references/Onslaught/Career.h:32;reverse-engineering/source-crosswalk/audit/REPORT.md;reverse-engineering/binary-analysis/ghidra-function-name-table-2026-08-17.tsv;reverse-engineering/binary-analysis/function-c1-closure-2026-08-11.tsv;reverse-engineering/EVIDENCE-REGISTER.tsv;local-lab/re-campaign-incident-recovery-20260808-v1/generation-32-current-8329-db18625-v1/campaign-functions.tsv;reverse-engineering/binary-analysis/career-save-format-semantics-2026-08-11.tsv;reverse-engineering/binary-analysis/career-progression-static-bridge-contract.md;reverse-engineering/source-code/gameplay/career-system.md	Function note names the exact char constructor signature, says Verified vs Source: Yes, and proves the one-byte field store.	Any pristine-body, ABI, or source-line readback mismatch at the cited VA refutes SOURCE_EXACT.
Career.h	33	CGrade::CGrade	CGrade(WCHAR g)	RETAIL_UNRESOLVED	NO_MATCH_FOUND		references/Onslaught/Career.h:33;reverse-engineering/source-crosswalk/audit/REPORT.md;reverse-engineering/binary-analysis/ghidra-function-name-table-2026-08-17.tsv;reverse-engineering/binary-analysis/function-c1-closure-2026-08-11.tsv;reverse-engineering/EVIDENCE-REGISTER.tsv;local-lab/re-campaign-incident-recovery-20260808-v1/generation-32-current-8329-db18625-v1/campaign-functions.tsv;reverse-engineering/binary-analysis/career-save-format-semantics-2026-08-11.tsv;reverse-engineering/binary-analysis/career-progression-static-bridge-contract.md;reverse-engineering/source-code/gameplay/career-system.md	Same file/function label has multiple line/signature definitions; do not collapse overloads or conditional bodies.	Compiler target membership plus overload/operator identity that selects one retail body resolves and may falsify this unresolved classification.
Career.h	35	CGrade::operator>=	operator >= (const CGrade right) const	SOURCE_AGREES	SOURCE_EXACT	0x00420ac0	reverse-engineering/binary-analysis/functions/Career.cpp/CGrade__operator_gte.md;references/Onslaught/Career.h:35;reverse-engineering/source-crosswalk/audit/REPORT.md;reverse-engineering/binary-analysis/ghidra-function-name-table-2026-08-17.tsv;reverse-engineering/binary-analysis/function-c1-closure-2026-08-11.tsv;reverse-engineering/EVIDENCE-REGISTER.tsv;local-lab/re-campaign-incident-recovery-20260808-v1/generation-32-current-8329-db18625-v1/campaign-functions.tsv;reverse-engineering/binary-analysis/career-save-format-semantics-2026-08-11.tsv;reverse-engineering/binary-analysis/career-progression-static-bridge-contract.md;reverse-engineering/source-code/gameplay/career-system.md	Function note explicitly anchors Career.h:35, says Verified vs Source: Yes, and reproduces the S-grade and lexical comparison body.	Any pristine-body, ABI, or source-line readback mismatch at the cited VA refutes SOURCE_EXACT.
Career.h	36	CGrade::operator==	operator == (const CGrade right) const	RETAIL_UNRESOLVED	NO_MATCH_FOUND		references/Onslaught/Career.h:36;reverse-engineering/source-crosswalk/audit/REPORT.md;reverse-engineering/binary-analysis/ghidra-function-name-table-2026-08-17.tsv;reverse-engineering/binary-analysis/function-c1-closure-2026-08-11.tsv;reverse-engineering/EVIDENCE-REGISTER.tsv;local-lab/re-campaign-incident-recovery-20260808-v1/generation-32-current-8329-db18625-v1/campaign-functions.tsv;reverse-engineering/binary-analysis/career-save-format-semantics-2026-08-11.tsv;reverse-engineering/binary-analysis/career-progression-static-bridge-contract.md;reverse-engineering/source-code/gameplay/career-system.md	Operator punctuation/signature must remain line-distinct; alphanumeric normalization can collapse different operators.	Compiler target membership plus overload/operator identity that selects one retail body resolves and may falsify this unresolved classification.
Career.h	53	CGoodie::CGoodie	CGoodie()	SOURCE_ONLY	NO_MATCH_FOUND		reverse-engineering/binary-analysis/ghidra-function-name-table-2026-08-17.tsv;reverse-engineering/binary-analysis/function-c1-closure-2026-08-11.tsv;references/Onslaught/Career.h:53;reverse-engineering/source-crosswalk/audit/REPORT.md;reverse-engineering/EVIDENCE-REGISTER.tsv;local-lab/re-campaign-incident-recovery-20260808-v1/generation-32-current-8329-db18625-v1/campaign-functions.tsv;reverse-engineering/binary-analysis/career-save-format-semantics-2026-08-11.tsv;reverse-engineering/binary-analysis/career-progression-static-bridge-contract.md;reverse-engineering/source-code/gameplay/career-system.md	Simple inline/header body has no named or promoted semantic target after direct and bounded-owner-alias search; candidate bounded NO_MATCH only, not binary absence.	A promoted same-owner body or bounded alias with compatible ABI and source semantics falsifies the current negative search.
Career.h	69	CCareerNodeLink::CCareerNodeLink	CCareerNodeLink()	SOURCE_ONLY	NO_MATCH_FOUND		reverse-engineering/binary-analysis/ghidra-function-name-table-2026-08-17.tsv;reverse-engineering/binary-analysis/function-c1-closure-2026-08-11.tsv;references/Onslaught/Career.h:69;reverse-engineering/source-crosswalk/audit/REPORT.md;reverse-engineering/EVIDENCE-REGISTER.tsv;local-lab/re-campaign-incident-recovery-20260808-v1/generation-32-current-8329-db18625-v1/campaign-functions.tsv;reverse-engineering/binary-analysis/career-save-format-semantics-2026-08-11.tsv;reverse-engineering/binary-analysis/career-progression-static-bridge-contract.md;reverse-engineering/source-code/gameplay/career-system.md	Simple inline/header body has no named or promoted semantic target after direct and bounded-owner-alias search; candidate bounded NO_MATCH only, not binary absence.	A promoted same-owner body or bounded alias with compatible ABI and source semantics falsifies the current negative search.
Career.h	129	CCareer::Load	Load(char *source, bool suggest_next_level)	RETAIL_UNRESOLVED	NO_MATCH_FOUND		references/Onslaught/Career.h:129;reverse-engineering/source-crosswalk/audit/REPORT.md;reverse-engineering/binary-analysis/ghidra-function-name-table-2026-08-17.tsv;reverse-engineering/binary-analysis/function-c1-closure-2026-08-11.tsv;reverse-engineering/EVIDENCE-REGISTER.tsv;local-lab/re-campaign-incident-recovery-20260808-v1/generation-32-current-8329-db18625-v1/campaign-functions.tsv;reverse-engineering/binary-analysis/career-save-format-semantics-2026-08-11.tsv;reverse-engineering/binary-analysis/career-progression-static-bridge-contract.md;reverse-engineering/source-code/gameplay/career-system.md	Same qualified source function is defined at another file/line (typically a selected preprocessor branch); determine build membership first.	Compiler target membership plus overload/operator identity that selects one retail body resolves and may falsify this unresolved classification.
Career.h	133	CCareer::SizeOfSaveGame	SizeOfSaveGame()	RETAIL_UNRESOLVED	NO_MATCH_FOUND		references/Onslaught/Career.h:133;reverse-engineering/source-crosswalk/audit/REPORT.md;reverse-engineering/binary-analysis/ghidra-function-name-table-2026-08-17.tsv;reverse-engineering/binary-analysis/function-c1-closure-2026-08-11.tsv;reverse-engineering/EVIDENCE-REGISTER.tsv;local-lab/re-campaign-incident-recovery-20260808-v1/generation-32-current-8329-db18625-v1/campaign-functions.tsv;reverse-engineering/binary-analysis/career-save-format-semantics-2026-08-11.tsv;reverse-engineering/binary-analysis/career-progression-static-bridge-contract.md;reverse-engineering/source-code/gameplay/career-system.md	Same qualified source function is defined at another file/line (typically a selected preprocessor branch); determine build membership first.	Compiler target membership plus overload/operator identity that selects one retail body resolves and may falsify this unresolved classification.
Career.h	138	CCareer::GetNode	* GetNode(int num)	SOURCE_AGREES	SOURCE_EXACT	0x00420af0	reverse-engineering/binary-analysis/functions/Career.cpp/CCareer__GetNode.md;references/Onslaught/Career.h:138;reverse-engineering/source-crosswalk/audit/REPORT.md;reverse-engineering/binary-analysis/ghidra-function-name-table-2026-08-17.tsv;reverse-engineering/binary-analysis/function-c1-closure-2026-08-11.tsv;reverse-engineering/EVIDENCE-REGISTER.tsv;local-lab/re-campaign-incident-recovery-20260808-v1/generation-32-current-8329-db18625-v1/campaign-functions.tsv;reverse-engineering/binary-analysis/career-save-format-semantics-2026-08-11.tsv;reverse-engineering/binary-analysis/career-progression-static-bridge-contract.md;reverse-engineering/source-code/gameplay/career-system.md	Function note explicitly identifies the Career.h inline accessor, says Verified vs Source: Yes, and reproduces its negative-index and stride behavior.	Any pristine-body, ABI, or source-line readback mismatch at the cited VA refutes SOURCE_EXACT.
Career.h	139	CCareer::GetLink	* GetLink(int num)	SOURCE_ONLY	NO_MATCH_FOUND		reverse-engineering/binary-analysis/ghidra-function-name-table-2026-08-17.tsv;reverse-engineering/binary-analysis/function-c1-closure-2026-08-11.tsv;references/Onslaught/Career.h:139;reverse-engineering/source-crosswalk/audit/REPORT.md;reverse-engineering/EVIDENCE-REGISTER.tsv;local-lab/re-campaign-incident-recovery-20260808-v1/generation-32-current-8329-db18625-v1/campaign-functions.tsv;reverse-engineering/binary-analysis/career-save-format-semantics-2026-08-11.tsv;reverse-engineering/binary-analysis/career-progression-static-bridge-contract.md;reverse-engineering/source-code/gameplay/career-system.md	Simple inline/header body has no named or promoted semantic target after direct and bounded-owner-alias search; candidate bounded NO_MATCH only, not binary absence.	A promoted same-owner body or bounded alias with compatible ABI and source semantics falsifies the current negative search.
Career.h	140	CCareer::GetGoodieState	GetGoodieState(int goodie_num)	SOURCE_ONLY	NO_MATCH_FOUND		reverse-engineering/binary-analysis/ghidra-function-name-table-2026-08-17.tsv;reverse-engineering/binary-analysis/function-c1-closure-2026-08-11.tsv;references/Onslaught/Career.h:140;reverse-engineering/source-crosswalk/audit/REPORT.md;reverse-engineering/EVIDENCE-REGISTER.tsv;local-lab/re-campaign-incident-recovery-20260808-v1/generation-32-current-8329-db18625-v1/campaign-functions.tsv;reverse-engineering/binary-analysis/career-save-format-semantics-2026-08-11.tsv;reverse-engineering/binary-analysis/career-progression-static-bridge-contract.md;reverse-engineering/source-code/gameplay/career-system.md	Simple inline/header body has no named or promoted semantic target after direct and bounded-owner-alias search; candidate bounded NO_MATCH only, not binary absence.	A promoted same-owner body or bounded alias with compatible ABI and source semantics falsifies the current negative search.
Career.h	141	CCareer::SetGoodieState	SetGoodieState(int goodie_num, EGoodieState state)	SOURCE_ONLY	NO_MATCH_FOUND		reverse-engineering/binary-analysis/ghidra-function-name-table-2026-08-17.tsv;reverse-engineering/binary-analysis/function-c1-closure-2026-08-11.tsv;references/Onslaught/Career.h:141;reverse-engineering/source-crosswalk/audit/REPORT.md;reverse-engineering/EVIDENCE-REGISTER.tsv;local-lab/re-campaign-incident-recovery-20260808-v1/generation-32-current-8329-db18625-v1/campaign-functions.tsv;reverse-engineering/binary-analysis/career-save-format-semantics-2026-08-11.tsv;reverse-engineering/binary-analysis/career-progression-static-bridge-contract.md;reverse-engineering/source-code/gameplay/career-system.md	Simple inline/header body has no named or promoted semantic target after direct and bounded-owner-alias search; candidate bounded NO_MATCH only, not binary absence.	A promoted same-owner body or bounded alias with compatible ABI and source semantics falsifies the current negative search.
Career.h	153	CCareer::InProgress	InProgress()	SOURCE_ONLY	NO_MATCH_FOUND		reverse-engineering/binary-analysis/ghidra-function-name-table-2026-08-17.tsv;reverse-engineering/binary-analysis/function-c1-closure-2026-08-11.tsv;references/Onslaught/Career.h:153;reverse-engineering/source-crosswalk/audit/REPORT.md;reverse-engineering/EVIDENCE-REGISTER.tsv;local-lab/re-campaign-incident-recovery-20260808-v1/generation-32-current-8329-db18625-v1/campaign-functions.tsv;reverse-engineering/binary-analysis/career-save-format-semantics-2026-08-11.tsv;reverse-engineering/binary-analysis/career-progression-static-bridge-contract.md;reverse-engineering/source-code/gameplay/career-system.md	Simple inline/header body has no named or promoted semantic target after direct and bounded-owner-alias search; candidate bounded NO_MATCH only, not binary absence.	A promoted same-owner body or bounded alias with compatible ABI and source semantics falsifies the current negative search.
Career.h	154	CCareer::SetInProgress	SetInProgress()	SOURCE_ONLY	NO_MATCH_FOUND		reverse-engineering/binary-analysis/ghidra-function-name-table-2026-08-17.tsv;reverse-engineering/binary-analysis/function-c1-closure-2026-08-11.tsv;references/Onslaught/Career.h:154;reverse-engineering/source-crosswalk/audit/REPORT.md;reverse-engineering/EVIDENCE-REGISTER.tsv;local-lab/re-campaign-incident-recovery-20260808-v1/generation-32-current-8329-db18625-v1/campaign-functions.tsv;reverse-engineering/binary-analysis/career-save-format-semantics-2026-08-11.tsv;reverse-engineering/binary-analysis/career-progression-static-bridge-contract.md;reverse-engineering/source-code/gameplay/career-system.md	Simple inline/header body has no named or promoted semantic target after direct and bounded-owner-alias search; candidate bounded NO_MATCH only, not binary absence.	A promoted same-owner body or bounded alias with compatible ABI and source semantics falsifies the current negative search.
Career.h	156	CCareer::GetSlots	& GetSlots()	SOURCE_ONLY	NO_MATCH_FOUND		reverse-engineering/binary-analysis/ghidra-function-name-table-2026-08-17.tsv;reverse-engineering/binary-analysis/function-c1-closure-2026-08-11.tsv;references/Onslaught/Career.h:156;reverse-engineering/source-crosswalk/audit/REPORT.md;reverse-engineering/EVIDENCE-REGISTER.tsv;local-lab/re-campaign-incident-recovery-20260808-v1/generation-32-current-8329-db18625-v1/campaign-functions.tsv;reverse-engineering/binary-analysis/career-save-format-semantics-2026-08-11.tsv;reverse-engineering/binary-analysis/career-progression-static-bridge-contract.md;reverse-engineering/source-code/gameplay/career-system.md	Simple inline/header body has no named or promoted semantic target after direct and bounded-owner-alias search; candidate bounded NO_MATCH only, not binary absence.	A promoted same-owner body or bounded alias with compatible ABI and source semantics falsifies the current negative search.
Career.h	161	CCareer::GetIsGod	GetIsGod(int player)	SOURCE_ONLY	NO_MATCH_FOUND		reverse-engineering/binary-analysis/ghidra-function-name-table-2026-08-17.tsv;reverse-engineering/binary-analysis/function-c1-closure-2026-08-11.tsv;references/Onslaught/Career.h:161;reverse-engineering/source-crosswalk/audit/REPORT.md;reverse-engineering/EVIDENCE-REGISTER.tsv;local-lab/re-campaign-incident-recovery-20260808-v1/generation-32-current-8329-db18625-v1/campaign-functions.tsv;reverse-engineering/binary-analysis/career-save-format-semantics-2026-08-11.tsv;reverse-engineering/binary-analysis/career-progression-static-bridge-contract.md;reverse-engineering/source-code/gameplay/career-system.md	Simple inline/header body has no named or promoted semantic target after direct and bounded-owner-alias search; candidate bounded NO_MATCH only, not binary absence.	A promoted same-owner body or bounded alias with compatible ABI and source semantics falsifies the current negative search.
Career.h	162	CCareer::SetIsGod	SetIsGod(int player, BOOL val)	SOURCE_ONLY	NO_MATCH_FOUND		reverse-engineering/binary-analysis/ghidra-function-name-table-2026-08-17.tsv;reverse-engineering/binary-analysis/function-c1-closure-2026-08-11.tsv;references/Onslaught/Career.h:162;reverse-engineering/source-crosswalk/audit/REPORT.md;reverse-engineering/EVIDENCE-REGISTER.tsv;local-lab/re-campaign-incident-recovery-20260808-v1/generation-32-current-8329-db18625-v1/campaign-functions.tsv;reverse-engineering/binary-analysis/career-save-format-semantics-2026-08-11.tsv;reverse-engineering/binary-analysis/career-progression-static-bridge-contract.md;reverse-engineering/source-code/gameplay/career-system.md	Simple inline/header body has no named or promoted semantic target after direct and bounded-owner-alias search; candidate bounded NO_MATCH only, not binary absence.	A promoted same-owner body or bounded alias with compatible ABI and source semantics falsifies the current negative search.
Career.h	166	CCareer::GetSoundVolume	GetSoundVolume()	SOURCE_ONLY	NO_MATCH_FOUND		reverse-engineering/binary-analysis/ghidra-function-name-table-2026-08-17.tsv;reverse-engineering/binary-analysis/function-c1-closure-2026-08-11.tsv;references/Onslaught/Career.h:166;reverse-engineering/source-crosswalk/audit/REPORT.md;reverse-engineering/EVIDENCE-REGISTER.tsv;local-lab/re-campaign-incident-recovery-20260808-v1/generation-32-current-8329-db18625-v1/campaign-functions.tsv;reverse-engineering/binary-analysis/career-save-format-semantics-2026-08-11.tsv;reverse-engineering/binary-analysis/career-progression-static-bridge-contract.md;reverse-engineering/source-code/gameplay/career-system.md	Simple inline/header body has no named or promoted semantic target after direct and bounded-owner-alias search; candidate bounded NO_MATCH only, not binary absence.	A promoted same-owner body or bounded alias with compatible ABI and source semantics falsifies the current negative search.
Career.h	167	CCareer::SetSoundVolume	SetSoundVolume(float val)	SOURCE_ONLY	NO_MATCH_FOUND		reverse-engineering/binary-analysis/ghidra-function-name-table-2026-08-17.tsv;reverse-engineering/binary-analysis/function-c1-closure-2026-08-11.tsv;references/Onslaught/Career.h:167;reverse-engineering/source-crosswalk/audit/REPORT.md;reverse-engineering/EVIDENCE-REGISTER.tsv;local-lab/re-campaign-incident-recovery-20260808-v1/generation-32-current-8329-db18625-v1/campaign-functions.tsv;reverse-engineering/binary-analysis/career-save-format-semantics-2026-08-11.tsv;reverse-engineering/binary-analysis/career-progression-static-bridge-contract.md;reverse-engineering/source-code/gameplay/career-system.md	Simple inline/header body has no named or promoted semantic target after direct and bounded-owner-alias search; candidate bounded NO_MATCH only, not binary absence.	A promoted same-owner body or bounded alias with compatible ABI and source semantics falsifies the current negative search.
Career.h	169	CCareer::GetMusicVolume	GetMusicVolume()	SOURCE_ONLY	NO_MATCH_FOUND		reverse-engineering/binary-analysis/ghidra-function-name-table-2026-08-17.tsv;reverse-engineering/binary-analysis/function-c1-closure-2026-08-11.tsv;references/Onslaught/Career.h:169;reverse-engineering/source-crosswalk/audit/REPORT.md;reverse-engineering/EVIDENCE-REGISTER.tsv;local-lab/re-campaign-incident-recovery-20260808-v1/generation-32-current-8329-db18625-v1/campaign-functions.tsv;reverse-engineering/binary-analysis/career-save-format-semantics-2026-08-11.tsv;reverse-engineering/binary-analysis/career-progression-static-bridge-contract.md;reverse-engineering/source-code/gameplay/career-system.md	Simple inline/header body has no named or promoted semantic target after direct and bounded-owner-alias search; candidate bounded NO_MATCH only, not binary absence.	A promoted same-owner body or bounded alias with compatible ABI and source semantics falsifies the current negative search.
Career.h	170	CCareer::SetMusicVolume	SetMusicVolume(float val)	SOURCE_ONLY	NO_MATCH_FOUND		reverse-engineering/binary-analysis/ghidra-function-name-table-2026-08-17.tsv;reverse-engineering/binary-analysis/function-c1-closure-2026-08-11.tsv;references/Onslaught/Career.h:170;reverse-engineering/source-crosswalk/audit/REPORT.md;reverse-engineering/EVIDENCE-REGISTER.tsv;local-lab/re-campaign-incident-recovery-20260808-v1/generation-32-current-8329-db18625-v1/campaign-functions.tsv;reverse-engineering/binary-analysis/career-save-format-semantics-2026-08-11.tsv;reverse-engineering/binary-analysis/career-progression-static-bridge-contract.md;reverse-engineering/source-code/gameplay/career-system.md	Simple inline/header body has no named or promoted semantic target after direct and bounded-owner-alias search; candidate bounded NO_MATCH only, not binary absence.	A promoted same-owner body or bounded alias with compatible ABI and source semantics falsifies the current negative search.
Career.h	172	CCareer::GetControllerConfigurationNum	GetControllerConfigurationNum(int player)	SOURCE_ONLY	NO_MATCH_FOUND		reverse-engineering/binary-analysis/ghidra-function-name-table-2026-08-17.tsv;reverse-engineering/binary-analysis/function-c1-closure-2026-08-11.tsv;references/Onslaught/Career.h:172;reverse-engineering/source-crosswalk/audit/REPORT.md;reverse-engineering/EVIDENCE-REGISTER.tsv;local-lab/re-campaign-incident-recovery-20260808-v1/generation-32-current-8329-db18625-v1/campaign-functions.tsv;reverse-engineering/binary-analysis/career-save-format-semantics-2026-08-11.tsv;reverse-engineering/binary-analysis/career-progression-static-bridge-contract.md;reverse-engineering/source-code/gameplay/career-system.md	Simple inline/header body has no named or promoted semantic target after direct and bounded-owner-alias search; candidate bounded NO_MATCH only, not binary absence.	A promoted same-owner body or bounded alias with compatible ABI and source semantics falsifies the current negative search.
Career.h	173	CCareer::SetControllerConfigurationNum	SetControllerConfigurationNum(int player, int val)	SOURCE_ONLY	NO_MATCH_FOUND		reverse-engineering/binary-analysis/ghidra-function-name-table-2026-08-17.tsv;reverse-engineering/binary-analysis/function-c1-closure-2026-08-11.tsv;references/Onslaught/Career.h:173;reverse-engineering/source-crosswalk/audit/REPORT.md;reverse-engineering/EVIDENCE-REGISTER.tsv;local-lab/re-campaign-incident-recovery-20260808-v1/generation-32-current-8329-db18625-v1/campaign-functions.tsv;reverse-engineering/binary-analysis/career-save-format-semantics-2026-08-11.tsv;reverse-engineering/binary-analysis/career-progression-static-bridge-contract.md;reverse-engineering/source-code/gameplay/career-system.md	Simple inline/header body has no named or promoted semantic target after direct and bounded-owner-alias search; candidate bounded NO_MATCH only, not binary absence.	A promoted same-owner body or bounded alias with compatible ABI and source semantics falsifies the current negative search.
Career.h	176	CCareer::GetInvertYAxis	GetInvertYAxis(int player)	SOURCE_ONLY	NO_MATCH_FOUND		reverse-engineering/binary-analysis/ghidra-function-name-table-2026-08-17.tsv;reverse-engineering/binary-analysis/function-c1-closure-2026-08-11.tsv;references/Onslaught/Career.h:176;reverse-engineering/source-crosswalk/audit/REPORT.md;reverse-engineering/EVIDENCE-REGISTER.tsv;local-lab/re-campaign-incident-recovery-20260808-v1/generation-32-current-8329-db18625-v1/campaign-functions.tsv;reverse-engineering/binary-analysis/career-save-format-semantics-2026-08-11.tsv;reverse-engineering/binary-analysis/career-progression-static-bridge-contract.md;reverse-engineering/source-code/gameplay/career-system.md	Simple inline/header body has no named or promoted semantic target after direct and bounded-owner-alias search; candidate bounded NO_MATCH only, not binary absence.	A promoted same-owner body or bounded alias with compatible ABI and source semantics falsifies the current negative search.
Career.h	177	CCareer::SetInvertYAxis	SetInvertYAxis(int player, BOOL val)	SOURCE_ONLY	NO_MATCH_FOUND		reverse-engineering/binary-analysis/ghidra-function-name-table-2026-08-17.tsv;reverse-engineering/binary-analysis/function-c1-closure-2026-08-11.tsv;references/Onslaught/Career.h:177;reverse-engineering/source-crosswalk/audit/REPORT.md;reverse-engineering/EVIDENCE-REGISTER.tsv;local-lab/re-campaign-incident-recovery-20260808-v1/generation-32-current-8329-db18625-v1/campaign-functions.tsv;reverse-engineering/binary-analysis/career-save-format-semantics-2026-08-11.tsv;reverse-engineering/binary-analysis/career-progression-static-bridge-contract.md;reverse-engineering/source-code/gameplay/career-system.md	Simple inline/header body has no named or promoted semantic target after direct and bounded-owner-alias search; candidate bounded NO_MATCH only, not binary absence.	A promoted same-owner body or bounded alias with compatible ABI and source semantics falsifies the current negative search.
Career.h	178	CCareer::GetVibration	GetVibration(int player)	SOURCE_ONLY	NO_MATCH_FOUND		reverse-engineering/binary-analysis/ghidra-function-name-table-2026-08-17.tsv;reverse-engineering/binary-analysis/function-c1-closure-2026-08-11.tsv;references/Onslaught/Career.h:178;reverse-engineering/source-crosswalk/audit/REPORT.md;reverse-engineering/EVIDENCE-REGISTER.tsv;local-lab/re-campaign-incident-recovery-20260808-v1/generation-32-current-8329-db18625-v1/campaign-functions.tsv;reverse-engineering/binary-analysis/career-save-format-semantics-2026-08-11.tsv;reverse-engineering/binary-analysis/career-progression-static-bridge-contract.md;reverse-engineering/source-code/gameplay/career-system.md	Simple inline/header body has no named or promoted semantic target after direct and bounded-owner-alias search; candidate bounded NO_MATCH only, not binary absence.	A promoted same-owner body or bounded alias with compatible ABI and source semantics falsifies the current negative search.
Career.h	179	CCareer::SetVibration	SetVibration(int player, BOOL val)	SOURCE_ONLY	NO_MATCH_FOUND		reverse-engineering/binary-analysis/ghidra-function-name-table-2026-08-17.tsv;reverse-engineering/binary-analysis/function-c1-closure-2026-08-11.tsv;references/Onslaught/Career.h:179;reverse-engineering/source-crosswalk/audit/REPORT.md;reverse-engineering/EVIDENCE-REGISTER.tsv;local-lab/re-campaign-incident-recovery-20260808-v1/generation-32-current-8329-db18625-v1/campaign-functions.tsv;reverse-engineering/binary-analysis/career-save-format-semantics-2026-08-11.tsv;reverse-engineering/binary-analysis/career-progression-static-bridge-contract.md;reverse-engineering/source-code/gameplay/career-system.md	Simple inline/header body has no named or promoted semantic target after direct and bounded-owner-alias search; candidate bounded NO_MATCH only, not binary absence.	A promoted same-owner body or bounded alias with compatible ABI and source semantics falsifies the current negative search.
Controller.h	194	CController::SetConfigurationNum	SetConfigurationNum(int num)	SOURCE_ONLY	NO_MATCH_FOUND		reverse-engineering/binary-analysis/ghidra-function-name-table-2026-08-17.tsv;reverse-engineering/binary-analysis/function-c1-closure-2026-08-11.tsv;references/Onslaught/Controller.h:194;reverse-engineering/source-crosswalk/audit/REPORT.md;reverse-engineering/EVIDENCE-REGISTER.tsv;local-lab/re-campaign-incident-recovery-20260808-v1/generation-32-current-8329-db18625-v1/campaign-functions.tsv;reverse-engineering/binary-analysis/controller-shared-semantics-2026-08-11.tsv;reverse-engineering/binary-analysis/cpccontroller-vtable-semantics-2026-08-11.tsv;reverse-engineering/binary-analysis/controller-player-game-event-spine-2026-08-11.tsv;reverse-engineering/source-code/frontend/controller-system.md	Simple inline/header body has no named or promoted semantic target after direct and bounded-owner-alias search; candidate bounded NO_MATCH only, not binary absence.	A promoted same-owner body or bounded alias with compatible ABI and source semantics falsifies the current negative search.
Controller.h	195	CController::GetConfigurationNum	GetConfigurationNum()	SOURCE_ONLY	NO_MATCH_FOUND		reverse-engineering/binary-analysis/ghidra-function-name-table-2026-08-17.tsv;reverse-engineering/binary-analysis/function-c1-closure-2026-08-11.tsv;references/Onslaught/Controller.h:195;reverse-engineering/source-crosswalk/audit/REPORT.md;reverse-engineering/EVIDENCE-REGISTER.tsv;local-lab/re-campaign-incident-recovery-20260808-v1/generation-32-current-8329-db18625-v1/campaign-functions.tsv;reverse-engineering/binary-analysis/controller-shared-semantics-2026-08-11.tsv;reverse-engineering/binary-analysis/cpccontroller-vtable-semantics-2026-08-11.tsv;reverse-engineering/binary-analysis/controller-player-game-event-spine-2026-08-11.tsv;reverse-engineering/source-code/frontend/controller-system.md	Simple inline/header body has no named or promoted semantic target after direct and bounded-owner-alias search; candidate bounded NO_MATCH only, not binary absence.	A promoted same-owner body or bounded alias with compatible ABI and source semantics falsifies the current negative search.
Controller.h	197	CController::GetReverseLookYAxis	GetReverseLookYAxis()	SOURCE_ONLY	NO_MATCH_FOUND		reverse-engineering/binary-analysis/ghidra-function-name-table-2026-08-17.tsv;reverse-engineering/binary-analysis/function-c1-closure-2026-08-11.tsv;references/Onslaught/Controller.h:197;reverse-engineering/source-crosswalk/audit/REPORT.md;reverse-engineering/EVIDENCE-REGISTER.tsv;local-lab/re-campaign-incident-recovery-20260808-v1/generation-32-current-8329-db18625-v1/campaign-functions.tsv;reverse-engineering/binary-analysis/controller-shared-semantics-2026-08-11.tsv;reverse-engineering/binary-analysis/cpccontroller-vtable-semantics-2026-08-11.tsv;reverse-engineering/binary-analysis/controller-player-game-event-spine-2026-08-11.tsv;reverse-engineering/source-code/frontend/controller-system.md	Simple inline/header body has no named or promoted semantic target after direct and bounded-owner-alias search; candidate bounded NO_MATCH only, not binary absence.	A promoted same-owner body or bounded alias with compatible ABI and source semantics falsifies the current negative search.
Controller.h	202	CController::IsPresent	IsPresent()	SOURCE_ONLY	NO_MATCH_FOUND		reverse-engineering/binary-analysis/ghidra-function-name-table-2026-08-17.tsv;reverse-engineering/binary-analysis/function-c1-closure-2026-08-11.tsv;references/Onslaught/Controller.h:202;reverse-engineering/source-crosswalk/audit/REPORT.md;reverse-engineering/EVIDENCE-REGISTER.tsv;local-lab/re-campaign-incident-recovery-20260808-v1/generation-32-current-8329-db18625-v1/campaign-functions.tsv;reverse-engineering/binary-analysis/controller-shared-semantics-2026-08-11.tsv;reverse-engineering/binary-analysis/cpccontroller-vtable-semantics-2026-08-11.tsv;reverse-engineering/binary-analysis/controller-player-game-event-spine-2026-08-11.tsv;reverse-engineering/source-code/frontend/controller-system.md	Simple inline/header body has no named or promoted semantic target after direct and bounded-owner-alias search; candidate bounded NO_MATCH only, not binary absence.	A promoted same-owner body or bounded alias with compatible ABI and source semantics falsifies the current negative search.
Controller.h	258	CController::GetPadNumber	GetPadNumber()	SOURCE_ONLY	NO_MATCH_FOUND		reverse-engineering/binary-analysis/ghidra-function-name-table-2026-08-17.tsv;reverse-engineering/binary-analysis/function-c1-closure-2026-08-11.tsv;references/Onslaught/Controller.h:258;reverse-engineering/source-crosswalk/audit/REPORT.md;reverse-engineering/EVIDENCE-REGISTER.tsv;local-lab/re-campaign-incident-recovery-20260808-v1/generation-32-current-8329-db18625-v1/campaign-functions.tsv;reverse-engineering/binary-analysis/controller-shared-semantics-2026-08-11.tsv;reverse-engineering/binary-analysis/cpccontroller-vtable-semantics-2026-08-11.tsv;reverse-engineering/binary-analysis/controller-player-game-event-spine-2026-08-11.tsv;reverse-engineering/source-code/frontend/controller-system.md	Simple inline/header body has no named or promoted semantic target after direct and bounded-owner-alias search; candidate bounded NO_MATCH only, not binary absence.	A promoted same-owner body or bounded alias with compatible ABI and source semantics falsifies the current negative search.
DXGame.h	15	CDXGame::SetBaseTime	SetBaseTime(float t)	SOURCE_ONLY	NO_MATCH_FOUND		reverse-engineering/binary-analysis/ghidra-function-name-table-2026-08-17.tsv;reverse-engineering/binary-analysis/function-c1-closure-2026-08-11.tsv;references/Onslaught/DXGame.h:15;reverse-engineering/source-crosswalk/audit/REPORT.md;reverse-engineering/EVIDENCE-REGISTER.tsv;local-lab/re-campaign-incident-recovery-20260808-v1/generation-32-current-8329-db18625-v1/campaign-functions.tsv;reverse-engineering/binary-analysis/cgame-level-lifecycle-semantics-2026-08-11.tsv;reverse-engineering/binary-analysis/controller-player-game-event-spine-2026-08-11.tsv;reverse-engineering/source-code/gameplay/game-system.md	Simple inline/header body has no named or promoted semantic target after direct and bounded-owner-alias search; candidate bounded NO_MATCH only, not binary absence.	A promoted same-owner body or bounded alias with compatible ABI and source semantics falsifies the current negative search.
DXGame.h	16	CDXGame::SetFrameTime	SetFrameTime(float t)	SOURCE_ONLY	NO_MATCH_FOUND		reverse-engineering/binary-analysis/ghidra-function-name-table-2026-08-17.tsv;reverse-engineering/binary-analysis/function-c1-closure-2026-08-11.tsv;references/Onslaught/DXGame.h:16;reverse-engineering/source-crosswalk/audit/REPORT.md;reverse-engineering/EVIDENCE-REGISTER.tsv;local-lab/re-campaign-incident-recovery-20260808-v1/generation-32-current-8329-db18625-v1/campaign-functions.tsv;reverse-engineering/binary-analysis/cgame-level-lifecycle-semantics-2026-08-11.tsv;reverse-engineering/binary-analysis/controller-player-game-event-spine-2026-08-11.tsv;reverse-engineering/source-code/gameplay/game-system.md	Simple inline/header body has no named or promoted semantic target after direct and bounded-owner-alias search; candidate bounded NO_MATCH only, not binary absence.	A promoted same-owner body or bounded alias with compatible ABI and source semantics falsifies the current negative search.
event.h	16	CEvent::CEvent	CEvent()	RETAIL_UNRESOLVED	NO_MATCH_FOUND		references/Onslaught/event.h:16;reverse-engineering/source-crosswalk/audit/REPORT.md;reverse-engineering/binary-analysis/ghidra-function-name-table-2026-08-17.tsv;reverse-engineering/binary-analysis/function-c1-closure-2026-08-11.tsv;reverse-engineering/EVIDENCE-REGISTER.tsv;local-lab/re-campaign-incident-recovery-20260808-v1/generation-32-current-8329-db18625-v1/campaign-functions.tsv;reverse-engineering/binary-analysis/event-manager-scheduler-semantics-2026-08-11.tsv;reverse-engineering/source-code/io/event-system.md	Same qualified source function is defined at another file/line (typically a selected preprocessor branch); determine build membership first.	Compiler target membership plus overload/operator identity that selects one retail body resolves and may falsify this unresolved classification.
event.h	18	CEvent::SetNum	SetNum(const int event)	SOURCE_ONLY	NO_MATCH_FOUND		reverse-engineering/binary-analysis/ghidra-function-name-table-2026-08-17.tsv;reverse-engineering/binary-analysis/function-c1-closure-2026-08-11.tsv;references/Onslaught/event.h:18;reverse-engineering/source-crosswalk/audit/REPORT.md;reverse-engineering/EVIDENCE-REGISTER.tsv;local-lab/re-campaign-incident-recovery-20260808-v1/generation-32-current-8329-db18625-v1/campaign-functions.tsv;reverse-engineering/binary-analysis/event-manager-scheduler-semantics-2026-08-11.tsv;reverse-engineering/source-code/io/event-system.md	Simple inline/header body has no named or promoted semantic target after direct and bounded-owner-alias search; candidate bounded NO_MATCH only, not binary absence.	A promoted same-owner body or bounded alias with compatible ABI and source semantics falsifies the current negative search.
event.h	19	CEvent::GetEventNum	GetEventNum()	SOURCE_ONLY	NO_MATCH_FOUND		reverse-engineering/binary-analysis/ghidra-function-name-table-2026-08-17.tsv;reverse-engineering/binary-analysis/function-c1-closure-2026-08-11.tsv;references/Onslaught/event.h:19;reverse-engineering/source-crosswalk/audit/REPORT.md;reverse-engineering/EVIDENCE-REGISTER.tsv;local-lab/re-campaign-incident-recovery-20260808-v1/generation-32-current-8329-db18625-v1/campaign-functions.tsv;reverse-engineering/binary-analysis/event-manager-scheduler-semantics-2026-08-11.tsv;reverse-engineering/source-code/io/event-system.md	Simple inline/header body has no named or promoted semantic target after direct and bounded-owner-alias search; candidate bounded NO_MATCH only, not binary absence.	A promoted same-owner body or bounded alias with compatible ABI and source semantics falsifies the current negative search.
event.h	20	CEvent::SetToCall	SetToCall(CMonitor* to_call)	SOURCE_ONLY	NO_MATCH_FOUND		reverse-engineering/binary-analysis/ghidra-function-name-table-2026-08-17.tsv;reverse-engineering/binary-analysis/function-c1-closure-2026-08-11.tsv;references/Onslaught/event.h:20;reverse-engineering/source-crosswalk/audit/REPORT.md;reverse-engineering/EVIDENCE-REGISTER.tsv;local-lab/re-campaign-incident-recovery-20260808-v1/generation-32-current-8329-db18625-v1/campaign-functions.tsv;reverse-engineering/binary-analysis/event-manager-scheduler-semantics-2026-08-11.tsv;reverse-engineering/source-code/io/event-system.md	Simple inline/header body has no named or promoted semantic target after direct and bounded-owner-alias search; candidate bounded NO_MATCH only, not binary absence.	A promoted same-owner body or bounded alias with compatible ABI and source semantics falsifies the current negative search.
event.h	21	CEvent::GetToCall	*  GetToCall()	SOURCE_ONLY	NO_MATCH_FOUND		reverse-engineering/binary-analysis/ghidra-function-name-table-2026-08-17.tsv;reverse-engineering/binary-analysis/function-c1-closure-2026-08-11.tsv;references/Onslaught/event.h:21;reverse-engineering/source-crosswalk/audit/REPORT.md;reverse-engineering/EVIDENCE-REGISTER.tsv;local-lab/re-campaign-incident-recovery-20260808-v1/generation-32-current-8329-db18625-v1/campaign-functions.tsv;reverse-engineering/binary-analysis/event-manager-scheduler-semantics-2026-08-11.tsv;reverse-engineering/source-code/io/event-system.md	Simple inline/header body has no named or promoted semantic target after direct and bounded-owner-alias search; candidate bounded NO_MATCH only, not binary absence.	A promoted same-owner body or bounded alias with compatible ABI and source semantics falsifies the current negative search.
eventmanager.h	58	CEventManager::TotalEvents	TotalEvents()	SOURCE_ONLY	NO_MATCH_FOUND		reverse-engineering/binary-analysis/ghidra-function-name-table-2026-08-17.tsv;reverse-engineering/binary-analysis/function-c1-closure-2026-08-11.tsv;references/Onslaught/eventmanager.h:58;reverse-engineering/source-crosswalk/audit/REPORT.md;reverse-engineering/EVIDENCE-REGISTER.tsv;local-lab/re-campaign-incident-recovery-20260808-v1/generation-32-current-8329-db18625-v1/campaign-functions.tsv;reverse-engineering/binary-analysis/event-manager-scheduler-semantics-2026-08-11.tsv;reverse-engineering/source-code/io/event-system.md	Simple inline/header body has no named or promoted semantic target after direct and bounded-owner-alias search; candidate bounded NO_MATCH only, not binary absence.	A promoted same-owner body or bounded alias with compatible ABI and source semantics falsifies the current negative search.
eventmanager.h	59	CEventManager::GetNumEventsProcessedInLastUpdate	GetNumEventsProcessedInLastUpdate()	SOURCE_ONLY	NO_MATCH_FOUND		reverse-engineering/binary-analysis/ghidra-function-name-table-2026-08-17.tsv;reverse-engineering/binary-analysis/function-c1-closure-2026-08-11.tsv;references/Onslaught/eventmanager.h:59;reverse-engineering/source-crosswalk/audit/REPORT.md;reverse-engineering/EVIDENCE-REGISTER.tsv;local-lab/re-campaign-incident-recovery-20260808-v1/generation-32-current-8329-db18625-v1/campaign-functions.tsv;reverse-engineering/binary-analysis/event-manager-scheduler-semantics-2026-08-11.tsv;reverse-engineering/source-code/io/event-system.md	Simple inline/header body has no named or promoted semantic target after direct and bounded-owner-alias search; candidate bounded NO_MATCH only, not binary absence.	A promoted same-owner body or bounded alias with compatible ABI and source semantics falsifies the current negative search.
eventmanager.h	60	CEventManager::GetTime	& GetTime()	SOURCE_ONLY	NO_MATCH_FOUND		reverse-engineering/binary-analysis/ghidra-function-name-table-2026-08-17.tsv;reverse-engineering/binary-analysis/function-c1-closure-2026-08-11.tsv;references/Onslaught/eventmanager.h:60;reverse-engineering/source-crosswalk/audit/REPORT.md;reverse-engineering/EVIDENCE-REGISTER.tsv;local-lab/re-campaign-incident-recovery-20260808-v1/generation-32-current-8329-db18625-v1/campaign-functions.tsv;reverse-engineering/binary-analysis/event-manager-scheduler-semantics-2026-08-11.tsv;reverse-engineering/source-code/io/event-system.md	Simple inline/header body has no named or promoted semantic target after direct and bounded-owner-alias search; candidate bounded NO_MATCH only, not binary absence.	A promoted same-owner body or bounded alias with compatible ABI and source semantics falsifies the current negative search.
eventmanager.h	61	CEventManager::GetCurrentEventProcessNum	GetCurrentEventProcessNum()	SOURCE_ONLY	NO_MATCH_FOUND		reverse-engineering/binary-analysis/ghidra-function-name-table-2026-08-17.tsv;reverse-engineering/binary-analysis/function-c1-closure-2026-08-11.tsv;references/Onslaught/eventmanager.h:61;reverse-engineering/source-crosswalk/audit/REPORT.md;reverse-engineering/EVIDENCE-REGISTER.tsv;local-lab/re-campaign-incident-recovery-20260808-v1/generation-32-current-8329-db18625-v1/campaign-functions.tsv;reverse-engineering/binary-analysis/event-manager-scheduler-semantics-2026-08-11.tsv;reverse-engineering/source-code/io/event-system.md	Simple inline/header body has no named or promoted semantic target after direct and bounded-owner-alias search; candidate bounded NO_MATCH only, not binary absence.	A promoted same-owner body or bounded alias with compatible ABI and source semantics falsifies the current negative search.
eventmanager.h	62	CEventManager::GetFrameCount	GetFrameCount()	SOURCE_ONLY	NO_MATCH_FOUND		reverse-engineering/binary-analysis/ghidra-function-name-table-2026-08-17.tsv;reverse-engineering/binary-analysis/function-c1-closure-2026-08-11.tsv;references/Onslaught/eventmanager.h:62;reverse-engineering/source-crosswalk/audit/REPORT.md;reverse-engineering/EVIDENCE-REGISTER.tsv;local-lab/re-campaign-incident-recovery-20260808-v1/generation-32-current-8329-db18625-v1/campaign-functions.tsv;reverse-engineering/binary-analysis/event-manager-scheduler-semantics-2026-08-11.tsv;reverse-engineering/source-code/io/event-system.md	Simple inline/header body has no named or promoted semantic target after direct and bounded-owner-alias search; candidate bounded NO_MATCH only, not binary absence.	A promoted same-owner body or bounded alias with compatible ABI and source semantics falsifies the current negative search.
eventmanager.h	68	CEventManager::IsValid	IsValid()	SOURCE_ONLY	NO_MATCH_FOUND		reverse-engineering/binary-analysis/ghidra-function-name-table-2026-08-17.tsv;reverse-engineering/binary-analysis/function-c1-closure-2026-08-11.tsv;references/Onslaught/eventmanager.h:68;reverse-engineering/source-crosswalk/audit/REPORT.md;reverse-engineering/EVIDENCE-REGISTER.tsv;local-lab/re-campaign-incident-recovery-20260808-v1/generation-32-current-8329-db18625-v1/campaign-functions.tsv;reverse-engineering/binary-analysis/event-manager-scheduler-semantics-2026-08-11.tsv;reverse-engineering/source-code/io/event-system.md	Simple inline/header body has no named or promoted semantic target after direct and bounded-owner-alias search; candidate bounded NO_MATCH only, not binary absence.	A promoted same-owner body or bounded alias with compatible ABI and source semantics falsifies the current negative search.
FEPGoodies.h	35	CGoodieData::GetNumber	GetNumber() const	SOURCE_ONLY	NO_MATCH_FOUND		reverse-engineering/binary-analysis/ghidra-function-name-table-2026-08-17.tsv;reverse-engineering/binary-analysis/function-c1-closure-2026-08-11.tsv;references/Onslaught/FEPGoodies.h:35;reverse-engineering/source-crosswalk/audit/REPORT.md;reverse-engineering/EVIDENCE-REGISTER.tsv;local-lab/re-campaign-incident-recovery-20260808-v1/generation-32-current-8329-db18625-v1/campaign-functions.tsv;reverse-engineering/binary-analysis/frontend-save-load-semantics-2026-08-11.tsv;reverse-engineering/source-code/frontend/fep-systems.md	Simple inline/header body has no named or promoted semantic target after direct and bounded-owner-alias search; candidate bounded NO_MATCH only, not binary absence.	A promoted same-owner body or bounded alias with compatible ABI and source semantics falsifies the current negative search.
FEPGoodies.h	36	CGoodieData::GetNumber2	GetNumber2() const	SOURCE_ONLY	NO_MATCH_FOUND		reverse-engineering/binary-analysis/ghidra-function-name-table-2026-08-17.tsv;reverse-engineering/binary-analysis/function-c1-closure-2026-08-11.tsv;references/Onslaught/FEPGoodies.h:36;reverse-engineering/source-crosswalk/audit/REPORT.md;reverse-engineering/EVIDENCE-REGISTER.tsv;local-lab/re-campaign-incident-recovery-20260808-v1/generation-32-current-8329-db18625-v1/campaign-functions.tsv;reverse-engineering/binary-analysis/frontend-save-load-semantics-2026-08-11.tsv;reverse-engineering/source-code/frontend/fep-systems.md	Simple inline/header body has no named or promoted semantic target after direct and bounded-owner-alias search; candidate bounded NO_MATCH only, not binary absence.	A promoted same-owner body or bounded alias with compatible ABI and source semantics falsifies the current negative search.
FrontEnd.cpp	32	CFrontEnd::CFrontEnd	CFrontEnd::CFrontEnd(void)	RETAIL_UNRESOLVED	NO_MATCH_FOUND		reverse-engineering/binary-analysis/ghidra-function-name-table-2026-08-17.tsv;reverse-engineering/binary-analysis/function-c1-closure-2026-08-11.tsv;references/Onslaught/FrontEnd.cpp:32;reverse-engineering/source-crosswalk/audit/REPORT.md;reverse-engineering/EVIDENCE-REGISTER.tsv;local-lab/re-campaign-incident-recovery-20260808-v1/generation-32-current-8329-db18625-v1/campaign-functions.tsv;reverse-engineering/binary-analysis/frontend-save-load-semantics-2026-08-11.tsv;reverse-engineering/source-code/frontend/fep-systems.md	Out-of-line source definition has no proven tracked analog; external static/ABI or runtime proof is required before a negative or VA assignment.	Static ABI/xref/body evidence or controlled runtime evidence that proves a target resolves and may falsify this unresolved classification.
Frontend.h	115	CFrontEnd::CanBeControlledWhenInPause	CanBeControlledWhenInPause()	SOURCE_ONLY	NO_MATCH_FOUND		reverse-engineering/binary-analysis/ghidra-function-name-table-2026-08-17.tsv;reverse-engineering/binary-analysis/function-c1-closure-2026-08-11.tsv;references/Onslaught/Frontend.h:115;reverse-engineering/source-crosswalk/audit/REPORT.md;reverse-engineering/EVIDENCE-REGISTER.tsv;local-lab/re-campaign-incident-recovery-20260808-v1/generation-32-current-8329-db18625-v1/campaign-functions.tsv;reverse-engineering/binary-analysis/frontend-save-load-semantics-2026-08-11.tsv;reverse-engineering/source-code/frontend/fep-systems.md	Simple inline/header body has no named or promoted semantic target after direct and bounded-owner-alias search; candidate bounded NO_MATCH only, not binary absence.	A promoted same-owner body or bounded alias with compatible ABI and source semantics falsifies the current negative search.
Frontend.h	116	CFrontEnd::GetControlType	GetControlType()	SOURCE_ONLY	NO_MATCH_FOUND		reverse-engineering/binary-analysis/ghidra-function-name-table-2026-08-17.tsv;reverse-engineering/binary-analysis/function-c1-closure-2026-08-11.tsv;references/Onslaught/Frontend.h:116;reverse-engineering/source-crosswalk/audit/REPORT.md;reverse-engineering/EVIDENCE-REGISTER.tsv;local-lab/re-campaign-incident-recovery-20260808-v1/generation-32-current-8329-db18625-v1/campaign-functions.tsv;reverse-engineering/binary-analysis/frontend-save-load-semantics-2026-08-11.tsv;reverse-engineering/source-code/frontend/fep-systems.md	Simple inline/header body has no named or promoted semantic target after direct and bounded-owner-alias search; candidate bounded NO_MATCH only, not binary absence.	A promoted same-owner body or bounded alias with compatible ABI and source semantics falsifies the current negative search.
Frontend.h	119	CFrontEnd::GetCounter	GetCounter()	SOURCE_ONLY	NO_MATCH_FOUND		reverse-engineering/binary-analysis/ghidra-function-name-table-2026-08-17.tsv;reverse-engineering/binary-analysis/function-c1-closure-2026-08-11.tsv;references/Onslaught/Frontend.h:119;reverse-engineering/source-crosswalk/audit/REPORT.md;reverse-engineering/EVIDENCE-REGISTER.tsv;local-lab/re-campaign-incident-recovery-20260808-v1/generation-32-current-8329-db18625-v1/campaign-functions.tsv;reverse-engineering/binary-analysis/frontend-save-load-semantics-2026-08-11.tsv;reverse-engineering/source-code/frontend/fep-systems.md	Simple inline/header body has no named or promoted semantic target after direct and bounded-owner-alias search; candidate bounded NO_MATCH only, not binary absence.	A promoted same-owner body or bounded alias with compatible ABI and source semantics falsifies the current negative search.
Frontend.h	120	CFrontEnd::SetQuit	SetQuit(SINT val)	SOURCE_ONLY	NO_MATCH_FOUND		reverse-engineering/binary-analysis/ghidra-function-name-table-2026-08-17.tsv;reverse-engineering/binary-analysis/function-c1-closure-2026-08-11.tsv;references/Onslaught/Frontend.h:120;reverse-engineering/source-crosswalk/audit/REPORT.md;reverse-engineering/EVIDENCE-REGISTER.tsv;local-lab/re-campaign-incident-recovery-20260808-v1/generation-32-current-8329-db18625-v1/campaign-functions.tsv;reverse-engineering/binary-analysis/frontend-save-load-semantics-2026-08-11.tsv;reverse-engineering/source-code/frontend/fep-systems.md	Simple inline/header body has no named or promoted semantic target after direct and bounded-owner-alias search; candidate bounded NO_MATCH only, not binary absence.	A promoted same-owner body or bounded alias with compatible ABI and source semantics falsifies the current negative search.
Frontend.h	123	CFrontEnd::GetCurrentPage	GetCurrentPage()	SOURCE_ONLY	NO_MATCH_FOUND		reverse-engineering/binary-analysis/ghidra-function-name-table-2026-08-17.tsv;reverse-engineering/binary-analysis/function-c1-closure-2026-08-11.tsv;references/Onslaught/Frontend.h:123;reverse-engineering/source-crosswalk/audit/REPORT.md;reverse-engineering/EVIDENCE-REGISTER.tsv;local-lab/re-campaign-incident-recovery-20260808-v1/generation-32-current-8329-db18625-v1/campaign-functions.tsv;reverse-engineering/binary-analysis/frontend-save-load-semantics-2026-08-11.tsv;reverse-engineering/source-code/frontend/fep-systems.md	Simple inline/header body has no named or promoted semantic target after direct and bounded-owner-alias search; candidate bounded NO_MATCH only, not binary absence.	A promoted same-owner body or bounded alias with compatible ABI and source semantics falsifies the current negative search.
Frontend.h	124	CFrontEnd::GetTransitionTo	GetTransitionTo()	SOURCE_ONLY	NO_MATCH_FOUND		reverse-engineering/binary-analysis/ghidra-function-name-table-2026-08-17.tsv;reverse-engineering/binary-analysis/function-c1-closure-2026-08-11.tsv;references/Onslaught/Frontend.h:124;reverse-engineering/source-crosswalk/audit/REPORT.md;reverse-engineering/EVIDENCE-REGISTER.tsv;local-lab/re-campaign-incident-recovery-20260808-v1/generation-32-current-8329-db18625-v1/campaign-functions.tsv;reverse-engineering/binary-analysis/frontend-save-load-semantics-2026-08-11.tsv;reverse-engineering/source-code/frontend/fep-systems.md	Simple inline/header body has no named or promoted semantic target after direct and bounded-owner-alias search; candidate bounded NO_MATCH only, not binary absence.	A promoted same-owner body or bounded alias with compatible ABI and source semantics falsifies the current negative search.
Frontend.h	125	CFrontEnd::GetTransitionFrom	GetTransitionFrom()	SOURCE_ONLY	NO_MATCH_FOUND		reverse-engineering/binary-analysis/ghidra-function-name-table-2026-08-17.tsv;reverse-engineering/binary-analysis/function-c1-closure-2026-08-11.tsv;references/Onslaught/Frontend.h:125;reverse-engineering/source-crosswalk/audit/REPORT.md;reverse-engineering/EVIDENCE-REGISTER.tsv;local-lab/re-campaign-incident-recovery-20260808-v1/generation-32-current-8329-db18625-v1/campaign-functions.tsv;reverse-engineering/binary-analysis/frontend-save-load-semantics-2026-08-11.tsv;reverse-engineering/source-code/frontend/fep-systems.md	Simple inline/header body has no named or promoted semantic target after direct and bounded-owner-alias search; candidate bounded NO_MATCH only, not binary absence.	A promoted same-owner body or bounded alias with compatible ABI and source semantics falsifies the current negative search.
Frontend.h	127	CFrontEnd::GetCommonPage	*GetCommonPage()	SOURCE_ONLY	NO_MATCH_FOUND		reverse-engineering/binary-analysis/ghidra-function-name-table-2026-08-17.tsv;reverse-engineering/binary-analysis/function-c1-closure-2026-08-11.tsv;references/Onslaught/Frontend.h:127;reverse-engineering/source-crosswalk/audit/REPORT.md;reverse-engineering/EVIDENCE-REGISTER.tsv;local-lab/re-campaign-incident-recovery-20260808-v1/generation-32-current-8329-db18625-v1/campaign-functions.tsv;reverse-engineering/binary-analysis/frontend-save-load-semantics-2026-08-11.tsv;reverse-engineering/source-code/frontend/fep-systems.md	Simple inline/header body has no named or promoted semantic target after direct and bounded-owner-alias search; candidate bounded NO_MATCH only, not binary absence.	A promoted same-owner body or bounded alias with compatible ABI and source semantics falsifies the current negative search.
Frontend.h	152	CFrontEnd::GetSaveMode	GetSaveMode()	SOURCE_ONLY	NO_MATCH_FOUND		reverse-engineering/binary-analysis/ghidra-function-name-table-2026-08-17.tsv;reverse-engineering/binary-analysis/function-c1-closure-2026-08-11.tsv;references/Onslaught/Frontend.h:152;reverse-engineering/source-crosswalk/audit/REPORT.md;reverse-engineering/EVIDENCE-REGISTER.tsv;local-lab/re-campaign-incident-recovery-20260808-v1/generation-32-current-8329-db18625-v1/campaign-functions.tsv;reverse-engineering/binary-analysis/frontend-save-load-semantics-2026-08-11.tsv;reverse-engineering/source-code/frontend/fep-systems.md	Simple inline/header body has no named or promoted semantic target after direct and bounded-owner-alias search; candidate bounded NO_MATCH only, not binary absence.	A promoted same-owner body or bounded alias with compatible ABI and source semantics falsifies the current negative search.
Frontend.h	162	CFrontEnd::GetAutoSave	GetAutoSave()	SOURCE_ONLY	NO_MATCH_FOUND		reverse-engineering/binary-analysis/ghidra-function-name-table-2026-08-17.tsv;reverse-engineering/binary-analysis/function-c1-closure-2026-08-11.tsv;references/Onslaught/Frontend.h:162;reverse-engineering/source-crosswalk/audit/REPORT.md;reverse-engineering/EVIDENCE-REGISTER.tsv;local-lab/re-campaign-incident-recovery-20260808-v1/generation-32-current-8329-db18625-v1/campaign-functions.tsv;reverse-engineering/binary-analysis/frontend-save-load-semantics-2026-08-11.tsv;reverse-engineering/source-code/frontend/fep-systems.md	Simple inline/header body has no named or promoted semantic target after direct and bounded-owner-alias search; candidate bounded NO_MATCH only, not binary absence.	A promoted same-owner body or bounded alias with compatible ABI and source semantics falsifies the current negative search.
Frontend.h	163	CFrontEnd::SetAutoSave	SetAutoSave(AutoSaveMode as)	SOURCE_ONLY	NO_MATCH_FOUND		reverse-engineering/binary-analysis/ghidra-function-name-table-2026-08-17.tsv;reverse-engineering/binary-analysis/function-c1-closure-2026-08-11.tsv;references/Onslaught/Frontend.h:163;reverse-engineering/source-crosswalk/audit/REPORT.md;reverse-engineering/EVIDENCE-REGISTER.tsv;local-lab/re-campaign-incident-recovery-20260808-v1/generation-32-current-8329-db18625-v1/campaign-functions.tsv;reverse-engineering/binary-analysis/frontend-save-load-semantics-2026-08-11.tsv;reverse-engineering/source-code/frontend/fep-systems.md	Simple inline/header body has no named or promoted semantic target after direct and bounded-owner-alias search; candidate bounded NO_MATCH only, not binary absence.	A promoted same-owner body or bounded alias with compatible ABI and source semantics falsifies the current negative search.
Frontend.h	165	CFrontEnd::GetMemoryCardNumber	GetMemoryCardNumber()	SOURCE_ONLY	NO_MATCH_FOUND		reverse-engineering/binary-analysis/ghidra-function-name-table-2026-08-17.tsv;reverse-engineering/binary-analysis/function-c1-closure-2026-08-11.tsv;references/Onslaught/Frontend.h:165;reverse-engineering/source-crosswalk/audit/REPORT.md;reverse-engineering/EVIDENCE-REGISTER.tsv;local-lab/re-campaign-incident-recovery-20260808-v1/generation-32-current-8329-db18625-v1/campaign-functions.tsv;reverse-engineering/binary-analysis/frontend-save-load-semantics-2026-08-11.tsv;reverse-engineering/source-code/frontend/fep-systems.md	Simple inline/header body has no named or promoted semantic target after direct and bounded-owner-alias search; candidate bounded NO_MATCH only, not binary absence.	A promoted same-owner body or bounded alias with compatible ABI and source semantics falsifies the current negative search.
Frontend.h	166	CFrontEnd::SetMemoryCardNumber	SetMemoryCardNumber(int num)	SOURCE_ONLY	NO_MATCH_FOUND		reverse-engineering/binary-analysis/ghidra-function-name-table-2026-08-17.tsv;reverse-engineering/binary-analysis/function-c1-closure-2026-08-11.tsv;references/Onslaught/Frontend.h:166;reverse-engineering/source-crosswalk/audit/REPORT.md;reverse-engineering/EVIDENCE-REGISTER.tsv;local-lab/re-campaign-incident-recovery-20260808-v1/generation-32-current-8329-db18625-v1/campaign-functions.tsv;reverse-engineering/binary-analysis/frontend-save-load-semantics-2026-08-11.tsv;reverse-engineering/source-code/frontend/fep-systems.md	Simple inline/header body has no named or promoted semantic target after direct and bounded-owner-alias search; candidate bounded NO_MATCH only, not binary absence.	A promoted same-owner body or bounded alias with compatible ABI and source semantics falsifies the current negative search.
Frontend.h	168	CFrontEnd::SetSaveMode	SetSaveMode(BOOL mode)	SOURCE_ONLY	NO_MATCH_FOUND		reverse-engineering/binary-analysis/ghidra-function-name-table-2026-08-17.tsv;reverse-engineering/binary-analysis/function-c1-closure-2026-08-11.tsv;references/Onslaught/Frontend.h:168;reverse-engineering/source-crosswalk/audit/REPORT.md;reverse-engineering/EVIDENCE-REGISTER.tsv;local-lab/re-campaign-incident-recovery-20260808-v1/generation-32-current-8329-db18625-v1/campaign-functions.tsv;reverse-engineering/binary-analysis/frontend-save-load-semantics-2026-08-11.tsv;reverse-engineering/source-code/frontend/fep-systems.md	Simple inline/header body has no named or promoted semantic target after direct and bounded-owner-alias search; candidate bounded NO_MATCH only, not binary absence.	A promoted same-owner body or bounded alias with compatible ABI and source semantics falsifies the current negative search.
Frontend.h	169	CFrontEnd::SetSuccessFEP	SetSuccessFEP(EFrontEndPage page, UINT time)	SOURCE_ONLY	NO_MATCH_FOUND		reverse-engineering/binary-analysis/ghidra-function-name-table-2026-08-17.tsv;reverse-engineering/binary-analysis/function-c1-closure-2026-08-11.tsv;references/Onslaught/Frontend.h:169;reverse-engineering/source-crosswalk/audit/REPORT.md;reverse-engineering/EVIDENCE-REGISTER.tsv;local-lab/re-campaign-incident-recovery-20260808-v1/generation-32-current-8329-db18625-v1/campaign-functions.tsv;reverse-engineering/binary-analysis/frontend-save-load-semantics-2026-08-11.tsv;reverse-engineering/source-code/frontend/fep-systems.md	Simple inline/header body has no named or promoted semantic target after direct and bounded-owner-alias search; candidate bounded NO_MATCH only, not binary absence.	A promoted same-owner body or bounded alias with compatible ABI and source semantics falsifies the current negative search.
Frontend.h	170	CFrontEnd::GetSuccessPage	GetSuccessPage()	SOURCE_ONLY	NO_MATCH_FOUND		reverse-engineering/binary-analysis/ghidra-function-name-table-2026-08-17.tsv;reverse-engineering/binary-analysis/function-c1-closure-2026-08-11.tsv;references/Onslaught/Frontend.h:170;reverse-engineering/source-crosswalk/audit/REPORT.md;reverse-engineering/EVIDENCE-REGISTER.tsv;local-lab/re-campaign-incident-recovery-20260808-v1/generation-32-current-8329-db18625-v1/campaign-functions.tsv;reverse-engineering/binary-analysis/frontend-save-load-semantics-2026-08-11.tsv;reverse-engineering/source-code/frontend/fep-systems.md	Simple inline/header body has no named or promoted semantic target after direct and bounded-owner-alias search; candidate bounded NO_MATCH only, not binary absence.	A promoted same-owner body or bounded alias with compatible ABI and source semantics falsifies the current negative search.
Frontend.h	171	CFrontEnd::GetSuccessTransTime	GetSuccessTransTime()	SOURCE_ONLY	NO_MATCH_FOUND		reverse-engineering/binary-analysis/ghidra-function-name-table-2026-08-17.tsv;reverse-engineering/binary-analysis/function-c1-closure-2026-08-11.tsv;references/Onslaught/Frontend.h:171;reverse-engineering/source-crosswalk/audit/REPORT.md;reverse-engineering/EVIDENCE-REGISTER.tsv;local-lab/re-campaign-incident-recovery-20260808-v1/generation-32-current-8329-db18625-v1/campaign-functions.tsv;reverse-engineering/binary-analysis/frontend-save-load-semantics-2026-08-11.tsv;reverse-engineering/source-code/frontend/fep-systems.md	Simple inline/header body has no named or promoted semantic target after direct and bounded-owner-alias search; candidate bounded NO_MATCH only, not binary absence.	A promoted same-owner body or bounded alias with compatible ABI and source semantics falsifies the current negative search.
Frontend.h	173	CFrontEnd::AllLevelsCheatActive	AllLevelsCheatActive()	SOURCE_ONLY	NO_MATCH_FOUND		reverse-engineering/binary-analysis/ghidra-function-name-table-2026-08-17.tsv;reverse-engineering/binary-analysis/function-c1-closure-2026-08-11.tsv;references/Onslaught/Frontend.h:173;reverse-engineering/source-crosswalk/audit/REPORT.md;reverse-engineering/EVIDENCE-REGISTER.tsv;local-lab/re-campaign-incident-recovery-20260808-v1/generation-32-current-8329-db18625-v1/campaign-functions.tsv;reverse-engineering/binary-analysis/frontend-save-load-semantics-2026-08-11.tsv;reverse-engineering/source-code/frontend/fep-systems.md	Simple inline/header body has no named or promoted semantic target after direct and bounded-owner-alias search; candidate bounded NO_MATCH only, not binary absence.	A promoted same-owner body or bounded alias with compatible ABI and source semantics falsifies the current negative search.
Frontend.h	258	CFrontEnd::GetController	* GetController(int which)	SOURCE_ONLY	NO_MATCH_FOUND		reverse-engineering/binary-analysis/ghidra-function-name-table-2026-08-17.tsv;reverse-engineering/binary-analysis/function-c1-closure-2026-08-11.tsv;references/Onslaught/Frontend.h:258;reverse-engineering/source-crosswalk/audit/REPORT.md;reverse-engineering/EVIDENCE-REGISTER.tsv;local-lab/re-campaign-incident-recovery-20260808-v1/generation-32-current-8329-db18625-v1/campaign-functions.tsv;reverse-engineering/binary-analysis/frontend-save-load-semantics-2026-08-11.tsv;reverse-engineering/source-code/frontend/fep-systems.md	Simple inline/header body has no named or promoted semantic target after direct and bounded-owner-alias search; candidate bounded NO_MATCH only, not binary absence.	A promoted same-owner body or bounded alias with compatible ABI and source semantics falsifies the current negative search.
Frontend.h	260	CFrontEnd::GetTextSet	*GetTextSet(SINT n)	SOURCE_ONLY	NO_MATCH_FOUND		reverse-engineering/binary-analysis/ghidra-function-name-table-2026-08-17.tsv;reverse-engineering/binary-analysis/function-c1-closure-2026-08-11.tsv;references/Onslaught/Frontend.h:260;reverse-engineering/source-crosswalk/audit/REPORT.md;reverse-engineering/EVIDENCE-REGISTER.tsv;local-lab/re-campaign-incident-recovery-20260808-v1/generation-32-current-8329-db18625-v1/campaign-functions.tsv;reverse-engineering/binary-analysis/frontend-save-load-semantics-2026-08-11.tsv;reverse-engineering/source-code/frontend/fep-systems.md	Simple inline/header body has no named or promoted semantic target after direct and bounded-owner-alias search; candidate bounded NO_MATCH only, not binary absence.	A promoted same-owner body or bounded alias with compatible ABI and source semantics falsifies the current negative search.
Frontend.h	263	CFrontEnd::ClearFirstRun	ClearFirstRun()	SOURCE_ONLY	NO_MATCH_FOUND		reverse-engineering/binary-analysis/ghidra-function-name-table-2026-08-17.tsv;reverse-engineering/binary-analysis/function-c1-closure-2026-08-11.tsv;references/Onslaught/Frontend.h:263;reverse-engineering/source-crosswalk/audit/REPORT.md;reverse-engineering/EVIDENCE-REGISTER.tsv;local-lab/re-campaign-incident-recovery-20260808-v1/generation-32-current-8329-db18625-v1/campaign-functions.tsv;reverse-engineering/binary-analysis/frontend-save-load-semantics-2026-08-11.tsv;reverse-engineering/source-code/frontend/fep-systems.md	Simple inline/header body has no named or promoted semantic target after direct and bounded-owner-alias search; candidate bounded NO_MATCH only, not binary absence.	A promoted same-owner body or bounded alias with compatible ABI and source semantics falsifies the current negative search.
game.cpp	1253	CWaitForStart::CanBeControlledWhenInPause	CanBeControlledWhenInPause()	RETAIL_UNRESOLVED	NO_MATCH_FOUND		reverse-engineering/binary-analysis/ghidra-function-name-table-2026-08-17.tsv;reverse-engineering/binary-analysis/function-c1-closure-2026-08-11.tsv;references/Onslaught/game.cpp:1253;reverse-engineering/source-crosswalk/audit/REPORT.md;reverse-engineering/EVIDENCE-REGISTER.tsv;local-lab/re-campaign-incident-recovery-20260808-v1/generation-32-current-8329-db18625-v1/campaign-functions.tsv;reverse-engineering/binary-analysis/cgame-level-lifecycle-semantics-2026-08-11.tsv;reverse-engineering/binary-analysis/controller-player-game-event-spine-2026-08-11.tsv;reverse-engineering/source-code/gameplay/game-system.md	Out-of-line source definition has no proven tracked analog; external static/ABI or runtime proof is required before a negative or VA assignment.	Static ABI/xref/body evidence or controlled runtime evidence that proves a target resolves and may falsify this unresolved classification.
game.cpp	1254	CWaitForStart::GetControlType	GetControlType()	RETAIL_UNRESOLVED	NO_MATCH_FOUND		reverse-engineering/binary-analysis/ghidra-function-name-table-2026-08-17.tsv;reverse-engineering/binary-analysis/function-c1-closure-2026-08-11.tsv;references/Onslaught/game.cpp:1254;reverse-engineering/source-crosswalk/audit/REPORT.md;reverse-engineering/EVIDENCE-REGISTER.tsv;local-lab/re-campaign-incident-recovery-20260808-v1/generation-32-current-8329-db18625-v1/campaign-functions.tsv;reverse-engineering/binary-analysis/cgame-level-lifecycle-semantics-2026-08-11.tsv;reverse-engineering/binary-analysis/controller-player-game-event-spine-2026-08-11.tsv;reverse-engineering/source-code/gameplay/game-system.md	Out-of-line source definition has no proven tracked analog; external static/ABI or runtime proof is required before a negative or VA assignment.	Static ABI/xref/body evidence or controlled runtime evidence that proves a target resolves and may falsify this unresolved classification.
game.cpp	4089	CGameCreditControlHandler::CGameCreditControlHandler	CGameCreditControlHandler()	RETAIL_UNRESOLVED	NO_MATCH_FOUND		reverse-engineering/binary-analysis/ghidra-function-name-table-2026-08-17.tsv;reverse-engineering/binary-analysis/function-c1-closure-2026-08-11.tsv;references/Onslaught/game.cpp:4089;reverse-engineering/source-crosswalk/audit/REPORT.md;reverse-engineering/EVIDENCE-REGISTER.tsv;local-lab/re-campaign-incident-recovery-20260808-v1/generation-32-current-8329-db18625-v1/campaign-functions.tsv;reverse-engineering/binary-analysis/cgame-level-lifecycle-semantics-2026-08-11.tsv;reverse-engineering/binary-analysis/controller-player-game-event-spine-2026-08-11.tsv;reverse-engineering/source-code/gameplay/game-system.md	Out-of-line source definition has no proven tracked analog; external static/ABI or runtime proof is required before a negative or VA assignment.	Static ABI/xref/body evidence or controlled runtime evidence that proves a target resolves and may falsify this unresolved classification.
game.cpp	4091	CGameCreditControlHandler::ResetQuitFlag	ResetQuitFlag()	RETAIL_UNRESOLVED	NO_MATCH_FOUND		reverse-engineering/binary-analysis/ghidra-function-name-table-2026-08-17.tsv;reverse-engineering/binary-analysis/function-c1-closure-2026-08-11.tsv;references/Onslaught/game.cpp:4091;reverse-engineering/source-crosswalk/audit/REPORT.md;reverse-engineering/EVIDENCE-REGISTER.tsv;local-lab/re-campaign-incident-recovery-20260808-v1/generation-32-current-8329-db18625-v1/campaign-functions.tsv;reverse-engineering/binary-analysis/cgame-level-lifecycle-semantics-2026-08-11.tsv;reverse-engineering/binary-analysis/controller-player-game-event-spine-2026-08-11.tsv;reverse-engineering/source-code/gameplay/game-system.md	Out-of-line source definition has no proven tracked analog; external static/ABI or runtime proof is required before a negative or VA assignment.	Static ABI/xref/body evidence or controlled runtime evidence that proves a target resolves and may falsify this unresolved classification.
game.cpp	4092	CGameCreditControlHandler::WantToQuit	WantToQuit()	RETAIL_UNRESOLVED	NO_MATCH_FOUND		reverse-engineering/binary-analysis/ghidra-function-name-table-2026-08-17.tsv;reverse-engineering/binary-analysis/function-c1-closure-2026-08-11.tsv;references/Onslaught/game.cpp:4092;reverse-engineering/source-crosswalk/audit/REPORT.md;reverse-engineering/EVIDENCE-REGISTER.tsv;local-lab/re-campaign-incident-recovery-20260808-v1/generation-32-current-8329-db18625-v1/campaign-functions.tsv;reverse-engineering/binary-analysis/cgame-level-lifecycle-semantics-2026-08-11.tsv;reverse-engineering/binary-analysis/controller-player-game-event-spine-2026-08-11.tsv;reverse-engineering/source-code/gameplay/game-system.md	Out-of-line source definition has no proven tracked analog; external static/ABI or runtime proof is required before a negative or VA assignment.	Static ABI/xref/body evidence or controlled runtime evidence that proves a target resolves and may falsify this unresolved classification.
game.cpp	4099	CGameCreditControlHandler::CanBeControlledWhenInPause	CanBeControlledWhenInPause()	RETAIL_UNRESOLVED	NO_MATCH_FOUND		reverse-engineering/binary-analysis/ghidra-function-name-table-2026-08-17.tsv;reverse-engineering/binary-analysis/function-c1-closure-2026-08-11.tsv;references/Onslaught/game.cpp:4099;reverse-engineering/source-crosswalk/audit/REPORT.md;reverse-engineering/EVIDENCE-REGISTER.tsv;local-lab/re-campaign-incident-recovery-20260808-v1/generation-32-current-8329-db18625-v1/campaign-functions.tsv;reverse-engineering/binary-analysis/cgame-level-lifecycle-semantics-2026-08-11.tsv;reverse-engineering/binary-analysis/controller-player-game-event-spine-2026-08-11.tsv;reverse-engineering/source-code/gameplay/game-system.md	Out-of-line source definition has no proven tracked analog; external static/ABI or runtime proof is required before a negative or VA assignment.	Static ABI/xref/body evidence or controlled runtime evidence that proves a target resolves and may falsify this unresolved classification.
game.cpp	4100	CGameCreditControlHandler::GetControlType	GetControlType()	RETAIL_UNRESOLVED	NO_MATCH_FOUND		reverse-engineering/binary-analysis/ghidra-function-name-table-2026-08-17.tsv;reverse-engineering/binary-analysis/function-c1-closure-2026-08-11.tsv;references/Onslaught/game.cpp:4100;reverse-engineering/source-crosswalk/audit/REPORT.md;reverse-engineering/EVIDENCE-REGISTER.tsv;local-lab/re-campaign-incident-recovery-20260808-v1/generation-32-current-8329-db18625-v1/campaign-functions.tsv;reverse-engineering/binary-analysis/cgame-level-lifecycle-semantics-2026-08-11.tsv;reverse-engineering/binary-analysis/controller-player-game-event-spine-2026-08-11.tsv;reverse-engineering/source-code/gameplay/game-system.md	Out-of-line source definition has no proven tracked analog; external static/ABI or runtime proof is required before a negative or VA assignment.	Static ABI/xref/body evidence or controlled runtime evidence that proves a target resolves and may falsify this unresolved classification.
game.h	121	CGame::ToggleControlMethod	ToggleControlMethod()	SOURCE_ONLY	NO_MATCH_FOUND		reverse-engineering/binary-analysis/ghidra-function-name-table-2026-08-17.tsv;reverse-engineering/binary-analysis/function-c1-closure-2026-08-11.tsv;references/Onslaught/game.h:121;reverse-engineering/source-crosswalk/audit/REPORT.md;reverse-engineering/EVIDENCE-REGISTER.tsv;local-lab/re-campaign-incident-recovery-20260808-v1/generation-32-current-8329-db18625-v1/campaign-functions.tsv;reverse-engineering/binary-analysis/cgame-level-lifecycle-semantics-2026-08-11.tsv;reverse-engineering/binary-analysis/controller-player-game-event-spine-2026-08-11.tsv;reverse-engineering/source-code/gameplay/game-system.md	Simple inline/header body has no named or promoted semantic target after direct and bounded-owner-alias search; candidate bounded NO_MATCH only, not binary absence.	A promoted same-owner body or bounded alias with compatible ABI and source semantics falsifies the current negative search.
game.h	126	CGame::SetQuit	SetQuit(EQuitType quit)	SOURCE_ONLY	NO_MATCH_FOUND		reverse-engineering/binary-analysis/ghidra-function-name-table-2026-08-17.tsv;reverse-engineering/binary-analysis/function-c1-closure-2026-08-11.tsv;references/Onslaught/game.h:126;reverse-engineering/source-crosswalk/audit/REPORT.md;reverse-engineering/EVIDENCE-REGISTER.tsv;local-lab/re-campaign-incident-recovery-20260808-v1/generation-32-current-8329-db18625-v1/campaign-functions.tsv;reverse-engineering/binary-analysis/cgame-level-lifecycle-semantics-2026-08-11.tsv;reverse-engineering/binary-analysis/controller-player-game-event-spine-2026-08-11.tsv;reverse-engineering/source-code/gameplay/game-system.md	Simple inline/header body has no named or promoted semantic target after direct and bounded-owner-alias search; candidate bounded NO_MATCH only, not binary absence.	A promoted same-owner body or bounded alias with compatible ABI and source semantics falsifies the current negative search.
game.h	129	CGame::GetForsetiFearGrid	* GetForsetiFearGrid()	SOURCE_ONLY	NO_MATCH_FOUND		reverse-engineering/binary-analysis/ghidra-function-name-table-2026-08-17.tsv;reverse-engineering/binary-analysis/function-c1-closure-2026-08-11.tsv;references/Onslaught/game.h:129;reverse-engineering/source-crosswalk/audit/REPORT.md;reverse-engineering/EVIDENCE-REGISTER.tsv;local-lab/re-campaign-incident-recovery-20260808-v1/generation-32-current-8329-db18625-v1/campaign-functions.tsv;reverse-engineering/binary-analysis/cgame-level-lifecycle-semantics-2026-08-11.tsv;reverse-engineering/binary-analysis/controller-player-game-event-spine-2026-08-11.tsv;reverse-engineering/source-code/gameplay/game-system.md	Simple inline/header body has no named or promoted semantic target after direct and bounded-owner-alias search; candidate bounded NO_MATCH only, not binary absence.	A promoted same-owner body or bounded alias with compatible ABI and source semantics falsifies the current negative search.
game.h	130	CGame::GetMuspellFearGrid	* GetMuspellFearGrid()	SOURCE_ONLY	NO_MATCH_FOUND		reverse-engineering/binary-analysis/ghidra-function-name-table-2026-08-17.tsv;reverse-engineering/binary-analysis/function-c1-closure-2026-08-11.tsv;references/Onslaught/game.h:130;reverse-engineering/source-crosswalk/audit/REPORT.md;reverse-engineering/EVIDENCE-REGISTER.tsv;local-lab/re-campaign-incident-recovery-20260808-v1/generation-32-current-8329-db18625-v1/campaign-functions.tsv;reverse-engineering/binary-analysis/cgame-level-lifecycle-semantics-2026-08-11.tsv;reverse-engineering/binary-analysis/controller-player-game-event-spine-2026-08-11.tsv;reverse-engineering/source-code/gameplay/game-system.md	Simple inline/header body has no named or promoted semantic target after direct and bounded-owner-alias search; candidate bounded NO_MATCH only, not binary absence.	A promoted same-owner body or bounded alias with compatible ABI and source semantics falsifies the current negative search.
game.h	136	CGame::Random	Random()	SOURCE_ONLY	NO_MATCH_FOUND		reverse-engineering/binary-analysis/ghidra-function-name-table-2026-08-17.tsv;reverse-engineering/binary-analysis/function-c1-closure-2026-08-11.tsv;references/Onslaught/game.h:136;reverse-engineering/source-crosswalk/audit/REPORT.md;reverse-engineering/EVIDENCE-REGISTER.tsv;local-lab/re-campaign-incident-recovery-20260808-v1/generation-32-current-8329-db18625-v1/campaign-functions.tsv;reverse-engineering/binary-analysis/cgame-level-lifecycle-semantics-2026-08-11.tsv;reverse-engineering/binary-analysis/controller-player-game-event-spine-2026-08-11.tsv;reverse-engineering/source-code/gameplay/game-system.md	Simple inline/header body has no named or promoted semantic target after direct and bounded-owner-alias search; candidate bounded NO_MATCH only, not binary absence.	A promoted same-owner body or bounded alias with compatible ABI and source semantics falsifies the current negative search.
game.h	137	CGame::FloatRandom	FloatRandom()	SOURCE_ONLY	NO_MATCH_FOUND		reverse-engineering/binary-analysis/ghidra-function-name-table-2026-08-17.tsv;reverse-engineering/binary-analysis/function-c1-closure-2026-08-11.tsv;references/Onslaught/game.h:137;reverse-engineering/source-crosswalk/audit/REPORT.md;reverse-engineering/EVIDENCE-REGISTER.tsv;local-lab/re-campaign-incident-recovery-20260808-v1/generation-32-current-8329-db18625-v1/campaign-functions.tsv;reverse-engineering/binary-analysis/cgame-level-lifecycle-semantics-2026-08-11.tsv;reverse-engineering/binary-analysis/controller-player-game-event-spine-2026-08-11.tsv;reverse-engineering/source-code/gameplay/game-system.md	Simple inline/header body has no named or promoted semantic target after direct and bounded-owner-alias search; candidate bounded NO_MATCH only, not binary absence.	A promoted same-owner body or bounded alias with compatible ABI and source semantics falsifies the current negative search.
game.h	140	CGame::GetPlayer	* GetPlayer(SINT no)	SOURCE_ONLY	NO_MATCH_FOUND		reverse-engineering/binary-analysis/ghidra-function-name-table-2026-08-17.tsv;reverse-engineering/binary-analysis/function-c1-closure-2026-08-11.tsv;references/Onslaught/game.h:140;reverse-engineering/source-crosswalk/audit/REPORT.md;reverse-engineering/EVIDENCE-REGISTER.tsv;local-lab/re-campaign-incident-recovery-20260808-v1/generation-32-current-8329-db18625-v1/campaign-functions.tsv;reverse-engineering/binary-analysis/cgame-level-lifecycle-semantics-2026-08-11.tsv;reverse-engineering/binary-analysis/controller-player-game-event-spine-2026-08-11.tsv;reverse-engineering/source-code/gameplay/game-system.md	Simple inline/header body has no named or promoted semantic target after direct and bounded-owner-alias search; candidate bounded NO_MATCH only, not binary absence.	A promoted same-owner body or bounded alias with compatible ABI and source semantics falsifies the current negative search.
game.h	141	CGame::GetCurrentCamera	* GetCurrentCamera(int number)	SOURCE_ONLY	NO_MATCH_FOUND		reverse-engineering/binary-analysis/ghidra-function-name-table-2026-08-17.tsv;reverse-engineering/binary-analysis/function-c1-closure-2026-08-11.tsv;references/Onslaught/game.h:141;reverse-engineering/source-crosswalk/audit/REPORT.md;reverse-engineering/EVIDENCE-REGISTER.tsv;local-lab/re-campaign-incident-recovery-20260808-v1/generation-32-current-8329-db18625-v1/campaign-functions.tsv;reverse-engineering/binary-analysis/cgame-level-lifecycle-semantics-2026-08-11.tsv;reverse-engineering/binary-analysis/controller-player-game-event-spine-2026-08-11.tsv;reverse-engineering/source-code/gameplay/game-system.md	Simple inline/header body has no named or promoted semantic target after direct and bounded-owner-alias search; candidate bounded NO_MATCH only, not binary absence.	A promoted same-owner body or bounded alias with compatible ABI and source semantics falsifies the current negative search.
game.h	145	CGame::GetCurrentLevel	GetCurrentLevel()	SOURCE_ONLY	NO_MATCH_FOUND		reverse-engineering/binary-analysis/ghidra-function-name-table-2026-08-17.tsv;reverse-engineering/binary-analysis/function-c1-closure-2026-08-11.tsv;references/Onslaught/game.h:145;reverse-engineering/source-crosswalk/audit/REPORT.md;reverse-engineering/EVIDENCE-REGISTER.tsv;local-lab/re-campaign-incident-recovery-20260808-v1/generation-32-current-8329-db18625-v1/campaign-functions.tsv;reverse-engineering/binary-analysis/cgame-level-lifecycle-semantics-2026-08-11.tsv;reverse-engineering/binary-analysis/controller-player-game-event-spine-2026-08-11.tsv;reverse-engineering/source-code/gameplay/game-system.md	Simple inline/header body has no named or promoted semantic target after direct and bounded-owner-alias search; candidate bounded NO_MATCH only, not binary absence.	A promoted same-owner body or bounded alias with compatible ABI and source semantics falsifies the current negative search.
game.h	152	CGame::CanBeControlledWhenInPause	CanBeControlledWhenInPause()	SOURCE_ONLY	NO_MATCH_FOUND		reverse-engineering/binary-analysis/ghidra-function-name-table-2026-08-17.tsv;reverse-engineering/binary-analysis/function-c1-closure-2026-08-11.tsv;references/Onslaught/game.h:152;reverse-engineering/source-crosswalk/audit/REPORT.md;reverse-engineering/EVIDENCE-REGISTER.tsv;local-lab/re-campaign-incident-recovery-20260808-v1/generation-32-current-8329-db18625-v1/campaign-functions.tsv;reverse-engineering/binary-analysis/cgame-level-lifecycle-semantics-2026-08-11.tsv;reverse-engineering/binary-analysis/controller-player-game-event-spine-2026-08-11.tsv;reverse-engineering/source-code/gameplay/game-system.md	Simple inline/header body has no named or promoted semantic target after direct and bounded-owner-alias search; candidate bounded NO_MATCH only, not binary absence.	A promoted same-owner body or bounded alias with compatible ABI and source semantics falsifies the current negative search.
game.h	153	CGame::GetControlType	GetControlType()	SOURCE_ONLY	NO_MATCH_FOUND		reverse-engineering/binary-analysis/ghidra-function-name-table-2026-08-17.tsv;reverse-engineering/binary-analysis/function-c1-closure-2026-08-11.tsv;references/Onslaught/game.h:153;reverse-engineering/source-crosswalk/audit/REPORT.md;reverse-engineering/EVIDENCE-REGISTER.tsv;local-lab/re-campaign-incident-recovery-20260808-v1/generation-32-current-8329-db18625-v1/campaign-functions.tsv;reverse-engineering/binary-analysis/cgame-level-lifecycle-semantics-2026-08-11.tsv;reverse-engineering/binary-analysis/controller-player-game-event-spine-2026-08-11.tsv;reverse-engineering/source-code/gameplay/game-system.md	Simple inline/header body has no named or promoted semantic target after direct and bounded-owner-alias search; candidate bounded NO_MATCH only, not binary absence.	A promoted same-owner body or bounded alias with compatible ABI and source semantics falsifies the current negative search.
game.h	156	CGame::IsPaused	IsPaused()	SOURCE_ONLY	NO_MATCH_FOUND		reverse-engineering/binary-analysis/ghidra-function-name-table-2026-08-17.tsv;reverse-engineering/binary-analysis/function-c1-closure-2026-08-11.tsv;references/Onslaught/game.h:156;reverse-engineering/source-crosswalk/audit/REPORT.md;reverse-engineering/EVIDENCE-REGISTER.tsv;local-lab/re-campaign-incident-recovery-20260808-v1/generation-32-current-8329-db18625-v1/campaign-functions.tsv;reverse-engineering/binary-analysis/cgame-level-lifecycle-semantics-2026-08-11.tsv;reverse-engineering/binary-analysis/controller-player-game-event-spine-2026-08-11.tsv;reverse-engineering/source-code/gameplay/game-system.md	Simple inline/header body has no named or promoted semantic target after direct and bounded-owner-alias search; candidate bounded NO_MATCH only, not binary absence.	A promoted same-owner body or bounded alias with compatible ABI and source semantics falsifies the current negative search.
game.h	157	CGame::GetMessageBox	* GetMessageBox()	SOURCE_ONLY	NO_MATCH_FOUND		reverse-engineering/binary-analysis/ghidra-function-name-table-2026-08-17.tsv;reverse-engineering/binary-analysis/function-c1-closure-2026-08-11.tsv;references/Onslaught/game.h:157;reverse-engineering/source-crosswalk/audit/REPORT.md;reverse-engineering/EVIDENCE-REGISTER.tsv;local-lab/re-campaign-incident-recovery-20260808-v1/generation-32-current-8329-db18625-v1/campaign-functions.tsv;reverse-engineering/binary-analysis/cgame-level-lifecycle-semantics-2026-08-11.tsv;reverse-engineering/binary-analysis/controller-player-game-event-spine-2026-08-11.tsv;reverse-engineering/source-code/gameplay/game-system.md	Simple inline/header body has no named or promoted semantic target after direct and bounded-owner-alias search; candidate bounded NO_MATCH only, not binary absence.	A promoted same-owner body or bounded alias with compatible ABI and source semantics falsifies the current negative search.
game.h	158	CGame::GetMessageLog	* GetMessageLog()	SOURCE_ONLY	NO_MATCH_FOUND		reverse-engineering/binary-analysis/ghidra-function-name-table-2026-08-17.tsv;reverse-engineering/binary-analysis/function-c1-closure-2026-08-11.tsv;references/Onslaught/game.h:158;reverse-engineering/source-crosswalk/audit/REPORT.md;reverse-engineering/EVIDENCE-REGISTER.tsv;local-lab/re-campaign-incident-recovery-20260808-v1/generation-32-current-8329-db18625-v1/campaign-functions.tsv;reverse-engineering/binary-analysis/cgame-level-lifecycle-semantics-2026-08-11.tsv;reverse-engineering/binary-analysis/controller-player-game-event-spine-2026-08-11.tsv;reverse-engineering/source-code/gameplay/game-system.md	Simple inline/header body has no named or promoted semantic target after direct and bounded-owner-alias search; candidate bounded NO_MATCH only, not binary absence.	A promoted same-owner body or bounded alias with compatible ABI and source semantics falsifies the current negative search.
game.h	159	CGame::GetHelpTextDisplay	* GetHelpTextDisplay()	SOURCE_ONLY	NO_MATCH_FOUND		reverse-engineering/binary-analysis/ghidra-function-name-table-2026-08-17.tsv;reverse-engineering/binary-analysis/function-c1-closure-2026-08-11.tsv;references/Onslaught/game.h:159;reverse-engineering/source-crosswalk/audit/REPORT.md;reverse-engineering/EVIDENCE-REGISTER.tsv;local-lab/re-campaign-incident-recovery-20260808-v1/generation-32-current-8329-db18625-v1/campaign-functions.tsv;reverse-engineering/binary-analysis/cgame-level-lifecycle-semantics-2026-08-11.tsv;reverse-engineering/binary-analysis/controller-player-game-event-spine-2026-08-11.tsv;reverse-engineering/source-code/gameplay/game-system.md	Simple inline/header body has no named or promoted semantic target after direct and bounded-owner-alias search; candidate bounded NO_MATCH only, not binary absence.	A promoted same-owner body or bounded alias with compatible ABI and source semantics falsifies the current negative search.
game.h	160	CGame::GetLevelBriefingLog	* GetLevelBriefingLog()	SOURCE_ONLY	NO_MATCH_FOUND		reverse-engineering/binary-analysis/ghidra-function-name-table-2026-08-17.tsv;reverse-engineering/binary-analysis/function-c1-closure-2026-08-11.tsv;references/Onslaught/game.h:160;reverse-engineering/source-crosswalk/audit/REPORT.md;reverse-engineering/EVIDENCE-REGISTER.tsv;local-lab/re-campaign-incident-recovery-20260808-v1/generation-32-current-8329-db18625-v1/campaign-functions.tsv;reverse-engineering/binary-analysis/cgame-level-lifecycle-semantics-2026-08-11.tsv;reverse-engineering/binary-analysis/controller-player-game-event-spine-2026-08-11.tsv;reverse-engineering/source-code/gameplay/game-system.md	Simple inline/header body has no named or promoted semantic target after direct and bounded-owner-alias search; candidate bounded NO_MATCH only, not binary absence.	A promoted same-owner body or bounded alias with compatible ABI and source semantics falsifies the current negative search.
game.h	161	CGame::GetPauseMenu	* GetPauseMenu()	SOURCE_ONLY	NO_MATCH_FOUND		reverse-engineering/binary-analysis/ghidra-function-name-table-2026-08-17.tsv;reverse-engineering/binary-analysis/function-c1-closure-2026-08-11.tsv;references/Onslaught/game.h:161;reverse-engineering/source-crosswalk/audit/REPORT.md;reverse-engineering/EVIDENCE-REGISTER.tsv;local-lab/re-campaign-incident-recovery-20260808-v1/generation-32-current-8329-db18625-v1/campaign-functions.tsv;reverse-engineering/binary-analysis/cgame-level-lifecycle-semantics-2026-08-11.tsv;reverse-engineering/binary-analysis/controller-player-game-event-spine-2026-08-11.tsv;reverse-engineering/source-code/gameplay/game-system.md	Simple inline/header body has no named or promoted semantic target after direct and bounded-owner-alias search; candidate bounded NO_MATCH only, not binary absence.	A promoted same-owner body or bounded alias with compatible ABI and source semantics falsifies the current negative search.
game.h	166	CGame::GetNPlayers	GetNPlayers()	SOURCE_ONLY	NO_MATCH_FOUND		reverse-engineering/binary-analysis/ghidra-function-name-table-2026-08-17.tsv;reverse-engineering/binary-analysis/function-c1-closure-2026-08-11.tsv;references/Onslaught/game.h:166;reverse-engineering/source-crosswalk/audit/REPORT.md;reverse-engineering/EVIDENCE-REGISTER.tsv;local-lab/re-campaign-incident-recovery-20260808-v1/generation-32-current-8329-db18625-v1/campaign-functions.tsv;reverse-engineering/binary-analysis/cgame-level-lifecycle-semantics-2026-08-11.tsv;reverse-engineering/binary-analysis/controller-player-game-event-spine-2026-08-11.tsv;reverse-engineering/source-code/gameplay/game-system.md	Simple inline/header body has no named or promoted semantic target after direct and bounded-owner-alias search; candidate bounded NO_MATCH only, not binary absence.	A promoted same-owner body or bounded alias with compatible ABI and source semantics falsifies the current negative search.
game.h	172	CGame::GetGameState	GetGameState()	SOURCE_ONLY	NO_MATCH_FOUND		reverse-engineering/binary-analysis/ghidra-function-name-table-2026-08-17.tsv;reverse-engineering/binary-analysis/function-c1-closure-2026-08-11.tsv;references/Onslaught/game.h:172;reverse-engineering/source-crosswalk/audit/REPORT.md;reverse-engineering/EVIDENCE-REGISTER.tsv;local-lab/re-campaign-incident-recovery-20260808-v1/generation-32-current-8329-db18625-v1/campaign-functions.tsv;reverse-engineering/binary-analysis/cgame-level-lifecycle-semantics-2026-08-11.tsv;reverse-engineering/binary-analysis/controller-player-game-event-spine-2026-08-11.tsv;reverse-engineering/source-code/gameplay/game-system.md	Simple inline/header body has no named or promoted semantic target after direct and bounded-owner-alias search; candidate bounded NO_MATCH only, not binary absence.	A promoted same-owner body or bounded alias with compatible ABI and source semantics falsifies the current negative search.
game.h	173	CGame::IsFreeCameraOn	IsFreeCameraOn(int player)	SOURCE_ONLY	NO_MATCH_FOUND		reverse-engineering/binary-analysis/ghidra-function-name-table-2026-08-17.tsv;reverse-engineering/binary-analysis/function-c1-closure-2026-08-11.tsv;references/Onslaught/game.h:173;reverse-engineering/source-crosswalk/audit/REPORT.md;reverse-engineering/EVIDENCE-REGISTER.tsv;local-lab/re-campaign-incident-recovery-20260808-v1/generation-32-current-8329-db18625-v1/campaign-functions.tsv;reverse-engineering/binary-analysis/cgame-level-lifecycle-semantics-2026-08-11.tsv;reverse-engineering/binary-analysis/controller-player-game-event-spine-2026-08-11.tsv;reverse-engineering/source-code/gameplay/game-system.md	Simple inline/header body has no named or promoted semantic target after direct and bounded-owner-alias search; candidate bounded NO_MATCH only, not binary absence.	A promoted same-owner body or bounded alias with compatible ABI and source semantics falsifies the current negative search.
game.h	174	CGame::IsGameFinished	IsGameFinished()	SOURCE_ONLY	NO_MATCH_FOUND		reverse-engineering/binary-analysis/ghidra-function-name-table-2026-08-17.tsv;reverse-engineering/binary-analysis/function-c1-closure-2026-08-11.tsv;references/Onslaught/game.h:174;reverse-engineering/source-crosswalk/audit/REPORT.md;reverse-engineering/EVIDENCE-REGISTER.tsv;local-lab/re-campaign-incident-recovery-20260808-v1/generation-32-current-8329-db18625-v1/campaign-functions.tsv;reverse-engineering/binary-analysis/cgame-level-lifecycle-semantics-2026-08-11.tsv;reverse-engineering/binary-analysis/controller-player-game-event-spine-2026-08-11.tsv;reverse-engineering/source-code/gameplay/game-system.md	Simple inline/header body has no named or promoted semantic target after direct and bounded-owner-alias search; candidate bounded NO_MATCH only, not binary absence.	A promoted same-owner body or bounded alias with compatible ABI and source semantics falsifies the current negative search.
game.h	178	CGame::GetRenderFrameNumber	GetRenderFrameNumber()	SOURCE_ONLY	NO_MATCH_FOUND		reverse-engineering/binary-analysis/ghidra-function-name-table-2026-08-17.tsv;reverse-engineering/binary-analysis/function-c1-closure-2026-08-11.tsv;references/Onslaught/game.h:178;reverse-engineering/source-crosswalk/audit/REPORT.md;reverse-engineering/EVIDENCE-REGISTER.tsv;local-lab/re-campaign-incident-recovery-20260808-v1/generation-32-current-8329-db18625-v1/campaign-functions.tsv;reverse-engineering/binary-analysis/cgame-level-lifecycle-semantics-2026-08-11.tsv;reverse-engineering/binary-analysis/controller-player-game-event-spine-2026-08-11.tsv;reverse-engineering/source-code/gameplay/game-system.md	Simple inline/header body has no named or promoted semantic target after direct and bounded-owner-alias search; candidate bounded NO_MATCH only, not binary absence.	A promoted same-owner body or bounded alias with compatible ABI and source semantics falsifies the current negative search.
game.h	179	CGame::SetPrimaryObjectiveComplete	SetPrimaryObjectiveComplete(int num, int string_id)	SOURCE_ONLY	NO_MATCH_FOUND		reverse-engineering/binary-analysis/ghidra-function-name-table-2026-08-17.tsv;reverse-engineering/binary-analysis/function-c1-closure-2026-08-11.tsv;references/Onslaught/game.h:179;reverse-engineering/source-crosswalk/audit/REPORT.md;reverse-engineering/EVIDENCE-REGISTER.tsv;local-lab/re-campaign-incident-recovery-20260808-v1/generation-32-current-8329-db18625-v1/campaign-functions.tsv;reverse-engineering/binary-analysis/cgame-level-lifecycle-semantics-2026-08-11.tsv;reverse-engineering/binary-analysis/controller-player-game-event-spine-2026-08-11.tsv;reverse-engineering/source-code/gameplay/game-system.md	Simple inline/header body has no named or promoted semantic target after direct and bounded-owner-alias search; candidate bounded NO_MATCH only, not binary absence.	A promoted same-owner body or bounded alias with compatible ABI and source semantics falsifies the current negative search.
game.h	180	CGame::SetSecondaryObjectiveComplete	SetSecondaryObjectiveComplete(int num, int string_id)	SOURCE_ONLY	NO_MATCH_FOUND		reverse-engineering/binary-analysis/ghidra-function-name-table-2026-08-17.tsv;reverse-engineering/binary-analysis/function-c1-closure-2026-08-11.tsv;references/Onslaught/game.h:180;reverse-engineering/source-crosswalk/audit/REPORT.md;reverse-engineering/EVIDENCE-REGISTER.tsv;local-lab/re-campaign-incident-recovery-20260808-v1/generation-32-current-8329-db18625-v1/campaign-functions.tsv;reverse-engineering/binary-analysis/cgame-level-lifecycle-semantics-2026-08-11.tsv;reverse-engineering/binary-analysis/controller-player-game-event-spine-2026-08-11.tsv;reverse-engineering/source-code/gameplay/game-system.md	Simple inline/header body has no named or promoted semantic target after direct and bounded-owner-alias search; candidate bounded NO_MATCH only, not binary absence.	A promoted same-owner body or bounded alias with compatible ABI and source semantics falsifies the current negative search.
game.h	181	CGame::SetPrimaryObjectiveFailed	SetPrimaryObjectiveFailed(int num, int string_id)	SOURCE_ONLY	NO_MATCH_FOUND		reverse-engineering/binary-analysis/ghidra-function-name-table-2026-08-17.tsv;reverse-engineering/binary-analysis/function-c1-closure-2026-08-11.tsv;references/Onslaught/game.h:181;reverse-engineering/source-crosswalk/audit/REPORT.md;reverse-engineering/EVIDENCE-REGISTER.tsv;local-lab/re-campaign-incident-recovery-20260808-v1/generation-32-current-8329-db18625-v1/campaign-functions.tsv;reverse-engineering/binary-analysis/cgame-level-lifecycle-semantics-2026-08-11.tsv;reverse-engineering/binary-analysis/controller-player-game-event-spine-2026-08-11.tsv;reverse-engineering/source-code/gameplay/game-system.md	Simple inline/header body has no named or promoted semantic target after direct and bounded-owner-alias search; candidate bounded NO_MATCH only, not binary absence.	A promoted same-owner body or bounded alias with compatible ABI and source semantics falsifies the current negative search.
game.h	182	CGame::SetSecondaryObjectiveFailed	SetSecondaryObjectiveFailed(int num, int string_id)	SOURCE_ONLY	NO_MATCH_FOUND		reverse-engineering/binary-analysis/ghidra-function-name-table-2026-08-17.tsv;reverse-engineering/binary-analysis/function-c1-closure-2026-08-11.tsv;references/Onslaught/game.h:182;reverse-engineering/source-crosswalk/audit/REPORT.md;reverse-engineering/EVIDENCE-REGISTER.tsv;local-lab/re-campaign-incident-recovery-20260808-v1/generation-32-current-8329-db18625-v1/campaign-functions.tsv;reverse-engineering/binary-analysis/cgame-level-lifecycle-semantics-2026-08-11.tsv;reverse-engineering/binary-analysis/controller-player-game-event-spine-2026-08-11.tsv;reverse-engineering/source-code/gameplay/game-system.md	Simple inline/header body has no named or promoted semantic target after direct and bounded-owner-alias search; candidate bounded NO_MATCH only, not binary absence.	A promoted same-owner body or bounded alias with compatible ABI and source semantics falsifies the current negative search.
game.h	184	CGame::GetPrimaryObjective	* GetPrimaryObjective(int num)	SOURCE_ONLY	NO_MATCH_FOUND		reverse-engineering/binary-analysis/ghidra-function-name-table-2026-08-17.tsv;reverse-engineering/binary-analysis/function-c1-closure-2026-08-11.tsv;references/Onslaught/game.h:184;reverse-engineering/source-crosswalk/audit/REPORT.md;reverse-engineering/EVIDENCE-REGISTER.tsv;local-lab/re-campaign-incident-recovery-20260808-v1/generation-32-current-8329-db18625-v1/campaign-functions.tsv;reverse-engineering/binary-analysis/cgame-level-lifecycle-semantics-2026-08-11.tsv;reverse-engineering/binary-analysis/controller-player-game-event-spine-2026-08-11.tsv;reverse-engineering/source-code/gameplay/game-system.md	Simple inline/header body has no named or promoted semantic target after direct and bounded-owner-alias search; candidate bounded NO_MATCH only, not binary absence.	A promoted same-owner body or bounded alias with compatible ABI and source semantics falsifies the current negative search.
game.h	185	CGame::GetSecondaryObjective	* GetSecondaryObjective(int num)	SOURCE_ONLY	NO_MATCH_FOUND		reverse-engineering/binary-analysis/ghidra-function-name-table-2026-08-17.tsv;reverse-engineering/binary-analysis/function-c1-closure-2026-08-11.tsv;references/Onslaught/game.h:185;reverse-engineering/source-crosswalk/audit/REPORT.md;reverse-engineering/EVIDENCE-REGISTER.tsv;local-lab/re-campaign-incident-recovery-20260808-v1/generation-32-current-8329-db18625-v1/campaign-functions.tsv;reverse-engineering/binary-analysis/cgame-level-lifecycle-semantics-2026-08-11.tsv;reverse-engineering/binary-analysis/controller-player-game-event-spine-2026-08-11.tsv;reverse-engineering/source-code/gameplay/game-system.md	Simple inline/header body has no named or promoted semantic target after direct and bounded-owner-alias search; candidate bounded NO_MATCH only, not binary absence.	A promoted same-owner body or bounded alias with compatible ABI and source semantics falsifies the current negative search.
game.h	186	CGame::GetMaxPrimaryObjectives	GetMaxPrimaryObjectives()	SOURCE_ONLY	NO_MATCH_FOUND		reverse-engineering/binary-analysis/ghidra-function-name-table-2026-08-17.tsv;reverse-engineering/binary-analysis/function-c1-closure-2026-08-11.tsv;references/Onslaught/game.h:186;reverse-engineering/source-crosswalk/audit/REPORT.md;reverse-engineering/EVIDENCE-REGISTER.tsv;local-lab/re-campaign-incident-recovery-20260808-v1/generation-32-current-8329-db18625-v1/campaign-functions.tsv;reverse-engineering/binary-analysis/cgame-level-lifecycle-semantics-2026-08-11.tsv;reverse-engineering/binary-analysis/controller-player-game-event-spine-2026-08-11.tsv;reverse-engineering/source-code/gameplay/game-system.md	Simple inline/header body has no named or promoted semantic target after direct and bounded-owner-alias search; candidate bounded NO_MATCH only, not binary absence.	A promoted same-owner body or bounded alias with compatible ABI and source semantics falsifies the current negative search.
game.h	187	CGame::GetMaxSecondaryObjectives	GetMaxSecondaryObjectives()	SOURCE_ONLY	NO_MATCH_FOUND		reverse-engineering/binary-analysis/ghidra-function-name-table-2026-08-17.tsv;reverse-engineering/binary-analysis/function-c1-closure-2026-08-11.tsv;references/Onslaught/game.h:187;reverse-engineering/source-crosswalk/audit/REPORT.md;reverse-engineering/EVIDENCE-REGISTER.tsv;local-lab/re-campaign-incident-recovery-20260808-v1/generation-32-current-8329-db18625-v1/campaign-functions.tsv;reverse-engineering/binary-analysis/cgame-level-lifecycle-semantics-2026-08-11.tsv;reverse-engineering/binary-analysis/controller-player-game-event-spine-2026-08-11.tsv;reverse-engineering/source-code/gameplay/game-system.md	Simple inline/header body has no named or promoted semantic target after direct and bounded-owner-alias search; candidate bounded NO_MATCH only, not binary absence.	A promoted same-owner body or bounded alias with compatible ABI and source semantics falsifies the current negative search.
game.h	191	CGame::SetPanTime	SetPanTime(float time)	SOURCE_ONLY	NO_MATCH_FOUND		reverse-engineering/binary-analysis/ghidra-function-name-table-2026-08-17.tsv;reverse-engineering/binary-analysis/function-c1-closure-2026-08-11.tsv;references/Onslaught/game.h:191;reverse-engineering/source-crosswalk/audit/REPORT.md;reverse-engineering/EVIDENCE-REGISTER.tsv;local-lab/re-campaign-incident-recovery-20260808-v1/generation-32-current-8329-db18625-v1/campaign-functions.tsv;reverse-engineering/binary-analysis/cgame-level-lifecycle-semantics-2026-08-11.tsv;reverse-engineering/binary-analysis/controller-player-game-event-spine-2026-08-11.tsv;reverse-engineering/source-code/gameplay/game-system.md	Simple inline/header body has no named or promoted semantic target after direct and bounded-owner-alias search; candidate bounded NO_MATCH only, not binary absence.	A promoted same-owner body or bounded alias with compatible ABI and source semantics falsifies the current negative search.
game.h	192	CGame::SetPreRunTime	SetPreRunTime(float time)	SOURCE_ONLY	NO_MATCH_FOUND		reverse-engineering/binary-analysis/ghidra-function-name-table-2026-08-17.tsv;reverse-engineering/binary-analysis/function-c1-closure-2026-08-11.tsv;references/Onslaught/game.h:192;reverse-engineering/source-crosswalk/audit/REPORT.md;reverse-engineering/EVIDENCE-REGISTER.tsv;local-lab/re-campaign-incident-recovery-20260808-v1/generation-32-current-8329-db18625-v1/campaign-functions.tsv;reverse-engineering/binary-analysis/cgame-level-lifecycle-semantics-2026-08-11.tsv;reverse-engineering/binary-analysis/controller-player-game-event-spine-2026-08-11.tsv;reverse-engineering/source-code/gameplay/game-system.md	Simple inline/header body has no named or promoted semantic target after direct and bounded-owner-alias search; candidate bounded NO_MATCH only, not binary absence.	A promoted same-owner body or bounded alias with compatible ABI and source semantics falsifies the current negative search.
game.h	194	CGame::GetPreRunTime	GetPreRunTime()	SOURCE_ONLY	NO_MATCH_FOUND		reverse-engineering/binary-analysis/ghidra-function-name-table-2026-08-17.tsv;reverse-engineering/binary-analysis/function-c1-closure-2026-08-11.tsv;references/Onslaught/game.h:194;reverse-engineering/source-crosswalk/audit/REPORT.md;reverse-engineering/EVIDENCE-REGISTER.tsv;local-lab/re-campaign-incident-recovery-20260808-v1/generation-32-current-8329-db18625-v1/campaign-functions.tsv;reverse-engineering/binary-analysis/cgame-level-lifecycle-semantics-2026-08-11.tsv;reverse-engineering/binary-analysis/controller-player-game-event-spine-2026-08-11.tsv;reverse-engineering/source-code/gameplay/game-system.md	Simple inline/header body has no named or promoted semantic target after direct and bounded-owner-alias search; candidate bounded NO_MATCH only, not binary absence.	A promoted same-owner body or bounded alias with compatible ABI and source semantics falsifies the current negative search.
game.h	195	CGame::GetPanTime	GetPanTime()	SOURCE_ONLY	NO_MATCH_FOUND		reverse-engineering/binary-analysis/ghidra-function-name-table-2026-08-17.tsv;reverse-engineering/binary-analysis/function-c1-closure-2026-08-11.tsv;references/Onslaught/game.h:195;reverse-engineering/source-crosswalk/audit/REPORT.md;reverse-engineering/EVIDENCE-REGISTER.tsv;local-lab/re-campaign-incident-recovery-20260808-v1/generation-32-current-8329-db18625-v1/campaign-functions.tsv;reverse-engineering/binary-analysis/cgame-level-lifecycle-semantics-2026-08-11.tsv;reverse-engineering/binary-analysis/controller-player-game-event-spine-2026-08-11.tsv;reverse-engineering/source-code/gameplay/game-system.md	Simple inline/header body has no named or promoted semantic target after direct and bounded-owner-alias search; candidate bounded NO_MATCH only, not binary absence.	A promoted same-owner body or bounded alias with compatible ABI and source semantics falsifies the current negative search.
game.h	197	CGame::SetSGradeScore	SetSGradeScore(SINT score)	SOURCE_ONLY	NO_MATCH_FOUND		reverse-engineering/binary-analysis/ghidra-function-name-table-2026-08-17.tsv;reverse-engineering/binary-analysis/function-c1-closure-2026-08-11.tsv;references/Onslaught/game.h:197;reverse-engineering/source-crosswalk/audit/REPORT.md;reverse-engineering/EVIDENCE-REGISTER.tsv;local-lab/re-campaign-incident-recovery-20260808-v1/generation-32-current-8329-db18625-v1/campaign-functions.tsv;reverse-engineering/binary-analysis/cgame-level-lifecycle-semantics-2026-08-11.tsv;reverse-engineering/binary-analysis/controller-player-game-event-spine-2026-08-11.tsv;reverse-engineering/source-code/gameplay/game-system.md	Simple inline/header body has no named or promoted semantic target after direct and bounded-owner-alias search; candidate bounded NO_MATCH only, not binary absence.	A promoted same-owner body or bounded alias with compatible ABI and source semantics falsifies the current negative search.
game.h	198	CGame::SetDGradeScore	SetDGradeScore(SINT score)	SOURCE_ONLY	NO_MATCH_FOUND		reverse-engineering/binary-analysis/ghidra-function-name-table-2026-08-17.tsv;reverse-engineering/binary-analysis/function-c1-closure-2026-08-11.tsv;references/Onslaught/game.h:198;reverse-engineering/source-crosswalk/audit/REPORT.md;reverse-engineering/EVIDENCE-REGISTER.tsv;local-lab/re-campaign-incident-recovery-20260808-v1/generation-32-current-8329-db18625-v1/campaign-functions.tsv;reverse-engineering/binary-analysis/cgame-level-lifecycle-semantics-2026-08-11.tsv;reverse-engineering/binary-analysis/controller-player-game-event-spine-2026-08-11.tsv;reverse-engineering/source-code/gameplay/game-system.md	Simple inline/header body has no named or promoted semantic target after direct and bounded-owner-alias search; candidate bounded NO_MATCH only, not binary absence.	A promoted same-owner body or bounded alias with compatible ABI and source semantics falsifies the current negative search.
game.h	200	CGame::SetTimeLimit	SetTimeLimit(float time)	SOURCE_ONLY	NO_MATCH_FOUND		reverse-engineering/binary-analysis/ghidra-function-name-table-2026-08-17.tsv;reverse-engineering/binary-analysis/function-c1-closure-2026-08-11.tsv;references/Onslaught/game.h:200;reverse-engineering/source-crosswalk/audit/REPORT.md;reverse-engineering/EVIDENCE-REGISTER.tsv;local-lab/re-campaign-incident-recovery-20260808-v1/generation-32-current-8329-db18625-v1/campaign-functions.tsv;reverse-engineering/binary-analysis/cgame-level-lifecycle-semantics-2026-08-11.tsv;reverse-engineering/binary-analysis/controller-player-game-event-spine-2026-08-11.tsv;reverse-engineering/source-code/gameplay/game-system.md	Simple inline/header body has no named or promoted semantic target after direct and bounded-owner-alias search; candidate bounded NO_MATCH only, not binary absence.	A promoted same-owner body or bounded alias with compatible ABI and source semantics falsifies the current negative search.
game.h	201	CGame::SetFullScoreTime	SetFullScoreTime(float time)	SOURCE_ONLY	NO_MATCH_FOUND		reverse-engineering/binary-analysis/ghidra-function-name-table-2026-08-17.tsv;reverse-engineering/binary-analysis/function-c1-closure-2026-08-11.tsv;references/Onslaught/game.h:201;reverse-engineering/source-crosswalk/audit/REPORT.md;reverse-engineering/EVIDENCE-REGISTER.tsv;local-lab/re-campaign-incident-recovery-20260808-v1/generation-32-current-8329-db18625-v1/campaign-functions.tsv;reverse-engineering/binary-analysis/cgame-level-lifecycle-semantics-2026-08-11.tsv;reverse-engineering/binary-analysis/controller-player-game-event-spine-2026-08-11.tsv;reverse-engineering/source-code/gameplay/game-system.md	Simple inline/header body has no named or promoted semantic target after direct and bounded-owner-alias search; candidate bounded NO_MATCH only, not binary absence.	A promoted same-owner body or bounded alias with compatible ABI and source semantics falsifies the current negative search.
game.h	202	CGame::SetPercentageScoreTime	SetPercentageScoreTime(float time)	SOURCE_ONLY	NO_MATCH_FOUND		reverse-engineering/binary-analysis/ghidra-function-name-table-2026-08-17.tsv;reverse-engineering/binary-analysis/function-c1-closure-2026-08-11.tsv;references/Onslaught/game.h:202;reverse-engineering/source-crosswalk/audit/REPORT.md;reverse-engineering/EVIDENCE-REGISTER.tsv;local-lab/re-campaign-incident-recovery-20260808-v1/generation-32-current-8329-db18625-v1/campaign-functions.tsv;reverse-engineering/binary-analysis/cgame-level-lifecycle-semantics-2026-08-11.tsv;reverse-engineering/binary-analysis/controller-player-game-event-spine-2026-08-11.tsv;reverse-engineering/source-code/gameplay/game-system.md	Simple inline/header body has no named or promoted semantic target after direct and bounded-owner-alias search; candidate bounded NO_MATCH only, not binary absence.	A promoted same-owner body or bounded alias with compatible ABI and source semantics falsifies the current negative search.
game.h	203	CGame::SetScorePercentage	SetScorePercentage(float percentage)	SOURCE_ONLY	NO_MATCH_FOUND		reverse-engineering/binary-analysis/ghidra-function-name-table-2026-08-17.tsv;reverse-engineering/binary-analysis/function-c1-closure-2026-08-11.tsv;references/Onslaught/game.h:203;reverse-engineering/source-crosswalk/audit/REPORT.md;reverse-engineering/EVIDENCE-REGISTER.tsv;local-lab/re-campaign-incident-recovery-20260808-v1/generation-32-current-8329-db18625-v1/campaign-functions.tsv;reverse-engineering/binary-analysis/cgame-level-lifecycle-semantics-2026-08-11.tsv;reverse-engineering/binary-analysis/controller-player-game-event-spine-2026-08-11.tsv;reverse-engineering/source-code/gameplay/game-system.md	Simple inline/header body has no named or promoted semantic target after direct and bounded-owner-alias search; candidate bounded NO_MATCH only, not binary absence.	A promoted same-owner body or bounded alias with compatible ABI and source semantics falsifies the current negative search.
game.h	210	CGame::IncScore	IncScore(SINT inScore)	SOURCE_ONLY	NO_MATCH_FOUND		reverse-engineering/binary-analysis/ghidra-function-name-table-2026-08-17.tsv;reverse-engineering/binary-analysis/function-c1-closure-2026-08-11.tsv;references/Onslaught/game.h:210;reverse-engineering/source-crosswalk/audit/REPORT.md;reverse-engineering/EVIDENCE-REGISTER.tsv;local-lab/re-campaign-incident-recovery-20260808-v1/generation-32-current-8329-db18625-v1/campaign-functions.tsv;reverse-engineering/binary-analysis/cgame-level-lifecycle-semantics-2026-08-11.tsv;reverse-engineering/binary-analysis/controller-player-game-event-spine-2026-08-11.tsv;reverse-engineering/source-code/gameplay/game-system.md	Simple inline/header body has no named or promoted semantic target after direct and bounded-owner-alias search; candidate bounded NO_MATCH only, not binary absence.	A promoted same-owner body or bounded alias with compatible ABI and source semantics falsifies the current negative search.
game.h	211	CGame::GetAllowedAutoAim	GetAllowedAutoAim()	SOURCE_ONLY	NO_MATCH_FOUND		reverse-engineering/binary-analysis/ghidra-function-name-table-2026-08-17.tsv;reverse-engineering/binary-analysis/function-c1-closure-2026-08-11.tsv;references/Onslaught/game.h:211;reverse-engineering/source-crosswalk/audit/REPORT.md;reverse-engineering/EVIDENCE-REGISTER.tsv;local-lab/re-campaign-incident-recovery-20260808-v1/generation-32-current-8329-db18625-v1/campaign-functions.tsv;reverse-engineering/binary-analysis/cgame-level-lifecycle-semantics-2026-08-11.tsv;reverse-engineering/binary-analysis/controller-player-game-event-spine-2026-08-11.tsv;reverse-engineering/source-code/gameplay/game-system.md	Simple inline/header body has no named or promoted semantic target after direct and bounded-owner-alias search; candidate bounded NO_MATCH only, not binary absence.	A promoted same-owner body or bounded alias with compatible ABI and source semantics falsifies the current negative search.
game.h	212	CGame::SetAllowedAutoAim	SetAllowedAutoAim(BOOL val)	SOURCE_ONLY	NO_MATCH_FOUND		reverse-engineering/binary-analysis/ghidra-function-name-table-2026-08-17.tsv;reverse-engineering/binary-analysis/function-c1-closure-2026-08-11.tsv;references/Onslaught/game.h:212;reverse-engineering/source-crosswalk/audit/REPORT.md;reverse-engineering/EVIDENCE-REGISTER.tsv;local-lab/re-campaign-incident-recovery-20260808-v1/generation-32-current-8329-db18625-v1/campaign-functions.tsv;reverse-engineering/binary-analysis/cgame-level-lifecycle-semantics-2026-08-11.tsv;reverse-engineering/binary-analysis/controller-player-game-event-spine-2026-08-11.tsv;reverse-engineering/source-code/gameplay/game-system.md	Simple inline/header body has no named or promoted semantic target after direct and bounded-owner-alias search; candidate bounded NO_MATCH only, not binary absence.	A promoted same-owner body or bounded alias with compatible ABI and source semantics falsifies the current negative search.
game.h	215	CGame::InvertSides	InvertSides()	SOURCE_ONLY	NO_MATCH_FOUND		reverse-engineering/binary-analysis/ghidra-function-name-table-2026-08-17.tsv;reverse-engineering/binary-analysis/function-c1-closure-2026-08-11.tsv;references/Onslaught/game.h:215;reverse-engineering/source-crosswalk/audit/REPORT.md;reverse-engineering/EVIDENCE-REGISTER.tsv;local-lab/re-campaign-incident-recovery-20260808-v1/generation-32-current-8329-db18625-v1/campaign-functions.tsv;reverse-engineering/binary-analysis/cgame-level-lifecycle-semantics-2026-08-11.tsv;reverse-engineering/binary-analysis/controller-player-game-event-spine-2026-08-11.tsv;reverse-engineering/source-code/gameplay/game-system.md	Simple inline/header body has no named or promoted semantic target after direct and bounded-owner-alias search; candidate bounded NO_MATCH only, not binary absence.	A promoted same-owner body or bounded alias with compatible ABI and source semantics falsifies the current negative search.
game.h	222	CGame::GetSlots	& GetSlots()	SOURCE_ONLY	NO_MATCH_FOUND		reverse-engineering/binary-analysis/ghidra-function-name-table-2026-08-17.tsv;reverse-engineering/binary-analysis/function-c1-closure-2026-08-11.tsv;references/Onslaught/game.h:222;reverse-engineering/source-crosswalk/audit/REPORT.md;reverse-engineering/EVIDENCE-REGISTER.tsv;local-lab/re-campaign-incident-recovery-20260808-v1/generation-32-current-8329-db18625-v1/campaign-functions.tsv;reverse-engineering/binary-analysis/cgame-level-lifecycle-semantics-2026-08-11.tsv;reverse-engineering/binary-analysis/controller-player-game-event-spine-2026-08-11.tsv;reverse-engineering/source-code/gameplay/game-system.md	Simple inline/header body has no named or promoted semantic target after direct and bounded-owner-alias search; candidate bounded NO_MATCH only, not binary absence.	A promoted same-owner body or bounded alias with compatible ABI and source semantics falsifies the current negative search.
game.h	226	CGame::GetLevelStartTime	GetLevelStartTime()	SOURCE_ONLY	NO_MATCH_FOUND		reverse-engineering/binary-analysis/ghidra-function-name-table-2026-08-17.tsv;reverse-engineering/binary-analysis/function-c1-closure-2026-08-11.tsv;references/Onslaught/game.h:226;reverse-engineering/source-crosswalk/audit/REPORT.md;reverse-engineering/EVIDENCE-REGISTER.tsv;local-lab/re-campaign-incident-recovery-20260808-v1/generation-32-current-8329-db18625-v1/campaign-functions.tsv;reverse-engineering/binary-analysis/cgame-level-lifecycle-semantics-2026-08-11.tsv;reverse-engineering/binary-analysis/controller-player-game-event-spine-2026-08-11.tsv;reverse-engineering/source-code/gameplay/game-system.md	Simple inline/header body has no named or promoted semantic target after direct and bounded-owner-alias search; candidate bounded NO_MATCH only, not binary absence.	A promoted same-owner body or bounded alias with compatible ABI and source semantics falsifies the current negative search.
game.h	227	CGame::SetLevelStartTime	SetLevelStartTime(float inTime)	SOURCE_ONLY	NO_MATCH_FOUND		reverse-engineering/binary-analysis/ghidra-function-name-table-2026-08-17.tsv;reverse-engineering/binary-analysis/function-c1-closure-2026-08-11.tsv;references/Onslaught/game.h:227;reverse-engineering/source-crosswalk/audit/REPORT.md;reverse-engineering/EVIDENCE-REGISTER.tsv;local-lab/re-campaign-incident-recovery-20260808-v1/generation-32-current-8329-db18625-v1/campaign-functions.tsv;reverse-engineering/binary-analysis/cgame-level-lifecycle-semantics-2026-08-11.tsv;reverse-engineering/binary-analysis/controller-player-game-event-spine-2026-08-11.tsv;reverse-engineering/source-code/gameplay/game-system.md	Simple inline/header body has no named or promoted semantic target after direct and bounded-owner-alias search; candidate bounded NO_MATCH only, not binary absence.	A promoted same-owner body or bounded alias with compatible ABI and source semantics falsifies the current negative search.
game.h	228	CGame::IsRestarting	IsRestarting()	SOURCE_ONLY	NO_MATCH_FOUND		reverse-engineering/binary-analysis/ghidra-function-name-table-2026-08-17.tsv;reverse-engineering/binary-analysis/function-c1-closure-2026-08-11.tsv;references/Onslaught/game.h:228;reverse-engineering/source-crosswalk/audit/REPORT.md;reverse-engineering/EVIDENCE-REGISTER.tsv;local-lab/re-campaign-incident-recovery-20260808-v1/generation-32-current-8329-db18625-v1/campaign-functions.tsv;reverse-engineering/binary-analysis/cgame-level-lifecycle-semantics-2026-08-11.tsv;reverse-engineering/binary-analysis/controller-player-game-event-spine-2026-08-11.tsv;reverse-engineering/source-code/gameplay/game-system.md	Simple inline/header body has no named or promoted semantic target after direct and bounded-owner-alias search; candidate bounded NO_MATCH only, not binary absence.	A promoted same-owner body or bounded alias with compatible ABI and source semantics falsifies the current negative search.
game.h	264	CGame::GetRenderFrameLength	GetRenderFrameLength()	SOURCE_ONLY	NO_MATCH_FOUND		reverse-engineering/binary-analysis/ghidra-function-name-table-2026-08-17.tsv;reverse-engineering/binary-analysis/function-c1-closure-2026-08-11.tsv;references/Onslaught/game.h:264;reverse-engineering/source-crosswalk/audit/REPORT.md;reverse-engineering/EVIDENCE-REGISTER.tsv;local-lab/re-campaign-incident-recovery-20260808-v1/generation-32-current-8329-db18625-v1/campaign-functions.tsv;reverse-engineering/binary-analysis/cgame-level-lifecycle-semantics-2026-08-11.tsv;reverse-engineering/binary-analysis/controller-player-game-event-spine-2026-08-11.tsv;reverse-engineering/source-code/gameplay/game-system.md	Simple inline/header body has no named or promoted semantic target after direct and bounded-owner-alias search; candidate bounded NO_MATCH only, not binary absence.	A promoted same-owner body or bounded alias with compatible ABI and source semantics falsifies the current negative search.
game.h	265	CGame::GetCurrentInterleavedScreen	GetCurrentInterleavedScreen()	SOURCE_ONLY	NO_MATCH_FOUND		reverse-engineering/binary-analysis/ghidra-function-name-table-2026-08-17.tsv;reverse-engineering/binary-analysis/function-c1-closure-2026-08-11.tsv;references/Onslaught/game.h:265;reverse-engineering/source-crosswalk/audit/REPORT.md;reverse-engineering/EVIDENCE-REGISTER.tsv;local-lab/re-campaign-incident-recovery-20260808-v1/generation-32-current-8329-db18625-v1/campaign-functions.tsv;reverse-engineering/binary-analysis/cgame-level-lifecycle-semantics-2026-08-11.tsv;reverse-engineering/binary-analysis/controller-player-game-event-spine-2026-08-11.tsv;reverse-engineering/source-code/gameplay/game-system.md	Simple inline/header body has no named or promoted semantic target after direct and bounded-owner-alias search; candidate bounded NO_MATCH only, not binary absence.	A promoted same-owner body or bounded alias with compatible ABI and source semantics falsifies the current negative search.
game.h	266	CGame::IsFirstFrame	IsFirstFrame()	SOURCE_ONLY	NO_MATCH_FOUND		reverse-engineering/binary-analysis/ghidra-function-name-table-2026-08-17.tsv;reverse-engineering/binary-analysis/function-c1-closure-2026-08-11.tsv;references/Onslaught/game.h:266;reverse-engineering/source-crosswalk/audit/REPORT.md;reverse-engineering/EVIDENCE-REGISTER.tsv;local-lab/re-campaign-incident-recovery-20260808-v1/generation-32-current-8329-db18625-v1/campaign-functions.tsv;reverse-engineering/binary-analysis/cgame-level-lifecycle-semantics-2026-08-11.tsv;reverse-engineering/binary-analysis/controller-player-game-event-spine-2026-08-11.tsv;reverse-engineering/source-code/gameplay/game-system.md	Simple inline/header body has no named or promoted semantic target after direct and bounded-owner-alias search; candidate bounded NO_MATCH only, not binary absence.	A promoted same-owner body or bounded alias with compatible ABI and source semantics falsifies the current negative search.
game.h	268	CGame::GetFrontEndSettings	* GetFrontEndSettings()	SOURCE_ONLY	NO_MATCH_FOUND		reverse-engineering/binary-analysis/ghidra-function-name-table-2026-08-17.tsv;reverse-engineering/binary-analysis/function-c1-closure-2026-08-11.tsv;references/Onslaught/game.h:268;reverse-engineering/source-crosswalk/audit/REPORT.md;reverse-engineering/EVIDENCE-REGISTER.tsv;local-lab/re-campaign-incident-recovery-20260808-v1/generation-32-current-8329-db18625-v1/campaign-functions.tsv;reverse-engineering/binary-analysis/cgame-level-lifecycle-semantics-2026-08-11.tsv;reverse-engineering/binary-analysis/controller-player-game-event-spine-2026-08-11.tsv;reverse-engineering/source-code/gameplay/game-system.md	Simple inline/header body has no named or promoted semantic target after direct and bounded-owner-alias search; candidate bounded NO_MATCH only, not binary absence.	A promoted same-owner body or bounded alias with compatible ABI and source semantics falsifies the current negative search.
game.h	269	CGame::GetCurrentlyRunningLevelNum	GetCurrentlyRunningLevelNum()	SOURCE_ONLY	NO_MATCH_FOUND		reverse-engineering/binary-analysis/ghidra-function-name-table-2026-08-17.tsv;reverse-engineering/binary-analysis/function-c1-closure-2026-08-11.tsv;references/Onslaught/game.h:269;reverse-engineering/source-crosswalk/audit/REPORT.md;reverse-engineering/EVIDENCE-REGISTER.tsv;local-lab/re-campaign-incident-recovery-20260808-v1/generation-32-current-8329-db18625-v1/campaign-functions.tsv;reverse-engineering/binary-analysis/cgame-level-lifecycle-semantics-2026-08-11.tsv;reverse-engineering/binary-analysis/controller-player-game-event-spine-2026-08-11.tsv;reverse-engineering/source-code/gameplay/game-system.md	Simple inline/header body has no named or promoted semantic target after direct and bounded-owner-alias search; candidate bounded NO_MATCH only, not binary absence.	A promoted same-owner body or bounded alias with compatible ABI and source semantics falsifies the current negative search.
game.h	270	CGame::GetFrameTime	GetFrameTime()	SOURCE_ONLY	NO_MATCH_FOUND		reverse-engineering/binary-analysis/ghidra-function-name-table-2026-08-17.tsv;reverse-engineering/binary-analysis/function-c1-closure-2026-08-11.tsv;references/Onslaught/game.h:270;reverse-engineering/source-crosswalk/audit/REPORT.md;reverse-engineering/EVIDENCE-REGISTER.tsv;local-lab/re-campaign-incident-recovery-20260808-v1/generation-32-current-8329-db18625-v1/campaign-functions.tsv;reverse-engineering/binary-analysis/cgame-level-lifecycle-semantics-2026-08-11.tsv;reverse-engineering/binary-analysis/controller-player-game-event-spine-2026-08-11.tsv;reverse-engineering/source-code/gameplay/game-system.md	Simple inline/header body has no named or promoted semantic target after direct and bounded-owner-alias search; candidate bounded NO_MATCH only, not binary absence.	A promoted same-owner body or bounded alias with compatible ABI and source semantics falsifies the current negative search.
game.h	271	CGame::GetBaseTime	GetBaseTime()	SOURCE_ONLY	NO_MATCH_FOUND		reverse-engineering/binary-analysis/ghidra-function-name-table-2026-08-17.tsv;reverse-engineering/binary-analysis/function-c1-closure-2026-08-11.tsv;references/Onslaught/game.h:271;reverse-engineering/source-crosswalk/audit/REPORT.md;reverse-engineering/EVIDENCE-REGISTER.tsv;local-lab/re-campaign-incident-recovery-20260808-v1/generation-32-current-8329-db18625-v1/campaign-functions.tsv;reverse-engineering/binary-analysis/cgame-level-lifecycle-semantics-2026-08-11.tsv;reverse-engineering/binary-analysis/controller-player-game-event-spine-2026-08-11.tsv;reverse-engineering/source-code/gameplay/game-system.md	Simple inline/header body has no named or promoted semantic target after direct and bounded-owner-alias search; candidate bounded NO_MATCH only, not binary absence.	A promoted same-owner body or bounded alias with compatible ABI and source semantics falsifies the current negative search.
MemoryCard.h	58	CMemoryCard::TooManySavesHere	TooManySavesHere(int card)	SOURCE_ONLY	NO_MATCH_FOUND		reverse-engineering/binary-analysis/ghidra-function-name-table-2026-08-17.tsv;reverse-engineering/binary-analysis/function-c1-closure-2026-08-11.tsv;references/Onslaught/MemoryCard.h:58;reverse-engineering/source-crosswalk/audit/REPORT.md;reverse-engineering/EVIDENCE-REGISTER.tsv;local-lab/re-campaign-incident-recovery-20260808-v1/generation-32-current-8329-db18625-v1/campaign-functions.tsv;reverse-engineering/binary-analysis/cpcmemorycard-pc-save-backend-semantics-2026-08-11.tsv;reverse-engineering/binary-analysis/frontend-save-load-semantics-2026-08-11.tsv	Simple inline/header body has no named or promoted semantic target after direct and bounded-owner-alias search; candidate bounded NO_MATCH only, not binary absence.	A promoted same-owner body or bounded alias with compatible ABI and source semantics falsifies the current negative search.
PCController.cpp	143	CPCController::CPCController	CPCController::CPCController(IController* to_control, int padnumber,int configuration, BOOL reverse_look_y_axis)	RETAIL_UNRESOLVED	NO_MATCH_FOUND		reverse-engineering/binary-analysis/ghidra-function-name-table-2026-08-17.tsv;reverse-engineering/binary-analysis/function-c1-closure-2026-08-11.tsv;references/Onslaught/PCController.cpp:143;reverse-engineering/source-crosswalk/audit/REPORT.md;reverse-engineering/EVIDENCE-REGISTER.tsv;local-lab/re-campaign-incident-recovery-20260808-v1/generation-32-current-8329-db18625-v1/campaign-functions.tsv;reverse-engineering/binary-analysis/controller-shared-semantics-2026-08-11.tsv;reverse-engineering/binary-analysis/cpccontroller-vtable-semantics-2026-08-11.tsv;reverse-engineering/binary-analysis/controller-player-game-event-spine-2026-08-11.tsv;reverse-engineering/source-code/frontend/controller-system.md	Out-of-line source definition has no proven tracked analog; external static/ABI or runtime proof is required before a negative or VA assignment.	Static ABI/xref/body evidence or controlled runtime evidence that proves a target resolves and may falsify this unresolved classification.
PCController.h	21	CPCController::GetJoyButtonOnce	GetJoyButtonOnce(int pad_number, int button)	SOURCE_AGREES	SOURCE_EXACT	0x005147b0	reverse-engineering/binary-analysis/cpccontroller-vtable-semantics-2026-08-11.tsv;references/Onslaught/PCController.h:21;reverse-engineering/source-crosswalk/audit/REPORT.md;reverse-engineering/binary-analysis/ghidra-function-name-table-2026-08-17.tsv;reverse-engineering/binary-analysis/function-c1-closure-2026-08-11.tsv;reverse-engineering/EVIDENCE-REGISTER.tsv;local-lab/re-campaign-incident-recovery-20260808-v1/generation-32-current-8329-db18625-v1/campaign-functions.tsv;reverse-engineering/binary-analysis/controller-shared-semantics-2026-08-11.tsv;reverse-engineering/binary-analysis/controller-player-game-event-spine-2026-08-11.tsv;reverse-engineering/source-code/frontend/controller-system.md	Promoted semantic row labels CPCController::GetJoyButtonOnce SOURCE_INLINE and states the exact edge test.	Any pristine-body, ABI, or source-line readback mismatch at the cited VA refutes SOURCE_EXACT.
PCController.h	22	CPCController::GetJoyButtonOn	GetJoyButtonOn(int pad_number, int button)	SOURCE_AGREES	SOURCE_EXACT	0x005147f0	reverse-engineering/binary-analysis/cpccontroller-vtable-semantics-2026-08-11.tsv;references/Onslaught/PCController.h:22;reverse-engineering/source-crosswalk/audit/REPORT.md;reverse-engineering/binary-analysis/ghidra-function-name-table-2026-08-17.tsv;reverse-engineering/binary-analysis/function-c1-closure-2026-08-11.tsv;reverse-engineering/EVIDENCE-REGISTER.tsv;local-lab/re-campaign-incident-recovery-20260808-v1/generation-32-current-8329-db18625-v1/campaign-functions.tsv;reverse-engineering/binary-analysis/controller-shared-semantics-2026-08-11.tsv;reverse-engineering/binary-analysis/controller-player-game-event-spine-2026-08-11.tsv;reverse-engineering/source-code/frontend/controller-system.md	Promoted semantic row labels CPCController::GetJoyButtonOn SOURCE_INLINE and states the exact current-byte test.	Any pristine-body, ABI, or source-line readback mismatch at the cited VA refutes SOURCE_EXACT.
PCController.h	23	CPCController::GetJoyButtonRelease	GetJoyButtonRelease(int pad_number, int button)	SOURCE_AGREES	SOURCE_EXACT	0x00514810	reverse-engineering/binary-analysis/cpccontroller-vtable-semantics-2026-08-11.tsv;references/Onslaught/PCController.h:23;reverse-engineering/source-crosswalk/audit/REPORT.md;reverse-engineering/binary-analysis/ghidra-function-name-table-2026-08-17.tsv;reverse-engineering/binary-analysis/function-c1-closure-2026-08-11.tsv;reverse-engineering/EVIDENCE-REGISTER.tsv;local-lab/re-campaign-incident-recovery-20260808-v1/generation-32-current-8329-db18625-v1/campaign-functions.tsv;reverse-engineering/binary-analysis/controller-shared-semantics-2026-08-11.tsv;reverse-engineering/binary-analysis/controller-player-game-event-spine-2026-08-11.tsv;reverse-engineering/source-code/frontend/controller-system.md	Promoted semantic row labels CPCController::GetJoyButtonRelease SOURCE_INLINE and states the exact release-edge test.	Any pristine-body, ABI, or source-line readback mismatch at the cited VA refutes SOURCE_EXACT.
PCController.h	25	CPCController::GetKeyOnce	GetKeyOnce(int pad_number, int key)	SOURCE_AGREES	SOURCE_EXACT	0x00514850	reverse-engineering/binary-analysis/cpccontroller-vtable-semantics-2026-08-11.tsv;references/Onslaught/PCController.h:25;reverse-engineering/source-crosswalk/audit/REPORT.md;reverse-engineering/binary-analysis/ghidra-function-name-table-2026-08-17.tsv;reverse-engineering/binary-analysis/function-c1-closure-2026-08-11.tsv;reverse-engineering/EVIDENCE-REGISTER.tsv;local-lab/re-campaign-incident-recovery-20260808-v1/generation-32-current-8329-db18625-v1/campaign-functions.tsv;reverse-engineering/binary-analysis/controller-shared-semantics-2026-08-11.tsv;reverse-engineering/binary-analysis/controller-player-game-event-spine-2026-08-11.tsv;reverse-engineering/source-code/frontend/controller-system.md	Promoted semantic row labels CPCController::GetKeyOnce SOURCE_INLINE and bounds the forwarding/canonicalization body.	Any pristine-body, ABI, or source-line readback mismatch at the cited VA refutes SOURCE_EXACT.
PCController.h	26	CPCController::GetKeyOn	GetKeyOn(int pad_number, int key)	SOURCE_AGREES	SOURCE_EXACT	0x00514890	reverse-engineering/binary-analysis/cpccontroller-vtable-semantics-2026-08-11.tsv;references/Onslaught/PCController.h:26;reverse-engineering/source-crosswalk/audit/REPORT.md;reverse-engineering/binary-analysis/ghidra-function-name-table-2026-08-17.tsv;reverse-engineering/binary-analysis/function-c1-closure-2026-08-11.tsv;reverse-engineering/EVIDENCE-REGISTER.tsv;local-lab/re-campaign-incident-recovery-20260808-v1/generation-32-current-8329-db18625-v1/campaign-functions.tsv;reverse-engineering/binary-analysis/controller-shared-semantics-2026-08-11.tsv;reverse-engineering/binary-analysis/controller-player-game-event-spine-2026-08-11.tsv;reverse-engineering/source-code/frontend/controller-system.md	Promoted semantic row labels CPCController::GetKeyOn SOURCE_INLINE and bounds the forwarding/canonicalization body.	Any pristine-body, ABI, or source-line readback mismatch at the cited VA refutes SOURCE_EXACT.
PCController.h	27	CPCController::DeviceSetVibration	DeviceSetVibration(float)	SOURCE_ONLY	NO_MATCH_FOUND		reverse-engineering/binary-analysis/ghidra-function-name-table-2026-08-17.tsv;reverse-engineering/binary-analysis/function-c1-closure-2026-08-11.tsv;references/Onslaught/PCController.h:27;reverse-engineering/source-crosswalk/audit/REPORT.md;reverse-engineering/EVIDENCE-REGISTER.tsv;local-lab/re-campaign-incident-recovery-20260808-v1/generation-32-current-8329-db18625-v1/campaign-functions.tsv;reverse-engineering/binary-analysis/controller-shared-semantics-2026-08-11.tsv;reverse-engineering/binary-analysis/cpccontroller-vtable-semantics-2026-08-11.tsv;reverse-engineering/binary-analysis/controller-player-game-event-spine-2026-08-11.tsv;reverse-engineering/source-code/frontend/controller-system.md	Simple inline/header body has no named or promoted semantic target after direct and bounded-owner-alias search; candidate bounded NO_MATCH only, not binary absence.	A promoted same-owner body or bounded alias with compatible ABI and source semantics falsifies the current negative search.
PCGame.h	17	CPCGame::SetBaseTime	SetBaseTime(float t)	SOURCE_ONLY	NO_MATCH_FOUND		reverse-engineering/binary-analysis/ghidra-function-name-table-2026-08-17.tsv;reverse-engineering/binary-analysis/function-c1-closure-2026-08-11.tsv;references/Onslaught/PCGame.h:17;reverse-engineering/source-crosswalk/audit/REPORT.md;reverse-engineering/EVIDENCE-REGISTER.tsv;local-lab/re-campaign-incident-recovery-20260808-v1/generation-32-current-8329-db18625-v1/campaign-functions.tsv;reverse-engineering/binary-analysis/cgame-level-lifecycle-semantics-2026-08-11.tsv;reverse-engineering/binary-analysis/controller-player-game-event-spine-2026-08-11.tsv;reverse-engineering/source-code/gameplay/game-system.md	Simple inline/header body has no named or promoted semantic target after direct and bounded-owner-alias search; candidate bounded NO_MATCH only, not binary absence.	A promoted same-owner body or bounded alias with compatible ABI and source semantics falsifies the current negative search.
PCGame.h	18	CPCGame::SetFrameTime	SetFrameTime(float t)	SOURCE_ONLY	NO_MATCH_FOUND		reverse-engineering/binary-analysis/ghidra-function-name-table-2026-08-17.tsv;reverse-engineering/binary-analysis/function-c1-closure-2026-08-11.tsv;references/Onslaught/PCGame.h:18;reverse-engineering/source-crosswalk/audit/REPORT.md;reverse-engineering/EVIDENCE-REGISTER.tsv;local-lab/re-campaign-incident-recovery-20260808-v1/generation-32-current-8329-db18625-v1/campaign-functions.tsv;reverse-engineering/binary-analysis/cgame-level-lifecycle-semantics-2026-08-11.tsv;reverse-engineering/binary-analysis/controller-player-game-event-spine-2026-08-11.tsv;reverse-engineering/source-code/gameplay/game-system.md	Simple inline/header body has no named or promoted semantic target after direct and bounded-owner-alias search; candidate bounded NO_MATCH only, not binary absence.	A promoted same-owner body or bounded alias with compatible ABI and source semantics falsifies the current negative search.
PCMemoryCard.h	15	CPCMemoryCard::IsHDDAvailable	IsHDDAvailable()	SOURCE_ONLY	NO_MATCH_FOUND		reverse-engineering/binary-analysis/ghidra-function-name-table-2026-08-17.tsv;reverse-engineering/binary-analysis/function-c1-closure-2026-08-11.tsv;references/Onslaught/PCMemoryCard.h:15;reverse-engineering/source-crosswalk/audit/REPORT.md;reverse-engineering/EVIDENCE-REGISTER.tsv;local-lab/re-campaign-incident-recovery-20260808-v1/generation-32-current-8329-db18625-v1/campaign-functions.tsv;reverse-engineering/binary-analysis/cpcmemorycard-pc-save-backend-semantics-2026-08-11.tsv;reverse-engineering/binary-analysis/frontend-save-load-semantics-2026-08-11.tsv	Simple inline/header body has no named or promoted semantic target after direct and bounded-owner-alias search; candidate bounded NO_MATCH only, not binary absence.	A promoted same-owner body or bounded alias with compatible ABI and source semantics falsifies the current negative search.
PCMemoryCard.h	17	CPCMemoryCard::GetNumCards	GetNumCards(int *num)	SOURCE_DIVERGES	SOURCE_ANALOG	0x00514950	reverse-engineering/binary-analysis/cpcmemorycard-pc-save-backend-semantics-2026-08-11.tsv;references/Onslaught/PCMemoryCard.h:17;reverse-engineering/source-crosswalk/audit/REPORT.md;reverse-engineering/binary-analysis/ghidra-function-name-table-2026-08-17.tsv;reverse-engineering/binary-analysis/function-c1-closure-2026-08-11.tsv;reverse-engineering/EVIDENCE-REGISTER.tsv;local-lab/re-campaign-incident-recovery-20260808-v1/generation-32-current-8329-db18625-v1/campaign-functions.tsv;reverse-engineering/binary-analysis/frontend-save-load-semantics-2026-08-11.tsv	Promoted semantics anchors PCMemoryCard.h:17 and names the released single-device adapter, explicitly bounding divergence from the zero-returning source stub.	A body/ABI readback that refutes the named candidate, or proof of a different source owner, refutes this bounded analog.
PCMemoryCard.h	97	CPCMemoryCard::Update	Update()	SOURCE_ONLY	NO_MATCH_FOUND		reverse-engineering/binary-analysis/ghidra-function-name-table-2026-08-17.tsv;reverse-engineering/binary-analysis/function-c1-closure-2026-08-11.tsv;references/Onslaught/PCMemoryCard.h:97;reverse-engineering/source-crosswalk/audit/REPORT.md;reverse-engineering/EVIDENCE-REGISTER.tsv;local-lab/re-campaign-incident-recovery-20260808-v1/generation-32-current-8329-db18625-v1/campaign-functions.tsv;reverse-engineering/binary-analysis/cpcmemorycard-pc-save-backend-semantics-2026-08-11.tsv;reverse-engineering/binary-analysis/frontend-save-load-semantics-2026-08-11.tsv	Simple inline/header body has no named or promoted semantic target after direct and bounded-owner-alias search; candidate bounded NO_MATCH only, not binary absence.	A promoted same-owner body or bounded alias with compatible ABI and source semantics falsifies the current negative search.
Player.cpp	24	CPlayer::CPlayer	CPlayer::CPlayer(int number)	RETAIL_UNRESOLVED	SOURCE_ANALOG	0x004d2780	reverse-engineering/binary-analysis/functions/Player.cpp/CPlayer__ctor.md;references/Onslaught/Player.cpp:24;reverse-engineering/source-crosswalk/audit/REPORT.md;reverse-engineering/binary-analysis/ghidra-function-name-table-2026-08-17.tsv;reverse-engineering/binary-analysis/function-c1-closure-2026-08-11.tsv;reverse-engineering/EVIDENCE-REGISTER.tsv;local-lab/re-campaign-incident-recovery-20260808-v1/generation-32-current-8329-db18625-v1/campaign-functions.tsv;reverse-engineering/binary-analysis/controller-player-game-event-spine-2026-08-11.tsv	Function note names the exact source signature and retail constructor but grades the bridge Partial static, so this remains SOURCE_ANALOG-ready only.	A body/ABI readback that refutes the named candidate, or proof of a different source owner, refutes this bounded analog.
Player.h	65	CPlayer::CanBeControlledWhenInPause	CanBeControlledWhenInPause()	SOURCE_ONLY	NO_MATCH_FOUND		reverse-engineering/binary-analysis/ghidra-function-name-table-2026-08-17.tsv;reverse-engineering/binary-analysis/function-c1-closure-2026-08-11.tsv;references/Onslaught/Player.h:65;reverse-engineering/source-crosswalk/audit/REPORT.md;reverse-engineering/EVIDENCE-REGISTER.tsv;local-lab/re-campaign-incident-recovery-20260808-v1/generation-32-current-8329-db18625-v1/campaign-functions.tsv;reverse-engineering/binary-analysis/controller-player-game-event-spine-2026-08-11.tsv;reverse-engineering/binary-analysis/functions/Player.cpp/CPlayer__ctor.md	Simple inline/header body has no named or promoted semantic target after direct and bounded-owner-alias search; candidate bounded NO_MATCH only, not binary absence.	A promoted same-owner body or bounded alias with compatible ABI and source semantics falsifies the current negative search.
Player.h	66	CPlayer::GetControlType	GetControlType()	SOURCE_ONLY	NO_MATCH_FOUND		reverse-engineering/binary-analysis/ghidra-function-name-table-2026-08-17.tsv;reverse-engineering/binary-analysis/function-c1-closure-2026-08-11.tsv;references/Onslaught/Player.h:66;reverse-engineering/source-crosswalk/audit/REPORT.md;reverse-engineering/EVIDENCE-REGISTER.tsv;local-lab/re-campaign-incident-recovery-20260808-v1/generation-32-current-8329-db18625-v1/campaign-functions.tsv;reverse-engineering/binary-analysis/controller-player-game-event-spine-2026-08-11.tsv;reverse-engineering/binary-analysis/functions/Player.cpp/CPlayer__ctor.md	Simple inline/header body has no named or promoted semantic target after direct and bounded-owner-alias search; candidate bounded NO_MATCH only, not binary absence.	A promoted same-owner body or bounded alias with compatible ABI and source semantics falsifies the current negative search.
Player.h	68	CPlayer::GetNumber	GetNumber()	SOURCE_ONLY	NO_MATCH_FOUND		reverse-engineering/binary-analysis/ghidra-function-name-table-2026-08-17.tsv;reverse-engineering/binary-analysis/function-c1-closure-2026-08-11.tsv;references/Onslaught/Player.h:68;reverse-engineering/source-crosswalk/audit/REPORT.md;reverse-engineering/EVIDENCE-REGISTER.tsv;local-lab/re-campaign-incident-recovery-20260808-v1/generation-32-current-8329-db18625-v1/campaign-functions.tsv;reverse-engineering/binary-analysis/controller-player-game-event-spine-2026-08-11.tsv;reverse-engineering/binary-analysis/functions/Player.cpp/CPlayer__ctor.md	Simple inline/header body has no named or promoted semantic target after direct and bounded-owner-alias search; candidate bounded NO_MATCH only, not binary absence.	A promoted same-owner body or bounded alias with compatible ABI and source semantics falsifies the current negative search.
Player.h	70	CPlayer::GetNumEnemyThingKilled	GetNumEnemyThingKilled(EKilledType type)	SOURCE_ONLY	NO_MATCH_FOUND		reverse-engineering/binary-analysis/ghidra-function-name-table-2026-08-17.tsv;reverse-engineering/binary-analysis/function-c1-closure-2026-08-11.tsv;references/Onslaught/Player.h:70;reverse-engineering/source-crosswalk/audit/REPORT.md;reverse-engineering/EVIDENCE-REGISTER.tsv;local-lab/re-campaign-incident-recovery-20260808-v1/generation-32-current-8329-db18625-v1/campaign-functions.tsv;reverse-engineering/binary-analysis/controller-player-game-event-spine-2026-08-11.tsv;reverse-engineering/binary-analysis/functions/Player.cpp/CPlayer__ctor.md	Simple inline/header body has no named or promoted semantic target after direct and bounded-owner-alias search; candidate bounded NO_MATCH only, not binary absence.	A promoted same-owner body or bounded alias with compatible ABI and source semantics falsifies the current negative search.
Player.h	71	CPlayer::GetBattleEngine	* GetBattleEngine()	SOURCE_ONLY	NO_MATCH_FOUND		reverse-engineering/binary-analysis/ghidra-function-name-table-2026-08-17.tsv;reverse-engineering/binary-analysis/function-c1-closure-2026-08-11.tsv;references/Onslaught/Player.h:71;reverse-engineering/source-crosswalk/audit/REPORT.md;reverse-engineering/EVIDENCE-REGISTER.tsv;local-lab/re-campaign-incident-recovery-20260808-v1/generation-32-current-8329-db18625-v1/campaign-functions.tsv;reverse-engineering/binary-analysis/controller-player-game-event-spine-2026-08-11.tsv;reverse-engineering/binary-analysis/functions/Player.cpp/CPlayer__ctor.md	Simple inline/header body has no named or promoted semantic target after direct and bounded-owner-alias search; candidate bounded NO_MATCH only, not binary absence.	A promoted same-owner body or bounded alias with compatible ABI and source semantics falsifies the current negative search.
Player.h	72	CPlayer::IsGod	IsGod()	SOURCE_ONLY	NO_MATCH_FOUND		reverse-engineering/binary-analysis/ghidra-function-name-table-2026-08-17.tsv;reverse-engineering/binary-analysis/function-c1-closure-2026-08-11.tsv;references/Onslaught/Player.h:72;reverse-engineering/source-crosswalk/audit/REPORT.md;reverse-engineering/EVIDENCE-REGISTER.tsv;local-lab/re-campaign-incident-recovery-20260808-v1/generation-32-current-8329-db18625-v1/campaign-functions.tsv;reverse-engineering/binary-analysis/controller-player-game-event-spine-2026-08-11.tsv;reverse-engineering/binary-analysis/functions/Player.cpp/CPlayer__ctor.md	Simple inline/header body has no named or promoted semantic target after direct and bounded-owner-alias search; candidate bounded NO_MATCH only, not binary absence.	A promoted same-owner body or bounded alias with compatible ABI and source semantics falsifies the current negative search.
Player.h	73	CPlayer::ShouldRenderInternalCockpit	ShouldRenderInternalCockpit()	SOURCE_ONLY	NO_MATCH_FOUND		reverse-engineering/binary-analysis/ghidra-function-name-table-2026-08-17.tsv;reverse-engineering/binary-analysis/function-c1-closure-2026-08-11.tsv;references/Onslaught/Player.h:73;reverse-engineering/source-crosswalk/audit/REPORT.md;reverse-engineering/EVIDENCE-REGISTER.tsv;local-lab/re-campaign-incident-recovery-20260808-v1/generation-32-current-8329-db18625-v1/campaign-functions.tsv;reverse-engineering/binary-analysis/controller-player-game-event-spine-2026-08-11.tsv;reverse-engineering/binary-analysis/functions/Player.cpp/CPlayer__ctor.md	Simple inline/header body has no named or promoted semantic target after direct and bounded-owner-alias search; candidate bounded NO_MATCH only, not binary absence.	A promoted same-owner body or bounded alias with compatible ABI and source semantics falsifies the current negative search.
Player.h	74	CPlayer::GetIsInFPV	GetIsInFPV()	SOURCE_ONLY	NO_MATCH_FOUND		reverse-engineering/binary-analysis/ghidra-function-name-table-2026-08-17.tsv;reverse-engineering/binary-analysis/function-c1-closure-2026-08-11.tsv;references/Onslaught/Player.h:74;reverse-engineering/source-crosswalk/audit/REPORT.md;reverse-engineering/EVIDENCE-REGISTER.tsv;local-lab/re-campaign-incident-recovery-20260808-v1/generation-32-current-8329-db18625-v1/campaign-functions.tsv;reverse-engineering/binary-analysis/controller-player-game-event-spine-2026-08-11.tsv;reverse-engineering/binary-analysis/functions/Player.cpp/CPlayer__ctor.md	Simple inline/header body has no named or promoted semantic target after direct and bounded-owner-alias search; candidate bounded NO_MATCH only, not binary absence.	A promoted same-owner body or bounded alias with compatible ABI and source semantics falsifies the current negative search.
Player.h	75	CPlayer::GetPreferredCurrentViewMode	GetPreferredCurrentViewMode()	SOURCE_ONLY	NO_MATCH_FOUND		reverse-engineering/binary-analysis/ghidra-function-name-table-2026-08-17.tsv;reverse-engineering/binary-analysis/function-c1-closure-2026-08-11.tsv;references/Onslaught/Player.h:75;reverse-engineering/source-crosswalk/audit/REPORT.md;reverse-engineering/EVIDENCE-REGISTER.tsv;local-lab/re-campaign-incident-recovery-20260808-v1/generation-32-current-8329-db18625-v1/campaign-functions.tsv;reverse-engineering/binary-analysis/controller-player-game-event-spine-2026-08-11.tsv;reverse-engineering/binary-analysis/functions/Player.cpp/CPlayer__ctor.md	Simple inline/header body has no named or promoted semantic target after direct and bounded-owner-alias search; candidate bounded NO_MATCH only, not binary absence.	A promoted same-owner body or bounded alias with compatible ABI and source semantics falsifies the current negative search.
Player.h	86	CPlayer::SetStat	SetStat(EPlayerStats s,int v)	SOURCE_ONLY	NO_MATCH_FOUND		reverse-engineering/binary-analysis/ghidra-function-name-table-2026-08-17.tsv;reverse-engineering/binary-analysis/function-c1-closure-2026-08-11.tsv;references/Onslaught/Player.h:86;reverse-engineering/source-crosswalk/audit/REPORT.md;reverse-engineering/EVIDENCE-REGISTER.tsv;local-lab/re-campaign-incident-recovery-20260808-v1/generation-32-current-8329-db18625-v1/campaign-functions.tsv;reverse-engineering/binary-analysis/controller-player-game-event-spine-2026-08-11.tsv;reverse-engineering/binary-analysis/functions/Player.cpp/CPlayer__ctor.md	Simple inline/header body has no named or promoted semantic target after direct and bounded-owner-alias search; candidate bounded NO_MATCH only, not binary absence.	A promoted same-owner body or bounded alias with compatible ABI and source semantics falsifies the current negative search.
Player.h	87	CPlayer::GetStat	GetStat(EPlayerStats s)	SOURCE_ONLY	NO_MATCH_FOUND		reverse-engineering/binary-analysis/ghidra-function-name-table-2026-08-17.tsv;reverse-engineering/binary-analysis/function-c1-closure-2026-08-11.tsv;references/Onslaught/Player.h:87;reverse-engineering/source-crosswalk/audit/REPORT.md;reverse-engineering/EVIDENCE-REGISTER.tsv;local-lab/re-campaign-incident-recovery-20260808-v1/generation-32-current-8329-db18625-v1/campaign-functions.tsv;reverse-engineering/binary-analysis/controller-player-game-event-spine-2026-08-11.tsv;reverse-engineering/binary-analysis/functions/Player.cpp/CPlayer__ctor.md	Simple inline/header body has no named or promoted semantic target after direct and bounded-owner-alias search; candidate bounded NO_MATCH only, not binary absence.	A promoted same-owner body or bounded alias with compatible ABI and source semantics falsifies the current negative search.
Player.h	88	CPlayer::IncStat	IncStat(EPlayerStats s,int v=1)	SOURCE_ONLY	NO_MATCH_FOUND		reverse-engineering/binary-analysis/ghidra-function-name-table-2026-08-17.tsv;reverse-engineering/binary-analysis/function-c1-closure-2026-08-11.tsv;references/Onslaught/Player.h:88;reverse-engineering/source-crosswalk/audit/REPORT.md;reverse-engineering/EVIDENCE-REGISTER.tsv;local-lab/re-campaign-incident-recovery-20260808-v1/generation-32-current-8329-db18625-v1/campaign-functions.tsv;reverse-engineering/binary-analysis/controller-player-game-event-spine-2026-08-11.tsv;reverse-engineering/binary-analysis/functions/Player.cpp/CPlayer__ctor.md	Simple inline/header body has no named or promoted semantic target after direct and bounded-owner-alias search; candidate bounded NO_MATCH only, not binary absence.	A promoted same-owner body or bounded alias with compatible ABI and source semantics falsifies the current negative search.
Player.h	94	CPlayer::KilledThing	KilledThing(EKilledType type)	SOURCE_ONLY	NO_MATCH_FOUND		reverse-engineering/binary-analysis/ghidra-function-name-table-2026-08-17.tsv;reverse-engineering/binary-analysis/function-c1-closure-2026-08-11.tsv;references/Onslaught/Player.h:94;reverse-engineering/source-crosswalk/audit/REPORT.md;reverse-engineering/EVIDENCE-REGISTER.tsv;local-lab/re-campaign-incident-recovery-20260808-v1/generation-32-current-8329-db18625-v1/campaign-functions.tsv;reverse-engineering/binary-analysis/controller-player-game-event-spine-2026-08-11.tsv;reverse-engineering/binary-analysis/functions/Player.cpp/CPlayer__ctor.md	Simple inline/header body has no named or promoted semantic target after direct and bounded-owner-alias search; candidate bounded NO_MATCH only, not binary absence.	A promoted same-owner body or bounded alias with compatible ABI and source semantics falsifies the current negative search.
Player.h	96	CPlayer::GetTimeoutTime	GetTimeoutTime()	SOURCE_ONLY	NO_MATCH_FOUND		reverse-engineering/binary-analysis/ghidra-function-name-table-2026-08-17.tsv;reverse-engineering/binary-analysis/function-c1-closure-2026-08-11.tsv;references/Onslaught/Player.h:96;reverse-engineering/source-crosswalk/audit/REPORT.md;reverse-engineering/EVIDENCE-REGISTER.tsv;local-lab/re-campaign-incident-recovery-20260808-v1/generation-32-current-8329-db18625-v1/campaign-functions.tsv;reverse-engineering/binary-analysis/controller-player-game-event-spine-2026-08-11.tsv;reverse-engineering/binary-analysis/functions/Player.cpp/CPlayer__ctor.md	Simple inline/header body has no named or promoted semantic target after direct and bounded-owner-alias search; candidate bounded NO_MATCH only, not binary absence.	A promoted same-owner body or bounded alias with compatible ABI and source semantics falsifies the current negative search.
scheduledevent.h	16	CScheduledEvent::CScheduledEvent	CScheduledEvent()	SOURCE_ONLY	NO_MATCH_FOUND		reverse-engineering/binary-analysis/ghidra-function-name-table-2026-08-17.tsv;reverse-engineering/binary-analysis/function-c1-closure-2026-08-11.tsv;references/Onslaught/scheduledevent.h:16;reverse-engineering/source-crosswalk/audit/REPORT.md;reverse-engineering/EVIDENCE-REGISTER.tsv;local-lab/re-campaign-incident-recovery-20260808-v1/generation-32-current-8329-db18625-v1/campaign-functions.tsv;reverse-engineering/binary-analysis/event-manager-scheduler-semantics-2026-08-11.tsv;reverse-engineering/source-code/io/event-system.md	Simple inline/header body has no named or promoted semantic target after direct and bounded-owner-alias search; candidate bounded NO_MATCH only, not binary absence.	A promoted same-owner body or bounded alias with compatible ABI and source semantics falsifies the current negative search.
scheduledevent.h	20	CScheduledEvent::GetTime	& GetTime()	SOURCE_ONLY	NO_MATCH_FOUND		reverse-engineering/binary-analysis/ghidra-function-name-table-2026-08-17.tsv;reverse-engineering/binary-analysis/function-c1-closure-2026-08-11.tsv;references/Onslaught/scheduledevent.h:20;reverse-engineering/source-crosswalk/audit/REPORT.md;reverse-engineering/EVIDENCE-REGISTER.tsv;local-lab/re-campaign-incident-recovery-20260808-v1/generation-32-current-8329-db18625-v1/campaign-functions.tsv;reverse-engineering/binary-analysis/event-manager-scheduler-semantics-2026-08-11.tsv;reverse-engineering/source-code/io/event-system.md	Simple inline/header body has no named or promoted semantic target after direct and bounded-owner-alias search; candidate bounded NO_MATCH only, not binary absence.	A promoted same-owner body or bounded alias with compatible ABI and source semantics falsifies the current negative search.
scheduledevent.h	21	CScheduledEvent::SetTime	SetTime(float new_time)	SOURCE_ONLY	NO_MATCH_FOUND		reverse-engineering/binary-analysis/ghidra-function-name-table-2026-08-17.tsv;reverse-engineering/binary-analysis/function-c1-closure-2026-08-11.tsv;references/Onslaught/scheduledevent.h:21;reverse-engineering/source-crosswalk/audit/REPORT.md;reverse-engineering/EVIDENCE-REGISTER.tsv;local-lab/re-campaign-incident-recovery-20260808-v1/generation-32-current-8329-db18625-v1/campaign-functions.tsv;reverse-engineering/binary-analysis/event-manager-scheduler-semantics-2026-08-11.tsv;reverse-engineering/source-code/io/event-system.md	Simple inline/header body has no named or promoted semantic target after direct and bounded-owner-alias search; candidate bounded NO_MATCH only, not binary absence.	A promoted same-owner body or bounded alias with compatible ABI and source semantics falsifies the current negative search.
scheduledevent.h	22	CScheduledEvent::SetReuse	SetReuse(BOOL val)	SOURCE_ONLY	NO_MATCH_FOUND		reverse-engineering/binary-analysis/ghidra-function-name-table-2026-08-17.tsv;reverse-engineering/binary-analysis/function-c1-closure-2026-08-11.tsv;references/Onslaught/scheduledevent.h:22;reverse-engineering/source-crosswalk/audit/REPORT.md;reverse-engineering/EVIDENCE-REGISTER.tsv;local-lab/re-campaign-incident-recovery-20260808-v1/generation-32-current-8329-db18625-v1/campaign-functions.tsv;reverse-engineering/binary-analysis/event-manager-scheduler-semantics-2026-08-11.tsv;reverse-engineering/source-code/io/event-system.md	Simple inline/header body has no named or promoted semantic target after direct and bounded-owner-alias search; candidate bounded NO_MATCH only, not binary absence.	A promoted same-owner body or bounded alias with compatible ABI and source semantics falsifies the current negative search.
scheduledevent.h	24	CScheduledEvent::GetReuse	GetReuse()	SOURCE_ONLY	NO_MATCH_FOUND		reverse-engineering/binary-analysis/ghidra-function-name-table-2026-08-17.tsv;reverse-engineering/binary-analysis/function-c1-closure-2026-08-11.tsv;references/Onslaught/scheduledevent.h:24;reverse-engineering/source-crosswalk/audit/REPORT.md;reverse-engineering/EVIDENCE-REGISTER.tsv;local-lab/re-campaign-incident-recovery-20260808-v1/generation-32-current-8329-db18625-v1/campaign-functions.tsv;reverse-engineering/binary-analysis/event-manager-scheduler-semantics-2026-08-11.tsv;reverse-engineering/source-code/io/event-system.md	Simple inline/header body has no named or promoted semantic target after direct and bounded-owner-alias search; candidate bounded NO_MATCH only, not binary absence.	A promoted same-owner body or bounded alias with compatible ABI and source semantics falsifies the current negative search.
scheduledevent.h	25	CScheduledEvent::GetData	*  GetData()	SOURCE_ONLY	NO_MATCH_FOUND		reverse-engineering/binary-analysis/ghidra-function-name-table-2026-08-17.tsv;reverse-engineering/binary-analysis/function-c1-closure-2026-08-11.tsv;references/Onslaught/scheduledevent.h:25;reverse-engineering/source-crosswalk/audit/REPORT.md;reverse-engineering/EVIDENCE-REGISTER.tsv;local-lab/re-campaign-incident-recovery-20260808-v1/generation-32-current-8329-db18625-v1/campaign-functions.tsv;reverse-engineering/binary-analysis/event-manager-scheduler-semantics-2026-08-11.tsv;reverse-engineering/source-code/io/event-system.md	Simple inline/header body has no named or promoted semantic target after direct and bounded-owner-alias search; candidate bounded NO_MATCH only, not binary absence.	A promoted same-owner body or bounded alias with compatible ABI and source semantics falsifies the current negative search.
scheduledevent.h	26	CScheduledEvent::SetData	SetData(CMonitor* data)	SOURCE_ONLY	NO_MATCH_FOUND		reverse-engineering/binary-analysis/ghidra-function-name-table-2026-08-17.tsv;reverse-engineering/binary-analysis/function-c1-closure-2026-08-11.tsv;references/Onslaught/scheduledevent.h:26;reverse-engineering/source-crosswalk/audit/REPORT.md;reverse-engineering/EVIDENCE-REGISTER.tsv;local-lab/re-campaign-incident-recovery-20260808-v1/generation-32-current-8329-db18625-v1/campaign-functions.tsv;reverse-engineering/binary-analysis/event-manager-scheduler-semantics-2026-08-11.tsv;reverse-engineering/source-code/io/event-system.md	Simple inline/header body has no named or promoted semantic target after direct and bounded-owner-alias search; candidate bounded NO_MATCH only, not binary absence.	A promoted same-owner body or bounded alias with compatible ABI and source semantics falsifies the current negative search.
scheduledevent.h	28	CScheduledEvent::GetNextFreeSE	* GetNextFreeSE()	SOURCE_ONLY	NO_MATCH_FOUND		reverse-engineering/binary-analysis/ghidra-function-name-table-2026-08-17.tsv;reverse-engineering/binary-analysis/function-c1-closure-2026-08-11.tsv;references/Onslaught/scheduledevent.h:28;reverse-engineering/source-crosswalk/audit/REPORT.md;reverse-engineering/EVIDENCE-REGISTER.tsv;local-lab/re-campaign-incident-recovery-20260808-v1/generation-32-current-8329-db18625-v1/campaign-functions.tsv;reverse-engineering/binary-analysis/event-manager-scheduler-semantics-2026-08-11.tsv;reverse-engineering/source-code/io/event-system.md	Simple inline/header body has no named or promoted semantic target after direct and bounded-owner-alias search; candidate bounded NO_MATCH only, not binary absence.	A promoted same-owner body or bounded alias with compatible ABI and source semantics falsifies the current negative search.
scheduledevent.h	29	CScheduledEvent::SetNextFreeSE	SetNextFreeSE(CScheduledEvent* se)	SOURCE_ONLY	NO_MATCH_FOUND		reverse-engineering/binary-analysis/ghidra-function-name-table-2026-08-17.tsv;reverse-engineering/binary-analysis/function-c1-closure-2026-08-11.tsv;references/Onslaught/scheduledevent.h:29;reverse-engineering/source-crosswalk/audit/REPORT.md;reverse-engineering/EVIDENCE-REGISTER.tsv;local-lab/re-campaign-incident-recovery-20260808-v1/generation-32-current-8329-db18625-v1/campaign-functions.tsv;reverse-engineering/binary-analysis/event-manager-scheduler-semantics-2026-08-11.tsv;reverse-engineering/source-code/io/event-system.md	Simple inline/header body has no named or promoted semantic target after direct and bounded-owner-alias search; candidate bounded NO_MATCH only, not binary absence.	A promoted same-owner body or bounded alias with compatible ABI and source semantics falsifies the current negative search.
scheduledevent.h	31	CScheduledEvent::GetNumCreated	GetNumCreated()	SOURCE_ONLY	NO_MATCH_FOUND		reverse-engineering/binary-analysis/ghidra-function-name-table-2026-08-17.tsv;reverse-engineering/binary-analysis/function-c1-closure-2026-08-11.tsv;references/Onslaught/scheduledevent.h:31;reverse-engineering/source-crosswalk/audit/REPORT.md;reverse-engineering/EVIDENCE-REGISTER.tsv;local-lab/re-campaign-incident-recovery-20260808-v1/generation-32-current-8329-db18625-v1/campaign-functions.tsv;reverse-engineering/binary-analysis/event-manager-scheduler-semantics-2026-08-11.tsv;reverse-engineering/source-code/io/event-system.md	Simple inline/header body has no named or promoted semantic target after direct and bounded-owner-alias search; candidate bounded NO_MATCH only, not binary absence.	A promoted same-owner body or bounded alias with compatible ABI and source semantics falsifies the current negative search.
