sourcePath	sourceLine	functionVa	functionName	pushLineAt	pushPathAt
C:\dev\ONSLAUGHT2\AirUnit.cpp	42	0x00402AD0	CAirUnit__Init	0x00402BD5	0x00402BD7
C:\dev\ONSLAUGHT2\AirUnit.cpp	42	0x005D0F70	Unwind@005d0f70	0x005D0F70	0x005D0F72
C:\dev\ONSLAUGHT2\AirUnit.cpp	54	0x00402AD0	CAirUnit__Init	0x00402C9D	0x00402C9F
C:\dev\ONSLAUGHT2\AirUnit.cpp	54	0x005D0F86	Unwind@005d0f86	0x005D0F86	0x005D0F88
C:\dev\ONSLAUGHT2\Array.h	18	0x0047D590	CGroundVehicleGuide__Constructor	0x0047D5E7	0x0047D5E9
C:\dev\ONSLAUGHT2\array.h	18	0x0048A3C0	CInfantryGuide__ctor	0x0048A418	0x0048A41A
C:\dev\ONSLAUGHT2\Array.h	18	0x004A0A20	CMechGuide__ctor	0x004A0A78	0x004A0A7A
C:\dev\ONSLAUGHT2\array.h	18	0x004D40D0	CPolyBucket__Build	0x004D4136	0x004D4138
C:\dev\ONSLAUGHT2\array.h	18	0x004E6870	CNormalSquad__Constructor	0x004E68E1	0x004E68E3
C:\dev\ONSLAUGHT2\array.h	18	0x005D481C	Unwind@005d481c	0x005D481C	0x005D481E
C:\dev\ONSLAUGHT2\Atmospherics.cpp	112	0x00404A00	Atmospherics__Init	0x00404A73	0x00404A75
C:\dev\ONSLAUGHT2\Atmospherics.cpp	112	0x005D0FF0	Unwind@005d0ff0	0x005D0FF0	0x005D0FF2
C:\dev\ONSLAUGHT2\Atmospherics.cpp	115	0x00404A00	Atmospherics__Init	0x00404A9D	0x00404A9F
C:\dev\ONSLAUGHT2\Atmospherics.cpp	115	0x005D1006	Unwind@005d1006	0x005D1006	0x005D1008
C:\dev\ONSLAUGHT2\BattleEngine.cpp	99	0x00404DD0	CBattleEngine__Init	0x00404F83	0x00404F85
C:\dev\ONSLAUGHT2\BattleEngine.cpp	99	0x005D1030	Unwind@005d1030	0x005D1030	0x005D1032
C:\dev\ONSLAUGHT2\BattleEngine.cpp	100	0x00404DD0	CBattleEngine__Init	0x00404FB4	0x00404FB6
C:\dev\ONSLAUGHT2\BattleEngine.cpp	100	0x005D1049	Unwind@005d1049	0x005D1049	0x005D104B
C:\dev\ONSLAUGHT2\BattleEngine.cpp	177	0x00404DD0	CBattleEngine__Init	0x0040529D	0x004052A2
C:\dev\ONSLAUGHT2\BattleEngine.cpp	177	0x005D106D	Unwind@005d106d	0x005D106D	0x005D1072
C:\dev\ONSLAUGHT2\BattleEngine.cpp	189	0x00404DD0	CBattleEngine__Init	0x00405353	0x00405358
C:\dev\ONSLAUGHT2\BattleEngine.cpp	189	0x005D1089	Unwind@005d1089	0x005D1089	0x005D108E
C:\dev\ONSLAUGHT2\BattleEngine.cpp	200	0x00404DD0	CBattleEngine__Init	0x004053C7	0x004053CC
C:\dev\ONSLAUGHT2\BattleEngine.cpp	200	0x005D10A5	Unwind@005d10a5	0x005D10A5	0x005D10AA
C:\dev\ONSLAUGHT2\BattleEngine.cpp	264	0x005D10DD	Unwind@005d10dd	0x005D10DD	0x005D10E2
C:\dev\ONSLAUGHT2\BattleEngine.cpp	292	0x005D10F9	Unwind@005d10f9	0x005D10F9	0x005D10FE
C:\dev\ONSLAUGHT2\BattleEngine.cpp	501	0x00404DD0	CBattleEngine__Init	0x004054D7	0x004054DC
C:\dev\ONSLAUGHT2\BattleEngine.cpp	501	0x004063B0	CBattleEngine__UpdateWeaponEffect	0x004063D6	0x004063DB
C:\dev\ONSLAUGHT2\BattleEngine.cpp	501	0x005D10C1	Unwind@005d10c1	0x005D10C1	0x005D10C6
C:\dev\ONSLAUGHT2\BattleEngine.cpp	501	0x005D11F0	Unwind@005d11f0	0x005D11F0	0x005D11F5
C:\dev\ONSLAUGHT2\BattleEngine.cpp	818	0x00406FC0	CBattleEngine__StartLock	0x0040700B	0x00407010
C:\dev\ONSLAUGHT2\BattleEngine.cpp	3595	0x0040A890	CBattleEngine__Damage	0x0040AA3E	0x0040AA43
C:\dev\ONSLAUGHT2\BattleEngineDataManager.cpp	36	0x0040F590	CBattleEngineData__Initialise	0x0040F5EA	0x0040F5EC
C:\dev\ONSLAUGHT2\BattleEngineDataManager.cpp	40	0x0040F590	CBattleEngineData__Initialise	0x0040F630	0x0040F632
C:\dev\ONSLAUGHT2\BattleEngineDataManager.cpp	41	0x0040F590	CBattleEngineData__Initialise	0x0040F645	0x0040F647
C:\dev\ONSLAUGHT2\BattleEngineDataManager.cpp	45	0x0040F590	CBattleEngineData__Initialise	0x0040F68B	0x0040F68D
C:\dev\ONSLAUGHT2\BattleEngineDataManager.cpp	46	0x0040F590	CBattleEngineData__Initialise	0x0040F6A0	0x0040F6A2
C:\dev\ONSLAUGHT2\BattleEngineDataManager.cpp	50	0x0040F590	CBattleEngineData__Initialise	0x0040F6E6	0x0040F6E8
C:\dev\ONSLAUGHT2\BattleEngineDataManager.cpp	51	0x0040F590	CBattleEngineData__Initialise	0x0040F6FB	0x0040F6FD
C:\dev\ONSLAUGHT2\BattleEngineDataManager.cpp	61	0x0040F590	CBattleEngineData__Initialise	0x0040F75D	0x0040F75F
C:\dev\ONSLAUGHT2\BattleEngineDataManager.cpp	67	0x0040F590	CBattleEngineData__Initialise	0x0040F7AE	0x0040F7B0
C:\dev\ONSLAUGHT2\BattleEngineDataManager.cpp	70	0x0040F590	CBattleEngineData__Initialise	0x0040F7C8	0x0040F7CA
C:\dev\ONSLAUGHT2\BattleEngineDataManager.cpp	192	0x0040F980	CBattleEngineData__LoadFromMemBuffer	0x0040FA73	0x0040FA78
C:\dev\ONSLAUGHT2\BattleEngineDataManager.cpp	193	0x0040F980	CBattleEngineData__LoadFromMemBuffer	0x0040FA8B	0x0040FA90
C:\dev\ONSLAUGHT2\BattleEngineDataManager.cpp	207	0x0040F980	CBattleEngineData__LoadFromMemBuffer	0x0040FADE	0x0040FAE3
C:\dev\ONSLAUGHT2\BattleEngineDataManager.cpp	208	0x0040F980	CBattleEngineData__LoadFromMemBuffer	0x0040FAF8	0x0040FAFD
C:\dev\ONSLAUGHT2\BattleEngineDataManager.cpp	222	0x0040F980	CBattleEngineData__LoadFromMemBuffer	0x0040FB49	0x0040FB4E
C:\dev\ONSLAUGHT2\BattleEngineDataManager.cpp	223	0x0040F980	CBattleEngineData__LoadFromMemBuffer	0x0040FB63	0x0040FB68
C:\dev\ONSLAUGHT2\BattleEngineDataManager.cpp	237	0x0040F980	CBattleEngineData__LoadFromMemBuffer	0x0040FBB4	0x0040FBB9
C:\dev\ONSLAUGHT2\BattleEngineDataManager.cpp	238	0x0040F980	CBattleEngineData__LoadFromMemBuffer	0x0040FBCE	0x0040FBD3
C:\dev\ONSLAUGHT2\BattleEngineDataManager.cpp	252	0x0040F980	CBattleEngineData__LoadFromMemBuffer	0x0040FC1F	0x0040FC24
C:\dev\ONSLAUGHT2\BattleEngineDataManager.cpp	253	0x0040F980	CBattleEngineData__LoadFromMemBuffer	0x0040FC39	0x0040FC3E
C:\dev\ONSLAUGHT2\BattleEngineDataManager.cpp	268	0x0040F980	CBattleEngineData__LoadFromMemBuffer	0x0040FC8F	0x0040FC94
C:\dev\ONSLAUGHT2\BattleEngineDataManager.cpp	298	0x0040F980	CBattleEngineData__LoadFromMemBuffer	0x0040FD50	0x0040FD55
C:\dev\ONSLAUGHT2\BattleEngineDataManager.cpp	304	0x0040F980	CBattleEngineData__LoadFromMemBuffer	0x0040FD84	0x0040FD89
C:\dev\ONSLAUGHT2\BattleEngineDataManager.cpp	324	0x0040F980	CBattleEngineData__LoadFromMemBuffer	0x0040FDFE	0x0040FE03
C:\dev\ONSLAUGHT2\BattleEngineDataManager.cpp	325	0x0040F980	CBattleEngineData__LoadFromMemBuffer	0x0040FE16	0x0040FE1B
C:\dev\ONSLAUGHT2\BattleEngineDataManager.cpp	347	0x0040F980	CBattleEngineData__LoadFromMemBuffer	0x0040FE8A	0x0040FE8F
C:\dev\ONSLAUGHT2\BattleEngineDataManager.cpp	348	0x0040F980	CBattleEngineData__LoadFromMemBuffer	0x0040FEA2	0x0040FEA7
C:\dev\ONSLAUGHT2\BattleEngineDataManager.cpp	402	0x0040F980	CBattleEngineData__LoadFromMemBuffer	0x0040FFB8	0x0040FFBD
C:\dev\ONSLAUGHT2\BattleEngineDataManager.cpp	417	0x0040F980	CBattleEngineData__LoadFromMemBuffer	0x00410017	0x0041001C
C:\dev\ONSLAUGHT2\BattleEngineDataManager.cpp	432	0x0040F980	CBattleEngineData__LoadFromMemBuffer	0x00410076	0x0041007B
C:\dev\ONSLAUGHT2\BattleEngineDataManager.cpp	438	0x0040F980	CBattleEngineData__LoadFromMemBuffer	0x00410099	0x0041009E
C:\dev\ONSLAUGHT2\BattleEngineDataManager.h	263	0x00510800	CWorldPhysicsManager__ReloadDefaultPhysicsAndBattleEngineData	0x005108E6	0x005108EB
C:\dev\ONSLAUGHT2\BattleEngineDataManager.h	263	0x005D65D9	Unwind@005d65d9	0x005D65D9	0x005D65DE
C:\dev\ONSLAUGHT2\BattleEngineDataManager.h	310	0x00510800	CWorldPhysicsManager__ReloadDefaultPhysicsAndBattleEngineData	0x005109D4	0x005109D9
C:\dev\ONSLAUGHT2\BattleEngineDataManager.h	310	0x005D6603	Unwind@005d6603	0x005D6603	0x005D6608
C:\dev\ONSLAUGHT2\Boat.cpp	30	0x005D1360	Unwind@005d1360	0x005D1360	0x005D1362
C:\dev\ONSLAUGHT2\Boat.cpp	31	0x00414E50	CBoat__Init	0x00414F2B	0x00414F2D
C:\dev\ONSLAUGHT2\Boat.cpp	31	0x005D1376	Unwind@005d1376	0x005D1376	0x005D1378
C:\dev\ONSLAUGHT2\Bomber.cpp	17	0x005D1400	Unwind@005d1400	0x005D1400	0x005D1402
C:\dev\ONSLAUGHT2\Bomber.cpp	18	0x005D1416	Unwind@005d1416	0x005D1416	0x005D1418
C:\dev\ONSLAUGHT2\Building.cpp	50	0x00417190	CBuilding__VFunc_9_00417190	0x004171DE	0x004171E0
C:\dev\ONSLAUGHT2\Building.cpp	50	0x005D1490	Unwind@005d1490	0x005D1490	0x005D1492
C:\dev\ONSLAUGHT2\Building.cpp	51	0x00417190	CBuilding__VFunc_9_00417190	0x0041722C	0x0041722E
C:\dev\ONSLAUGHT2\Building.cpp	51	0x005D14A9	Unwind@005d14a9	0x005D14A9	0x005D14AB
C:\dev\ONSLAUGHT2\Building.cpp	100	0x00417390	CBuilding__CreateRepairPadAI	0x004173C8	0x004173CA
C:\dev\ONSLAUGHT2\Building.cpp	100	0x005D14D0	Unwind@005d14d0	0x005D14D0	0x005D14D2
C:\dev\ONSLAUGHT2\Building.cpp	104	0x00417390	CBuilding__CreateRepairPadAI	0x00417429	0x0041742B
C:\dev\ONSLAUGHT2\Building.cpp	104	0x005D14E6	Unwind@005d14e6	0x005D14E6	0x005D14E8
C:\dev\ONSLAUGHT2\bytesprite.cpp	29	0x004184C0	CByteSprite__Load	0x00418528	0x0041852A
C:\dev\ONSLAUGHT2\bytesprite.cpp	29	0x005D158B	Unwind@005d158b	0x005D158B	0x005D158D
C:\dev\ONSLAUGHT2\bytesprite.cpp	33	0x004184C0	CByteSprite__Load	0x0041865A	0x0041865C
C:\dev\ONSLAUGHT2\bytesprite.cpp	190	0x004184C0	CByteSprite__Load	0x00418582	0x00418587
C:\dev\ONSLAUGHT2\bytesprite.cpp	191	0x004184C0	CByteSprite__Load	0x004185A3	0x004185A8
C:\dev\ONSLAUGHT2\Camera.cpp	158	0x00418EF0	CThing3rdPersonCamera__ctor	0x00418F3E	0x00418F43
C:\dev\ONSLAUGHT2\Camera.cpp	158	0x005D15CB	Unwind@005d15cb	0x005D15CB	0x005D15D0
C:\dev\ONSLAUGHT2\Camera.cpp	164	0x00418EF0	CThing3rdPersonCamera__ctor	0x00418F8C	0x00418F91
C:\dev\ONSLAUGHT2\Camera.cpp	165	0x00418EF0	CThing3rdPersonCamera__ctor	0x00418FD6	0x00418FDB
C:\dev\ONSLAUGHT2\Camera.cpp	166	0x00418EF0	CThing3rdPersonCamera__ctor	0x00419020	0x00419025
C:\dev\ONSLAUGHT2\Camera.cpp	169	0x00418EF0	CThing3rdPersonCamera__ctor	0x0041905C	0x00419061
C:\dev\ONSLAUGHT2\Camera.cpp	169	0x005D15E4	Unwind@005d15e4	0x005D15E4	0x005D15E9
C:\dev\ONSLAUGHT2\Cannon.cpp	34	0x0041B1A0	CCannon__Init	0x0041B227	0x0041B229
C:\dev\ONSLAUGHT2\Cannon.cpp	34	0x005D1760	Unwind@005d1760	0x005D1760	0x005D1762
C:\dev\ONSLAUGHT2\Cannon.cpp	35	0x0041B1A0	CCannon__Init	0x0041B254	0x0041B256
C:\dev\ONSLAUGHT2\Cannon.cpp	35	0x005D1776	Unwind@005d1776	0x005D1776	0x005D1778
C:\dev\ONSLAUGHT2\Cannon.cpp	38	0x005D178C	Unwind@005d178c	0x005D178C	0x005D178E
C:\dev\ONSLAUGHT2\Carrier.cpp	26	0x00421A80	CCarrier__Init	0x00421ABE	0x00421AC0
C:\dev\ONSLAUGHT2\Carrier.cpp	26	0x005D1840	Unwind@005d1840	0x005D1840	0x005D1842
C:\dev\ONSLAUGHT2\Carrier.cpp	27	0x00421A80	CCarrier__Init	0x00421AF7	0x00421AF9
C:\dev\ONSLAUGHT2\Carrier.cpp	27	0x005D1856	Unwind@005d1856	0x005D1856	0x005D1858
C:\dev\ONSLAUGHT2\Carver.cpp	22	0x005D18B0	Unwind@005d18b0	0x005D18B0	0x005D18B2
C:\dev\ONSLAUGHT2\Carver.cpp	23	0x005D18C6	Unwind@005d18c6	0x005D18C6	0x005D18C8
C:\dev\ONSLAUGHT2\chunker.cpp	98	0x005D1940	Unwind@005d1940	0x005D1940	0x005D1942
C:\dev\ONSLAUGHT2\CollisionSeekingRound.cpp	27	0x00425B50	CCollisionSeekingRound__InitCollisionLineAndSound	0x00425B84	0x00425B86
C:\dev\ONSLAUGHT2\collisionseekingthing.cpp	40	0x00426150	CCollisionSeekingThing__Init	0x004261BC	0x004261BE
C:\dev\ONSLAUGHT2\collisionseekingthing.cpp	57	0x00426150	CCollisionSeekingThing__Init	0x00426278	0x0042627A
C:\dev\ONSLAUGHT2\collisionseekingthing.cpp	314	0x00426A40	CCSRay__CreateEffect	0x00426ACE	0x00426AD3
C:\dev\ONSLAUGHT2\Component.cpp	77	0x005D19E0	Unwind@005d19e0	0x005D19E0	0x005D19E2
C:\dev\ONSLAUGHT2\Component.cpp	83	0x005D1A00	Unwind@005d1a00	0x005D1A00	0x005D1A02
C:\dev\ONSLAUGHT2\Component.cpp	92	0x00427DD0	CComponent__CreateWeaponComponent	0x00427E08	0x00427E0A
C:\dev\ONSLAUGHT2\Component.cpp	92	0x005D1A20	Unwind@005d1a20	0x005D1A20	0x005D1A22
C:\dev\ONSLAUGHT2\Component.cpp	94	0x00427DD0	CComponent__CreateWeaponComponent	0x00427E94	0x00427E96
C:\dev\ONSLAUGHT2\Component.cpp	94	0x005D1A36	Unwind@005d1a36	0x005D1A36	0x005D1A38
C:\dev\ONSLAUGHT2\Component.cpp	96	0x00427DD0	CComponent__CreateWeaponComponent	0x00427EEE	0x00427EF0
C:\dev\ONSLAUGHT2\Component.cpp	96	0x005D1A4C	Unwind@005d1a4c	0x005D1A4C	0x005D1A4E
C:\dev\ONSLAUGHT2\Component.cpp	99	0x00427DD0	CComponent__CreateWeaponComponent	0x00427F31	0x00427F33
C:\dev\ONSLAUGHT2\Component.cpp	99	0x005D1A62	Unwind@005d1a62	0x005D1A62	0x005D1A64
C:\dev\ONSLAUGHT2\console.cpp	242	0x00429BC0	CConsole__Init	0x00429C64	0x00429C69
C:\dev\ONSLAUGHT2\console.cpp	247	0x00429BC0	CConsole__Init	0x00429C96	0x00429C9B
C:\dev\ONSLAUGHT2\console.cpp	248	0x00429BC0	CConsole__Init	0x00429CD4	0x00429CD9
C:\dev\ONSLAUGHT2\console.cpp	805	0x00429EF0	CConsole__RegisterBuiltinCommands	0x00429F07	0x00429F0C
C:\dev\ONSLAUGHT2\console.cpp	805	0x00429EF0	CConsole__RegisterBuiltinCommands	0x00429FA1	0x00429FA6
C:\dev\ONSLAUGHT2\console.cpp	805	0x00429EF0	CConsole__RegisterBuiltinCommands	0x0042A03C	0x0042A041
C:\dev\ONSLAUGHT2\console.cpp	805	0x00429EF0	CConsole__RegisterBuiltinCommands	0x0042A0D5	0x0042A0DA
C:\dev\ONSLAUGHT2\console.cpp	805	0x00429EF0	CConsole__RegisterBuiltinCommands	0x0042A16E	0x0042A173
C:\dev\ONSLAUGHT2\console.cpp	805	0x00429EF0	CConsole__RegisterBuiltinCommands	0x0042A207	0x0042A20C
C:\dev\ONSLAUGHT2\console.cpp	805	0x00429EF0	CConsole__RegisterBuiltinCommands	0x0042A2A0	0x0042A2A5
C:\dev\ONSLAUGHT2\console.cpp	805	0x0042AF80	CConsole__RegisterCommand	0x0042AFB3	0x0042AFB8
C:\dev\ONSLAUGHT2\console.cpp	830	0x0042B040	CConsole__RegisterVariable	0x0042B073	0x0042B078
C:\dev\ONSLAUGHT2\Controller.cpp	967	0x0042D640	CController__Init	0x0042D677	0x0042D67C
C:\dev\ONSLAUGHT2\Controller.cpp	967	0x005D1B26	Unwind@005d1b26	0x005D1B26	0x005D1B2B
C:\dev\ONSLAUGHT2\Controller.cpp	967	0x005D1B90	Unwind@005d1b90	0x005D1B90	0x005D1B95
C:\dev\ONSLAUGHT2\CPhysicsScript.cpp	16	0x0042E880	CPhysicsScript__Create	0x0042E897	0x0042E899
C:\dev\ONSLAUGHT2\CPhysicsScript.cpp	16	0x005D1BE0	Unwind@005d1be0	0x005D1BE0	0x005D1BE2
C:\dev\ONSLAUGHT2\CPhysicsScriptStatements.cpp	17	0x0042EB90	CPhysicsScript__CreateStatement	0x0042EBA5	0x0042EBA7
C:\dev\ONSLAUGHT2\CPhysicsScriptStatements.cpp	18	0x0042EB90	CPhysicsScript__CreateStatement	0x0042EBE1	0x0042EBE3
C:\dev\ONSLAUGHT2\CPhysicsScriptStatements.cpp	19	0x0042EB90	CPhysicsScript__CreateStatement	0x0042EC1D	0x0042EC1F
C:\dev\ONSLAUGHT2\CPhysicsScriptStatements.cpp	20	0x0042EB90	CPhysicsScript__CreateStatement	0x0042EC59	0x0042EC5B
C:\dev\ONSLAUGHT2\CPhysicsScriptStatements.cpp	21	0x0042EB90	CPhysicsScript__CreateStatement	0x0042EC95	0x0042EC97
C:\dev\ONSLAUGHT2\CPhysicsScriptStatements.cpp	22	0x0042EB90	CPhysicsScript__CreateStatement	0x0042ECD1	0x0042ECD3
C:\dev\ONSLAUGHT2\CPhysicsScriptStatements.cpp	23	0x0042EB90	CPhysicsScript__CreateStatement	0x0042ED0D	0x0042ED0F
C:\dev\ONSLAUGHT2\CPhysicsScriptStatements.cpp	24	0x0042EB90	CPhysicsScript__CreateStatement	0x0042ED49	0x0042ED4B
C:\dev\ONSLAUGHT2\CPhysicsScriptStatements.cpp	25	0x0042EB90	CPhysicsScript__CreateStatement	0x0042ED81	0x0042ED83
C:\dev\ONSLAUGHT2\CPhysicsScriptStatements.cpp	35	0x00431BB0	CPhysicsScriptStatements__CreateStatementType2	0x00431BC5	0x00431BC7
C:\dev\ONSLAUGHT2\CPhysicsScriptStatements.cpp	36	0x00431BB0	CPhysicsScriptStatements__CreateStatementType2	0x00431BF8	0x00431BFA
C:\dev\ONSLAUGHT2\CPhysicsScriptStatements.cpp	37	0x00431BB0	CPhysicsScriptStatements__CreateStatementType2	0x00431C28	0x00431C2A
C:\dev\ONSLAUGHT2\CPhysicsScriptStatements.cpp	38	0x00431BB0	CPhysicsScriptStatements__CreateStatementType2	0x00431C58	0x00431C5A
C:\dev\ONSLAUGHT2\CPhysicsScriptStatements.cpp	39	0x00431BB0	CPhysicsScriptStatements__CreateStatementType2	0x00431C88	0x00431C8A
C:\dev\ONSLAUGHT2\CPhysicsScriptStatements.cpp	40	0x00431BB0	CPhysicsScriptStatements__CreateStatementType2	0x00431CB8	0x00431CBA
C:\dev\ONSLAUGHT2\CPhysicsScriptStatements.cpp	41	0x00431BB0	CPhysicsScriptStatements__CreateStatementType2	0x00431CE8	0x00431CEA
C:\dev\ONSLAUGHT2\CPhysicsScriptStatements.cpp	42	0x00431BB0	CPhysicsScriptStatements__CreateStatementType2	0x00431D18	0x00431D1A
C:\dev\ONSLAUGHT2\CPhysicsScriptStatements.cpp	43	0x00431BB0	CPhysicsScriptStatements__CreateStatementType2	0x00431D48	0x00431D4A
C:\dev\ONSLAUGHT2\CPhysicsScriptStatements.cpp	44	0x00431BB0	CPhysicsScriptStatements__CreateStatementType2	0x00431D78	0x00431D7A
C:\dev\ONSLAUGHT2\CPhysicsScriptStatements.cpp	45	0x00431BB0	CPhysicsScriptStatements__CreateStatementType2	0x00431DA8	0x00431DAA
C:\dev\ONSLAUGHT2\CPhysicsScriptStatements.cpp	46	0x00431BB0	CPhysicsScriptStatements__CreateStatementType2	0x00431DD8	0x00431DDA
C:\dev\ONSLAUGHT2\CPhysicsScriptStatements.cpp	47	0x00431BB0	CPhysicsScriptStatements__CreateStatementType2	0x00431E17	0x00431E19
C:\dev\ONSLAUGHT2\CPhysicsScriptStatements.cpp	48	0x00431BB0	CPhysicsScriptStatements__CreateStatementType2	0x00431E47	0x00431E49
C:\dev\ONSLAUGHT2\CPhysicsScriptStatements.cpp	49	0x00431BB0	CPhysicsScriptStatements__CreateStatementType2	0x00431E7A	0x00431E7C
C:\dev\ONSLAUGHT2\CPhysicsScriptStatements.cpp	50	0x00431BB0	CPhysicsScriptStatements__CreateStatementType2	0x00431EAA	0x00431EAC
C:\dev\ONSLAUGHT2\CPhysicsScriptStatements.cpp	51	0x00431BB0	CPhysicsScriptStatements__CreateStatementType2	0x00431EE9	0x00431EEB
C:\dev\ONSLAUGHT2\CPhysicsScriptStatements.cpp	52	0x00431BB0	CPhysicsScriptStatements__CreateStatementType2	0x00431F19	0x00431F1B
C:\dev\ONSLAUGHT2\CPhysicsScriptStatements.cpp	53	0x00431BB0	CPhysicsScriptStatements__CreateStatementType2	0x00431F49	0x00431F4B
C:\dev\ONSLAUGHT2\CPhysicsScriptStatements.cpp	54	0x00431BB0	CPhysicsScriptStatements__CreateStatementType2	0x00431F79	0x00431F7B
C:\dev\ONSLAUGHT2\CPhysicsScriptStatements.cpp	55	0x00431BB0	CPhysicsScriptStatements__CreateStatementType2	0x00431FA9	0x00431FAB
C:\dev\ONSLAUGHT2\CPhysicsScriptStatements.cpp	56	0x00431BB0	CPhysicsScriptStatements__CreateStatementType2	0x00431FDC	0x00431FDE
C:\dev\ONSLAUGHT2\CPhysicsScriptStatements.cpp	57	0x00431BB0	CPhysicsScriptStatements__CreateStatementType2	0x00432012	0x00432014
C:\dev\ONSLAUGHT2\CPhysicsScriptStatements.cpp	58	0x00431BB0	CPhysicsScriptStatements__CreateStatementType2	0x00432042	0x00432044
C:\dev\ONSLAUGHT2\CPhysicsScriptStatements.cpp	59	0x00431BB0	CPhysicsScriptStatements__CreateStatementType2	0x00432072	0x00432074
C:\dev\ONSLAUGHT2\CPhysicsScriptStatements.cpp	60	0x00431BB0	CPhysicsScriptStatements__CreateStatementType2	0x004320A2	0x004320A4
C:\dev\ONSLAUGHT2\CPhysicsScriptStatements.cpp	61	0x00431BB0	CPhysicsScriptStatements__CreateStatementType2	0x004320D2	0x004320D4
C:\dev\ONSLAUGHT2\CPhysicsScriptStatements.cpp	62	0x00431BB0	CPhysicsScriptStatements__CreateStatementType2	0x00432102	0x00432104
C:\dev\ONSLAUGHT2\CPhysicsScriptStatements.cpp	63	0x00431BB0	CPhysicsScriptStatements__CreateStatementType2	0x00432132	0x00432134
C:\dev\ONSLAUGHT2\CPhysicsScriptStatements.cpp	64	0x00431BB0	CPhysicsScriptStatements__CreateStatementType2	0x00432162	0x00432164
C:\dev\ONSLAUGHT2\CPhysicsScriptStatements.cpp	65	0x00431BB0	CPhysicsScriptStatements__CreateStatementType2	0x00432192	0x00432194
C:\dev\ONSLAUGHT2\CPhysicsScriptStatements.cpp	66	0x00431BB0	CPhysicsScriptStatements__CreateStatementType2	0x004321C2	0x004321C4
C:\dev\ONSLAUGHT2\CPhysicsScriptStatements.cpp	67	0x00431BB0	CPhysicsScriptStatements__CreateStatementType2	0x004321F2	0x004321F4
C:\dev\ONSLAUGHT2\CPhysicsScriptStatements.cpp	68	0x00431BB0	CPhysicsScriptStatements__CreateStatementType2	0x00432222	0x00432224
C:\dev\ONSLAUGHT2\CPhysicsScriptStatements.cpp	69	0x00431BB0	CPhysicsScriptStatements__CreateStatementType2	0x00432252	0x00432254
C:\dev\ONSLAUGHT2\CPhysicsScriptStatements.cpp	70	0x00431BB0	CPhysicsScriptStatements__CreateStatementType2	0x00432282	0x00432284
C:\dev\ONSLAUGHT2\CPhysicsScriptStatements.cpp	71	0x00431BB0	CPhysicsScriptStatements__CreateStatementType2	0x004322B2	0x004322B4
C:\dev\ONSLAUGHT2\CPhysicsScriptStatements.cpp	72	0x00431BB0	CPhysicsScriptStatements__CreateStatementType2	0x004322E2	0x004322E4
C:\dev\ONSLAUGHT2\CPhysicsScriptStatements.cpp	73	0x00431BB0	CPhysicsScriptStatements__CreateStatementType2	0x00432312	0x00432314
C:\dev\ONSLAUGHT2\CPhysicsScriptStatements.cpp	74	0x00431BB0	CPhysicsScriptStatements__CreateStatementType2	0x00432342	0x00432344
C:\dev\ONSLAUGHT2\CPhysicsScriptStatements.cpp	75	0x00431BB0	CPhysicsScriptStatements__CreateStatementType2	0x00432372	0x00432374
C:\dev\ONSLAUGHT2\CPhysicsScriptStatements.cpp	76	0x00431BB0	CPhysicsScriptStatements__CreateStatementType2	0x004323A2	0x004323A4
C:\dev\ONSLAUGHT2\CPhysicsScriptStatements.cpp	77	0x00431BB0	CPhysicsScriptStatements__CreateStatementType2	0x004323D2	0x004323D4
C:\dev\ONSLAUGHT2\CPhysicsScriptStatements.cpp	78	0x00431BB0	CPhysicsScriptStatements__CreateStatementType2	0x00432402	0x00432404
C:\dev\ONSLAUGHT2\CPhysicsScriptStatements.cpp	79	0x00431BB0	CPhysicsScriptStatements__CreateStatementType2	0x00432432	0x00432434
C:\dev\ONSLAUGHT2\CPhysicsScriptStatements.cpp	81	0x00431BB0	CPhysicsScriptStatements__CreateStatementType2	0x00432462	0x00432464
C:\dev\ONSLAUGHT2\CPhysicsScriptStatements.cpp	82	0x00431BB0	CPhysicsScriptStatements__CreateStatementType2	0x00432495	0x00432497
C:\dev\ONSLAUGHT2\CPhysicsScriptStatements.cpp	83	0x00431BB0	CPhysicsScriptStatements__CreateStatementType2	0x004324C8	0x004324CA
C:\dev\ONSLAUGHT2\CPhysicsScriptStatements.cpp	85	0x00431BB0	CPhysicsScriptStatements__CreateStatementType2	0x004324FB	0x004324FD
C:\dev\ONSLAUGHT2\CPhysicsScriptStatements.cpp	86	0x00431BB0	CPhysicsScriptStatements__CreateStatementType2	0x0043252E	0x00432530
C:\dev\ONSLAUGHT2\CPhysicsScriptStatements.cpp	87	0x00431BB0	CPhysicsScriptStatements__CreateStatementType2	0x00432561	0x00432563
C:\dev\ONSLAUGHT2\CPhysicsScriptStatements.cpp	88	0x00431BB0	CPhysicsScriptStatements__CreateStatementType2	0x00432594	0x00432596
C:\dev\ONSLAUGHT2\CPhysicsScriptStatements.cpp	89	0x00431BB0	CPhysicsScriptStatements__CreateStatementType2	0x004325C7	0x004325C9
C:\dev\ONSLAUGHT2\CPhysicsScriptStatements.cpp	90	0x00431BB0	CPhysicsScriptStatements__CreateStatementType2	0x004325FA	0x004325FC
C:\dev\ONSLAUGHT2\CPhysicsScriptStatements.cpp	91	0x00431BB0	CPhysicsScriptStatements__CreateStatementType2	0x0043262D	0x0043262F
C:\dev\ONSLAUGHT2\CPhysicsScriptStatements.cpp	92	0x00431BB0	CPhysicsScriptStatements__CreateStatementType2	0x00432660	0x00432662
C:\dev\ONSLAUGHT2\CPhysicsScriptStatements.cpp	93	0x00431BB0	CPhysicsScriptStatements__CreateStatementType2	0x00432693	0x00432695
C:\dev\ONSLAUGHT2\CPhysicsScriptStatements.cpp	94	0x00431BB0	CPhysicsScriptStatements__CreateStatementType2	0x004326C6	0x004326C8
C:\dev\ONSLAUGHT2\CPhysicsScriptStatements.cpp	95	0x00431BB0	CPhysicsScriptStatements__CreateStatementType2	0x004326F9	0x004326FB
C:\dev\ONSLAUGHT2\CPhysicsScriptStatements.cpp	96	0x00431BB0	CPhysicsScriptStatements__CreateStatementType2	0x0043272C	0x0043272E
C:\dev\ONSLAUGHT2\CPhysicsScriptStatements.cpp	98	0x00431BB0	CPhysicsScriptStatements__CreateStatementType2	0x0043275F	0x00432761
C:\dev\ONSLAUGHT2\CPhysicsScriptStatements.cpp	99	0x00431BB0	CPhysicsScriptStatements__CreateStatementType2	0x0043278F	0x00432791
C:\dev\ONSLAUGHT2\CPhysicsScriptStatements.cpp	100	0x00431BB0	CPhysicsScriptStatements__CreateStatementType2	0x004327BF	0x004327C1
C:\dev\ONSLAUGHT2\CPhysicsScriptStatements.cpp	101	0x00431BB0	CPhysicsScriptStatements__CreateStatementType2	0x004327EF	0x004327F1
C:\dev\ONSLAUGHT2\CPhysicsScriptStatements.cpp	102	0x00431BB0	CPhysicsScriptStatements__CreateStatementType2	0x0043281F	0x00432821
C:\dev\ONSLAUGHT2\CPhysicsScriptStatements.cpp	103	0x00431BB0	CPhysicsScriptStatements__CreateStatementType2	0x0043284F	0x00432851
C:\dev\ONSLAUGHT2\CPhysicsScriptStatements.cpp	104	0x00431BB0	CPhysicsScriptStatements__CreateStatementType2	0x0043287F	0x00432881
C:\dev\ONSLAUGHT2\CPhysicsScriptStatements.cpp	105	0x00431BB0	CPhysicsScriptStatements__CreateStatementType2	0x004328AB	0x004328AD
C:\dev\ONSLAUGHT2\CPhysicsScriptStatements.cpp	106	0x00431BB0	CPhysicsScriptStatements__CreateStatementType2	0x004328D7	0x004328D9
C:\dev\ONSLAUGHT2\CPhysicsScriptStatements.cpp	116	0x00434300	CPhysicsScriptStatements__CreateStatementType3	0x00434315	0x00434317
C:\dev\ONSLAUGHT2\CPhysicsScriptStatements.cpp	117	0x00434300	CPhysicsScriptStatements__CreateStatementType3	0x00434351	0x00434353
C:\dev\ONSLAUGHT2\CPhysicsScriptStatements.cpp	118	0x00434300	CPhysicsScriptStatements__CreateStatementType3	0x00434383	0x00434385
C:\dev\ONSLAUGHT2\CPhysicsScriptStatements.cpp	119	0x00434300	CPhysicsScriptStatements__CreateStatementType3	0x004343B5	0x004343B7
C:\dev\ONSLAUGHT2\CPhysicsScriptStatements.cpp	120	0x00434300	CPhysicsScriptStatements__CreateStatementType3	0x004343E7	0x004343E9
C:\dev\ONSLAUGHT2\CPhysicsScriptStatements.cpp	121	0x00434300	CPhysicsScriptStatements__CreateStatementType3	0x00434419	0x0043441B
C:\dev\ONSLAUGHT2\CPhysicsScriptStatements.cpp	122	0x00434300	CPhysicsScriptStatements__CreateStatementType3	0x0043444B	0x0043444D
C:\dev\ONSLAUGHT2\CPhysicsScriptStatements.cpp	123	0x00434300	CPhysicsScriptStatements__CreateStatementType3	0x0043447D	0x0043447F
C:\dev\ONSLAUGHT2\CPhysicsScriptStatements.cpp	124	0x00434300	CPhysicsScriptStatements__CreateStatementType3	0x004344AF	0x004344B1
C:\dev\ONSLAUGHT2\CPhysicsScriptStatements.cpp	125	0x00434300	CPhysicsScriptStatements__CreateStatementType3	0x004344E1	0x004344E3
C:\dev\ONSLAUGHT2\CPhysicsScriptStatements.cpp	126	0x00434300	CPhysicsScriptStatements__CreateStatementType3	0x00434513	0x00434515
C:\dev\ONSLAUGHT2\CPhysicsScriptStatements.cpp	127	0x00434300	CPhysicsScriptStatements__CreateStatementType3	0x00434545	0x00434547
C:\dev\ONSLAUGHT2\CPhysicsScriptStatements.cpp	128	0x00434300	CPhysicsScriptStatements__CreateStatementType3	0x00434573	0x00434578
C:\dev\ONSLAUGHT2\CPhysicsScriptStatements.cpp	129	0x00434300	CPhysicsScriptStatements__CreateStatementType3	0x004345A4	0x004345A9
C:\dev\ONSLAUGHT2\CPhysicsScriptStatements.cpp	139	0x00435010	CPhysicsScriptStatements__CreateStatementType4	0x00435025	0x0043502A
C:\dev\ONSLAUGHT2\CPhysicsScriptStatements.cpp	140	0x00435010	CPhysicsScriptStatements__CreateStatementType4	0x00435058	0x0043505D
C:\dev\ONSLAUGHT2\CPhysicsScriptStatements.cpp	141	0x00435010	CPhysicsScriptStatements__CreateStatementType4	0x0043508B	0x00435090
C:\dev\ONSLAUGHT2\CPhysicsScriptStatements.cpp	142	0x00435010	CPhysicsScriptStatements__CreateStatementType4	0x004350BE	0x004350C3
C:\dev\ONSLAUGHT2\CPhysicsScriptStatements.cpp	143	0x00435010	CPhysicsScriptStatements__CreateStatementType4	0x004350F1	0x004350F6
C:\dev\ONSLAUGHT2\CPhysicsScriptStatements.cpp	144	0x00435010	CPhysicsScriptStatements__CreateStatementType4	0x00435124	0x00435129
C:\dev\ONSLAUGHT2\CPhysicsScriptStatements.cpp	145	0x00435010	CPhysicsScriptStatements__CreateStatementType4	0x00435157	0x0043515C
C:\dev\ONSLAUGHT2\CPhysicsScriptStatements.cpp	146	0x00435010	CPhysicsScriptStatements__CreateStatementType4	0x0043518D	0x00435192
C:\dev\ONSLAUGHT2\CPhysicsScriptStatements.cpp	147	0x00435010	CPhysicsScriptStatements__CreateStatementType4	0x004351C3	0x004351C8
C:\dev\ONSLAUGHT2\CPhysicsScriptStatements.cpp	148	0x00435010	CPhysicsScriptStatements__CreateStatementType4	0x004351F9	0x004351FE
C:\dev\ONSLAUGHT2\CPhysicsScriptStatements.cpp	149	0x00435010	CPhysicsScriptStatements__CreateStatementType4	0x00435232	0x00435237
C:\dev\ONSLAUGHT2\CPhysicsScriptStatements.cpp	150	0x00435010	CPhysicsScriptStatements__CreateStatementType4	0x00435265	0x0043526A
C:\dev\ONSLAUGHT2\CPhysicsScriptStatements.cpp	151	0x00435010	CPhysicsScriptStatements__CreateStatementType4	0x00435298	0x0043529D
C:\dev\ONSLAUGHT2\CPhysicsScriptStatements.cpp	152	0x00435010	CPhysicsScriptStatements__CreateStatementType4	0x004352CB	0x004352D0
C:\dev\ONSLAUGHT2\CPhysicsScriptStatements.cpp	153	0x00435010	CPhysicsScriptStatements__CreateStatementType4	0x004352FE	0x00435303
C:\dev\ONSLAUGHT2\CPhysicsScriptStatements.cpp	154	0x00435010	CPhysicsScriptStatements__CreateStatementType4	0x00435331	0x00435336
C:\dev\ONSLAUGHT2\CPhysicsScriptStatements.cpp	155	0x00435010	CPhysicsScriptStatements__CreateStatementType4	0x00435364	0x00435369
C:\dev\ONSLAUGHT2\CPhysicsScriptStatements.cpp	156	0x00435010	CPhysicsScriptStatements__CreateStatementType4	0x00435397	0x0043539C
C:\dev\ONSLAUGHT2\CPhysicsScriptStatements.cpp	157	0x00435010	CPhysicsScriptStatements__CreateStatementType4	0x004353CD	0x004353D2
C:\dev\ONSLAUGHT2\CPhysicsScriptStatements.cpp	158	0x00435010	CPhysicsScriptStatements__CreateStatementType4	0x00435403	0x00435408
C:\dev\ONSLAUGHT2\CPhysicsScriptStatements.cpp	159	0x00435010	CPhysicsScriptStatements__CreateStatementType4	0x00435436	0x0043543B
C:\dev\ONSLAUGHT2\CPhysicsScriptStatements.cpp	160	0x00435010	CPhysicsScriptStatements__CreateStatementType4	0x00435469	0x0043546E
C:\dev\ONSLAUGHT2\CPhysicsScriptStatements.cpp	161	0x00435010	CPhysicsScriptStatements__CreateStatementType4	0x0043549C	0x004354A1
C:\dev\ONSLAUGHT2\CPhysicsScriptStatements.cpp	162	0x00435010	CPhysicsScriptStatements__CreateStatementType4	0x004354CF	0x004354D4
C:\dev\ONSLAUGHT2\CPhysicsScriptStatements.cpp	163	0x00435010	CPhysicsScriptStatements__CreateStatementType4	0x00435502	0x00435507
C:\dev\ONSLAUGHT2\CPhysicsScriptStatements.cpp	164	0x00435010	CPhysicsScriptStatements__CreateStatementType4	0x00435535	0x0043553A
C:\dev\ONSLAUGHT2\CPhysicsScriptStatements.cpp	165	0x00435010	CPhysicsScriptStatements__CreateStatementType4	0x00435568	0x0043556D
C:\dev\ONSLAUGHT2\CPhysicsScriptStatements.cpp	166	0x00435010	CPhysicsScriptStatements__CreateStatementType4	0x0043559B	0x004355A0
C:\dev\ONSLAUGHT2\CPhysicsScriptStatements.cpp	167	0x00435010	CPhysicsScriptStatements__CreateStatementType4	0x004355D1	0x004355D6
C:\dev\ONSLAUGHT2\CPhysicsScriptStatements.cpp	168	0x00435010	CPhysicsScriptStatements__CreateStatementType4	0x00435607	0x0043560C
C:\dev\ONSLAUGHT2\CPhysicsScriptStatements.cpp	169	0x00435010	CPhysicsScriptStatements__CreateStatementType4	0x0043563D	0x00435642
C:\dev\ONSLAUGHT2\CPhysicsScriptStatements.cpp	170	0x00435010	CPhysicsScriptStatements__CreateStatementType4	0x00435673	0x00435678
C:\dev\ONSLAUGHT2\CPhysicsScriptStatements.cpp	171	0x00435010	CPhysicsScriptStatements__CreateStatementType4	0x004356A6	0x004356AB
C:\dev\ONSLAUGHT2\CPhysicsScriptStatements.cpp	172	0x00435010	CPhysicsScriptStatements__CreateStatementType4	0x004356D9	0x004356DE
C:\dev\ONSLAUGHT2\CPhysicsScriptStatements.cpp	173	0x00435010	CPhysicsScriptStatements__CreateStatementType4	0x0043570C	0x00435711
C:\dev\ONSLAUGHT2\CPhysicsScriptStatements.cpp	174	0x00435010	CPhysicsScriptStatements__CreateStatementType4	0x0043573B	0x00435740
C:\dev\ONSLAUGHT2\CPhysicsScriptStatements.cpp	175	0x00435010	CPhysicsScriptStatements__CreateStatementType4	0x0043576A	0x0043576F
C:\dev\ONSLAUGHT2\CPhysicsScriptStatements.cpp	185	0x00437490	CPhysicsScriptStatements__CreateStatementType5	0x004374A5	0x004374AA
C:\dev\ONSLAUGHT2\CPhysicsScriptStatements.cpp	186	0x00437490	CPhysicsScriptStatements__CreateStatementType5	0x004374DA	0x004374DF
C:\dev\ONSLAUGHT2\CPhysicsScriptStatements.cpp	187	0x00437490	CPhysicsScriptStatements__CreateStatementType5	0x0043750F	0x00437514
C:\dev\ONSLAUGHT2\CPhysicsScriptStatements.cpp	188	0x00437490	CPhysicsScriptStatements__CreateStatementType5	0x00437544	0x00437549
C:\dev\ONSLAUGHT2\CPhysicsScriptStatements.cpp	189	0x00437490	CPhysicsScriptStatements__CreateStatementType5	0x00437579	0x0043757E
C:\dev\ONSLAUGHT2\CPhysicsScriptStatements.cpp	190	0x00437490	CPhysicsScriptStatements__CreateStatementType5	0x004375AE	0x004375B3
C:\dev\ONSLAUGHT2\CPhysicsScriptStatements.cpp	191	0x00437490	CPhysicsScriptStatements__CreateStatementType5	0x004375E3	0x004375E8
C:\dev\ONSLAUGHT2\CPhysicsScriptStatements.cpp	192	0x00437490	CPhysicsScriptStatements__CreateStatementType5	0x00437618	0x0043761D
C:\dev\ONSLAUGHT2\CPhysicsScriptStatements.cpp	193	0x00437490	CPhysicsScriptStatements__CreateStatementType5	0x0043764D	0x00437652
C:\dev\ONSLAUGHT2\CPhysicsScriptStatements.cpp	194	0x00437490	CPhysicsScriptStatements__CreateStatementType5	0x00437682	0x00437687
C:\dev\ONSLAUGHT2\CPhysicsScriptStatements.cpp	195	0x00437490	CPhysicsScriptStatements__CreateStatementType5	0x004376B7	0x004376BC
C:\dev\ONSLAUGHT2\CPhysicsScriptStatements.cpp	196	0x00437490	CPhysicsScriptStatements__CreateStatementType5	0x004376EC	0x004376F1
C:\dev\ONSLAUGHT2\CPhysicsScriptStatements.cpp	197	0x00437490	CPhysicsScriptStatements__CreateStatementType5	0x00437721	0x00437726
C:\dev\ONSLAUGHT2\CPhysicsScriptStatements.cpp	198	0x00437490	CPhysicsScriptStatements__CreateStatementType5	0x00437756	0x0043775B
C:\dev\ONSLAUGHT2\CPhysicsScriptStatements.cpp	199	0x00437490	CPhysicsScriptStatements__CreateStatementType5	0x00437784	0x00437789
C:\dev\ONSLAUGHT2\CPhysicsScriptStatements.cpp	200	0x00437490	CPhysicsScriptStatements__CreateStatementType5	0x004377B9	0x004377BE
C:\dev\ONSLAUGHT2\CPhysicsScriptStatements.cpp	201	0x00437490	CPhysicsScriptStatements__CreateStatementType5	0x004377E7	0x004377EC
C:\dev\ONSLAUGHT2\CPhysicsScriptStatements.cpp	202	0x00437490	CPhysicsScriptStatements__CreateStatementType5	0x0043781C	0x00437821
C:\dev\ONSLAUGHT2\CPhysicsScriptStatements.cpp	203	0x00437490	CPhysicsScriptStatements__CreateStatementType5	0x0043784A	0x0043784F
C:\dev\ONSLAUGHT2\CPhysicsScriptStatements.cpp	204	0x00437490	CPhysicsScriptStatements__CreateStatementType5	0x0043787F	0x00437884
C:\dev\ONSLAUGHT2\CPhysicsScriptStatements.cpp	205	0x00437490	CPhysicsScriptStatements__CreateStatementType5	0x004378B4	0x004378B9
C:\dev\ONSLAUGHT2\CPhysicsScriptStatements.cpp	206	0x00437490	CPhysicsScriptStatements__CreateStatementType5	0x004378E9	0x004378EE
C:\dev\ONSLAUGHT2\CPhysicsScriptStatements.cpp	207	0x00437490	CPhysicsScriptStatements__CreateStatementType5	0x0043791E	0x00437923
C:\dev\ONSLAUGHT2\CPhysicsScriptStatements.cpp	208	0x00437490	CPhysicsScriptStatements__CreateStatementType5	0x00437953	0x00437958
C:\dev\ONSLAUGHT2\CPhysicsScriptStatements.cpp	209	0x00437490	CPhysicsScriptStatements__CreateStatementType5	0x00437988	0x0043798D
C:\dev\ONSLAUGHT2\CPhysicsScriptStatements.cpp	210	0x00437490	CPhysicsScriptStatements__CreateStatementType5	0x004379BD	0x004379C2
C:\dev\ONSLAUGHT2\CPhysicsScriptStatements.cpp	211	0x00437490	CPhysicsScriptStatements__CreateStatementType5	0x004379F2	0x004379F7
C:\dev\ONSLAUGHT2\CPhysicsScriptStatements.cpp	212	0x00437490	CPhysicsScriptStatements__CreateStatementType5	0x00437A27	0x00437A2C
C:\dev\ONSLAUGHT2\CPhysicsScriptStatements.cpp	213	0x00437490	CPhysicsScriptStatements__CreateStatementType5	0x00437A5C	0x00437A61
C:\dev\ONSLAUGHT2\CPhysicsScriptStatements.cpp	214	0x00437490	CPhysicsScriptStatements__CreateStatementType5	0x00437A91	0x00437A96
C:\dev\ONSLAUGHT2\CPhysicsScriptStatements.cpp	215	0x00437490	CPhysicsScriptStatements__CreateStatementType5	0x00437AC6	0x00437ACB
C:\dev\ONSLAUGHT2\CPhysicsScriptStatements.cpp	216	0x00437490	CPhysicsScriptStatements__CreateStatementType5	0x00437AFB	0x00437B00
C:\dev\ONSLAUGHT2\CPhysicsScriptStatements.cpp	217	0x00437490	CPhysicsScriptStatements__CreateStatementType5	0x00437B30	0x00437B35
C:\dev\ONSLAUGHT2\CPhysicsScriptStatements.cpp	218	0x00437490	CPhysicsScriptStatements__CreateStatementType5	0x00437B65	0x00437B6A
C:\dev\ONSLAUGHT2\CPhysicsScriptStatements.cpp	219	0x00437490	CPhysicsScriptStatements__CreateStatementType5	0x00437B9A	0x00437B9F
C:\dev\ONSLAUGHT2\CPhysicsScriptStatements.cpp	220	0x00437490	CPhysicsScriptStatements__CreateStatementType5	0x00437BCF	0x00437BD4
C:\dev\ONSLAUGHT2\CPhysicsScriptStatements.cpp	221	0x00437490	CPhysicsScriptStatements__CreateStatementType5	0x00437C00	0x00437C05
C:\dev\ONSLAUGHT2\CPhysicsScriptStatements.cpp	222	0x00437490	CPhysicsScriptStatements__CreateStatementType5	0x00437C31	0x00437C36
C:\dev\ONSLAUGHT2\CPhysicsScriptStatements.cpp	232	0x00439B40	CPhysicsScriptStatements__CreateStatementType6	0x00439B55	0x00439B5A
C:\dev\ONSLAUGHT2\CPhysicsScriptStatements.cpp	233	0x00439B40	CPhysicsScriptStatements__CreateStatementType6	0x00439B8A	0x00439B8F
C:\dev\ONSLAUGHT2\CPhysicsScriptStatements.cpp	234	0x00439B40	CPhysicsScriptStatements__CreateStatementType6	0x00439BBF	0x00439BC4
C:\dev\ONSLAUGHT2\CPhysicsScriptStatements.cpp	235	0x00439B40	CPhysicsScriptStatements__CreateStatementType6	0x00439BF4	0x00439BF9
C:\dev\ONSLAUGHT2\CPhysicsScriptStatements.cpp	236	0x00439B40	CPhysicsScriptStatements__CreateStatementType6	0x00439C29	0x00439C2E
C:\dev\ONSLAUGHT2\CPhysicsScriptStatements.cpp	237	0x00439B40	CPhysicsScriptStatements__CreateStatementType6	0x00439C5E	0x00439C63
C:\dev\ONSLAUGHT2\CPhysicsScriptStatements.cpp	238	0x00439B40	CPhysicsScriptStatements__CreateStatementType6	0x00439C93	0x00439C98
C:\dev\ONSLAUGHT2\CPhysicsScriptStatements.cpp	239	0x00439B40	CPhysicsScriptStatements__CreateStatementType6	0x00439CC1	0x00439CC6
C:\dev\ONSLAUGHT2\CPhysicsScriptStatements.cpp	240	0x00439B40	CPhysicsScriptStatements__CreateStatementType6	0x00439CF6	0x00439CFB
C:\dev\ONSLAUGHT2\CPhysicsScriptStatements.cpp	241	0x00439B40	CPhysicsScriptStatements__CreateStatementType6	0x00439D2B	0x00439D30
C:\dev\ONSLAUGHT2\CPhysicsScriptStatements.cpp	242	0x00439B40	CPhysicsScriptStatements__CreateStatementType6	0x00439D60	0x00439D65
C:\dev\ONSLAUGHT2\CPhysicsScriptStatements.cpp	243	0x00439B40	CPhysicsScriptStatements__CreateStatementType6	0x00439D95	0x00439D9A
C:\dev\ONSLAUGHT2\CPhysicsScriptStatements.cpp	244	0x00439B40	CPhysicsScriptStatements__CreateStatementType6	0x00439DC6	0x00439DCB
C:\dev\ONSLAUGHT2\CPhysicsScriptStatements.cpp	245	0x00439B40	CPhysicsScriptStatements__CreateStatementType6	0x00439DF7	0x00439DFC
C:\dev\ONSLAUGHT2\CPhysicsScriptStatements.cpp	255	0x0043A860	CPhysicsScriptStatements__CreateStatementType7	0x0043A875	0x0043A87A
C:\dev\ONSLAUGHT2\CPhysicsScriptStatements.cpp	256	0x0043A860	CPhysicsScriptStatements__CreateStatementType7	0x0043A8AA	0x0043A8AF
C:\dev\ONSLAUGHT2\CPhysicsScriptStatements.cpp	257	0x0043A860	CPhysicsScriptStatements__CreateStatementType7	0x0043A8DF	0x0043A8E4
C:\dev\ONSLAUGHT2\CPhysicsScriptStatements.cpp	258	0x0043A860	CPhysicsScriptStatements__CreateStatementType7	0x0043A914	0x0043A919
C:\dev\ONSLAUGHT2\CPhysicsScriptStatements.cpp	259	0x0043A860	CPhysicsScriptStatements__CreateStatementType7	0x0043A949	0x0043A94E
C:\dev\ONSLAUGHT2\CPhysicsScriptStatements.cpp	260	0x0043A860	CPhysicsScriptStatements__CreateStatementType7	0x0043A97E	0x0043A983
C:\dev\ONSLAUGHT2\CPhysicsScriptStatements.cpp	261	0x0043A860	CPhysicsScriptStatements__CreateStatementType7	0x0043A9B3	0x0043A9B8
C:\dev\ONSLAUGHT2\CPhysicsScriptStatements.cpp	262	0x0043A860	CPhysicsScriptStatements__CreateStatementType7	0x0043A9E8	0x0043A9ED
C:\dev\ONSLAUGHT2\CPhysicsScriptStatements.cpp	263	0x0043A860	CPhysicsScriptStatements__CreateStatementType7	0x0043AA1D	0x0043AA22
C:\dev\ONSLAUGHT2\CPhysicsScriptStatements.cpp	264	0x0043A860	CPhysicsScriptStatements__CreateStatementType7	0x0043AA52	0x0043AA57
C:\dev\ONSLAUGHT2\CPhysicsScriptStatements.cpp	265	0x0043A860	CPhysicsScriptStatements__CreateStatementType7	0x0043AA87	0x0043AA8C
C:\dev\ONSLAUGHT2\CPhysicsScriptStatements.cpp	266	0x0043A860	CPhysicsScriptStatements__CreateStatementType7	0x0043AABC	0x0043AAC1
C:\dev\ONSLAUGHT2\CPhysicsScriptStatements.cpp	267	0x0043A860	CPhysicsScriptStatements__CreateStatementType7	0x0043AAF1	0x0043AAF6
C:\dev\ONSLAUGHT2\CPhysicsScriptStatements.cpp	268	0x0043A860	CPhysicsScriptStatements__CreateStatementType7	0x0043AB22	0x0043AB27
C:\dev\ONSLAUGHT2\CPhysicsScriptStatements.cpp	269	0x0043A860	CPhysicsScriptStatements__CreateStatementType7	0x0043AB53	0x0043AB58
C:\dev\ONSLAUGHT2\CPhysicsScriptStatements.cpp	279	0x0043B990	CPhysicsScriptStatements__CreateStatementType8	0x0043B9A5	0x0043B9AA
C:\dev\ONSLAUGHT2\CPhysicsScriptStatements.cpp	280	0x0043B990	CPhysicsScriptStatements__CreateStatementType8	0x0043B9DA	0x0043B9DF
C:\dev\ONSLAUGHT2\CPhysicsScriptStatements.cpp	281	0x0043B990	CPhysicsScriptStatements__CreateStatementType8	0x0043BA0F	0x0043BA14
C:\dev\ONSLAUGHT2\CPhysicsScriptStatements.cpp	282	0x0043B990	CPhysicsScriptStatements__CreateStatementType8	0x0043BA44	0x0043BA49
C:\dev\ONSLAUGHT2\CPhysicsScriptStatements.cpp	283	0x0043B990	CPhysicsScriptStatements__CreateStatementType8	0x0043BA79	0x0043BA7E
C:\dev\ONSLAUGHT2\CPhysicsScriptStatements.cpp	284	0x0043B990	CPhysicsScriptStatements__CreateStatementType8	0x0043BAAA	0x0043BAAF
C:\dev\ONSLAUGHT2\CPhysicsScriptStatements.cpp	285	0x0043B990	CPhysicsScriptStatements__CreateStatementType8	0x0043BADB	0x0043BAE0
C:\dev\ONSLAUGHT2\CPhysicsScriptStatements.cpp	295	0x0043C0B0	CPhysicsScriptStatements__CreateStatementType9	0x0043C0C5	0x0043C0CA
C:\dev\ONSLAUGHT2\CPhysicsScriptStatements.cpp	296	0x0043C0B0	CPhysicsScriptStatements__CreateStatementType9	0x0043C0FA	0x0043C0FF
C:\dev\ONSLAUGHT2\CPhysicsScriptStatements.cpp	297	0x0043C0B0	CPhysicsScriptStatements__CreateStatementType9	0x0043C12B	0x0043C130
C:\dev\ONSLAUGHT2\CPhysicsScriptStatements.cpp	298	0x0043C0B0	CPhysicsScriptStatements__CreateStatementType9	0x0043C15C	0x0043C161
C:\dev\ONSLAUGHT2\CPhysicsScriptStatements.cpp	308	0x0043C500	CPhysicsScriptStatements__CreateStatementType10	0x0043C515	0x0043C51A
C:\dev\ONSLAUGHT2\CPhysicsScriptStatements.cpp	309	0x0043C500	CPhysicsScriptStatements__CreateStatementType10	0x0043C54B	0x0043C550
C:\dev\ONSLAUGHT2\CPhysicsScriptStatements.cpp	310	0x0043C500	CPhysicsScriptStatements__CreateStatementType10	0x0043C57E	0x0043C583
C:\dev\ONSLAUGHT2\CPhysicsScriptStatements.cpp	311	0x0043C500	CPhysicsScriptStatements__CreateStatementType10	0x0043C5B1	0x0043C5B6
C:\dev\ONSLAUGHT2\CPhysicsScriptStatements.cpp	312	0x0043C500	CPhysicsScriptStatements__CreateStatementType10	0x0043C5E4	0x0043C5E9
C:\dev\ONSLAUGHT2\CPhysicsScriptStatements.cpp	313	0x0043C500	CPhysicsScriptStatements__CreateStatementType10	0x0043C617	0x0043C61C
C:\dev\ONSLAUGHT2\CPhysicsScriptStatements.cpp	314	0x0043C500	CPhysicsScriptStatements__CreateStatementType10	0x0043C659	0x0043C65E
C:\dev\ONSLAUGHT2\CPhysicsScriptStatements.cpp	315	0x0043C500	CPhysicsScriptStatements__CreateStatementType10	0x0043C69B	0x0043C6A0
C:\dev\ONSLAUGHT2\CPhysicsScriptStatements.cpp	316	0x0043C500	CPhysicsScriptStatements__CreateStatementType10	0x0043C6D1	0x0043C6D6
C:\dev\ONSLAUGHT2\CPhysicsScriptStatements.cpp	317	0x0043C500	CPhysicsScriptStatements__CreateStatementType10	0x0043C704	0x0043C709
C:\dev\ONSLAUGHT2\CPhysicsScriptStatements.cpp	318	0x0043C500	CPhysicsScriptStatements__CreateStatementType10	0x0043C73A	0x0043C73F
C:\dev\ONSLAUGHT2\CPhysicsScriptStatements.cpp	319	0x0043C500	CPhysicsScriptStatements__CreateStatementType10	0x0043C76D	0x0043C772
C:\dev\ONSLAUGHT2\CPhysicsScriptStatements.cpp	320	0x0043C500	CPhysicsScriptStatements__CreateStatementType10	0x0043C7A3	0x0043C7A8
C:\dev\ONSLAUGHT2\CPhysicsScriptStatements.cpp	321	0x0043C500	CPhysicsScriptStatements__CreateStatementType10	0x0043C7D6	0x0043C7DB
C:\dev\ONSLAUGHT2\CPhysicsScriptStatements.cpp	322	0x0043C500	CPhysicsScriptStatements__CreateStatementType10	0x0043C809	0x0043C80E
C:\dev\ONSLAUGHT2\CPhysicsScriptStatements.cpp	323	0x0043C500	CPhysicsScriptStatements__CreateStatementType10	0x0043C83F	0x0043C844
C:\dev\ONSLAUGHT2\CPhysicsScriptStatements.cpp	324	0x0043C500	CPhysicsScriptStatements__CreateStatementType10	0x0043C872	0x0043C877
C:\dev\ONSLAUGHT2\CPhysicsScriptStatements.cpp	325	0x0043C500	CPhysicsScriptStatements__CreateStatementType10	0x0043C8A5	0x0043C8AA
C:\dev\ONSLAUGHT2\CPhysicsScriptStatements.cpp	326	0x0043C500	CPhysicsScriptStatements__CreateStatementType10	0x0043C8D8	0x0043C8DD
C:\dev\ONSLAUGHT2\CPhysicsScriptStatements.cpp	327	0x0043C500	CPhysicsScriptStatements__CreateStatementType10	0x0043C90B	0x0043C910
C:\dev\ONSLAUGHT2\CPhysicsScriptStatements.cpp	328	0x0043C500	CPhysicsScriptStatements__CreateStatementType10	0x0043C93E	0x0043C943
C:\dev\ONSLAUGHT2\CPhysicsScriptStatements.cpp	329	0x0043C500	CPhysicsScriptStatements__CreateStatementType10	0x0043C971	0x0043C976
C:\dev\ONSLAUGHT2\CPhysicsScriptStatements.cpp	330	0x0043C500	CPhysicsScriptStatements__CreateStatementType10	0x0043C9A0	0x0043C9A5
C:\dev\ONSLAUGHT2\CPhysicsScriptStatements.cpp	331	0x0043C500	CPhysicsScriptStatements__CreateStatementType10	0x0043C9CF	0x0043C9D4
C:\dev\ONSLAUGHT2\CPhysicsScriptStatements.cpp	341	0x0043DCD0	CPhysicsScriptStatements__CreateStatementType11	0x0043DD31	0x0043DD36
C:\dev\ONSLAUGHT2\CPhysicsScriptStatements.cpp	342	0x0043DCD0	CPhysicsScriptStatements__CreateStatementType11	0x0043DD07	0x0043DD0C
C:\dev\ONSLAUGHT2\CPhysicsScriptStatements.cpp	343	0x0043DCD0	CPhysicsScriptStatements__CreateStatementType11	0x0043DCDD	0x0043DCE2
C:\dev\ONSLAUGHT2\CPhysicsScriptStatements.cpp	353	0x0043DDC0	CPhysicsScriptStatements__CreateStatementType12	0x0043DDD5	0x0043DDDA
C:\dev\ONSLAUGHT2\CPhysicsScriptStatements.cpp	354	0x0043DDC0	CPhysicsScriptStatements__CreateStatementType12	0x0043DE03	0x0043DE08
C:\dev\ONSLAUGHT2\CPhysicsScriptStatements.cpp	355	0x0043DDC0	CPhysicsScriptStatements__CreateStatementType12	0x0043DE31	0x0043DE36
C:\dev\ONSLAUGHT2\CPhysicsScriptStatements.cpp	356	0x0043DDC0	CPhysicsScriptStatements__CreateStatementType12	0x0043DE5F	0x0043DE64
C:\dev\ONSLAUGHT2\CPhysicsScriptStatements.cpp	357	0x0043DDC0	CPhysicsScriptStatements__CreateStatementType12	0x0043DE8D	0x0043DE92
C:\dev\ONSLAUGHT2\CPhysicsScriptStatements.cpp	358	0x0043DDC0	CPhysicsScriptStatements__CreateStatementType12	0x0043DEBB	0x0043DEC0
C:\dev\ONSLAUGHT2\CPhysicsScriptStatements.cpp	359	0x0043DDC0	CPhysicsScriptStatements__CreateStatementType12	0x0043DEE9	0x0043DEEE
C:\dev\ONSLAUGHT2\CPhysicsScriptStatements.cpp	360	0x0043DDC0	CPhysicsScriptStatements__CreateStatementType12	0x0043DF17	0x0043DF1C
C:\dev\ONSLAUGHT2\CPhysicsScriptStatements.cpp	361	0x0043DDC0	CPhysicsScriptStatements__CreateStatementType12	0x0043DF45	0x0043DF4A
C:\dev\ONSLAUGHT2\CPhysicsScriptStatements.cpp	362	0x0043DDC0	CPhysicsScriptStatements__CreateStatementType12	0x0043DF73	0x0043DF78
C:\dev\ONSLAUGHT2\CPhysicsScriptStatements.cpp	363	0x0043DDC0	CPhysicsScriptStatements__CreateStatementType12	0x0043DFA1	0x0043DFA6
C:\dev\ONSLAUGHT2\CPhysicsScriptStatements.cpp	364	0x0043DDC0	CPhysicsScriptStatements__CreateStatementType12	0x0043DFCF	0x0043DFD4
C:\dev\ONSLAUGHT2\CPhysicsScriptStatements.cpp	365	0x0043DDC0	CPhysicsScriptStatements__CreateStatementType12	0x0043DFFD	0x0043E002
C:\dev\ONSLAUGHT2\CPhysicsScriptStatements.cpp	366	0x0043DDC0	CPhysicsScriptStatements__CreateStatementType12	0x0043E02B	0x0043E030
C:\dev\ONSLAUGHT2\CPhysicsScriptStatements.cpp	367	0x0043DDC0	CPhysicsScriptStatements__CreateStatementType12	0x0043E059	0x0043E05E
C:\dev\ONSLAUGHT2\CPhysicsScriptStatements.cpp	368	0x0043DDC0	CPhysicsScriptStatements__CreateStatementType12	0x0043E087	0x0043E08C
C:\dev\ONSLAUGHT2\CPhysicsScriptStatements.cpp	369	0x0043DDC0	CPhysicsScriptStatements__CreateStatementType12	0x0043E0B5	0x0043E0BA
C:\dev\ONSLAUGHT2\CPhysicsScriptStatements.cpp	370	0x0043DDC0	CPhysicsScriptStatements__CreateStatementType12	0x0043E0E3	0x0043E0E8
C:\dev\ONSLAUGHT2\CPhysicsScriptStatements.cpp	371	0x0043DDC0	CPhysicsScriptStatements__CreateStatementType12	0x0043E111	0x0043E116
C:\dev\ONSLAUGHT2\CPhysicsScriptStatements.cpp	372	0x0043DDC0	CPhysicsScriptStatements__CreateStatementType12	0x0043E13F	0x0043E144
C:\dev\ONSLAUGHT2\CPhysicsScriptStatements.cpp	373	0x0043DDC0	CPhysicsScriptStatements__CreateStatementType12	0x0043E16D	0x0043E172
C:\dev\ONSLAUGHT2\CPhysicsScriptStatements.cpp	374	0x0043DDC0	CPhysicsScriptStatements__CreateStatementType12	0x0043E19B	0x0043E1A0
C:\dev\ONSLAUGHT2\CPhysicsScriptStatements.cpp	375	0x0043DDC0	CPhysicsScriptStatements__CreateStatementType12	0x0043E1C9	0x0043E1CE
C:\dev\ONSLAUGHT2\CPhysicsScriptStatements.cpp	376	0x0043DDC0	CPhysicsScriptStatements__CreateStatementType12	0x0043E1F3	0x0043E1F8
C:\dev\ONSLAUGHT2\CPhysicsScriptStatements.cpp	377	0x0043DDC0	CPhysicsScriptStatements__CreateStatementType12	0x0043E21D	0x0043E222
C:\dev\ONSLAUGHT2\CPhysicsScriptStatements.cpp	387	0x0043E310	CPhysicsScriptStatements__CreateStatementType13	0x0043E31D	0x0043E322
C:\dev\ONSLAUGHT2\CPhysicsScriptStatements.cpp	388	0x0043E310	CPhysicsScriptStatements__CreateStatementType13	0x0043E371	0x0043E376
C:\dev\ONSLAUGHT2\CPhysicsScriptStatements.cpp	389	0x0043E310	CPhysicsScriptStatements__CreateStatementType13	0x0043E347	0x0043E34C
C:\dev\ONSLAUGHT2\CPhysicsScriptStatements.cpp	399	0x0043E400	CPhysicsScriptStatements__CreateStatementType14	0x0043E415	0x0043E41A
C:\dev\ONSLAUGHT2\CPhysicsScriptStatements.cpp	400	0x0043E400	CPhysicsScriptStatements__CreateStatementType14	0x0043E443	0x0043E448
C:\dev\ONSLAUGHT2\CPhysicsScriptStatements.cpp	401	0x0043E400	CPhysicsScriptStatements__CreateStatementType14	0x0043E46D	0x0043E472
C:\dev\ONSLAUGHT2\CPhysicsScriptStatements.cpp	402	0x0043E400	CPhysicsScriptStatements__CreateStatementType14	0x0043E497	0x0043E49C
C:\dev\ONSLAUGHT2\CPhysicsScriptStatements.cpp	412	0x0043E540	CPhysicsScriptStatements__CreateStatementType15	0x0043E5A1	0x0043E5A6
C:\dev\ONSLAUGHT2\CPhysicsScriptStatements.cpp	413	0x0043E540	CPhysicsScriptStatements__CreateStatementType15	0x0043E577	0x0043E57C
C:\dev\ONSLAUGHT2\CPhysicsScriptStatements.cpp	414	0x0043E540	CPhysicsScriptStatements__CreateStatementType15	0x0043E54D	0x0043E552
C:\dev\ONSLAUGHT2\CPhysicsScriptStatements.h	666	0x0042F2B0	CUnitStatement__LoadFromMemBuffer	0x0042F36C	0x0042F371
C:\dev\ONSLAUGHT2\CPhysicsScriptStatements.h	666	0x0042F3D0	CPhysicsUnitValueList__LoadFromMemBuffer	0x0042F446	0x0042F44B
C:\dev\ONSLAUGHT2\CPhysicsScriptStatements.h	814	0x0042F780	CWeaponStatement__LoadFromMemBuffer	0x0042F83C	0x0042F841
C:\dev\ONSLAUGHT2\CPhysicsScriptStatements.h	814	0x0042F8A0	CPhysicsWeaponValueList__LoadFromMemBuffer	0x0042F916	0x0042F91B
C:\dev\ONSLAUGHT2\CPhysicsScriptStatements.h	962	0x0042FCA0	CWeaponModeStatement__LoadFromMemBuffer	0x0042FD5C	0x0042FD61
C:\dev\ONSLAUGHT2\CPhysicsScriptStatements.h	962	0x0042FDC0	CPhysicsWeaponModeValueList__LoadFromMemBuffer	0x0042FE36	0x0042FE3B
C:\dev\ONSLAUGHT2\CPhysicsScriptStatements.h	1112	0x00430210	CRoundStatement__LoadFromMemBuffer	0x004302CC	0x004302D1
C:\dev\ONSLAUGHT2\CPhysicsScriptStatements.h	1112	0x00430330	CPhysicsRoundValueList__LoadFromMemBuffer	0x004303A6	0x004303AB
C:\dev\ONSLAUGHT2\CPhysicsScriptStatements.h	1262	0x004306E0	CSpawnerStatement__LoadFromMemBuffer	0x0043079C	0x004307A1
C:\dev\ONSLAUGHT2\CPhysicsScriptStatements.h	1262	0x00430800	CPhysicsSpawnerValueList__LoadFromMemBuffer	0x00430876	0x0043087B
C:\dev\ONSLAUGHT2\CPhysicsScriptStatements.h	1413	0x00430B60	CExplosionStatement__LoadFromMemBuffer	0x00430C1C	0x00430C21
C:\dev\ONSLAUGHT2\CPhysicsScriptStatements.h	1413	0x00430C80	CPhysicsExplosionValueList__LoadFromMemBuffer	0x00430CF6	0x00430CFB
C:\dev\ONSLAUGHT2\CPhysicsScriptStatements.h	1563	0x00431050	CComponentStatement__LoadFromMemBuffer	0x0043110C	0x00431111
C:\dev\ONSLAUGHT2\CPhysicsScriptStatements.h	1563	0x00431170	CPhysicsComponentValueList__LoadFromMemBuffer	0x004311E6	0x004311EB
C:\dev\ONSLAUGHT2\CPhysicsScriptStatements.h	1713	0x004314A0	CFeatureStatement__LoadFromMemBuffer	0x0043155C	0x00431561
C:\dev\ONSLAUGHT2\CPhysicsScriptStatements.h	1713	0x004315C0	CPhysicsFeatureValueList__LoadFromMemBuffer	0x00431636	0x0043163B
C:\dev\ONSLAUGHT2\CPhysicsScriptStatements.h	1859	0x004318F0	CHazardStatement__LoadFromMemBuffer	0x004319AC	0x004319B1
C:\dev\ONSLAUGHT2\CPhysicsScriptStatements.h	1859	0x00431A10	CPhysicsHazardValueList__LoadFromMemBuffer	0x00431A86	0x00431A8B
C:\dev\ONSLAUGHT2\CPhysicsScriptStatements.h	1989	0x0042F2B0	CUnitStatement__LoadFromMemBuffer	0x0042F2D1	0x0042F2D6
C:\dev\ONSLAUGHT2\CPhysicsScriptStatements.h	2110	0x0042F780	CWeaponStatement__LoadFromMemBuffer	0x0042F7A1	0x0042F7A6
C:\dev\ONSLAUGHT2\CPhysicsScriptStatements.h	2231	0x0042FCA0	CWeaponModeStatement__LoadFromMemBuffer	0x0042FCC1	0x0042FCC6
C:\dev\ONSLAUGHT2\CPhysicsScriptStatements.h	2352	0x00430210	CRoundStatement__LoadFromMemBuffer	0x00430231	0x00430236
C:\dev\ONSLAUGHT2\CPhysicsScriptStatements.h	2473	0x004306E0	CSpawnerStatement__LoadFromMemBuffer	0x00430701	0x00430706
C:\dev\ONSLAUGHT2\CPhysicsScriptStatements.h	2593	0x00430B60	CExplosionStatement__LoadFromMemBuffer	0x00430B81	0x00430B86
C:\dev\ONSLAUGHT2\CPhysicsScriptStatements.h	2714	0x00431050	CComponentStatement__LoadFromMemBuffer	0x00431071	0x00431076
C:\dev\ONSLAUGHT2\CPhysicsScriptStatements.h	2836	0x004314A0	CFeatureStatement__LoadFromMemBuffer	0x004314C1	0x004314C6
C:\dev\ONSLAUGHT2\CPhysicsScriptStatements.h	2958	0x004318F0	CHazardStatement__LoadFromMemBuffer	0x00431911	0x00431916
C:\dev\ONSLAUGHT2\Cutscene.cpp	203	0x005D1FF0	Unwind@005d1ff0	0x005D1FF0	0x005D1FF5
C:\dev\ONSLAUGHT2\Cutscene.cpp	501	0x0043F510	CCutscene__InitAnimations	0x0043F5F1	0x0043F5F6
C:\dev\ONSLAUGHT2\Cutscene.cpp	549	0x0043F690	CCutscene__Update	0x0043F714	0x0043F719
C:\dev\ONSLAUGHT2\Cutscene.cpp	549	0x005D2020	Unwind@005d2020	0x005D2020	0x005D2025
C:\dev\ONSLAUGHT2\damage.cpp	22	0x00440B90	CDamage__Init	0x00440B9E	0x00440BA0
C:\dev\ONSLAUGHT2\damage.cpp	78	0x00440C70	CDamage__LoadDamageTexture	0x00440D09	0x00440D0B
C:\dev\ONSLAUGHT2\damage.cpp	117	0x00441000	CDamage__CreateTextureBuffer	0x00441045	0x00441047
C:\dev\ONSLAUGHT2\DestructableSegmentsController.cpp	388	0x00444660	CDestructableSegmentsController__Init	0x004446BA	0x004446BF
C:\dev\ONSLAUGHT2\DestructableSegmentsController.cpp	424	0x00444660	CDestructableSegmentsController__Init	0x004447AA	0x004447AF
C:\dev\ONSLAUGHT2\DestructableSegmentsController.cpp	424	0x005D2170	Unwind@005d2170	0x005D2170	0x005D2175
C:\dev\ONSLAUGHT2\DestructableSegmentsController.cpp	483	0x005D21E0	Unwind@005d21e0	0x005D21E0	0x005D21E5
C:\dev\ONSLAUGHT2\DestructableSegmentsController.cpp	488	0x004449C0	CDestructableSegmentsController__CreateSegment	0x00444A56	0x00444A5B
C:\dev\ONSLAUGHT2\DestructableSegmentsController.cpp	488	0x005D21F9	Unwind@005d21f9	0x005D21F9	0x005D21FE
C:\dev\ONSLAUGHT2\DestructableSegmentsController.cpp	493	0x004449C0	CDestructableSegmentsController__CreateSegment	0x00444ACD	0x00444AD2
C:\dev\ONSLAUGHT2\DestructableSegmentsController.cpp	493	0x005D2212	Unwind@005d2212	0x005D2212	0x005D2217
C:\dev\ONSLAUGHT2\DestructableSegmentsController.cpp	498	0x004449C0	CDestructableSegmentsController__CreateSegment	0x00444B3B	0x00444B40
C:\dev\ONSLAUGHT2\DestructableSegmentsController.cpp	498	0x005D222B	Unwind@005d222b	0x005D222B	0x005D2230
C:\dev\ONSLAUGHT2\DiveBomber.cpp	18	0x00445250	CDiveBomber__VFunc_9_00445250	0x00445275	0x00445277
C:\dev\ONSLAUGHT2\DiveBomber.cpp	18	0x005D2250	Unwind@005d2250	0x005D2250	0x005D2252
C:\dev\ONSLAUGHT2\DiveBomber.cpp	19	0x00445250	CDiveBomber__VFunc_9_00445250	0x004452B9	0x004452BB
C:\dev\ONSLAUGHT2\DiveBomber.cpp	19	0x005D2266	Unwind@005d2266	0x005D2266	0x005D2268
C:\dev\ONSLAUGHT2\Dropship.cpp	44	0x00446D70	CDropship__Init	0x00446E6B	0x00446E6D
C:\dev\ONSLAUGHT2\Dropship.cpp	44	0x005D22E0	Unwind@005d22e0	0x005D22E0	0x005D22E2
C:\dev\ONSLAUGHT2\Dropship.cpp	45	0x00446D70	CDropship__Init	0x00446EAB	0x00446EAD
C:\dev\ONSLAUGHT2\Dropship.cpp	45	0x005D22F6	Unwind@005d22f6	0x005D22F6	0x005D22F8
C:\dev\ONSLAUGHT2\Dropship.cpp	46	0x00446D70	CDropship__Init	0x00446EEF	0x00446EF1
C:\dev\ONSLAUGHT2\Dropship.cpp	46	0x005D230C	Unwind@005d230c	0x005D230C	0x005D230E
C:\dev\ONSLAUGHT2\Dropship.cpp	55	0x00446D70	CDropship__Init	0x00446FAA	0x00446FAC
C:\dev\ONSLAUGHT2\Dropship.cpp	55	0x005D2322	Unwind@005d2322	0x005D2322	0x005D2324
C:\dev\ONSLAUGHT2\DXBattleLine.cpp	112	0x005D7630	Unwind@005d7630	0x005D7630	0x005D7632
C:\dev\ONSLAUGHT2\DXBattleLine.cpp	132	0x0053A150	CDXBattleLine__LoadTextures	0x0053A188	0x0053A18D
C:\dev\ONSLAUGHT2\DXBattleLine.cpp	132	0x005D7650	Unwind@005d7650	0x005D7650	0x005D7655
C:\dev\ONSLAUGHT2\DXBattleLine.cpp	151	0x0053A150	CDXBattleLine__LoadTextures	0x0053A20E	0x0053A213
C:\dev\ONSLAUGHT2\DXBattleLine.cpp	151	0x005D7669	Unwind@005d7669	0x005D7669	0x005D766E
C:\dev\ONSLAUGHT2\DXBattleLine.cpp	325	0x0053A5E0	CDXBattleLine__BuildMesh	0x0053A690	0x0053A695
C:\dev\ONSLAUGHT2\DXBattleLine.cpp	325	0x005D7690	Unwind@005d7690	0x005D7690	0x005D7695
C:\dev\ONSLAUGHT2\DXBattleLine.cpp	353	0x0053A5E0	CDXBattleLine__BuildMesh	0x0053A7DA	0x0053A7DF
C:\dev\ONSLAUGHT2\DXBattleLine.cpp	353	0x005D76AC	Unwind@005d76ac	0x005D76AC	0x005D76B1
C:\dev\ONSLAUGHT2\DXBattleLine.cpp	357	0x0053A5E0	CDXBattleLine__BuildMesh	0x0053A829	0x0053A82E
C:\dev\ONSLAUGHT2\DXBattleLine.cpp	368	0x0053A5E0	CDXBattleLine__BuildMesh	0x0053A878	0x0053A87D
C:\dev\ONSLAUGHT2\DXBattleLine.cpp	368	0x005D76C5	Unwind@005d76c5	0x005D76C5	0x005D76CA
C:\dev\ONSLAUGHT2\DXClouds.cpp	31	0x0053B900	CClouds__Constructor	0x0053B951	0x0053B953
C:\dev\ONSLAUGHT2\DXClouds.cpp	31	0x005D76F8	Unwind@005d76f8	0x005D76F8	0x005D76FA
C:\dev\ONSLAUGHT2\DXCompass.cpp	67	0x005D7720	Unwind@005d7720	0x005D7720	0x005D7722
C:\dev\ONSLAUGHT2\DXCompass.cpp	91	0x0053BE40	CDXCompass__Init	0x0053BF77	0x0053BF79
C:\dev\ONSLAUGHT2\DXCompass.cpp	91	0x005D7736	Unwind@005d7736	0x005D7736	0x005D7738
C:\dev\ONSLAUGHT2\DXCompass.cpp	92	0x0053BE40	CDXCompass__Init	0x0053BFAA	0x0053BFAC
C:\dev\ONSLAUGHT2\DXCompass.cpp	92	0x005D774C	Unwind@005d774c	0x005D774C	0x005D774E
C:\dev\ONSLAUGHT2\DXCompass.cpp	98	0x0053BE40	CDXCompass__Init	0x0053C067	0x0053C069
C:\dev\ONSLAUGHT2\DXCompass.cpp	98	0x005D7762	Unwind@005d7762	0x005D7762	0x005D7764
C:\dev\ONSLAUGHT2\DXCompass.cpp	104	0x0053BE40	CDXCompass__Init	0x0053C103	0x0053C105
C:\dev\ONSLAUGHT2\DXCompass.cpp	104	0x005D7778	Unwind@005d7778	0x005D7778	0x005D777A
C:\dev\ONSLAUGHT2\DXFMV.CPP	53	0x0053F190	CDXFMV__VFunc_11_0053f190	0x0053F217	0x0053F219
C:\dev\ONSLAUGHT2\DXFMV.CPP	53	0x005D7800	Unwind@005d7800	0x005D7800	0x005D7802
C:\dev\ONSLAUGHT2\DXFont.cpp	264	0x0053FB00	CDXFont__CreateGDIFont	0x0053FBA9	0x0053FBAE
C:\dev\ONSLAUGHT2\DXFont.cpp	264	0x005D7830	Unwind@005d7830	0x005D7830	0x005D7835
C:\dev\ONSLAUGHT2\DXFrontEndVideo.cpp	256	0x00541430	CDXFrontEndVideo__InitVideo	0x005414E8	0x005414ED
C:\dev\ONSLAUGHT2\DXFrontEndVideo.cpp	256	0x005D78B0	Unwind@005d78b0	0x005D78B0	0x005D78B5
C:\dev\ONSLAUGHT2\DXImposter.cpp	1857	0x00543D90	CDXImposter__Deserialize	0x00543E4C	0x00543E51
C:\dev\ONSLAUGHT2\DXImposter.cpp	1857	0x005D78E0	Unwind@005d78e0	0x005D78E0	0x005D78E5
C:\dev\ONSLAUGHT2\DXImposter.cpp	1858	0x00543D90	CDXImposter__Deserialize	0x00543E82	0x00543E87
C:\dev\ONSLAUGHT2\DXImposter.cpp	1858	0x005D78F9	Unwind@005d78f9	0x005D78F9	0x005D78FE
C:\dev\ONSLAUGHT2\DXImposter.cpp	2019	0x00543F50	CDXImposter__Create	0x00543F54	0x00543F59
C:\dev\ONSLAUGHT2\DXImposter.cpp	2055	0x00543F50	CDXImposter__Create	0x00543FF4	0x00543FF9
C:\dev\ONSLAUGHT2\DXKempyCube.cpp	82	0x005440A0	CDXEngine__InitKempyCubeTexturesAndVertexBuffer	0x00544109	0x0054410B
C:\dev\ONSLAUGHT2\DXKempyCube.cpp	82	0x005D7920	Unwind@005d7920	0x005D7920	0x005D7922
C:\dev\ONSLAUGHT2\DXLandscape.cpp	95	0x005447E0	CDXLandscape__CreateMipLevels	0x00544800	0x00544802
C:\dev\ONSLAUGHT2\DXLandscape.cpp	95	0x005D7940	Unwind@005d7940	0x005D7940	0x005D7942
C:\dev\ONSLAUGHT2\DXLandscape.cpp	109	0x005447E0	CDXLandscape__CreateMipLevels	0x00544893	0x00544895
C:\dev\ONSLAUGHT2\DXLandscape.cpp	109	0x005D7956	Unwind@005d7956	0x005D7956	0x005D7958
C:\dev\ONSLAUGHT2\DXLandscape.cpp	115	0x005447E0	CDXLandscape__CreateMipLevels	0x0054493F	0x00544941
C:\dev\ONSLAUGHT2\DXLandscape.cpp	169	0x00544AF0	CDXLandscape__Init	0x00544B6A	0x00544B6F
C:\dev\ONSLAUGHT2\DXLandscape.cpp	169	0x005D79C0	Unwind@005d79c0	0x005D79C0	0x005D79C5
C:\dev\ONSLAUGHT2\DXLandscape.cpp	174	0x00544AF0	CDXLandscape__Init	0x00544BB3	0x00544BB8
C:\dev\ONSLAUGHT2\DXLandscape.cpp	174	0x005D79D9	Unwind@005d79d9	0x005D79D9	0x005D79DE
C:\dev\ONSLAUGHT2\DXLandscape.cpp	179	0x00544AF0	CDXLandscape__Init	0x00544C04	0x00544C09
C:\dev\ONSLAUGHT2\DXLandscape.cpp	179	0x005D79F2	Unwind@005d79f2	0x005D79F2	0x005D79F7
C:\dev\ONSLAUGHT2\DXLandscape.cpp	434	0x00545070	CDXLandscape__Reset	0x005450D0	0x005450D5
C:\dev\ONSLAUGHT2\DXLandscape.cpp	434	0x005D7A20	Unwind@005d7a20	0x005D7A20	0x005D7A25
C:\dev\ONSLAUGHT2\DXLandscape.cpp	443	0x00545070	CDXLandscape__Reset	0x00545146	0x0054514B
C:\dev\ONSLAUGHT2\DXLandscape.cpp	443	0x005D7A39	Unwind@005d7a39	0x005D7A39	0x005D7A3E
C:\dev\ONSLAUGHT2\DXLandscape.h	170	0x005447E0	CDXLandscape__CreateMipLevels	0x00544908	0x0054490D
C:\dev\ONSLAUGHT2\DXMemBuffer.cpp	287	0x00547EC0	CDXMemBuffer__InitFromFile	0x00547EF6	0x00547EFB
C:\dev\ONSLAUGHT2\DXMeshVB.cpp	81	0x0054C0A0	CDXMeshVB__BuildStaticVB	0x0054C0E3	0x0054C0E5
C:\dev\ONSLAUGHT2\DXMeshVB.cpp	82	0x0054C0A0	CDXMeshVB__BuildStaticVB	0x0054C112	0x0054C114
C:\dev\ONSLAUGHT2\DXMeshVB.cpp	132	0x0054C0A0	CDXMeshVB__BuildStaticVB	0x0054C233	0x0054C238
C:\dev\ONSLAUGHT2\DXMeshVB.cpp	186	0x0054C0A0	CDXMeshVB__BuildStaticVB	0x0054C3CD	0x0054C3D2
C:\dev\ONSLAUGHT2\DXMeshVB.cpp	425	0x0054C920	CDXMeshVB__BuildSkeletalVB	0x0054C949	0x0054C94E
C:\dev\ONSLAUGHT2\DXMeshVB.cpp	426	0x0054C920	CDXMeshVB__BuildSkeletalVB	0x0054C991	0x0054C996
C:\dev\ONSLAUGHT2\DXMeshVB.cpp	427	0x0054C920	CDXMeshVB__BuildSkeletalVB	0x0054C9B3	0x0054C9B8
C:\dev\ONSLAUGHT2\DXMeshVB.cpp	472	0x0054C920	CDXMeshVB__BuildSkeletalVB	0x0054CABE	0x0054CAC3
C:\dev\ONSLAUGHT2\DXMeshVB.cpp	534	0x0054C920	CDXMeshVB__BuildSkeletalVB	0x0054CC7F	0x0054CC84
C:\dev\ONSLAUGHT2\DXMeshVB.cpp	1742	0x0054E160	CDXMeshVB__Load	0x0054E21C	0x0054E221
C:\dev\ONSLAUGHT2\DXMeshVB.cpp	1756	0x0054E160	CDXMeshVB__Load	0x0054E273	0x0054E278
C:\dev\ONSLAUGHT2\DXPalletizer.cpp	22	0x0054E500	DXPalletizer__InsertColor	0x0054E595	0x0054E597
C:\dev\ONSLAUGHT2\DXPalletizer.cpp	244	0x0054E9D0	DXPalletizer__Palletize	0x0054EA54	0x0054EA59
C:\dev\ONSLAUGHT2\DXPalletizer.cpp	310	0x0054E9D0	DXPalletizer__Palletize	0x0054EBDA	0x0054EBDF
C:\dev\ONSLAUGHT2\DXParticleTexture.cpp	81	0x0054FBC0	DXParticleTexture__GetOrCreate	0x0054FC06	0x0054FC08
C:\dev\ONSLAUGHT2\DXPatchManager.cpp	17	0x00550430	CDXPatchManager__Init	0x00550477	0x00550479
C:\dev\ONSLAUGHT2\DXPatchManager.cpp	17	0x00550430	CDXPatchManager__Init	0x005504F2	0x005504F4
C:\dev\ONSLAUGHT2\DXPatchManager.cpp	17	0x005D7B80	Unwind@005d7b80	0x005D7B80	0x005D7B82
C:\dev\ONSLAUGHT2\DXPatchManager.cpp	17	0x005D7B96	Unwind@005d7b96	0x005D7B96	0x005D7B98
C:\dev\ONSLAUGHT2\DXPatchManager.cpp	17	0x005D7BAC	Unwind@005d7bac	0x005D7BAC	0x005D7BAE
C:\dev\ONSLAUGHT2\DXPatchManager.cpp	91	0x00550430	CDXPatchManager__Init	0x005505EF	0x005505F1
C:\dev\ONSLAUGHT2\DXPatchManager.cpp	91	0x005D7BC2	Unwind@005d7bc2	0x005D7BC2	0x005D7BC4
C:\dev\ONSLAUGHT2\DXShadows.cpp	105	0x005520F0	CDXShadows__Init	0x00552171	0x00552173
C:\dev\ONSLAUGHT2\DXShadows.cpp	105	0x005D7C50	Unwind@005d7c50	0x005D7C50	0x005D7C52
C:\dev\ONSLAUGHT2\DXShadows.cpp	151	0x00552330	CDXShadows__InitBlobShadows	0x00552382	0x00552387
C:\dev\ONSLAUGHT2\DXShadows.cpp	151	0x005D7C70	Unwind@005d7c70	0x005D7C70	0x005D7C75
C:\dev\ONSLAUGHT2\DXSnow.cpp	243	0x00555020	CSnow__ResetAndInitSnowResources	0x00555159	0x0055515E
C:\dev\ONSLAUGHT2\DXSnow.cpp	243	0x005D7CA0	Unwind@005d7ca0	0x005D7CA0	0x005D7CA5
C:\dev\ONSLAUGHT2\DXSurf.cpp	56	0x00556490	CDXSurf__CreateSurfaceArray	0x005564D9	0x005564DB
C:\dev\ONSLAUGHT2\DXSurf.cpp	56	0x005D7CD0	Unwind@005d7cd0	0x005D7CD0	0x005D7CD2
C:\dev\ONSLAUGHT2\DXSurf.cpp	168	0x005D7CF0	Unwind@005d7cf0	0x005D7CF0	0x005D7CF5
C:\dev\ONSLAUGHT2\DXSurf.cpp	171	0x005565D0	CDXSurf__CreateSurfaceStrip	0x0055663F	0x00556644
C:\dev\ONSLAUGHT2\DXSurf.cpp	171	0x005D7D09	Unwind@005d7d09	0x005D7D09	0x005D7D0E
C:\dev\ONSLAUGHT2\DXTexture.cpp	418	0x00557300	CDXTexture__LoadTextureFromFile	0x005576F1	0x005576F6
C:\dev\ONSLAUGHT2\DXTexture.cpp	929	0x005586E0	CDXTexture__DumpTextureToRGBA	0x0055872C	0x00558731
C:\dev\ONSLAUGHT2\DXTexture.cpp	3007	0x00559410	CDXTexture__CreateMipmaps	0x005598BB	0x005598C0
C:\dev\ONSLAUGHT2\DXTexture.cpp	3109	0x00559BE0	CDXTexture__Deserialize	0x00559BFF	0x00559C04
C:\dev\ONSLAUGHT2\DXTexture.cpp	3109	0x005D7DC0	CDXTexture__Deserialize_Unwind	0x005D7DC0	0x005D7DC5
C:\dev\ONSLAUGHT2\DXTrees.cpp	94	0x0055A420	CDXTrees__BuildTreeGeometry	0x0055A47B	0x0055A47D
C:\dev\ONSLAUGHT2\DXTrees.cpp	94	0x005D7DF0	Unwind@005d7df0	0x005D7DF0	0x005D7DF2
C:\dev\ONSLAUGHT2\DXTrees.cpp	106	0x0055A420	CDXTrees__BuildTreeGeometry	0x0055A4F4	0x0055A4F6
C:\dev\ONSLAUGHT2\DXTrees.cpp	106	0x005D7E09	Unwind@005d7e09	0x005D7E09	0x005D7E0B
C:\dev\ONSLAUGHT2\engine.cpp	135	0x004499D0	CEngine__Init	0x00449AA3	0x00449AA8
C:\dev\ONSLAUGHT2\engine.cpp	135	0x005D23A0	Unwind@005d23a0	0x005D23A0	0x005D23A5
C:\dev\ONSLAUGHT2\engine.cpp	139	0x004499D0	CEngine__Init	0x00449AD4	0x00449AD9
C:\dev\ONSLAUGHT2\engine.cpp	139	0x005D23B9	Unwind@005d23b9	0x005D23B9	0x005D23BE
C:\dev\ONSLAUGHT2\engine.cpp	143	0x004499D0	CEngine__Init	0x00449B52	0x00449B57
C:\dev\ONSLAUGHT2\engine.cpp	143	0x005D23D2	Unwind@005d23d2	0x005D23D2	0x005D23D7
C:\dev\ONSLAUGHT2\engine.cpp	147	0x004499D0	CEngine__Init	0x00449BA8	0x00449BAD
C:\dev\ONSLAUGHT2\engine.cpp	147	0x005D23EB	Unwind@005d23eb	0x005D23EB	0x005D23F0
C:\dev\ONSLAUGHT2\engine.cpp	165	0x004499D0	CEngine__Init	0x00449C20	0x00449C25
C:\dev\ONSLAUGHT2\engine.cpp	165	0x005D2404	Unwind@005d2404	0x005D2404	0x005D2409
C:\dev\ONSLAUGHT2\engine.cpp	171	0x004499D0	CEngine__Init	0x00449C7F	0x00449C84
C:\dev\ONSLAUGHT2\engine.cpp	171	0x005D241D	Unwind@005d241d	0x005D241D	0x005D2422
C:\dev\ONSLAUGHT2\engine.cpp	310	0x0044A020	CEngine__SetViewpoint	0x0044A06E	0x0044A073
C:\dev\ONSLAUGHT2\engine.cpp	310	0x005D2440	Unwind@005d2440	0x005D2440	0x005D2445
C:\dev\ONSLAUGHT2\eventmanager.cpp	52	0x005D24E0	Unwind@005d24e0	0x005D24E0	0x005D24E2
C:\dev\ONSLAUGHT2\eventmanager.cpp	55	0x0044B060	CEventManager__Init	0x0044B0F2	0x0044B0F4
C:\dev\ONSLAUGHT2\eventmanager.cpp	55	0x005D24F6	Unwind@005d24f6	0x005D24F6	0x005D24F8
C:\dev\ONSLAUGHT2\FastVB.cpp	41	0x0051A270	CFastVB__Create	0x0051A2A2	0x0051A2A4
C:\dev\ONSLAUGHT2\FastVB.cpp	41	0x005D6820	CFastVB__Create__Unwind	0x005D6820	0x005D6822
C:\dev\ONSLAUGHT2\FastVB.cpp	195	0x0051A510	CFastVB__Render	0x0051A567	0x0051A56C
C:\dev\ONSLAUGHT2\FastVB.cpp	195	0x005D6840	CFastVB__Render__Unwind	0x005D6840	0x005D6845
C:\dev\ONSLAUGHT2\FEPBEConfig.cpp	320	0x0044FA90	CFEPBEConfig__Init	0x0044FADF	0x0044FAE4
C:\dev\ONSLAUGHT2\FEPBEConfig.cpp	399	0x005D25E0	Unwind@005d25e0	0x005D25E0	0x005D25E5
C:\dev\ONSLAUGHT2\FEPBEConfig.cpp	423	0x0044FE70	CFEPBEConfig__Load	0x0044FF5F	0x0044FF64
C:\dev\ONSLAUGHT2\FEPDebriefing.cpp	48	0x005D2630	Unwind@005d2630	0x005D2630	0x005D2632
C:\dev\ONSLAUGHT2\FEPDebriefing.cpp	49	0x00456780	CFEPDebriefing__Initialize	0x004567E8	0x004567EA
C:\dev\ONSLAUGHT2\FEPDevelopment.cpp	60	0x00458090	CFEPDevelopment__EnumerateWorldFiles	0x00458132	0x00458134
C:\dev\ONSLAUGHT2\FEPDirectory.cpp	208	0x0051AD30	CFEPDirectory__RefreshSaveFileList	0x0051ADAB	0x0051ADB0
C:\dev\ONSLAUGHT2\FEPGoodies.cpp	1201	0x0045C870	CFEPGoodies__Deserialise	0x0045C8AE	0x0045C8B3
C:\dev\ONSLAUGHT2\FEPMultiplayerStart.cpp	56	0x0051DBA0	CFEPMultiplayerStart__Init	0x0051DBD7	0x0051DBD9
C:\dev\ONSLAUGHT2\FEPMultiplayerStart.cpp	73	0x0051DBA0	CFEPMultiplayerStart__Init	0x0051DCB0	0x0051DCB2
C:\dev\ONSLAUGHT2\FEPOptions.cpp	406	0x0051F7E0	CFEPOptions__EnsureOptionsContext	0x0051F87E	0x0051F883
C:\dev\ONSLAUGHT2\FEPOptions.cpp	406	0x005D6870	Unwind@005d6870	0x005D6870	0x005D6875
C:\dev\ONSLAUGHT2\FEPWingmen.cpp	211	0x005D68C0	Unwind@005d68c0	0x005D68C0	0x005D68C5
C:\dev\ONSLAUGHT2\FEPWingmen.cpp	235	0x00521AE0	CFEPWingmen__Load	0x00521BCF	0x00521BD4
C:\dev\ONSLAUGHT2\flexarray.cpp	34	0x00465530	CFlexArray__Init	0x00465543	0x00465545
C:\dev\ONSLAUGHT2\FrontEnd.cpp	179	0x004662A0	CFrontEnd__Init	0x00466573	0x00466578
C:\dev\ONSLAUGHT2\FrontEnd.cpp	179	0x005D2730	Unwind@005d2730	0x005D2730	0x005D2735
C:\dev\ONSLAUGHT2\game.cpp	264	0x0046BEF0	con_remotecameraon	0x0046BF59	0x0046BF5E
C:\dev\ONSLAUGHT2\game.cpp	264	0x005D2780	Unwind@005d2780	0x005D2780	0x005D2785
C:\dev\ONSLAUGHT2\game.cpp	505	0x0046C430	CGame__InitRestartLoop	0x0046C5F5	0x0046C5FA
C:\dev\ONSLAUGHT2\game.cpp	505	0x005D2810	Unwind@005d2810	0x005D2810	0x005D2815
C:\dev\ONSLAUGHT2\game.cpp	506	0x0046C430	CGame__InitRestartLoop	0x0046C63D	0x0046C642
C:\dev\ONSLAUGHT2\game.cpp	506	0x005D2829	Unwind@005d2829	0x005D2829	0x005D282E
C:\dev\ONSLAUGHT2\game.cpp	507	0x0046C430	CGame__InitRestartLoop	0x0046C67A	0x0046C67F
C:\dev\ONSLAUGHT2\game.cpp	507	0x005D2842	Unwind@005d2842	0x005D2842	0x005D2847
C:\dev\ONSLAUGHT2\game.cpp	508	0x0046C430	CGame__InitRestartLoop	0x0046C6BA	0x0046C6BF
C:\dev\ONSLAUGHT2\game.cpp	508	0x005D285B	Unwind@005d285b	0x005D285B	0x005D2860
C:\dev\ONSLAUGHT2\game.cpp	509	0x0046C430	CGame__InitRestartLoop	0x0046C6F7	0x0046C6FC
C:\dev\ONSLAUGHT2\game.cpp	509	0x005D2874	Unwind@005d2874	0x005D2874	0x005D2879
C:\dev\ONSLAUGHT2\game.cpp	511	0x0046C430	CGame__InitRestartLoop	0x0046C735	0x0046C73A
C:\dev\ONSLAUGHT2\game.cpp	511	0x005D288D	Unwind@005d288d	0x005D288D	0x005D2892
C:\dev\ONSLAUGHT2\game.cpp	512	0x0046C430	CGame__InitRestartLoop	0x0046C772	0x0046C777
C:\dev\ONSLAUGHT2\game.cpp	512	0x005D28A6	Unwind@005d28a6	0x005D28A6	0x005D28AB
C:\dev\ONSLAUGHT2\game.cpp	513	0x0046C430	CGame__InitRestartLoop	0x0046C7AF	0x0046C7B4
C:\dev\ONSLAUGHT2\game.cpp	513	0x005D28BF	Unwind@005d28bf	0x005D28BF	0x005D28C4
C:\dev\ONSLAUGHT2\game.cpp	851	0x0046CDF0	CGame__LoadLevel	0x0046CEF0	0x0046CEF5
C:\dev\ONSLAUGHT2\game.cpp	851	0x005D28F0	Unwind@005d28f0	0x005D28F0	0x005D28F5
C:\dev\ONSLAUGHT2\game.cpp	870	0x0046CDF0	CGame__LoadLevel	0x0046CF6D	0x0046CF72
C:\dev\ONSLAUGHT2\game.cpp	870	0x005D2909	Unwind@005d2909	0x005D2909	0x005D290E
C:\dev\ONSLAUGHT2\game.cpp	2889	0x0046F550	CGame__DeclarePlayerDead	0x0046F5FC	0x0046F601
C:\dev\ONSLAUGHT2\game.cpp	2889	0x005D2970	Unwind@005d2970	0x005D2970	0x005D2975
C:\dev\ONSLAUGHT2\game.cpp	3631	0x00470430	CGame__ToggleFreeCameraOn	0x004704EC	0x004704F1
C:\dev\ONSLAUGHT2\game.cpp	3631	0x005D29A0	Unwind@005d29a0	0x005D29A0	0x005D29A5
C:\dev\ONSLAUGHT2\game.cpp	4542	0x004726B0	CGame__RollCredits	0x004726EB	0x004726F0
C:\dev\ONSLAUGHT2\game.cpp	4542	0x005D29D8	Unwind@005d29d8	0x005D29D8	0x005D29DD
C:\dev\ONSLAUGHT2\game.cpp	4543	0x004726B0	CGame__RollCredits	0x0047272C	0x00472731
C:\dev\ONSLAUGHT2\game.cpp	4543	0x005D29F1	Unwind@005d29f1	0x005D29F1	0x005D29F6
C:\dev\ONSLAUGHT2\gcgamut.cpp	58	0x004741B0	CGamut__Init	0x004741D9	0x004741DB
C:\dev\ONSLAUGHT2\GillM.cpp	45	0x00479A50	CGillM__InitLegMotion	0x00479A87	0x00479A89
C:\dev\ONSLAUGHT2\GillM.cpp	45	0x005D2A20	Unwind@005d2a20	0x005D2A20	0x005D2A22
C:\dev\ONSLAUGHT2\GillM.cpp	56	0x005D2A40	Unwind@005d2a40	0x005D2A40	0x005D2A42
C:\dev\ONSLAUGHT2\GillM.cpp	62	0x005D2A90	Unwind@005d2a90	0x005D2A90	0x005D2A92
C:\dev\ONSLAUGHT2\GillMHead.cpp	19	0x005D2AB0	Unwind@005d2ab0	0x005D2AB0	0x005D2AB2
C:\dev\ONSLAUGHT2\GroundAttackAircraft.cpp	19	0x0047BBF0	CGroundAttackAircraft__Init	0x0047BC14	0x0047BC16
C:\dev\ONSLAUGHT2\GroundAttackAircraft.cpp	19	0x005D2B00	Unwind@005d2b00	0x005D2B00	0x005D2B02
C:\dev\ONSLAUGHT2\GroundAttackAircraft.cpp	20	0x0047BBF0	CGroundAttackAircraft__Init	0x0047BC4A	0x0047BC4C
C:\dev\ONSLAUGHT2\GroundAttackAircraft.cpp	20	0x005D2B16	Unwind@005d2b16	0x005D2B16	0x005D2B18
C:\dev\ONSLAUGHT2\GroundAttackAircraft.cpp	21	0x0047BBF0	CGroundAttackAircraft__Init	0x0047BC9B	0x0047BC9D
C:\dev\ONSLAUGHT2\GroundAttackAircraft.cpp	21	0x005D2B34	Unwind@005d2b34	0x005D2B34	0x005D2B36
C:\dev\ONSLAUGHT2\GroundUnit.cpp	35	0x0047C730	CGroundUnit__Init	0x0047C7F4	0x0047C7F6
C:\dev\ONSLAUGHT2\GroundUnit.cpp	35	0x005D2BB0	Unwind@005d2bb0	0x005D2BB0	0x005D2BB2
C:\dev\ONSLAUGHT2\GroundUnit.cpp	67	0x0047C8E0	CGroundUnit__CreateCollisionSphere	0x0047C8F8	0x0047C8FA
C:\dev\ONSLAUGHT2\GroundVehicle.cpp	28	0x0047CFD0	CGroundVehicle__Init	0x0047D072	0x0047D074
C:\dev\ONSLAUGHT2\GroundVehicle.cpp	28	0x005D2BD0	Unwind@005d2bd0	0x005D2BD0	0x005D2BD2
C:\dev\ONSLAUGHT2\GroundVehicle.cpp	33	0x0047CFD0	CGroundVehicle__Init	0x0047D0E1	0x0047D0E3
C:\dev\ONSLAUGHT2\GroundVehicle.cpp	33	0x005D2BE6	Unwind@005d2be6	0x005D2BE6	0x005D2BE8
C:\dev\ONSLAUGHT2\GroundVehicle.cpp	35	0x0047CFD0	CGroundVehicle__Init	0x0047D130	0x0047D132
C:\dev\ONSLAUGHT2\GroundVehicle.cpp	35	0x005D2BFC	Unwind@005d2bfc	0x005D2BFC	0x005D2BFE
C:\dev\ONSLAUGHT2\GroundVehicle.cpp	37	0x0047CFD0	CGroundVehicle__Init	0x0047D161	0x0047D163
C:\dev\ONSLAUGHT2\GroundVehicle.cpp	37	0x005D2C12	Unwind@005d2c12	0x005D2C12	0x005D2C14
C:\dev\ONSLAUGHT2\HiveBoss.cpp	33	0x005D2CB0	Unwind@005d2cb0	0x005D2CB0	0x005D2CB2
C:\dev\ONSLAUGHT2\HiveBoss.cpp	34	0x0047FE30	CHiveBoss__Init	0x0047FEA2	0x0047FEA4
C:\dev\ONSLAUGHT2\HiveBoss.cpp	34	0x005D2CC6	Unwind@005d2cc6	0x005D2CC6	0x005D2CC8
C:\dev\ONSLAUGHT2\HiveBoss.cpp	40	0x0047FE30	CHiveBoss__Init	0x0047FF04	0x0047FF06
C:\dev\ONSLAUGHT2\HiveBoss.cpp	40	0x005D2CDC	Unwind@005d2cdc	0x005D2CDC	0x005D2CDE
C:\dev\ONSLAUGHT2\imageloader.cpp	43	0x00488780	CImageLoader__LoadWidthBuffer	0x0048878C	0x0048878E
C:\dev\ONSLAUGHT2\imageloader.cpp	50	0x004887C0	CImageLoader__LoadHeightBuffer	0x004887CC	0x004887CE
C:\dev\ONSLAUGHT2\imposter.cpp	41	0x004888F0	CImposter__FindOrCreate	0x00488978	0x0048897A
C:\dev\ONSLAUGHT2\imposter.cpp	41	0x005D2DF0	Unwind@005d2df0	0x005D2DF0	0x005D2DF2
C:\dev\ONSLAUGHT2\Infantry.cpp	28	0x005D2E10	Unwind@005d2e10	0x005D2E10	0x005D2E12
C:\dev\ONSLAUGHT2\Infantry.cpp	70	0x005D2E2E	Unwind@005d2e2e	0x005D2E2E	0x005D2E30
C:\dev\ONSLAUGHT2\Infantry.cpp	71	0x00488BB0	CInfantryUnit__Init	0x00488D49	0x00488D4B
C:\dev\ONSLAUGHT2\Infantry.cpp	71	0x005D2E44	Unwind@005d2e44	0x005D2E44	0x005D2E46
C:\dev\ONSLAUGHT2\InfluenceMap.cpp	70	0x0048B010	CInfluenceMapManager__Load	0x0048B39E	0x0048B3A0
C:\dev\ONSLAUGHT2\InfluenceMap.cpp	70	0x005D2F62	Unwind@005d2f62	0x005D2F62	0x005D2F64
C:\dev\ONSLAUGHT2\InfluenceMap.cpp	116	0x0048B010	CInfluenceMapManager__Load	0x0048B125	0x0048B127
C:\dev\ONSLAUGHT2\InfluenceMap.cpp	116	0x005D2F30	Unwind@005d2f30	0x005D2F30	0x005D2F32
C:\dev\ONSLAUGHT2\InfluenceMap.cpp	422	0x005D2FA0	Unwind@005d2fa0	0x005D2FA0	0x005D2FA5
C:\dev\ONSLAUGHT2\InfluenceMap.h	115	0x0048B010	CInfluenceMapManager__Load	0x0048B2E0	0x0048B2E2
C:\dev\ONSLAUGHT2\InfluenceMap.h	115	0x0048B010	CInfluenceMapManager__Load	0x0048B317	0x0048B319
C:\dev\ONSLAUGHT2\InfluenceMap.h	115	0x0048B010	CInfluenceMapManager__Load	0x0048B537	0x0048B539
C:\dev\ONSLAUGHT2\InfluenceMap.h	115	0x0048B010	CInfluenceMapManager__Load	0x0048B56E	0x0048B570
C:\dev\ONSLAUGHT2\InitThing.cpp	15	0x0048C650	InitThing__CreateThingByType	0x0048C688	0x0048C68A
C:\dev\ONSLAUGHT2\InitThing.cpp	15	0x005D2FF0	Unwind@005d2ff0	0x005D2FF0	0x005D2FF2
C:\dev\ONSLAUGHT2\InitThing.cpp	19	0x0048C650	InitThing__CreateThingByType	0x0048C6DC	0x0048C6DE
C:\dev\ONSLAUGHT2\InitThing.cpp	19	0x005D3006	Unwind@005d3006	0x005D3006	0x005D3008
C:\dev\ONSLAUGHT2\InitThing.cpp	23	0x0048C650	InitThing__CreateThingByType	0x0048C706	0x0048C708
C:\dev\ONSLAUGHT2\InitThing.cpp	23	0x005D301C	Unwind@005d301c	0x005D301C	0x005D301E
C:\dev\ONSLAUGHT2\InitThing.cpp	27	0x0048C650	InitThing__CreateThingByType	0x0048C76A	0x0048C76C
C:\dev\ONSLAUGHT2\InitThing.cpp	27	0x005D3032	Unwind@005d3032	0x005D3032	0x005D3034
C:\dev\ONSLAUGHT2\InitThing.cpp	31	0x0048C650	InitThing__CreateThingByType	0x0048C7EE	0x0048C7F0
C:\dev\ONSLAUGHT2\InitThing.cpp	31	0x005D3048	Unwind@005d3048	0x005D3048	0x005D304A
C:\dev\ONSLAUGHT2\InitThing.cpp	35	0x0048C650	InitThing__CreateThingByType	0x0048C84C	0x0048C84E
C:\dev\ONSLAUGHT2\InitThing.cpp	35	0x005D305E	Unwind@005d305e	0x005D305E	0x005D3060
C:\dev\ONSLAUGHT2\InitThing.cpp	39	0x0048C650	InitThing__CreateThingByType	0x0048C874	0x0048C876
C:\dev\ONSLAUGHT2\InitThing.cpp	39	0x005D3074	Unwind@005d3074	0x005D3074	0x005D3076
C:\dev\ONSLAUGHT2\InitThing.cpp	43	0x0048C650	InitThing__CreateThingByType	0x0048C8D6	0x0048C8D8
C:\dev\ONSLAUGHT2\InitThing.cpp	43	0x005D308A	Unwind@005d308a	0x005D308A	0x005D308C
C:\dev\ONSLAUGHT2\InitThing.cpp	47	0x0048C650	InitThing__CreateThingByType	0x0048C95B	0x0048C95D
C:\dev\ONSLAUGHT2\InitThing.cpp	47	0x005D30A0	Unwind@005d30a0	0x005D30A0	0x005D30A2
C:\dev\ONSLAUGHT2\InitThing.cpp	51	0x0048C650	InitThing__CreateThingByType	0x0048C9E6	0x0048C9E8
C:\dev\ONSLAUGHT2\InitThing.cpp	51	0x005D30B6	Unwind@005d30b6	0x005D30B6	0x005D30B8
C:\dev\ONSLAUGHT2\InitThing.cpp	55	0x0048C650	InitThing__CreateThingByType	0x0048CA3E	0x0048CA40
C:\dev\ONSLAUGHT2\InitThing.cpp	55	0x005D30CC	Unwind@005d30cc	0x005D30CC	0x005D30CE
C:\dev\ONSLAUGHT2\InitThing.cpp	59	0x0048C650	InitThing__CreateThingByType	0x0048CA96	0x0048CA98
C:\dev\ONSLAUGHT2\InitThing.cpp	59	0x005D30E2	Unwind@005d30e2	0x005D30E2	0x005D30E4
C:\dev\ONSLAUGHT2\InitThing.cpp	63	0x0048C650	InitThing__CreateThingByType	0x0048CAEA	0x0048CAEC
C:\dev\ONSLAUGHT2\InitThing.cpp	63	0x005D30F8	Unwind@005d30f8	0x005D30F8	0x005D30FA
C:\dev\ONSLAUGHT2\ltshell.cpp	1152	0x005126F0	PCLTShell__VFunc_8_005126f0	0x00512854	0x00512859
C:\dev\ONSLAUGHT2\ltshell.cpp	1153	0x005126F0	PCLTShell__VFunc_8_005126f0	0x00512872	0x00512877
C:\dev\ONSLAUGHT2\maptex.cpp	151	0x004914B0	CMapTex__LoadMixerTextureSet	0x00491539	0x0049153E
C:\dev\ONSLAUGHT2\mapwho.cpp	68	0x005D31C0	Unwind@005d31c0	0x005D31C0	0x005D31C2
C:\dev\ONSLAUGHT2\mapwho.cpp	100	0x004919B0	CMapWho__Init	0x00491B9B	0x00491B9D
C:\dev\ONSLAUGHT2\MCBuggy.cpp	69	0x00493190	CMCBuggy__Init	0x0049321C	0x0049321E
C:\dev\ONSLAUGHT2\MCBuggy.cpp	78	0x00493190	CMCBuggy__Init	0x00493296	0x00493298
C:\dev\ONSLAUGHT2\MCBuggy.cpp	78	0x005D3200	Unwind@005d3200	0x005D3200	0x005D3202
C:\dev\ONSLAUGHT2\MCBuggy.cpp	79	0x00493190	CMCBuggy__Init	0x004932EB	0x004932ED
C:\dev\ONSLAUGHT2\MCBuggy.cpp	81	0x00493190	CMCBuggy__Init	0x00493315	0x00493317
C:\dev\ONSLAUGHT2\MCBuggy.cpp	82	0x00493190	CMCBuggy__Init	0x00493342	0x00493344
C:\dev\ONSLAUGHT2\MCBuggy.cpp	82	0x005D3216	Unwind@005d3216	0x005D3216	0x005D3218
C:\dev\ONSLAUGHT2\MCBuggy.cpp	83	0x00493190	CMCBuggy__Init	0x0049339B	0x0049339D
C:\dev\ONSLAUGHT2\MCMech.cpp	249	0x00498C40	CMCMech__Init	0x00498CA3	0x00498CA8
C:\dev\ONSLAUGHT2\MCMech.cpp	267	0x00498C40	CMCMech__Init	0x00498D75	0x00498D7A
C:\dev\ONSLAUGHT2\MCMech.cpp	268	0x00498C40	CMCMech__Init	0x00498DA5	0x00498DAA
C:\dev\ONSLAUGHT2\MCMech.cpp	269	0x00498C40	CMCMech__Init	0x00498DC8	0x00498DCD
C:\dev\ONSLAUGHT2\MCMech.cpp	270	0x00498C40	CMCMech__Init	0x00498DEB	0x00498DF0
C:\dev\ONSLAUGHT2\MCMech.cpp	271	0x00498C40	CMCMech__Init	0x00498E10	0x00498E15
C:\dev\ONSLAUGHT2\MCMech.cpp	273	0x00498C40	CMCMech__Init	0x00498E47	0x00498E4C
C:\dev\ONSLAUGHT2\MCMech.cpp	305	0x00498C40	CMCMech__Init	0x00498F46	0x00498F4B
C:\dev\ONSLAUGHT2\MCMech.cpp	305	0x005D32A0	Unwind@005d32a0	0x005D32A0	0x005D32A5
C:\dev\ONSLAUGHT2\MCMech.cpp	306	0x00498C40	CMCMech__Init	0x00498FA4	0x00498FA9
C:\dev\ONSLAUGHT2\MCMech.cpp	308	0x00498C40	CMCMech__Init	0x00498FD4	0x00498FD9
C:\dev\ONSLAUGHT2\MCMech.cpp	309	0x00498C40	CMCMech__Init	0x00499004	0x00499009
C:\dev\ONSLAUGHT2\MCMech.cpp	309	0x005D32BC	Unwind@005d32bc	0x005D32BC	0x005D32C1
C:\dev\ONSLAUGHT2\MCMech.cpp	310	0x00498C40	CMCMech__Init	0x00499066	0x0049906B
C:\dev\ONSLAUGHT2\MCMech.cpp	313	0x00498C40	CMCMech__Init	0x004990A1	0x004990A6
C:\dev\ONSLAUGHT2\MCMech.cpp	315	0x00498C40	CMCMech__Init	0x004990DB	0x004990E0
C:\dev\ONSLAUGHT2\MCMech.cpp	365	0x00498C40	CMCMech__Init	0x004992CB	0x004992D0
C:\dev\ONSLAUGHT2\MCMech.cpp	381	0x00498C40	CMCMech__Init	0x004993E2	0x004993E7
C:\dev\ONSLAUGHT2\MCMech.cpp	381	0x005D32D8	Unwind@005d32d8	0x005D32D8	0x005D32DD
C:\dev\ONSLAUGHT2\MCTentacle.cpp	69	0x0049CC40	CMCTentacle__Init	0x0049CC9F	0x0049CCA1
C:\dev\ONSLAUGHT2\MCTentacle.cpp	69	0x005D3360	Unwind@005d3360	0x005D3360	0x005D3362
C:\dev\ONSLAUGHT2\MCTentacle.cpp	70	0x0049CC40	CMCTentacle__Init	0x0049CCF8	0x0049CCFA
C:\dev\ONSLAUGHT2\MCTentacle.cpp	72	0x0049CC40	CMCTentacle__Init	0x0049CD29	0x0049CD2B
C:\dev\ONSLAUGHT2\MCTentacle.cpp	73	0x0049CC40	CMCTentacle__Init	0x0049CD56	0x0049CD58
C:\dev\ONSLAUGHT2\MCTentacle.cpp	73	0x005D3379	Unwind@005d3379	0x005D3379	0x005D337B
C:\dev\ONSLAUGHT2\MCTentacle.cpp	74	0x0049CC40	CMCTentacle__Init	0x0049CDB3	0x0049CDB5
C:\dev\ONSLAUGHT2\MCTentacle.cpp	108	0x0049CC40	CMCTentacle__Init	0x0049CEF3	0x0049CEF5
C:\dev\ONSLAUGHT2\MCTentacle.cpp	109	0x0049CC40	CMCTentacle__Init	0x0049CF1E	0x0049CF20
C:\dev\ONSLAUGHT2\MCTentacle.cpp	109	0x005D3392	Unwind@005d3392	0x005D3392	0x005D3394
C:\dev\ONSLAUGHT2\MCTentacle.cpp	110	0x0049CC40	CMCTentacle__Init	0x0049CF7E	0x0049CF80
C:\dev\ONSLAUGHT2\Mech.cpp	61	0x0049F940	CMech__InitLegMotion	0x0049F976	0x0049F978
C:\dev\ONSLAUGHT2\Mech.cpp	61	0x005D33C0	Unwind@005d33c0	0x005D33C0	0x005D33C2
C:\dev\ONSLAUGHT2\Mech.cpp	72	0x005D33E0	Unwind@005d33e0	0x005D33E0	0x005D33E2
C:\dev\ONSLAUGHT2\Mech.cpp	78	0x005D3400	Unwind@005d3400	0x005D3400	0x005D3402
C:\dev\ONSLAUGHT2\Mech.cpp	87	0x0049FB00	CMech__VFunc_35_0049fb00	0x0049FB2D	0x0049FB2F
C:\dev\ONSLAUGHT2\Mech.cpp	87	0x005D3420	Unwind@005d3420	0x005D3420	0x005D3422
C:\dev\ONSLAUGHT2\MemoryManager.cpp	379	0x004A13B0	CMemoryHeap__Init	0x004A14EE	0x004A14F3
C:\dev\ONSLAUGHT2\MemoryManager.cpp	1800	0x004A2A80	CMemoryManager__DumpMemory	0x004A2AE2	0x004A2AE7
C:\dev\ONSLAUGHT2\MemoryManager.cpp	1800	0x005D35A0	Unwind@005d35a0	0x005D35A0	0x005D35A5
C:\dev\ONSLAUGHT2\MemoryManager.cpp	1914	0x004A2A80	CMemoryManager__DumpMemory	0x004A2F18	0x004A2F1D
C:\dev\ONSLAUGHT2\MemoryManager.cpp	1914	0x005D35BC	Unwind@005d35bc	0x005D35BC	0x005D35C1
C:\dev\ONSLAUGHT2\MenuItem.cpp	173	0x005D35F0	Unwind@005d35f0	0x005D35F0	0x005D35F5
C:\dev\ONSLAUGHT2\mesh.cpp	145	0x004A5200	CMesh__InitStatic	0x004A5233	0x004A5238
C:\dev\ONSLAUGHT2\mesh.cpp	145	0x005D36F0	Unwind@005d36f0	0x005D36F0	0x005D36F5
C:\dev\ONSLAUGHT2\mesh.cpp	565	0x004A5B70	CMesh__Load	0x004A8991	0x004A8996
C:\dev\ONSLAUGHT2\mesh.cpp	565	0x005D37E8	Unwind@005d37e8	0x005D37E8	0x005D37ED
C:\dev\ONSLAUGHT2\mesh.cpp	593	0x004A5B70	CMesh__Load	0x004A8AB0	0x004A8AB5
C:\dev\ONSLAUGHT2\mesh.cpp	593	0x005D3804	Unwind@005d3804	0x005D3804	0x005D3809
C:\dev\ONSLAUGHT2\mesh.cpp	652	0x004A5B70	CMesh__Load	0x004A8CB5	0x004A8CBA
C:\dev\ONSLAUGHT2\mesh.cpp	653	0x004A5B70	CMesh__Load	0x004A8CDD	0x004A8CE2
C:\dev\ONSLAUGHT2\mesh.cpp	653	0x005D3820	Unwind@005d3820	0x005D3820	0x005D3825
C:\dev\ONSLAUGHT2\mesh.cpp	678	0x004A5B70	CMesh__Load	0x004A8DFF	0x004A8E04
C:\dev\ONSLAUGHT2\mesh.cpp	725	0x005D383C	Unwind@005d383c	0x005D383C	0x005D3841
C:\dev\ONSLAUGHT2\mesh.cpp	841	0x004A5B70	CMesh__Load	0x004A5D30	0x004A5D35
C:\dev\ONSLAUGHT2\mesh.cpp	841	0x005D3740	Unwind@005d3740	0x005D3740	0x005D3745
C:\dev\ONSLAUGHT2\mesh.cpp	930	0x004A5B70	CMesh__Load	0x004A6013	0x004A6018
C:\dev\ONSLAUGHT2\mesh.cpp	930	0x005D375C	Unwind@005d375c	0x005D375C	0x005D3761
C:\dev\ONSLAUGHT2\mesh.cpp	1003	0x004A5B70	CMesh__Load	0x004A740B	0x004A7410
C:\dev\ONSLAUGHT2\mesh.cpp	1004	0x004A5B70	CMesh__Load	0x004A742A	0x004A742F
C:\dev\ONSLAUGHT2\mesh.cpp	1004	0x005D3794	Unwind@005d3794	0x005D3794	0x005D3799
C:\dev\ONSLAUGHT2\mesh.cpp	1005	0x004A5B70	CMesh__Load	0x004A74A6	0x004A74AB
C:\dev\ONSLAUGHT2\mesh.cpp	1144	0x004A5B70	CMesh__Load	0x004A833D	0x004A8342
C:\dev\ONSLAUGHT2\mesh.cpp	1196	0x004A5B70	CMesh__Load	0x004A6371	0x004A6376
C:\dev\ONSLAUGHT2\mesh.cpp	1197	0x004A5B70	CMesh__Load	0x004A6390	0x004A6395
C:\dev\ONSLAUGHT2\mesh.cpp	1197	0x005D3778	Unwind@005d3778	0x005D3778	0x005D377D
C:\dev\ONSLAUGHT2\mesh.cpp	1198	0x004A5B70	CMesh__Load	0x004A6403	0x004A6408
C:\dev\ONSLAUGHT2\mesh.cpp	1353	0x004A5B70	CMesh__Load	0x004A7263	0x004A7268
C:\dev\ONSLAUGHT2\mesh.cpp	1412	0x005D37B0	Unwind@005d37b0	0x005D37B0	0x005D37B5
C:\dev\ONSLAUGHT2\mesh.cpp	1534	0x004A5B70	CMesh__Load	0x004A88F1	0x004A88F6
C:\dev\ONSLAUGHT2\mesh.cpp	1534	0x005D37CC	Unwind@005d37cc	0x005D37CC	0x005D37D1
C:\dev\ONSLAUGHT2\mesh.cpp	1877	0x004AA6E0	CMesh__FindOrCreate	0x004AA720	0x004AA725
C:\dev\ONSLAUGHT2\mesh.cpp	1877	0x005D3870	Unwind@005d3870	0x005D3870	0x005D3875
C:\dev\ONSLAUGHT2\mesh.cpp	2434	0x004AAB90	CMesh__Deserialize	0x004AABC5	0x004AABCA
C:\dev\ONSLAUGHT2\mesh.cpp	2434	0x005D38A0	Unwind@005d38a0	0x005D38A0	0x005D38A5
C:\dev\ONSLAUGHT2\mesh.cpp	2508	0x004AAB90	CMesh__Deserialize	0x004AAD0B	0x004AAD10
C:\dev\ONSLAUGHT2\mesh.cpp	2508	0x005D38BC	Unwind@005d38bc	0x005D38BC	0x005D38C1
C:\dev\ONSLAUGHT2\mesh.cpp	2556	0x005D38DB	Unwind@005d38db	0x005D38DB	0x005D38E0
C:\dev\ONSLAUGHT2\mesh.cpp	2565	0x004AAB90	CMesh__Deserialize	0x004AAEBF	0x004AAEC4
C:\dev\ONSLAUGHT2\mesh.cpp	2565	0x005D38F7	Unwind@005d38f7	0x005D38F7	0x005D38FC
C:\dev\ONSLAUGHT2\mesh.cpp	2648	0x004AAB90	CMesh__Deserialize	0x004AB0AB	0x004AB0B0
C:\dev\ONSLAUGHT2\mesh.cpp	2648	0x005D3913	Unwind@005d3913	0x005D3913	0x005D3918
C:\dev\ONSLAUGHT2\mesh.cpp	3670	0x004AB360	CMesh__OptimizeParts	0x004ABB4E	0x004ABB53
C:\dev\ONSLAUGHT2\MeshCollisionVolume.cpp	553	0x004AD600	CMeshCollisionVolume__SetPartBounds	0x004AD633	0x004AD638
C:\dev\ONSLAUGHT2\MeshCollisionVolume.cpp	553	0x005D3980	CMeshCollisionVolume__SetPartBounds_Unwind	0x005D3980	0x005D3985
C:\dev\ONSLAUGHT2\MeshPart.cpp	233	0x004AE2B0	CMeshPart__CreatePolyBucket	0x004AE2EC	0x004AE2F1
C:\dev\ONSLAUGHT2\MeshPart.cpp	233	0x005D39B0	Unwind@005d39b0	0x005D39B0	0x005D39B5
C:\dev\ONSLAUGHT2\MeshPart.cpp	351	0x004AE4B0	CMeshPart__Init	0x004AE5E7	0x004AE5EC
C:\dev\ONSLAUGHT2\MeshPart.cpp	351	0x005D39E0	Unwind@005d39e0	0x005D39E0	0x005D39E5
C:\dev\ONSLAUGHT2\MeshPart.cpp	552	0x004AE860	CMeshPart__AllocateGeometry	0x004AE962	0x004AE967
C:\dev\ONSLAUGHT2\MeshPart.cpp	898	0x004AF470	CMeshPart__LoadVerticesAndTriangles	0x004AF77B	0x004AF780
C:\dev\ONSLAUGHT2\MeshPart.cpp	988	0x004AF470	CMeshPart__LoadVerticesAndTriangles	0x004AFA33	0x004AFA38
C:\dev\ONSLAUGHT2\MeshPart.cpp	1174	0x004AFBB0	CMeshPart__LoadVerticesWithBones	0x004AFFF7	0x004AFFFC
C:\dev\ONSLAUGHT2\MeshPart.cpp	1176	0x004AFBB0	CMeshPart__LoadVerticesWithBones	0x004B001A	0x004B001F
C:\dev\ONSLAUGHT2\MeshPart.cpp	1178	0x004AFBB0	CMeshPart__LoadVerticesWithBones	0x004B0040	0x004B0045
C:\dev\ONSLAUGHT2\MeshPart.cpp	1221	0x004AFBB0	CMeshPart__LoadVerticesWithBones	0x004B0187	0x004B018C
C:\dev\ONSLAUGHT2\MeshPart.cpp	1223	0x004AFBB0	CMeshPart__LoadVerticesWithBones	0x004B01A5	0x004B01AA
C:\dev\ONSLAUGHT2\MeshPart.cpp	1262	0x004AFBB0	CMeshPart__LoadVerticesWithBones	0x004B03D7	0x004B03DC
C:\dev\ONSLAUGHT2\MeshPart.cpp	1353	0x004AFBB0	CMeshPart__LoadVerticesWithBones	0x004B067E	0x004B0683
C:\dev\ONSLAUGHT2\MeshPart.cpp	1815	0x004B1A40	CMeshPart__CacheFrameData	0x004B1BFC	0x004B1C01
C:\dev\ONSLAUGHT2\MeshPart.cpp	1815	0x005D3A10	Unwind@005d3a10	0x005D3A10	0x005D3A15
C:\dev\ONSLAUGHT2\MeshPart.cpp	2425	0x004B27A0	CMeshPart__LoadFromStream	0x004B2854	0x004B2859
C:\dev\ONSLAUGHT2\MeshPart.cpp	2431	0x004B27A0	CMeshPart__LoadFromStream	0x004B288A	0x004B288F
C:\dev\ONSLAUGHT2\MeshPart.cpp	2442	0x004B27A0	CMeshPart__LoadFromStream	0x004B2963	0x004B2968
C:\dev\ONSLAUGHT2\MeshPart.cpp	2446	0x004B27A0	CMeshPart__LoadFromStream	0x004B2999	0x004B299E
C:\dev\ONSLAUGHT2\MeshPart.cpp	2452	0x004B27A0	CMeshPart__LoadFromStream	0x004B2A19	0x004B2A1E
C:\dev\ONSLAUGHT2\MeshPart.cpp	2602	0x004B27A0	CMeshPart__LoadFromStream	0x004B2D83	0x004B2D88
C:\dev\ONSLAUGHT2\MeshPart.cpp	2602	0x005D3A40	Unwind@005d3a40	0x005D3A40	0x005D3A45
C:\dev\ONSLAUGHT2\MeshPart.cpp	2742	0x004B27A0	CMeshPart__LoadFromStream	0x004B3021	0x004B3026
C:\dev\ONSLAUGHT2\MeshPart.cpp	2742	0x005D3A59	Unwind@005d3a59	0x005D3A59	0x005D3A5E
C:\dev\ONSLAUGHT2\MeshPart.cpp	2857	0x004B3180	CMeshPart__LoadMaterial	0x004B3195	0x004B319A
C:\dev\ONSLAUGHT2\MeshPart.cpp	2893	0x004B31F0	CMeshPart__OptimizePolygons	0x004B3233	0x004B3238
C:\dev\ONSLAUGHT2\MeshPart.cpp	2895	0x004B31F0	CMeshPart__OptimizePolygons	0x004B3257	0x004B325C
C:\dev\ONSLAUGHT2\MeshPart.cpp	3112	0x005D3A80	Unwind@005d3a80	0x005D3A80	0x005D3A85
C:\dev\ONSLAUGHT2\MeshPart.cpp	3135	0x004B3B70	CMeshPart__Clone	0x004B3D04	0x004B3D09
C:\dev\ONSLAUGHT2\MeshPart.cpp	3160	0x004B3B70	CMeshPart__Clone	0x004B3ED9	0x004B3EDE
C:\dev\ONSLAUGHT2\MeshPart.cpp	3160	0x005D3A99	Unwind@005d3a99	0x005D3A99	0x005D3A9E
C:\dev\ONSLAUGHT2\MeshPart.cpp	3180	0x004B3B70	CMeshPart__Clone	0x004B4012	0x004B4017
C:\dev\ONSLAUGHT2\MeshPart.cpp	3188	0x004B3B70	CMeshPart__Clone	0x004B4067	0x004B406C
C:\dev\ONSLAUGHT2\MeshPart.cpp	3199	0x004B3B70	CMeshPart__Clone	0x004B40C8	0x004B40CD
C:\dev\ONSLAUGHT2\MeshPart.cpp	3212	0x004B3B70	CMeshPart__Clone	0x004B4196	0x004B419B
C:\dev\ONSLAUGHT2\MeshPart.cpp	3243	0x004B4250	CMeshPart__Merge	0x004B42C0	0x004B42C5
C:\dev\ONSLAUGHT2\MeshPart.cpp	3246	0x004B4250	CMeshPart__Merge	0x004B430B	0x004B4310
C:\dev\ONSLAUGHT2\MeshPart.cpp	3249	0x004B4250	CMeshPart__Merge	0x004B4346	0x004B434B
C:\dev\ONSLAUGHT2\meshpose.h	33	0x004DC370	CRTMesh__Init	0x004DC5D5	0x004DC5D7
C:\dev\ONSLAUGHT2\meshpose.h	33	0x005D4A50	Unwind@005d4a50	0x005D4A50	0x005D4A52
C:\dev\ONSLAUGHT2\meshpose.h	34	0x004DC370	CRTMesh__Init	0x004DC63F	0x004DC641
C:\dev\ONSLAUGHT2\meshpose.h	35	0x004DC370	CRTMesh__Init	0x004DC672	0x004DC674
C:\dev\ONSLAUGHT2\meshpose.h	36	0x004DC370	CRTMesh__Init	0x004DC68C	0x004DC68E
C:\dev\ONSLAUGHT2\MeshRenderer.cpp	519	0x004B6350	CMeshRenderer__RenderMesh	0x004B642D	0x004B6432
C:\dev\ONSLAUGHT2\MeshRenderer.cpp	519	0x005D3AC0	Unwind@005d3ac0	0x005D3AC0	0x005D3AC5
C:\dev\ONSLAUGHT2\Mine.cpp	31	0x004BA150	CMine__Init	0x004BA3A2	0x004BA3A4
C:\dev\ONSLAUGHT2\Mine.cpp	31	0x005D3C10	Unwind@005d3c10	0x005D3C10	0x005D3C12
C:\dev\ONSLAUGHT2\Mine.cpp	88	0x004BA4D0	CMine__VFunc_66_004ba4d0	0x004BA633	0x004BA635
C:\dev\ONSLAUGHT2\Mine.cpp	88	0x005D3C30	Unwind@005d3c30	0x005D3C30	0x005D3C32
C:\dev\ONSLAUGHT2\Missile.cpp	11	0x004BAAE0	CMissile__Init	0x004BAB12	0x004BAB14
C:\dev\ONSLAUGHT2\Missile.cpp	11	0x005D3C50	Unwind@005d3c50	0x005D3C50	0x005D3C52
C:\dev\ONSLAUGHT2\MissionScript\..\Monitor.h	24	0x0052F470	CThingPtrDataType__Clone	0x0052F4D6	0x0052F4D8
C:\dev\ONSLAUGHT2\MissionScript\..\monitor.h	24	0x00533690	IScript__CreateThingRefWithSquad	0x00533718	0x0053371A
C:\dev\ONSLAUGHT2\MissionScript\..\monitor.h	24	0x005349B0	FUN_005349b0	0x00534A54	0x00534A56
C:\dev\ONSLAUGHT2\MissionScript\..\monitor.h	24	0x005363E0	IScript__GetPlayerBattleEngine	0x005364AC	0x005364AE
C:\dev\ONSLAUGHT2\MissionScript\..\monitor.h	24	0x005363E0	IScript__GetPlayerBattleEngine	0x00536553	0x00536555
C:\dev\ONSLAUGHT2\MissionScript\..\monitor.h	24	0x005365C0	FUN_005365c0	0x0053663D	0x0053663F
C:\dev\ONSLAUGHT2\MissionScript\..\monitor.h	24	0x005367C0	FUN_005367c0	0x00536841	0x00536843
C:\dev\ONSLAUGHT2\MissionScript\..\monitor.h	24	0x00538960	CScriptEventNB__RegisterEventListener	0x00538AF5	0x00538AF7
C:\dev\ONSLAUGHT2\MissionScript\..\Monitor.h	24	0x005D6BA9	Unwind@005d6ba9	0x005D6BA9	0x005D6BAB
C:\dev\ONSLAUGHT2\MissionScript\..\monitor.h	24	0x005D6D29	Unwind@005d6d29	0x005D6D29	0x005D6D2B
C:\dev\ONSLAUGHT2\MissionScript\..\monitor.h	24	0x005D6F69	Unwind@005d6f69	0x005D6F69	0x005D6F6B
C:\dev\ONSLAUGHT2\MissionScript\..\monitor.h	24	0x005D7119	Unwind@005d7119	0x005D7119	0x005D711B
C:\dev\ONSLAUGHT2\MissionScript\..\monitor.h	24	0x005D7158	Unwind@005d7158	0x005D7158	0x005D715A
C:\dev\ONSLAUGHT2\MissionScript\..\monitor.h	24	0x005D71A9	Unwind@005d71a9	0x005D71A9	0x005D71AB
C:\dev\ONSLAUGHT2\MissionScript\..\monitor.h	24	0x005D71F9	Unwind@005d71f9	0x005D71F9	0x005D71FB
C:\dev\ONSLAUGHT2\MissionScript\..\monitor.h	24	0x005D7249	Unwind@005d7249	0x005D7249	0x005D724B
C:\dev\ONSLAUGHT2\MissionScript\..\monitor.h	24	0x005D74AD	Unwind@005d74ad	0x005D74AD	0x005D74AF
C:\dev\ONSLAUGHT2\MissionScript\AsmInstruction.cpp	56	0x0052D040	CAsmInstruction__GetAttributeValue	0x0052D072	0x0052D074
C:\dev\ONSLAUGHT2\MissionScript\AsmInstruction.cpp	87	0x0052D3D0	CAsmInstruction__SpawnFromOpcode	0x0052D3F7	0x0052D3F9
C:\dev\ONSLAUGHT2\MissionScript\AsmInstruction.cpp	88	0x0052D3D0	CAsmInstruction__SpawnFromOpcode	0x0052D425	0x0052D427
C:\dev\ONSLAUGHT2\MissionScript\AsmInstruction.cpp	89	0x0052D3D0	CAsmInstruction__SpawnFromOpcode	0x0052D453	0x0052D455
C:\dev\ONSLAUGHT2\MissionScript\AsmInstruction.cpp	90	0x0052D3D0	CAsmInstruction__SpawnFromOpcode	0x0052D481	0x0052D483
C:\dev\ONSLAUGHT2\MissionScript\AsmInstruction.cpp	91	0x0052D3D0	CAsmInstruction__SpawnFromOpcode	0x0052D4AF	0x0052D4B1
C:\dev\ONSLAUGHT2\MissionScript\AsmInstruction.cpp	92	0x0052D3D0	CAsmInstruction__SpawnFromOpcode	0x0052D4DD	0x0052D4DF
C:\dev\ONSLAUGHT2\MissionScript\AsmInstruction.cpp	93	0x0052D3D0	CAsmInstruction__SpawnFromOpcode	0x0052D50B	0x0052D50D
C:\dev\ONSLAUGHT2\MissionScript\AsmInstruction.cpp	94	0x0052D3D0	CAsmInstruction__SpawnFromOpcode	0x0052D539	0x0052D53B
C:\dev\ONSLAUGHT2\MissionScript\AsmInstruction.cpp	95	0x0052D3D0	CAsmInstruction__SpawnFromOpcode	0x0052D567	0x0052D569
C:\dev\ONSLAUGHT2\MissionScript\AsmInstruction.cpp	96	0x0052D3D0	CAsmInstruction__SpawnFromOpcode	0x0052D595	0x0052D597
C:\dev\ONSLAUGHT2\MissionScript\AsmInstruction.cpp	97	0x0052D3D0	CAsmInstruction__SpawnFromOpcode	0x0052D5C3	0x0052D5C5
C:\dev\ONSLAUGHT2\MissionScript\AsmInstruction.cpp	98	0x0052D3D0	CAsmInstruction__SpawnFromOpcode	0x0052D5F1	0x0052D5F3
C:\dev\ONSLAUGHT2\MissionScript\AsmInstruction.cpp	99	0x0052D3D0	CAsmInstruction__SpawnFromOpcode	0x0052D61F	0x0052D621
C:\dev\ONSLAUGHT2\MissionScript\AsmInstruction.cpp	100	0x0052D3D0	CAsmInstruction__SpawnFromOpcode	0x0052D64D	0x0052D64F
C:\dev\ONSLAUGHT2\MissionScript\AsmInstruction.cpp	101	0x0052D3D0	CAsmInstruction__SpawnFromOpcode	0x0052D67B	0x0052D67D
C:\dev\ONSLAUGHT2\MissionScript\AsmInstruction.cpp	102	0x0052D3D0	CAsmInstruction__SpawnFromOpcode	0x0052D6A9	0x0052D6AB
C:\dev\ONSLAUGHT2\MissionScript\AsmInstruction.cpp	103	0x0052D3D0	CAsmInstruction__SpawnFromOpcode	0x0052D6D7	0x0052D6D9
C:\dev\ONSLAUGHT2\MissionScript\AsmInstruction.cpp	104	0x0052D3D0	CAsmInstruction__SpawnFromOpcode	0x0052D705	0x0052D707
C:\dev\ONSLAUGHT2\MissionScript\AsmInstruction.cpp	105	0x0052D3D0	CAsmInstruction__SpawnFromOpcode	0x0052D733	0x0052D735
C:\dev\ONSLAUGHT2\MissionScript\AsmInstruction.cpp	106	0x0052D3D0	CAsmInstruction__SpawnFromOpcode	0x0052D761	0x0052D763
C:\dev\ONSLAUGHT2\MissionScript\AsmInstruction.cpp	107	0x0052D3D0	CAsmInstruction__SpawnFromOpcode	0x0052D78F	0x0052D791
C:\dev\ONSLAUGHT2\MissionScript\AsmInstruction.cpp	108	0x0052D3D0	CAsmInstruction__SpawnFromOpcode	0x0052D7BD	0x0052D7BF
C:\dev\ONSLAUGHT2\MissionScript\AsmInstruction.cpp	109	0x0052D3D0	CAsmInstruction__SpawnFromOpcode	0x0052D7EB	0x0052D7ED
C:\dev\ONSLAUGHT2\MissionScript\AsmInstruction.cpp	110	0x0052D3D0	CAsmInstruction__SpawnFromOpcode	0x0052D819	0x0052D81B
C:\dev\ONSLAUGHT2\MissionScript\AsmInstruction.cpp	111	0x0052D3D0	CAsmInstruction__SpawnFromOpcode	0x0052D847	0x0052D849
C:\dev\ONSLAUGHT2\MissionScript\AsmInstruction.cpp	112	0x0052D3D0	CAsmInstruction__SpawnFromOpcode	0x0052D871	0x0052D873
C:\dev\ONSLAUGHT2\MissionScript\AsmInstruction.cpp	113	0x0052D3D0	CAsmInstruction__SpawnFromOpcode	0x0052D89B	0x0052D89D
C:\dev\ONSLAUGHT2\MissionScript\AsmInstruction.cpp	158	0x0052E0F0	CInstructionOP_RETURN__ExecutePop	0x0052E12E	0x0052E133
C:\dev\ONSLAUGHT2\MissionScript\AsmInstruction.cpp	262	0x0052E380	CInstructionOP_CMPB__ExecuteCompareEqual	0x0052E3A5	0x0052E3AA
C:\dev\ONSLAUGHT2\MissionScript\AsmInstruction.cpp	266	0x0052E380	CInstructionOP_CMPB__ExecuteCompareEqual	0x0052E3CD	0x0052E3D2
C:\dev\ONSLAUGHT2\MissionScript\AsmInstruction.cpp	280	0x0052E4D0	CInstructionOP_OR__ExecuteOr	0x0052E527	0x0052E52C
C:\dev\ONSLAUGHT2\MissionScript\AsmInstruction.cpp	284	0x0052E4D0	CInstructionOP_OR__ExecuteOr	0x0052E4FF	0x0052E504
C:\dev\ONSLAUGHT2\MissionScript\AsmInstruction.cpp	299	0x0052E580	CInstructionOP_AND__ExecuteAnd	0x0052E5AF	0x0052E5B4
C:\dev\ONSLAUGHT2\MissionScript\AsmInstruction.cpp	303	0x0052E580	CInstructionOP_AND__ExecuteAnd	0x0052E5D7	0x0052E5DC
C:\dev\ONSLAUGHT2\MissionScript\AsmInstruction.cpp	317	0x0052E630	CInstructionOP_GREAT_THAN__ExecuteGreaterThan	0x0052E655	0x0052E65A
C:\dev\ONSLAUGHT2\MissionScript\AsmInstruction.cpp	321	0x0052E630	CInstructionOP_GREAT_THAN__ExecuteGreaterThan	0x0052E67D	0x0052E682
C:\dev\ONSLAUGHT2\MissionScript\AsmInstruction.cpp	336	0x0052E6D0	CInstructionOP_LESS_THAN__ExecuteLessThan	0x0052E6F5	0x0052E6FA
C:\dev\ONSLAUGHT2\MissionScript\AsmInstruction.cpp	340	0x0052E6D0	CInstructionOP_LESS_THAN__ExecuteLessThan	0x0052E71D	0x0052E722
C:\dev\ONSLAUGHT2\MissionScript\AsmInstruction.cpp	354	0x0052E770	CInstructionOP_GREAT_EQ_THAN__ExecuteGreaterOrEqual	0x0052E795	0x0052E79A
C:\dev\ONSLAUGHT2\MissionScript\AsmInstruction.cpp	358	0x0052E770	CInstructionOP_GREAT_EQ_THAN__ExecuteGreaterOrEqual	0x0052E7BD	0x0052E7C2
C:\dev\ONSLAUGHT2\MissionScript\AsmInstruction.cpp	372	0x0052E810	CInstructionOP_LESS_EQ_THAN__ExecuteLessOrEqual	0x0052E835	0x0052E83A
C:\dev\ONSLAUGHT2\MissionScript\AsmInstruction.cpp	376	0x0052E810	CInstructionOP_LESS_EQ_THAN__ExecuteLessOrEqual	0x0052E85D	0x0052E862
C:\dev\ONSLAUGHT2\MissionScript\AsmInstruction.cpp	390	0x0052E8B0	CInstructionOP_CMPNEB__ExecuteCompareNotEqual	0x0052E8D5	0x0052E8DA
C:\dev\ONSLAUGHT2\MissionScript\AsmInstruction.cpp	394	0x0052E8B0	CInstructionOP_CMPNEB__ExecuteCompareNotEqual	0x0052E8FD	0x0052E902
C:\dev\ONSLAUGHT2\MissionScript\AsmInstruction.cpp	480	0x0052EA40	CInstructionOP_CALL__ExecuteCall	0x0052EAB5	0x0052EABA
C:\dev\ONSLAUGHT2\MissionScript\AsmInstruction.cpp	526	0x0052EA40	CInstructionOP_CALL__ExecuteCall	0x0052EBFA	0x0052EBFF
C:\dev\ONSLAUGHT2\MissionScript\DataType.cpp	22	0x0052EC60	CDataType__CreateFromType	0x0052EC8E	0x0052EC90
C:\dev\ONSLAUGHT2\MissionScript\DataType.cpp	22	0x005D69C0	Unwind@005d69c0	0x005D69C0	0x005D69C2
C:\dev\ONSLAUGHT2\MissionScript\DataType.cpp	23	0x0052EC60	CDataType__CreateFromType	0x0052ECE6	0x0052ECE8
C:\dev\ONSLAUGHT2\MissionScript\DataType.cpp	23	0x005D69DE	Unwind@005d69de	0x005D69DE	0x005D69E0
C:\dev\ONSLAUGHT2\MissionScript\DataType.cpp	24	0x0052EC60	CDataType__CreateFromType	0x0052ED3E	0x0052ED40
C:\dev\ONSLAUGHT2\MissionScript\DataType.cpp	24	0x005D69FC	Unwind@005d69fc	0x005D69FC	0x005D69FE
C:\dev\ONSLAUGHT2\MissionScript\DataType.cpp	25	0x0052EC60	CDataType__CreateFromType	0x0052EDCF	0x0052EDD1
C:\dev\ONSLAUGHT2\MissionScript\DataType.cpp	25	0x005D6A1A	Unwind@005d6a1a	0x005D6A1A	0x005D6A1C
C:\dev\ONSLAUGHT2\MissionScript\DataType.cpp	26	0x0052EC60	CDataType__CreateFromType	0x0052EE27	0x0052EE29
C:\dev\ONSLAUGHT2\MissionScript\DataType.cpp	26	0x005D6A38	Unwind@005d6a38	0x005D6A38	0x005D6A3A
C:\dev\ONSLAUGHT2\MissionScript\DataType.cpp	27	0x0052EC60	CDataType__CreateFromType	0x0052EE87	0x0052EE89
C:\dev\ONSLAUGHT2\MissionScript\DataType.cpp	27	0x005D6A61	Unwind@005d6a61	0x005D6A61	0x005D6A63
C:\dev\ONSLAUGHT2\MissionScript\DataType.cpp	92	0x0052EC60	CDataType__CreateFromType	0x0052ED8A	0x0052ED8C
C:\dev\ONSLAUGHT2\MissionScript\DataType.cpp	92	0x0052F790	CStringDataType__ReadFromBuffer	0x0052F7D2	0x0052F7D4
C:\dev\ONSLAUGHT2\MissionScript\DataType.cpp	135	0x0052F820	CPositionDataType__VFunc_1_0052f820	0x0052F839	0x0052F83E
C:\dev\ONSLAUGHT2\MissionScript\DataType.cpp	143	0x0052F8A0	CPositionDataType__SubtractPosition	0x0052F8B9	0x0052F8BE
C:\dev\ONSLAUGHT2\MissionScript\DataType.cpp	151	0x0052F920	CPositionDataType__ScaleByFloat	0x0052F934	0x0052F939
C:\dev\ONSLAUGHT2\MissionScript\DataType.h	107	0x005D6940	Unwind@005d6940	0x005D6940	0x005D6942
C:\dev\ONSLAUGHT2\MissionScript\DataType.h	108	0x005D6960	Unwind@005d6960	0x005D6960	0x005D6962
C:\dev\ONSLAUGHT2\MissionScript\DataType.h	109	0x005D6980	Unwind@005d6980	0x005D6980	0x005D6982
C:\dev\ONSLAUGHT2\MissionScript\DataType.h	110	0x005D69A0	Unwind@005d69a0	0x005D69A0	0x005D69A2
C:\dev\ONSLAUGHT2\MissionScript\DataType.h	163	0x005D6A90	Unwind@005d6a90	0x005D6A90	0x005D6A95
C:\dev\ONSLAUGHT2\MissionScript\DataType.h	164	0x005D6AC0	Unwind@005d6ac0	0x005D6AC0	0x005D6AC5
C:\dev\ONSLAUGHT2\MissionScript\DataType.h	165	0x005D6AF0	Unwind@005d6af0	0x005D6AF0	0x005D6AF5
C:\dev\ONSLAUGHT2\MissionScript\DataType.h	166	0x005D6B20	Unwind@005d6b20	0x005D6B20	0x005D6B25
C:\dev\ONSLAUGHT2\MissionScript\DataType.h	200	0x005D6B50	Unwind@005d6b50	0x005D6B50	0x005D6B55
C:\dev\ONSLAUGHT2\MissionScript\DataType.h	229	0x005D6B80	Unwind@005d6b80	0x005D6B80	0x005D6B85
C:\dev\ONSLAUGHT2\MissionScript\EventFunction.cpp	27	0x0052FBB0	CEventFunction__Clone	0x0052FCFE	0x0052FD00
C:\dev\ONSLAUGHT2\MissionScript\EventFunction.cpp	64	0x0052FA70	CEventFunction__CEventFunction	0x0052FB17	0x0052FB19
C:\dev\ONSLAUGHT2\MissionScript\EventFunction.cpp	78	0x005D6C90	Unwind@005d6c90	0x005D6C90	0x005D6C92
C:\dev\ONSLAUGHT2\MissionScript\EventFunction.cpp	150	0x0052FDA0	CEventFunction__Execute	0x0052FDC4	0x0052FDC9
C:\dev\ONSLAUGHT2\MissionScript\IScript.cpp	269	0x005335D0	IScript__CreateThingRef	0x005335E5	0x005335EA
C:\dev\ONSLAUGHT2\MissionScript\IScript.cpp	286	0x00533690	IScript__CreateThingRefWithSquad	0x005336C8	0x005336CD
C:\dev\ONSLAUGHT2\MissionScript\IScript.cpp	286	0x005D6D00	Unwind@005d6d00	0x005D6D00	0x005D6D05
C:\dev\ONSLAUGHT2\MissionScript\IScript.cpp	381	0x005339A0	IScript__GetSlotBitValue	0x005339B7	0x005339BC
C:\dev\ONSLAUGHT2\MissionScript\IScript.cpp	381	0x005D6D50	Unwind@005d6d50	0x005D6D50	0x005D6D55
C:\dev\ONSLAUGHT2\MissionScript\IScript.cpp	406	0x00533AA0	IScript__GetGoodieState	0x00533AB7	0x00533ABC
C:\dev\ONSLAUGHT2\MissionScript\IScript.cpp	406	0x005D6D80	Unwind@005d6d80	0x005D6D80	0x005D6D85
C:\dev\ONSLAUGHT2\MissionScript\IScript.cpp	485	0x00533B70	IScript__Create3PointPanCamera	0x00533BC5	0x00533BCA
C:\dev\ONSLAUGHT2\MissionScript\IScript.cpp	485	0x005D6DB0	Unwind@005d6db0	0x005D6DB0	0x005D6DB5
C:\dev\ONSLAUGHT2\MissionScript\IScript.cpp	486	0x00533B70	IScript__Create3PointPanCamera	0x00533BF4	0x00533BF9
C:\dev\ONSLAUGHT2\MissionScript\IScript.cpp	486	0x005D6DC9	Unwind@005d6dc9	0x005D6DC9	0x005D6DCE
C:\dev\ONSLAUGHT2\MissionScript\IScript.cpp	487	0x00533B70	IScript__Create3PointPanCamera	0x00533CA3	0x00533CA8
C:\dev\ONSLAUGHT2\MissionScript\IScript.cpp	487	0x005D6DE2	Unwind@005d6de2	0x005D6DE2	0x005D6DE7
C:\dev\ONSLAUGHT2\MissionScript\IScript.cpp	488	0x00533B70	IScript__Create3PointPanCamera	0x00533D4B	0x00533D50
C:\dev\ONSLAUGHT2\MissionScript\IScript.cpp	488	0x005D6DFB	Unwind@005d6dfb	0x005D6DFB	0x005D6E00
C:\dev\ONSLAUGHT2\MissionScript\IScript.cpp	489	0x00533B70	IScript__Create3PointPanCamera	0x00533DF3	0x00533DF8
C:\dev\ONSLAUGHT2\MissionScript\IScript.cpp	489	0x005D6E14	Unwind@005d6e14	0x005D6E14	0x005D6E19
C:\dev\ONSLAUGHT2\MissionScript\IScript.cpp	490	0x00533B70	IScript__Create3PointPanCamera	0x00533E2B	0x00533E30
C:\dev\ONSLAUGHT2\MissionScript\IScript.cpp	490	0x005D6E2D	Unwind@005d6e2d	0x005D6E2D	0x005D6E32
C:\dev\ONSLAUGHT2\MissionScript\IScript.cpp	508	0x00533EB0	IScript__Create4PointPanCamera	0x00533F05	0x00533F0A
C:\dev\ONSLAUGHT2\MissionScript\IScript.cpp	508	0x005D6E50	Unwind@005d6e50	0x005D6E50	0x005D6E55
C:\dev\ONSLAUGHT2\MissionScript\IScript.cpp	509	0x00533EB0	IScript__Create4PointPanCamera	0x00533F34	0x00533F39
C:\dev\ONSLAUGHT2\MissionScript\IScript.cpp	509	0x005D6E69	Unwind@005d6e69	0x005D6E69	0x005D6E6E
C:\dev\ONSLAUGHT2\MissionScript\IScript.cpp	510	0x00533EB0	IScript__Create4PointPanCamera	0x00533FE3	0x00533FE8
C:\dev\ONSLAUGHT2\MissionScript\IScript.cpp	510	0x005D6E82	Unwind@005d6e82	0x005D6E82	0x005D6E87
C:\dev\ONSLAUGHT2\MissionScript\IScript.cpp	511	0x00533EB0	IScript__Create4PointPanCamera	0x0053408B	0x00534090
C:\dev\ONSLAUGHT2\MissionScript\IScript.cpp	511	0x005D6E9B	Unwind@005d6e9b	0x005D6E9B	0x005D6EA0
C:\dev\ONSLAUGHT2\MissionScript\IScript.cpp	512	0x00533EB0	IScript__Create4PointPanCamera	0x0053413E	0x00534143
C:\dev\ONSLAUGHT2\MissionScript\IScript.cpp	512	0x005D6EB4	Unwind@005d6eb4	0x005D6EB4	0x005D6EB9
C:\dev\ONSLAUGHT2\MissionScript\IScript.cpp	513	0x00533EB0	IScript__Create4PointPanCamera	0x005341F1	0x005341F6
C:\dev\ONSLAUGHT2\MissionScript\IScript.cpp	513	0x005D6ECD	Unwind@005d6ecd	0x005D6ECD	0x005D6ED2
C:\dev\ONSLAUGHT2\MissionScript\IScript.cpp	514	0x00533EB0	IScript__Create4PointPanCamera	0x00534229	0x0053422E
C:\dev\ONSLAUGHT2\MissionScript\IScript.cpp	514	0x005D6EE6	Unwind@005d6ee6	0x005D6EE6	0x005D6EEB
C:\dev\ONSLAUGHT2\MissionScript\IScript.cpp	643	0x005345D0	IScript__GetVectorLength	0x005345E9	0x005345EE
C:\dev\ONSLAUGHT2\MissionScript\IScript.cpp	643	0x005D6F10	Unwind@005d6f10	0x005D6F10	0x005D6F15
C:\dev\ONSLAUGHT2\MissionScript\IScript.cpp	666	0x00534770	FUN_00534770	0x00534770	0x00534775
C:\dev\ONSLAUGHT2\MissionScript\IScript.cpp	683	0x005347B0	IScript__CheckValueInRange	0x0053483D	0x00534842
C:\dev\ONSLAUGHT2\MissionScript\IScript.cpp	687	0x005347B0	IScript__CheckValueInRange	0x0053487B	0x00534880
C:\dev\ONSLAUGHT2\MissionScript\IScript.cpp	710	0x00534910	FUN_00534910	0x0053493F	0x00534944
C:\dev\ONSLAUGHT2\MissionScript\IScript.cpp	731	0x005349B0	FUN_005349b0	0x00534A0E	0x00534A13
C:\dev\ONSLAUGHT2\MissionScript\IScript.cpp	731	0x005D6F40	Unwind@005d6f40	0x005D6F40	0x005D6F45
C:\dev\ONSLAUGHT2\MissionScript\IScript.cpp	739	0x00534AC0	ScriptCommand__SampleStaticShadowHeight_00534ac0	0x00534AE3	0x00534AE8
C:\dev\ONSLAUGHT2\MissionScript\IScript.cpp	748	0x00534B30	FUN_00534b30	0x00534B37	0x00534B3C
C:\dev\ONSLAUGHT2\MissionScript\IScript.cpp	755	0x00534B80	IScript__GetVectorX	0x00534B99	0x00534B9E
C:\dev\ONSLAUGHT2\MissionScript\IScript.cpp	755	0x005D6F90	Unwind@005d6f90	0x005D6F90	0x005D6F95
C:\dev\ONSLAUGHT2\MissionScript\IScript.cpp	762	0x00534C10	IScript__GetVectorY	0x00534C29	0x00534C2E
C:\dev\ONSLAUGHT2\MissionScript\IScript.cpp	762	0x005D6FC0	Unwind@005d6fc0	0x005D6FC0	0x005D6FC5
C:\dev\ONSLAUGHT2\MissionScript\IScript.cpp	767	0x00534CA0	IScript__GetVectorZ	0x00534CB9	0x00534CBE
C:\dev\ONSLAUGHT2\MissionScript\IScript.cpp	767	0x005D6FF0	Unwind@005d6ff0	0x005D6FF0	0x005D6FF5
C:\dev\ONSLAUGHT2\MissionScript\IScript.cpp	776	0x00534D30	FUN_00534d30	0x00534D50	0x00534D55
C:\dev\ONSLAUGHT2\MissionScript\IScript.cpp	794	0x00534E50	FUN_00534e50	0x00534E70	0x00534E75
C:\dev\ONSLAUGHT2\MissionScript\IScript.cpp	958	0x005353A0	FUN_005353a0	0x0053543A	0x0053543F
C:\dev\ONSLAUGHT2\MissionScript\IScript.cpp	1036	0x00535590	FUN_00535590	0x005355C3	0x005355C8
C:\dev\ONSLAUGHT2\MissionScript\IScript.cpp	1060	0x00535670	IScript__GetThingName	0x00535691	0x00535696
C:\dev\ONSLAUGHT2\MissionScript\IScript.cpp	1060	0x005D7040	Unwind@005d7040	0x005D7040	0x005D7045
C:\dev\ONSLAUGHT2\MissionScript\IScript.cpp	1064	0x00535670	IScript__GetThingName	0x005356FE	0x00535703
C:\dev\ONSLAUGHT2\MissionScript\IScript.cpp	1064	0x005D7059	Unwind@005d7059	0x005D7059	0x005D705E
C:\dev\ONSLAUGHT2\MissionScript\IScript.cpp	1088	0x005357B0	IScript__GetThingTypeName	0x005357D0	0x005357D5
C:\dev\ONSLAUGHT2\MissionScript\IScript.cpp	1088	0x005D7080	Unwind@005d7080	0x005D7080	0x005D7085
C:\dev\ONSLAUGHT2\MissionScript\IScript.cpp	1092	0x005357B0	IScript__GetThingTypeName	0x0053583E	0x00535843
C:\dev\ONSLAUGHT2\MissionScript\IScript.cpp	1092	0x005D7099	Unwind@005d7099	0x005D7099	0x005D709E
C:\dev\ONSLAUGHT2\MissionScript\IScript.cpp	1132	0x00535920	FUN_00535920	0x0053593B	0x00535940
C:\dev\ONSLAUGHT2\MissionScript\IScript.cpp	1158	0x005359D0	FUN_005359d0	0x005359EB	0x005359F0
C:\dev\ONSLAUGHT2\MissionScript\IScript.cpp	1173	0x00535A30	FUN_00535a30	0x00535A4E	0x00535A53
C:\dev\ONSLAUGHT2\MissionScript\IScript.cpp	1188	0x00535A90	FUN_00535a90	0x00535AA3	0x00535AA8
C:\dev\ONSLAUGHT2\MissionScript\IScript.cpp	1233	0x00535BB0	FUN_00535bb0	0x00535BCC	0x00535BD1
C:\dev\ONSLAUGHT2\MissionScript\IScript.cpp	1329	0x00535D70	FUN_00535d70	0x00535E10	0x00535E15
C:\dev\ONSLAUGHT2\MissionScript\IScript.cpp	1381	0x00535EF0	FUN_00535ef0	0x00535EFC	0x00535F01
C:\dev\ONSLAUGHT2\MissionScript\IScript.cpp	1385	0x00535EF0	FUN_00535ef0	0x00535F36	0x00535F3B
C:\dev\ONSLAUGHT2\MissionScript\IScript.cpp	1440	0x00536070	FUN_00536070	0x005360BB	0x005360C0
C:\dev\ONSLAUGHT2\MissionScript\IScript.cpp	1446	0x00536070	FUN_00536070	0x005360FA	0x005360FF
C:\dev\ONSLAUGHT2\MissionScript\IScript.cpp	1491	0x005362A0	IScript__GetWorldTextSlotTimerValue	0x005362B7	0x005362BC
C:\dev\ONSLAUGHT2\MissionScript\IScript.cpp	1491	0x005D70C0	Unwind@005d70c0	0x005D70C0	0x005D70C5
C:\dev\ONSLAUGHT2\MissionScript\IScript.cpp	1505	0x00536350	FUN_00536350	0x00536367	0x0053636C
C:\dev\ONSLAUGHT2\MissionScript\IScript.cpp	1509	0x00536350	FUN_00536350	0x005363A1	0x005363A6
C:\dev\ONSLAUGHT2\MissionScript\IScript.cpp	1533	0x005363E0	IScript__GetPlayerBattleEngine	0x00536469	0x0053646E
C:\dev\ONSLAUGHT2\MissionScript\IScript.cpp	1533	0x005D70F0	Unwind@005d70f0	0x005D70F0	0x005D70F5
C:\dev\ONSLAUGHT2\MissionScript\IScript.cpp	1535	0x005363E0	IScript__GetPlayerBattleEngine	0x0053650A	0x0053650F
C:\dev\ONSLAUGHT2\MissionScript\IScript.cpp	1535	0x005D712F	Unwind@005d712f	0x005D712F	0x005D7134
C:\dev\ONSLAUGHT2\MissionScript\IScript.cpp	1546	0x005365C0	FUN_005365c0	0x005365ED	0x005365F2
C:\dev\ONSLAUGHT2\MissionScript\IScript.cpp	1546	0x005D7180	Unwind@005d7180	0x005D7180	0x005D7185
C:\dev\ONSLAUGHT2\MissionScript\IScript.cpp	1557	0x005D71D0	Unwind@005d71d0	0x005D71D0	0x005D71D5
C:\dev\ONSLAUGHT2\MissionScript\IScript.cpp	1567	0x005367C0	FUN_005367c0	0x005367FF	0x00536804
C:\dev\ONSLAUGHT2\MissionScript\IScript.cpp	1567	0x005D7220	Unwind@005d7220	0x005D7220	0x005D7225
C:\dev\ONSLAUGHT2\MissionScript\IScript.cpp	1572	0x005367C0	FUN_005367c0	0x005368D6	0x005368DB
C:\dev\ONSLAUGHT2\MissionScript\IScript.cpp	1572	0x005D725F	Unwind@005d725f	0x005D725F	0x005D7264
C:\dev\ONSLAUGHT2\MissionScript\IScript.cpp	1581	0x00536920	FUN_00536920	0x0053692F	0x00536934
C:\dev\ONSLAUGHT2\MissionScript\IScript.cpp	1585	0x00536920	FUN_00536920	0x00536969	0x0053696E
C:\dev\ONSLAUGHT2\MissionScript\IScript.cpp	1646	0x00536C00	FUN_00536c00	0x00536C0C	0x00536C11
C:\dev\ONSLAUGHT2\MissionScript\IScript.cpp	1807	0x00537410	IScript__PlaySound	0x00537488	0x0053748D
C:\dev\ONSLAUGHT2\MissionScript\IScript.cpp	1807	0x005D72D0	Unwind@005d72d0	0x005D72D0	0x005D72D5
C:\dev\ONSLAUGHT2\MissionScript\IScript.cpp	1829	0x00537500	IScript__PlaySoundWithCallback	0x0053757B	0x00537580
C:\dev\ONSLAUGHT2\MissionScript\IScript.cpp	1829	0x005D7300	Unwind@005d7300	0x005D7300	0x005D7305
C:\dev\ONSLAUGHT2\MissionScript\IScript.cpp	1844	0x005375F0	IScript__PlaySoundWithFade	0x0053764B	0x00537650
C:\dev\ONSLAUGHT2\MissionScript\IScript.cpp	1857	0x005375F0	IScript__PlaySoundWithFade	0x0053773A	0x0053773F
C:\dev\ONSLAUGHT2\MissionScript\IScript.cpp	1857	0x005D7330	Unwind@005d7330	0x005D7330	0x005D7335
C:\dev\ONSLAUGHT2\MissionScript\IScript.cpp	1887	0x005377E0	IScript__PlaySoundWithPriority	0x00537867	0x0053786C
C:\dev\ONSLAUGHT2\MissionScript\IScript.cpp	1887	0x005D7360	Unwind@005d7360	0x005D7360	0x005D7365
C:\dev\ONSLAUGHT2\MissionScript\IScript.cpp	1902	0x005378E0	IScript__PlaySoundWithFadeAndPriority	0x00537943	0x00537948
C:\dev\ONSLAUGHT2\MissionScript\IScript.cpp	1917	0x005378E0	IScript__PlaySoundWithFadeAndPriority	0x00537A48	0x00537A4D
C:\dev\ONSLAUGHT2\MissionScript\IScript.cpp	1917	0x005D7390	Unwind@005d7390	0x005D7390	0x005D7395
C:\dev\ONSLAUGHT2\MissionScript\IScript.cpp	1960	0x00537C70	FUN_00537c70	0x00537C83	0x00537C88
C:\dev\ONSLAUGHT2\MissionScript\IScript.cpp	2042	0x00537E40	FUN_00537e40	0x00537EDF	0x00537EE4
C:\dev\ONSLAUGHT2\MissionScript\IScript.cpp	2057	0x00537FD0	IScript__IsFriendly	0x00537FE3	0x00537FE8
C:\dev\ONSLAUGHT2\MissionScript\IScript.cpp	2061	0x00537FD0	IScript__IsFriendly	0x0053801D	0x00538022
C:\dev\ONSLAUGHT2\MissionScript\IScript.cpp	2132	0x00538230	FUN_00538230	0x00538250	0x00538255
C:\dev\ONSLAUGHT2\MissionScript\IScript.cpp	2230	0x005383C0	IScript__ScheduleEvent	0x005383D7	0x005383DC
C:\dev\ONSLAUGHT2\MissionScript\IScript.cpp	2230	0x005D73C0	Unwind@005d73c0	0x005D73C0	0x005D73C5
C:\dev\ONSLAUGHT2\MissionScript\ScriptEventNB.cpp	17	0x00538960	CScriptEventNB__RegisterEventListener	0x00538A54	0x00538A56
C:\dev\ONSLAUGHT2\MissionScript\ScriptEventNB.cpp	17	0x005D7471	Unwind@005d7471	0x005D7471	0x005D7473
C:\dev\ONSLAUGHT2\MissionScript\ScriptEventNB.cpp	25	0x00538960	CScriptEventNB__RegisterEventListener	0x00538AB7	0x00538AB9
C:\dev\ONSLAUGHT2\MissionScript\ScriptEventNB.cpp	25	0x005D748F	Unwind@005d748f	0x005D748F	0x005D7491
C:\dev\ONSLAUGHT2\MissionScript\ScriptEventNB.cpp	66	0x005D7430	Unwind@005d7430	0x005D7430	0x005D7432
C:\dev\ONSLAUGHT2\MissionScript\ScriptEventNB.cpp	104	0x00538960	CScriptEventNB__RegisterEventListener	0x00538A14	0x00538A16
C:\dev\ONSLAUGHT2\MissionScript\ScriptEventNB.cpp	104	0x005D7450	Unwind@005d7450	0x005D7450	0x005D7452
C:\dev\ONSLAUGHT2\MissionScript\ScriptObjectCode.cpp	57	0x00538EC0	CMissionScriptObjectCode__ctor	0x00538F6F	0x00538F71
C:\dev\ONSLAUGHT2\MissionScript\ScriptObjectCode.cpp	57	0x005D74E6	Unwind@005d74e6	0x005D74E6	0x005D74E8
C:\dev\ONSLAUGHT2\MissionScript\ScriptObjectCode.cpp	67	0x00538EC0	CMissionScriptObjectCode__ctor	0x00538FBF	0x00538FC1
C:\dev\ONSLAUGHT2\MissionScript\ScriptObjectCode.cpp	67	0x005D74FC	Unwind@005d74fc	0x005D74FC	0x005D74FE
C:\dev\ONSLAUGHT2\MissionScript\ScriptObjectCode.cpp	83	0x005D7520	Unwind@005d7520	0x005D7520	0x005D7522
C:\dev\ONSLAUGHT2\MissionScript\Symtab.cpp	45	0x005395B0	CScriptObjectCode__CloneSymbolTable	0x00539654	0x00539656
C:\dev\ONSLAUGHT2\MissionScript\Symtab.cpp	45	0x005D75A9	Unwind@005d75a9	0x005D75A9	0x005D75AB
C:\dev\ONSLAUGHT2\MissionScript\Symtab.cpp	180	0x005D7590	Unwind@005d7590	0x005D7590	0x005D7595
C:\dev\ONSLAUGHT2\MissionScript\Symtab.cpp	289	0x00539770	CScriptObjectCode__ReadSymbolTable	0x005397C7	0x005397CC
C:\dev\ONSLAUGHT2\MissionScript\Symtab.cpp	289	0x005D75D8	Unwind@005d75d8	0x005D75D8	0x005D75DD
C:\dev\ONSLAUGHT2\mixermap.cpp	134	0x00523190	CMixerMap__InitSlot	0x005231C2	0x005231C7
C:\dev\ONSLAUGHT2\mixermap.cpp	246	0x005232B0	CMixerMap__Init	0x005232F6	0x005232FB
C:\dev\ONSLAUGHT2\mixermap.cpp	246	0x005D68F0	Unwind@005d68f0	0x005D68F0	0x005D68F5
C:\dev\ONSLAUGHT2\mixermap.cpp	247	0x005232B0	CMixerMap__Init	0x00523345	0x0052334A
C:\dev\ONSLAUGHT2\Monitor.h	24	0x00401040	CMonitor__AddDeletionEvent	0x00401061	0x00401063
C:\dev\ONSLAUGHT2\Monitor.h	24	0x004198D0	CPanCamera__ctor	0x00419924	0x00419926
C:\dev\ONSLAUGHT2\Monitor.h	24	0x0041A210	CMovieCamera__ctor	0x0041A25D	0x0041A25F
C:\dev\ONSLAUGHT2\monitor.h	24	0x0042D640	CController__Init	0x0042D6B9	0x0042D6BB
C:\dev\ONSLAUGHT2\monitor.h	24	0x0042E610	CController__SetToControl	0x0042E66F	0x0042E671
C:\dev\ONSLAUGHT2\monitor.h	24	0x00444660	CDestructableSegmentsController__Init	0x004447FA	0x004447FC
C:\dev\ONSLAUGHT2\monitor.h	24	0x0046BEF0	con_remotecameraon	0x0046BFA3	0x0046BFA5
C:\dev\ONSLAUGHT2\Monitor.h	24	0x004A3510	CMenuItem__Init	0x004A3588	0x004A358A
C:\dev\ONSLAUGHT2\Monitor.h	24	0x004A3630	CMenuItem__InitWithIcon	0x004A36A8	0x004A36AA
C:\dev\ONSLAUGHT2\monitor.h	24	0x004D28C0	CPlayer__GotoFPView	0x004D2939	0x004D293B
C:\dev\ONSLAUGHT2\monitor.h	24	0x004E5700	CSphereTrigger__Hit	0x004E57CB	0x004E57CD
C:\dev\ONSLAUGHT2\Monitor.h	24	0x005D0F10	Unwind@005d0f10	0x005D0F10	0x005D0F12
C:\dev\ONSLAUGHT2\Monitor.h	24	0x005D164B	Unwind@005d164b	0x005D164B	0x005D164D
C:\dev\ONSLAUGHT2\Monitor.h	24	0x005D16E0	Unwind@005d16e0	0x005D16E0	0x005D16E2
C:\dev\ONSLAUGHT2\monitor.h	24	0x005D1B47	Unwind@005d1b47	0x005D1B47	0x005D1B49
C:\dev\ONSLAUGHT2\monitor.h	24	0x005D1BB1	Unwind@005d1bb1	0x005D1BB1	0x005D1BB3
C:\dev\ONSLAUGHT2\monitor.h	24	0x005D2199	Unwind@005d2199	0x005D2199	0x005D219B
C:\dev\ONSLAUGHT2\monitor.h	24	0x005D27A9	Unwind@005d27a9	0x005D27A9	0x005D27AB
C:\dev\ONSLAUGHT2\Monitor.h	24	0x005D3640	Unwind@005d3640	0x005D3640	0x005D3642
C:\dev\ONSLAUGHT2\Monitor.h	24	0x005D3670	Unwind@005d3670	0x005D3670	0x005D3672
C:\dev\ONSLAUGHT2\monitor.h	24	0x005D4756	Unwind@005d4756	0x005D4756	0x005D4758
C:\dev\ONSLAUGHT2\monitor.h	24	0x005D4D0E	Unwind@005d4d0e	0x005D4D0E	0x005D4D10
C:\dev\ONSLAUGHT2\Music.cpp	318	0x004BB6B0	CMusic__AddToPlayList	0x004BB6DF	0x004BB6E4
C:\dev\ONSLAUGHT2\oids.cpp	40	0x004BF090	OID__CreateObject	0x004BF0BE	0x004BF0C0
C:\dev\ONSLAUGHT2\oids.cpp	40	0x005D3CB0	Unwind@005d3cb0	0x005D3CB0	0x005D3CB2
C:\dev\ONSLAUGHT2\oids.cpp	43	0x004BF090	OID__CreateObject	0x004BF1FA	0x004BF1FC
C:\dev\ONSLAUGHT2\oids.cpp	43	0x005D3D68	Unwind@005d3d68	0x005D3D68	0x005D3D6A
C:\dev\ONSLAUGHT2\oids.cpp	45	0x004BF090	OID__CreateObject	0x004BF24C	0x004BF24E
C:\dev\ONSLAUGHT2\oids.cpp	45	0x005D3D7E	Unwind@005d3d7e	0x005D3D7E	0x005D3D80
C:\dev\ONSLAUGHT2\oids.cpp	46	0x004BF090	OID__CreateObject	0x004BF2A1	0x004BF2A3
C:\dev\ONSLAUGHT2\oids.cpp	46	0x005D3D94	Unwind@005d3d94	0x005D3D94	0x005D3D96
C:\dev\ONSLAUGHT2\oids.cpp	50	0x004BF090	OID__CreateObject	0x004BF2F6	0x004BF2F8
C:\dev\ONSLAUGHT2\oids.cpp	50	0x005D3DAA	Unwind@005d3daa	0x005D3DAA	0x005D3DAC
C:\dev\ONSLAUGHT2\oids.cpp	51	0x004BF090	OID__CreateObject	0x004BF33A	0x004BF33C
C:\dev\ONSLAUGHT2\oids.cpp	51	0x005D3DC0	Unwind@005d3dc0	0x005D3DC0	0x005D3DC2
C:\dev\ONSLAUGHT2\oids.cpp	52	0x004BF090	OID__CreateObject	0x004BF3AE	0x004BF3B0
C:\dev\ONSLAUGHT2\oids.cpp	52	0x005D3DDE	Unwind@005d3dde	0x005D3DDE	0x005D3DE0
C:\dev\ONSLAUGHT2\oids.cpp	53	0x004BF090	OID__CreateObject	0x004BF403	0x004BF405
C:\dev\ONSLAUGHT2\oids.cpp	53	0x005D3DF4	Unwind@005d3df4	0x005D3DF4	0x005D3DF6
C:\dev\ONSLAUGHT2\oids.cpp	54	0x004BF090	OID__CreateObject	0x004BF45C	0x004BF45E
C:\dev\ONSLAUGHT2\oids.cpp	54	0x005D3E0A	Unwind@005d3e0a	0x005D3E0A	0x005D3E0C
C:\dev\ONSLAUGHT2\oids.cpp	56	0x004BF090	OID__CreateObject	0x004BF4C8	0x004BF4CA
C:\dev\ONSLAUGHT2\oids.cpp	56	0x005D3E33	Unwind@005d3e33	0x005D3E33	0x005D3E35
C:\dev\ONSLAUGHT2\oids.cpp	59	0x004BF090	OID__CreateObject	0x004BF50C	0x004BF50E
C:\dev\ONSLAUGHT2\oids.cpp	59	0x005D3E49	Unwind@005d3e49	0x005D3E49	0x005D3E4B
C:\dev\ONSLAUGHT2\oids.cpp	60	0x004BF090	OID__CreateObject	0x004BF561	0x004BF563
C:\dev\ONSLAUGHT2\oids.cpp	60	0x005D3E5F	Unwind@005d3e5f	0x005D3E5F	0x005D3E61
C:\dev\ONSLAUGHT2\oids.cpp	61	0x004BF090	OID__CreateObject	0x004BF5D0	0x004BF5D2
C:\dev\ONSLAUGHT2\oids.cpp	61	0x005D3E8B	Unwind@005d3e8b	0x005D3E8B	0x005D3E8D
C:\dev\ONSLAUGHT2\oids.cpp	63	0x004BF090	OID__CreateObject	0x004BF622	0x004BF624
C:\dev\ONSLAUGHT2\oids.cpp	63	0x005D3EA1	Unwind@005d3ea1	0x005D3EA1	0x005D3EA3
C:\dev\ONSLAUGHT2\oids.cpp	64	0x004BF090	OID__CreateObject	0x004BF677	0x004BF679
C:\dev\ONSLAUGHT2\oids.cpp	64	0x005D3EB7	Unwind@005d3eb7	0x005D3EB7	0x005D3EB9
C:\dev\ONSLAUGHT2\oids.cpp	68	0x004BF090	OID__CreateObject	0x004BF6CC	0x004BF6CE
C:\dev\ONSLAUGHT2\oids.cpp	68	0x005D3ECD	Unwind@005d3ecd	0x005D3ECD	0x005D3ECF
C:\dev\ONSLAUGHT2\oids.cpp	69	0x004BF090	OID__CreateObject	0x004BF745	0x004BF747
C:\dev\ONSLAUGHT2\oids.cpp	69	0x005D3EF6	Unwind@005d3ef6	0x005D3EF6	0x005D3EF8
C:\dev\ONSLAUGHT2\oids.cpp	70	0x004BF090	OID__CreateObject	0x004BF79A	0x004BF79C
C:\dev\ONSLAUGHT2\oids.cpp	70	0x005D3F0C	Unwind@005d3f0c	0x005D3F0C	0x005D3F0E
C:\dev\ONSLAUGHT2\oids.cpp	71	0x004BF090	OID__CreateObject	0x004BF818	0x004BF81A
C:\dev\ONSLAUGHT2\oids.cpp	71	0x005D3F35	Unwind@005d3f35	0x005D3F35	0x005D3F37
C:\dev\ONSLAUGHT2\oids.cpp	72	0x004BF090	OID__CreateObject	0x004BF8A3	0x004BF8A5
C:\dev\ONSLAUGHT2\oids.cpp	72	0x005D3F53	Unwind@005d3f53	0x005D3F53	0x005D3F55
C:\dev\ONSLAUGHT2\ParticleDescriptor.cpp	2025	0x004C5410	CPDFoR__Update	0x004C5480	0x004C5485
C:\dev\ONSLAUGHT2\ParticleDescriptor.cpp	2025	0x005D4040	Unwind@005d4040	0x005D4040	0x005D4045
C:\dev\ONSLAUGHT2\ParticleManager.cpp	194	0x004CAED0	CParticle__SetParticleResource	0x004CAF03	0x004CAF08
C:\dev\ONSLAUGHT2\ParticleManager.cpp	422	0x005D4070	Unwind@005d4070	0x005D4070	0x005D4075
C:\dev\ONSLAUGHT2\ParticleManager.cpp	704	0x004CB3D0	CParticleManager__CreateEffect	0x004CB43C	0x004CB441
C:\dev\ONSLAUGHT2\ParticleManager.cpp	704	0x005D40A0	Unwind@005d40a0	0x005D40A0	0x005D40A5
C:\dev\ONSLAUGHT2\ParticleManager.cpp	738	0x004CB5C0	CParticleManager__AllocateParticle	0x004CB61A	0x004CB61F
C:\dev\ONSLAUGHT2\ParticleManager.cpp	738	0x005D40D0	Unwind@005d40d0	0x005D40D0	0x005D40D5
C:\dev\ONSLAUGHT2\ParticleSet.cpp	95	0x004CC020	CParticleSet__CreateByType	0x004CC09B	0x004CC09D
C:\dev\ONSLAUGHT2\ParticleSet.cpp	95	0x005D4100	Unwind@005d4100	0x005D4100	0x005D4102
C:\dev\ONSLAUGHT2\ParticleSet.cpp	96	0x004CC020	CParticleSet__CreateByType	0x004CC1DD	0x004CC1DF
C:\dev\ONSLAUGHT2\ParticleSet.cpp	96	0x005D4116	Unwind@005d4116	0x005D4116	0x005D4118
C:\dev\ONSLAUGHT2\ParticleSet.cpp	97	0x004CC020	CParticleSet__CreateByType	0x004CC2D5	0x004CC2D7
C:\dev\ONSLAUGHT2\ParticleSet.cpp	97	0x005D412C	Unwind@005d412c	0x005D412C	0x005D412E
C:\dev\ONSLAUGHT2\ParticleSet.cpp	98	0x004CC020	CParticleSet__CreateByType	0x004CC312	0x004CC314
C:\dev\ONSLAUGHT2\ParticleSet.cpp	98	0x005D4142	Unwind@005d4142	0x005D4142	0x005D4144
C:\dev\ONSLAUGHT2\ParticleSet.cpp	99	0x004CC020	CParticleSet__CreateByType	0x004CC362	0x004CC364
C:\dev\ONSLAUGHT2\ParticleSet.cpp	99	0x005D4158	Unwind@005d4158	0x005D4158	0x005D415A
C:\dev\ONSLAUGHT2\ParticleSet.cpp	100	0x004CC020	CParticleSet__CreateByType	0x004CC463	0x004CC465
C:\dev\ONSLAUGHT2\ParticleSet.cpp	100	0x005D416E	Unwind@005d416e	0x005D416E	0x005D4170
C:\dev\ONSLAUGHT2\ParticleSet.cpp	101	0x004CC020	CParticleSet__CreateByType	0x004CC4BD	0x004CC4BF
C:\dev\ONSLAUGHT2\ParticleSet.cpp	101	0x005D418C	Unwind@005d418c	0x005D418C	0x005D418E
C:\dev\ONSLAUGHT2\ParticleSet.cpp	102	0x004CC020	CParticleSet__CreateByType	0x004CC535	0x004CC537
C:\dev\ONSLAUGHT2\ParticleSet.cpp	102	0x005D41A2	Unwind@005d41a2	0x005D41A2	0x005D41A4
C:\dev\ONSLAUGHT2\ParticleSet.cpp	103	0x004CC020	CParticleSet__CreateByType	0x004CC635	0x004CC637
C:\dev\ONSLAUGHT2\ParticleSet.cpp	103	0x005D41B8	Unwind@005d41b8	0x005D41B8	0x005D41BA
C:\dev\ONSLAUGHT2\ParticleSet.cpp	104	0x004CC020	CParticleSet__CreateByType	0x004CC690	0x004CC692
C:\dev\ONSLAUGHT2\ParticleSet.cpp	104	0x005D41CE	Unwind@005d41ce	0x005D41CE	0x005D41D0
C:\dev\ONSLAUGHT2\ParticleSet.cpp	105	0x004CC020	CParticleSet__CreateByType	0x004CC73D	0x004CC73F
C:\dev\ONSLAUGHT2\ParticleSet.cpp	105	0x005D41E4	Unwind@005d41e4	0x005D41E4	0x005D41E6
C:\dev\ONSLAUGHT2\ParticleSet.cpp	106	0x004CC020	CParticleSet__CreateByType	0x004CC76D	0x004CC76F
C:\dev\ONSLAUGHT2\ParticleSet.cpp	106	0x005D41FA	Unwind@005d41fa	0x005D41FA	0x005D41FC
C:\dev\ONSLAUGHT2\ParticleSet.cpp	107	0x004CC020	CParticleSet__CreateByType	0x004CC79D	0x004CC79F
C:\dev\ONSLAUGHT2\ParticleSet.cpp	107	0x005D4210	Unwind@005d4210	0x005D4210	0x005D4212
C:\dev\ONSLAUGHT2\ParticleSet.cpp	315	0x004CD7F0	CParticleSet__LoadFromArchive	0x004CD82F	0x004CD834
C:\dev\ONSLAUGHT2\ParticleSet.cpp	348	0x004CD7F0	CParticleSet__LoadFromArchive	0x004CD916	0x004CD91B
C:\dev\ONSLAUGHT2\ParticleSet.cpp	437	0x004CDA60	CParticleSet__LoadParticleSetFile	0x004CDA9D	0x004CDAA2
C:\dev\ONSLAUGHT2\PauseMenu.cpp	1337	0x004CDE60	PauseMenu__Init	0x004CDED3	0x004CDED8
C:\dev\ONSLAUGHT2\PauseMenu.cpp	1337	0x005D4263	Unwind@005d4263	0x005D4263	0x005D4268
C:\dev\ONSLAUGHT2\PauseMenu.cpp	1341	0x004CDE60	PauseMenu__Init	0x004CDF41	0x004CDF46
C:\dev\ONSLAUGHT2\PauseMenu.cpp	1342	0x004CDE60	PauseMenu__Init	0x004CDF96	0x004CDF9B
C:\dev\ONSLAUGHT2\PauseMenu.cpp	1343	0x004CDE60	PauseMenu__Init	0x004CDFE1	0x004CDFE6
C:\dev\ONSLAUGHT2\PauseMenu.cpp	1346	0x004CDE60	PauseMenu__Init	0x004CE03B	0x004CE040
C:\dev\ONSLAUGHT2\PauseMenu.cpp	1347	0x004CDE60	PauseMenu__Init	0x004CE08C	0x004CE091
C:\dev\ONSLAUGHT2\PauseMenu.cpp	1348	0x004CDE60	PauseMenu__Init	0x004CE0D3	0x004CE0D8
C:\dev\ONSLAUGHT2\PauseMenu.cpp	1353	0x004CDE60	PauseMenu__Init	0x004CE124	0x004CE129
C:\dev\ONSLAUGHT2\PauseMenu.cpp	1358	0x004CDE60	PauseMenu__Init	0x004CE153	0x004CE158
C:\dev\ONSLAUGHT2\PauseMenu.cpp	1359	0x004CDE60	PauseMenu__Init	0x004CE1A2	0x004CE1A7
C:\dev\ONSLAUGHT2\PauseMenu.cpp	1368	0x004CDE60	PauseMenu__Init	0x004CE1FB	0x004CE200
C:\dev\ONSLAUGHT2\PauseMenu.cpp	1368	0x005D427F	Unwind@005d427f	0x005D427F	0x005D4284
C:\dev\ONSLAUGHT2\PauseMenu.cpp	1373	0x004CDE60	PauseMenu__Init	0x004CE24D	0x004CE252
C:\dev\ONSLAUGHT2\PauseMenu.cpp	1373	0x005D429B	Unwind@005d429b	0x005D429B	0x005D42A0
C:\dev\ONSLAUGHT2\PauseMenu.cpp	1378	0x004CDE60	PauseMenu__Init	0x004CE2C4	0x004CE2C9
C:\dev\ONSLAUGHT2\PauseMenu.cpp	1378	0x005D42B7	Unwind@005d42b7	0x005D42B7	0x005D42BC
C:\dev\ONSLAUGHT2\PauseMenu.cpp	1384	0x004CDE60	PauseMenu__Init	0x004CE330	0x004CE335
C:\dev\ONSLAUGHT2\PauseMenu.cpp	1388	0x004CDE60	PauseMenu__Init	0x004CE35F	0x004CE364
C:\dev\ONSLAUGHT2\PauseMenu.cpp	1392	0x004CDE60	PauseMenu__Init	0x004CE3AE	0x004CE3B3
C:\dev\ONSLAUGHT2\PauseMenu.cpp	1392	0x005D42D3	Unwind@005d42d3	0x005D42D3	0x005D42D8
C:\dev\ONSLAUGHT2\PauseMenu.cpp	1394	0x004CDE60	PauseMenu__Init	0x004CE3EE	0x004CE3F3
C:\dev\ONSLAUGHT2\PauseMenu.cpp	1395	0x004CDE60	PauseMenu__Init	0x004CE441	0x004CE446
C:\dev\ONSLAUGHT2\PauseMenu.cpp	1396	0x004CDE60	PauseMenu__Init	0x004CE48F	0x004CE494
C:\dev\ONSLAUGHT2\PauseMenu.cpp	1397	0x004CDE60	PauseMenu__Init	0x004CE4E1	0x004CE4E6
C:\dev\ONSLAUGHT2\PauseMenu.cpp	1399	0x004CDE60	PauseMenu__Init	0x004CE530	0x004CE535
C:\dev\ONSLAUGHT2\PauseMenu.cpp	1405	0x004CDE60	PauseMenu__Init	0x004CE589	0x004CE58E
C:\dev\ONSLAUGHT2\PauseMenu.cpp	1405	0x005D42EF	Unwind@005d42ef	0x005D42EF	0x005D42F4
C:\dev\ONSLAUGHT2\PauseMenu.cpp	1408	0x004CDE60	PauseMenu__Init	0x004CE5DB	0x004CE5E0
C:\dev\ONSLAUGHT2\PauseMenu.cpp	1408	0x005D430B	Unwind@005d430b	0x005D430B	0x005D4310
C:\dev\ONSLAUGHT2\PauseMenu.cpp	1411	0x004CDE60	PauseMenu__Init	0x004CE630	0x004CE635
C:\dev\ONSLAUGHT2\PauseMenu.cpp	1411	0x005D4327	Unwind@005d4327	0x005D4327	0x005D432C
C:\dev\ONSLAUGHT2\PauseMenu.cpp	1415	0x004CDE60	PauseMenu__Init	0x004CE6D8	0x004CE6DD
C:\dev\ONSLAUGHT2\PauseMenu.cpp	1415	0x005D4343	Unwind@005d4343	0x005D4343	0x005D4348
C:\dev\ONSLAUGHT2\PauseMenu.cpp	1416	0x004CDE60	PauseMenu__Init	0x004CE72A	0x004CE72F
C:\dev\ONSLAUGHT2\PauseMenu.cpp	1416	0x005D435F	Unwind@005d435f	0x005D435F	0x005D4364
C:\dev\ONSLAUGHT2\PauseMenu.cpp	1417	0x004CDE60	PauseMenu__Init	0x004CE786	0x004CE78B
C:\dev\ONSLAUGHT2\PauseMenu.cpp	1417	0x005D437B	Unwind@005d437b	0x005D437B	0x005D4380
C:\dev\ONSLAUGHT2\PauseMenu.cpp	1418	0x004CDE60	PauseMenu__Init	0x004CE7E3	0x004CE7E8
C:\dev\ONSLAUGHT2\PauseMenu.cpp	1418	0x005D4397	Unwind@005d4397	0x005D4397	0x005D439C
C:\dev\ONSLAUGHT2\PauseMenu.cpp	1421	0x004CDE60	PauseMenu__Init	0x004CE834	0x004CE839
C:\dev\ONSLAUGHT2\PauseMenu.cpp	1421	0x005D43B3	Unwind@005d43b3	0x005D43B3	0x005D43B8
C:\dev\ONSLAUGHT2\PauseMenu.cpp	1427	0x004CDE60	PauseMenu__Init	0x004CE88E	0x004CE893
C:\dev\ONSLAUGHT2\PauseMenu.cpp	1427	0x005D43CF	Unwind@005d43cf	0x005D43CF	0x005D43D4
C:\dev\ONSLAUGHT2\PauseMenu.cpp	1430	0x004CDE60	PauseMenu__Init	0x004CE8DF	0x004CE8E4
C:\dev\ONSLAUGHT2\PauseMenu.cpp	1430	0x005D43EB	Unwind@005d43eb	0x005D43EB	0x005D43F0
C:\dev\ONSLAUGHT2\PauseMenu.cpp	1431	0x004CDE60	PauseMenu__Init	0x004CE933	0x004CE938
C:\dev\ONSLAUGHT2\PauseMenu.cpp	1431	0x005D4407	Unwind@005d4407	0x005D4407	0x005D440C
C:\dev\ONSLAUGHT2\PauseMenu.cpp	1432	0x004CDE60	PauseMenu__Init	0x004CE984	0x004CE989
C:\dev\ONSLAUGHT2\PauseMenu.cpp	1432	0x005D4423	Unwind@005d4423	0x005D4423	0x005D4428
C:\dev\ONSLAUGHT2\PauseMenu.cpp	1433	0x004CDE60	PauseMenu__Init	0x004CE9D6	0x004CE9DB
C:\dev\ONSLAUGHT2\PauseMenu.cpp	1433	0x005D443F	Unwind@005d443f	0x005D443F	0x005D4444
C:\dev\ONSLAUGHT2\PauseMenu.cpp	1434	0x004CDE60	PauseMenu__Init	0x004CEA28	0x004CEA2D
C:\dev\ONSLAUGHT2\PauseMenu.cpp	1434	0x005D445B	Unwind@005d445b	0x005D445B	0x005D4460
C:\dev\ONSLAUGHT2\PauseMenu.cpp	1436	0x004CDE60	PauseMenu__Init	0x004CEA7D	0x004CEA82
C:\dev\ONSLAUGHT2\PauseMenu.cpp	1436	0x005D4477	Unwind@005d4477	0x005D4477	0x005D447C
C:\dev\ONSLAUGHT2\PauseMenu.cpp	1441	0x004CDE60	PauseMenu__Init	0x004CEB09	0x004CEB0E
C:\dev\ONSLAUGHT2\PauseMenu.cpp	1448	0x004CDE60	PauseMenu__Init	0x004CEB69	0x004CEB6E
C:\dev\ONSLAUGHT2\PauseMenu.cpp	1448	0x005D4493	Unwind@005d4493	0x005D4493	0x005D4498
C:\dev\ONSLAUGHT2\PauseMenu.cpp	1450	0x004CDE60	PauseMenu__Init	0x004CEBBB	0x004CEBC0
C:\dev\ONSLAUGHT2\PauseMenu.cpp	1450	0x005D44AF	Unwind@005d44af	0x005D44AF	0x005D44B4
C:\dev\ONSLAUGHT2\PauseMenu.cpp	1451	0x004CDE60	PauseMenu__Init	0x004CEC19	0x004CEC1E
C:\dev\ONSLAUGHT2\PauseMenu.cpp	1451	0x005D44CB	Unwind@005d44cb	0x005D44CB	0x005D44D0
C:\dev\ONSLAUGHT2\PauseMenu.cpp	1452	0x004CDE60	PauseMenu__Init	0x004CEC72	0x004CEC77
C:\dev\ONSLAUGHT2\PauseMenu.cpp	1452	0x005D44E7	Unwind@005d44e7	0x005D44E7	0x005D44EC
C:\dev\ONSLAUGHT2\PauseMenu.cpp	1453	0x004CDE60	PauseMenu__Init	0x004CECBF	0x004CECC4
C:\dev\ONSLAUGHT2\PauseMenu.cpp	1453	0x005D4503	Unwind@005d4503	0x005D4503	0x005D4508
C:\dev\ONSLAUGHT2\PauseMenu.cpp	1454	0x004CDE60	PauseMenu__Init	0x004CED0D	0x004CED12
C:\dev\ONSLAUGHT2\PauseMenu.cpp	1454	0x005D451F	Unwind@005d451f	0x005D451F	0x005D4524
C:\dev\ONSLAUGHT2\PauseMenu.cpp	1457	0x004CDE60	PauseMenu__Init	0x004CED5E	0x004CED63
C:\dev\ONSLAUGHT2\PauseMenu.cpp	1457	0x005D453B	Unwind@005d453b	0x005D453B	0x005D4540
C:\dev\ONSLAUGHT2\PauseMenu.cpp	1459	0x004CDE60	PauseMenu__Init	0x004CEDAC	0x004CEDB1
C:\dev\ONSLAUGHT2\PauseMenu.cpp	1459	0x005D4557	Unwind@005d4557	0x005D4557	0x005D455C
C:\dev\ONSLAUGHT2\PauseMenu.cpp	1461	0x004CDE60	PauseMenu__Init	0x004CEDFA	0x004CEDFF
C:\dev\ONSLAUGHT2\PauseMenu.cpp	1461	0x005D4573	Unwind@005d4573	0x005D4573	0x005D4578
C:\dev\ONSLAUGHT2\PauseMenu.cpp	1462	0x004CDE60	PauseMenu__Init	0x004CEE3C	0x004CEE41
C:\dev\ONSLAUGHT2\PauseMenu.cpp	1633	0x004D0810	CPauseMenu__ButtonPressed	0x004D08EC	0x004D08F1
C:\dev\ONSLAUGHT2\PauseMenu.cpp	1633	0x005D45C0	Unwind@005d45c0	0x005D45C0	0x005D45C5
C:\dev\ONSLAUGHT2\PauseMenu.cpp	1634	0x004D0810	CPauseMenu__ButtonPressed	0x004D096F	0x004D0974
C:\dev\ONSLAUGHT2\PauseMenu.cpp	1635	0x004D0810	CPauseMenu__ButtonPressed	0x004D0A21	0x004D0A26
C:\dev\ONSLAUGHT2\PauseMenu.cpp	2290	0x004D0810	CPauseMenu__ButtonPressed	0x004D09CA	0x004D09CF
C:\dev\ONSLAUGHT2\PauseMenu.cpp	2290	0x004D0810	CPauseMenu__ButtonPressed	0x004D0A71	0x004D0A76
C:\dev\ONSLAUGHT2\PauseMenu.cpp	2290	0x005D45FA	Unwind@005d45fa	0x005D45FA	0x005D45FF
C:\dev\ONSLAUGHT2\PauseMenu.cpp	2290	0x005D4616	Unwind@005d4616	0x005D4616	0x005D461B
C:\dev\ONSLAUGHT2\PCPlatform.cpp	27	0x005154E0	PCPlatform__Init	0x00515510	0x00515512
C:\dev\ONSLAUGHT2\PCPlatform.cpp	27	0x005D66B0	Unwind@005d66b0	0x005D66B0	0x005D66B2
C:\dev\ONSLAUGHT2\PCPlatform.cpp	79	0x005155E0	PCPlatform__LoadFonts	0x00515613	0x00515615
C:\dev\ONSLAUGHT2\PCPlatform.cpp	79	0x005D66E0	Unwind@005d66e0	0x005D66E0	0x005D66E2
C:\dev\ONSLAUGHT2\PCPlatform.cpp	88	0x005155E0	PCPlatform__LoadFonts	0x0051567B	0x0051567D
C:\dev\ONSLAUGHT2\PCPlatform.cpp	88	0x005D66F6	Unwind@005d66f6	0x005D66F6	0x005D66F8
C:\dev\ONSLAUGHT2\PCPlatform.cpp	95	0x005155E0	PCPlatform__LoadFonts	0x005156ED	0x005156EF
C:\dev\ONSLAUGHT2\PCPlatform.cpp	95	0x005D670C	Unwind@005d670c	0x005D670C	0x005D670E
C:\dev\ONSLAUGHT2\PCPlatform.cpp	103	0x005155E0	PCPlatform__LoadFonts	0x0051574B	0x0051574D
C:\dev\ONSLAUGHT2\PCPlatform.cpp	103	0x005D6722	Unwind@005d6722	0x005D6722	0x005D6724
C:\dev\ONSLAUGHT2\PCRTID.cpp	17	0x00516580	PCRTID__CreateObject	0x005165AA	0x005165AC
C:\dev\ONSLAUGHT2\PCRTID.cpp	18	0x00516580	PCRTID__CreateObject	0x005165E3	0x005165E5
C:\dev\ONSLAUGHT2\PCRTID.cpp	20	0x00516580	PCRTID__CreateObject	0x0051661C	0x0051661E
C:\dev\ONSLAUGHT2\PCRTID.cpp	21	0x00516580	PCRTID__CreateObject	0x00516651	0x00516653
C:\dev\ONSLAUGHT2\PCRTID.cpp	21	0x005D6790	Unwind@005d6790	0x005D6790	0x005D6792
C:\dev\ONSLAUGHT2\pcsoundmanager.cpp	229	0x005169B0	CPCSoundManager__Init	0x005169E9	0x005169EE
C:\dev\ONSLAUGHT2\pcsoundmanager.cpp	229	0x005D67D0	Unwind@005d67d0	0x005D67D0	0x005D67D5
C:\dev\ONSLAUGHT2\pcsoundmanager.cpp	679	0x005172A0	CPCSoundManager__CreateSampleFromFile	0x005172E8	0x005172ED
C:\dev\ONSLAUGHT2\pcsoundmanager.cpp	684	0x005172A0	CPCSoundManager__CreateSampleFromFile	0x00517326	0x0051732B
C:\dev\ONSLAUGHT2\pcsoundmanager.cpp	714	0x005172A0	CPCSoundManager__CreateSampleFromFile	0x005173C5	0x005173CA
C:\dev\ONSLAUGHT2\pcsoundmanager.cpp	753	0x005176D0	CPCSoundManager__CreateSampleFromData	0x00517707	0x0051770C
C:\dev\ONSLAUGHT2\Plane.cpp	19	0x004D19D0	CPlane__Init	0x004D1A02	0x004D1A04
C:\dev\ONSLAUGHT2\Plane.cpp	19	0x005D4670	Unwind@005d4670	0x005D4670	0x005D4672
C:\dev\ONSLAUGHT2\Plane.cpp	20	0x004D19D0	CPlane__Init	0x004D1A31	0x004D1A33
C:\dev\ONSLAUGHT2\Plane.cpp	20	0x005D4686	Unwind@005d4686	0x005D4686	0x005D4688
C:\dev\ONSLAUGHT2\Plane.cpp	42	0x004D19D0	CPlane__Init	0x004D1B59	0x004D1B5B
C:\dev\ONSLAUGHT2\Plane.cpp	42	0x005D469C	Unwind@005d469c	0x005D469C	0x005D469E
C:\dev\ONSLAUGHT2\Player.cpp	58	0x004D28C0	CPlayer__GotoFPView	0x004D28E7	0x004D28E9
C:\dev\ONSLAUGHT2\Player.cpp	58	0x005D4730	Unwind@005d4730	0x005D4730	0x005D4732
C:\dev\ONSLAUGHT2\Player.cpp	67	0x004D29C0	CPlayer__Goto3rdPersonView	0x004D29E0	0x004D29E2
C:\dev\ONSLAUGHT2\Player.cpp	67	0x005D4780	Unwind@005d4780	0x005D4780	0x005D4782
C:\dev\ONSLAUGHT2\Player.cpp	160	0x004D2C10	CPlayer__GotoPanView	0x004D2C40	0x004D2C45
C:\dev\ONSLAUGHT2\Player.cpp	160	0x005D47A0	Unwind@005d47a0	0x005D47A0	0x005D47A5
C:\dev\ONSLAUGHT2\Player.cpp	177	0x004D2C10	CPlayer__GotoPanView	0x004D2DDE	0x004D2DE3
C:\dev\ONSLAUGHT2\Player.cpp	181	0x004D2C10	CPlayer__GotoPanView	0x004D2D00	0x004D2D05
C:\dev\ONSLAUGHT2\Player.cpp	182	0x004D2C10	CPlayer__GotoPanView	0x004D2D72	0x004D2D77
C:\dev\ONSLAUGHT2\Player.cpp	185	0x004D2C10	CPlayer__GotoPanView	0x004D2E2C	0x004D2E31
C:\dev\ONSLAUGHT2\Player.cpp	186	0x004D2C10	CPlayer__GotoPanView	0x004D2E9E	0x004D2EA3
C:\dev\ONSLAUGHT2\Player.cpp	188	0x004D2C10	CPlayer__GotoPanView	0x004D2EEC	0x004D2EF1
C:\dev\ONSLAUGHT2\Player.cpp	188	0x005D47B9	Unwind@005d47b9	0x005D47B9	0x005D47BE
C:\dev\ONSLAUGHT2\Player.cpp	190	0x004D2C10	CPlayer__GotoPanView	0x004D2F24	0x004D2F29
C:\dev\ONSLAUGHT2\Player.cpp	190	0x005D47D2	Unwind@005d47d2	0x005D47D2	0x005D47D7
C:\dev\ONSLAUGHT2\RadarWarningReceiver.cpp	65	0x004D66B0	CRadarWarningReceiver__Update	0x004D6814	0x004D6816
C:\dev\ONSLAUGHT2\RadarWarningReceiver.cpp	65	0x005D48A0	Unwind@005d48a0	0x005D48A0	0x005D48A2
C:\dev\ONSLAUGHT2\ResourceAccumulator.cpp	768	0x004D7200	CResourceAccumulator__ReadResourceFile	0x004D72D9	0x004D72DE
C:\dev\ONSLAUGHT2\ResourceAccumulator.cpp	816	0x004D7200	CResourceAccumulator__ReadResourceFile	0x004D7329	0x004D732E
C:\dev\ONSLAUGHT2\ResourceAccumulator.cpp	816	0x005D48D0	Unwind@005d48d0	0x005D48D0	0x005D48D5
C:\dev\ONSLAUGHT2\Round.cpp	98	0x004D8410	CRound__Init	0x004D857D	0x004D857F
C:\dev\ONSLAUGHT2\Round.cpp	98	0x005D4970	Unwind@005d4970	0x005D4970	0x005D4972
C:\dev\ONSLAUGHT2\Round.cpp	108	0x004D8410	CRound__Init	0x004D8611	0x004D8613
C:\dev\ONSLAUGHT2\Round.cpp	108	0x005D4989	Unwind@005d4989	0x005D4989	0x005D498B
C:\dev\ONSLAUGHT2\Round.cpp	531	0x004D9910	VFuncSlot_00_004d9910	0x004D9B02	0x004D9B07
C:\dev\ONSLAUGHT2\Round.cpp	531	0x005D49E8	Unwind@005d49e8	0x005D49E8	0x005D49ED
C:\dev\ONSLAUGHT2\Round.cpp	541	0x004D9910	VFuncSlot_00_004d9910	0x004D9B62	0x004D9B67
C:\dev\ONSLAUGHT2\RTCutscene.cpp	42	0x004DBD80	CRTCutscene__Init	0x004DBDB5	0x004DBDB7
C:\dev\ONSLAUGHT2\RTCutscene.cpp	50	0x004DBD80	CRTCutscene__Init	0x004DBDE2	0x004DBDE4
C:\dev\ONSLAUGHT2\rtmesh.cpp	90	0x004DC370	CRTMesh__Init	0x004DC568	0x004DC56A
C:\dev\ONSLAUGHT2\rtmesh.cpp	117	0x004DC370	CRTMesh__Init	0x004DC721	0x004DC723
C:\dev\ONSLAUGHT2\rtmesh.cpp	118	0x004DC370	CRTMesh__Init	0x004DC73B	0x004DC73D
C:\dev\ONSLAUGHT2\rtmesh.cpp	119	0x004DC370	CRTMesh__Init	0x004DC758	0x004DC75A
C:\dev\ONSLAUGHT2\rtmesh.cpp	120	0x004DC370	CRTMesh__Init	0x004DC775	0x004DC777
C:\dev\ONSLAUGHT2\rtmesh.cpp	121	0x004DC370	CRTMesh__Init	0x004DC792	0x004DC794
C:\dev\ONSLAUGHT2\rtmesh.cpp	122	0x004DC370	CRTMesh__Init	0x004DC7AF	0x004DC7B1
C:\dev\ONSLAUGHT2\rtmesh.cpp	178	0x004DC370	CRTMesh__Init	0x004DC914	0x004DC919
C:\dev\ONSLAUGHT2\Sentinel.cpp	32	0x004DEA50	CSentinel__Init	0x004DEAD2	0x004DEAD4
C:\dev\ONSLAUGHT2\Sentinel.cpp	32	0x005D4B50	Unwind@005d4b50	0x005D4B50	0x005D4B52
C:\dev\ONSLAUGHT2\Sentinel.cpp	33	0x004DEA50	CSentinel__Init	0x004DEB12	0x004DEB14
C:\dev\ONSLAUGHT2\Sentinel.cpp	33	0x005D4B66	Unwind@005d4b66	0x005D4B66	0x005D4B68
C:\dev\ONSLAUGHT2\Sentinel.cpp	34	0x004DEA50	CSentinel__Init	0x004DEB4D	0x004DEB4F
C:\dev\ONSLAUGHT2\Sentinel.cpp	34	0x005D4B7C	Unwind@005d4b7c	0x005D4B7C	0x005D4B7E
C:\dev\ONSLAUGHT2\SoundManager.cpp	81	0x004E00D0	CSoundManager__Init	0x004E014E	0x004E0150
C:\dev\ONSLAUGHT2\SoundManager.cpp	90	0x004E00D0	CSoundManager__Init	0x004E018C	0x004E018E
C:\dev\ONSLAUGHT2\SoundManager.cpp	90	0x005D4BF0	Unwind@005d4bf0	0x005D4BF0	0x005D4BF2
C:\dev\ONSLAUGHT2\SoundManager.cpp	1566	0x004E2530	CEffect__LoadSFXFile	0x004E2631	0x004E2636
C:\dev\ONSLAUGHT2\SphereTrigger.cpp	83	0x004E5700	CSphereTrigger__Hit	0x004E5791	0x004E5793
C:\dev\ONSLAUGHT2\SphereTrigger.cpp	83	0x005D4CF0	Unwind@005d4cf0	0x005D4CF0	0x005D4CF2
C:\dev\ONSLAUGHT2\SPtrSet.cpp	137	0x004E59F0	CSPtrSet__Initialise	0x004E5A11	0x004E5A16
C:\dev\ONSLAUGHT2\SquadNormal.cpp	129	0x005D4DD0	Unwind@005d4dd0	0x005D4DD0	0x005D4DD5
C:\dev\ONSLAUGHT2\SquadNormal.cpp	1079	0x005D4E00	Unwind@005d4e00	0x005D4E00	0x005D4E05
C:\dev\ONSLAUGHT2\SquadNormal.cpp	1163	0x004E91F0	CSquadNormal__SpawnMembers	0x004E9272	0x004E9277
C:\dev\ONSLAUGHT2\SquadNormal.cpp	1163	0x005D4E30	Unwind@005d4e30	0x005D4E30	0x005D4E35
C:\dev\ONSLAUGHT2\SquadRelaxed.cpp	100	0x004EA780	CRelaxedSquad__VFunc_67_004ea780	0x004EA7A2	0x004EA7A4
C:\dev\ONSLAUGHT2\SquadRelaxed.cpp	160	0x005D4E60	Unwind@005d4e60	0x005D4E60	0x005D4E65
C:\dev\ONSLAUGHT2\StaticShadows.cpp	193	0x004EBE40	CStaticShadows__UpdateLightVectorAndRebuild	0x004EBF3A	0x004EBF3F
C:\dev\ONSLAUGHT2\StaticShadows.cpp	394	0x004EC2F0	CStaticShadows__BuildShadowMaps	0x004EC33F	0x004EC344
C:\dev\ONSLAUGHT2\StaticShadows.cpp	394	0x005D4EF0	Unwind@005d4ef0	0x005D4EF0	0x005D4EF5
C:\dev\ONSLAUGHT2\StaticShadows.cpp	423	0x005D4F0C	Unwind@005d4f0c	0x005D4F0C	0x005D4F11
C:\dev\ONSLAUGHT2\StaticShadows.cpp	623	0x004EC2F0	CStaticShadows__BuildShadowMaps	0x004EDA4B	0x004EDA50
C:\dev\ONSLAUGHT2\StaticShadows.cpp	839	0x004EE0F0	CStaticShadows__ApplyShadowsToGrid	0x004EE314	0x004EE319
C:\dev\ONSLAUGHT2\StaticShadows.cpp	1074	0x004EE8F0	CStaticShadows__Load	0x004EE915	0x004EE91A
C:\dev\ONSLAUGHT2\StaticShadows.cpp	1085	0x004EE8F0	CStaticShadows__Load	0x004EE9A8	0x004EE9AD
C:\dev\ONSLAUGHT2\StaticShadows.cpp	1085	0x005D4F90	Unwind@005d4f90	0x005D4F90	0x005D4F95
C:\dev\ONSLAUGHT2\StaticShadows.cpp	1122	0x004EE8F0	CStaticShadows__Load	0x004EEAFB	0x004EEB00
C:\dev\ONSLAUGHT2\Submarine.cpp	29	0x004EEC80	CSubmarine__Init	0x004EED1E	0x004EED20
C:\dev\ONSLAUGHT2\Submarine.cpp	29	0x005D4FC0	Unwind@005d4fc0	0x005D4FC0	0x005D4FC2
C:\dev\ONSLAUGHT2\Submarine.cpp	30	0x004EEC80	CSubmarine__Init	0x004EED58	0x004EED5A
C:\dev\ONSLAUGHT2\Submarine.cpp	30	0x005D4FD6	Unwind@005d4fd6	0x005D4FD6	0x005D4FD8
C:\dev\ONSLAUGHT2\Tentacle.cpp	47	0x005D5050	Unwind@005d5050	0x005D5050	0x005D5052
C:\dev\ONSLAUGHT2\Tentacle.cpp	53	0x005D5070	Unwind@005d5070	0x005D5070	0x005D5072
C:\dev\ONSLAUGHT2\Tentacle.cpp	60	0x005D5090	Unwind@005d5090	0x005D5090	0x005D5092
C:\dev\ONSLAUGHT2\texture.cpp	152	0x004F27F0	CTexture__FindTexture	0x004F28DF	0x004F28E4
C:\dev\ONSLAUGHT2\texture.cpp	152	0x005D5120	CTexture__FindTexture_Unwind	0x005D5120	0x005D5125
C:\dev\ONSLAUGHT2\tgaloader.cpp	119	0x004F2CE0	CTGALoader__Load	0x004F2F12	0x004F2F14
C:\dev\ONSLAUGHT2\thing.cpp	310	0x004F39C0	CThing__InitCollisionSeekingThing	0x004F39D5	0x004F39DA
C:\dev\ONSLAUGHT2\thing.cpp	665	0x004F4230	CComplexThing__SetScript	0x004F427C	0x004F4281
C:\dev\ONSLAUGHT2\thing.cpp	665	0x005D5220	Unwind@005d5220	0x005D5220	0x005D5225
C:\dev\ONSLAUGHT2\thing.cpp	767	0x004F44A0	CComplexThing__SetAnimMode	0x004F44C0	0x004F44C5
C:\dev\ONSLAUGHT2\thing.cpp	767	0x005D5250	Unwind@005d5250	0x005D5250	0x005D5255
C:\dev\ONSLAUGHT2\ThunderHead.cpp	32	0x004F4730	CThunderHead__CreateLegMotion	0x004F4767	0x004F4769
C:\dev\ONSLAUGHT2\ThunderHead.cpp	32	0x005D5280	Unwind@005d5280	0x005D5280	0x005D5282
C:\dev\ONSLAUGHT2\ThunderHead.cpp	43	0x005D52A0	Unwind@005d52a0	0x005D52A0	0x005D52A2
C:\dev\ONSLAUGHT2\ThunderHead.cpp	49	0x005D52C0	Unwind@005d52c0	0x005D52C0	0x005D52C2
C:\dev\ONSLAUGHT2\TokenArchive.cpp	362	0x004F57B0	CTokenArchive__ReadNextToken	0x004F59F5	0x004F59FA
C:\dev\ONSLAUGHT2\TokenArchive.cpp	450	0x004F5BA0	CTokenArchive__ResolveReferences	0x004F5BC0	0x004F5BC5
C:\dev\ONSLAUGHT2\tree.cpp	143	0x004F6480	CTree__VFunc_35_004f6480	0x004F64A5	0x004F64AA
C:\dev\ONSLAUGHT2\tree.cpp	143	0x005D5320	Unwind@005d5320	0x005D5320	0x005D5325
C:\dev\ONSLAUGHT2\tree.cpp	240	0x005D5350	Unwind@005d5350	0x005D5350	0x005D5355
C:\dev\ONSLAUGHT2\triangulate.cpp	7	0x004F7170	Triangulate__CreateQuadMesh	0x004F71A8	0x004F71AA
C:\dev\ONSLAUGHT2\Unit.cpp	192	0x004F86D0	CUnit__Init	0x004F8730	0x004F8735
C:\dev\ONSLAUGHT2\Unit.cpp	192	0x005D5500	Unwind@005d5500	0x005D5500	0x005D5505
C:\dev\ONSLAUGHT2\Unit.cpp	309	0x004F86D0	CUnit__Init	0x004F8BCC	0x004F8BD1
C:\dev\ONSLAUGHT2\Unit.cpp	313	0x004F86D0	CUnit__Init	0x004F8BFE	0x004F8C03
C:\dev\ONSLAUGHT2\Unit.cpp	313	0x005D5519	Unwind@005d5519	0x005D5519	0x005D551E
C:\dev\ONSLAUGHT2\Unit.cpp	347	0x004F86D0	CUnit__Init	0x004F8DC5	0x004F8DCA
C:\dev\ONSLAUGHT2\Unit.cpp	347	0x005D5532	Unwind@005d5532	0x005D5532	0x005D5537
C:\dev\ONSLAUGHT2\Unit.cpp	356	0x004F86D0	CUnit__Init	0x004F8E84	0x004F8E89
C:\dev\ONSLAUGHT2\Unit.cpp	356	0x005D554B	Unwind@005d554b	0x005D554B	0x005D5550
C:\dev\ONSLAUGHT2\Unit.cpp	367	0x004F86D0	CUnit__Init	0x004F8F48	0x004F8F4D
C:\dev\ONSLAUGHT2\Unit.cpp	367	0x005D5564	Unwind@005d5564	0x005D5564	0x005D5569
C:\dev\ONSLAUGHT2\Unit.cpp	1101	0x004F9A90	CUnit__ApplyDamage	0x004FA438	0x004FA43D
C:\dev\ONSLAUGHT2\Unit.cpp	1101	0x005D5598	Unwind@005d5598	0x005D5598	0x005D559D
C:\dev\ONSLAUGHT2\Unit.cpp	2160	0x004FC4E0	CUnit__UpdateTransform	0x004FC5AC	0x004FC5B1
C:\dev\ONSLAUGHT2\Unit.cpp	3099	0x004FE030	CUnit__TriggerEffect	0x004FE23D	0x004FE242
C:\dev\ONSLAUGHT2\Unit.cpp	3099	0x005D55C0	Unwind@005d55c0	0x005D55C0	0x005D55C5
C:\dev\ONSLAUGHT2\vbuftexture.cpp	182	0x005005E0	CVBufTexture__ResizeVertexBuffer	0x0050062A	0x0050062F
C:\dev\ONSLAUGHT2\vbuftexture.cpp	182	0x005D5670	Unwind@005d5670	0x005D5670	0x005D5675
C:\dev\ONSLAUGHT2\vbuftexture.cpp	251	0x005007F0	CVBufTexture__ResizeIndexBuffer	0x00500838	0x0050083D
C:\dev\ONSLAUGHT2\vbuftexture.cpp	251	0x005D56A0	Unwind@005d56a0	0x005D56A0	0x005D56A5
C:\dev\ONSLAUGHT2\vbuftexture.cpp	750	0x00501280	CVBufTexture__GetOrCreate	0x005012C6	0x005012CB
C:\dev\ONSLAUGHT2\VertexShader.cpp	701	0x00502060	CVertexShader__Create	0x00502135	0x0050213A
C:\dev\ONSLAUGHT2\VertexShader.cpp	701	0x005D5710	Unwind@005d5710	0x005D5710	0x005D5715
C:\dev\ONSLAUGHT2\VertexShader.cpp	797	0x005022A0	CVertexShader__LoadFromFile	0x00502398	0x0050239D
C:\dev\ONSLAUGHT2\VertexShader.cpp	941	0x00502420	CVertexShader__CompileShader	0x00502600	0x00502605
C:\dev\ONSLAUGHT2\VertexShader.cpp	996	0x00502420	CVertexShader__CompileShader	0x00502763	0x00502768
C:\dev\ONSLAUGHT2\VertexShader.cpp	2458	0x00503F90	CVertexShader__Clone	0x00503FAF	0x00503FB4
C:\dev\ONSLAUGHT2\VertexShader.cpp	2458	0x005D5740	Unwind@005d5740	0x005D5740	0x005D5745
C:\dev\ONSLAUGHT2\VertexShader.cpp	2514	0x00503F90	CVertexShader__Clone	0x00504074	0x00504079
C:\dev\ONSLAUGHT2\VertexShader.cpp	2531	0x00503F90	CVertexShader__Clone	0x005040C8	0x005040CD
C:\dev\ONSLAUGHT2\VertexShader.cpp	2543	0x00503F90	CVertexShader__Clone	0x00504102	0x00504107
C:\dev\ONSLAUGHT2\VertexShader.cpp	2571	0x00503F90	CVertexShader__Clone	0x00504190	0x00504195
C:\dev\ONSLAUGHT2\VertexShader.cpp	2590	0x00503F90	CVertexShader__Clone	0x005041DA	0x005041DF
C:\dev\ONSLAUGHT2\Warspite.cpp	10	0x005D5770	Unwind@005d5770	0x005D5770	0x005D5772
C:\dev\ONSLAUGHT2\WarspiteDome.cpp	25	0x005047E0	CWarspiteDome__Init	0x00504831	0x00504833
C:\dev\ONSLAUGHT2\WarspiteDome.cpp	25	0x005D57C0	Unwind@005d57c0	0x005D57C0	0x005D57C2
C:\dev\ONSLAUGHT2\WarspiteDome.cpp	26	0x005047E0	CWarspiteDome__Init	0x00504861	0x00504863
C:\dev\ONSLAUGHT2\WarspiteDome.cpp	26	0x005D57D6	Unwind@005d57d6	0x005D57D6	0x005D57D8
C:\dev\ONSLAUGHT2\WarspiteDome.cpp	29	0x005047E0	CWarspiteDome__Init	0x005048D5	0x005048D7
C:\dev\ONSLAUGHT2\WarspiteDome.cpp	29	0x005D57EC	Unwind@005d57ec	0x005D57EC	0x005D57EE
C:\dev\ONSLAUGHT2\wavread.cpp	61	0x00505210	WavRead__ReadMMIO	0x0050529F	0x005052A1
C:\dev\ONSLAUGHT2\WaypointManager.cpp	114	0x00505AE0	CWaypointManager__LoadWaypoints	0x00505B1B	0x00505B1D
C:\dev\ONSLAUGHT2\WaypointManager.cpp	114	0x005D5860	CWaypointManager__LoadWaypoints_unwind	0x005D5860	0x005D5862
C:\dev\ONSLAUGHT2\world.cpp	192	0x0050AC70	CWorld__LoadScriptEvents	0x0050ACC1	0x0050ACC6
C:\dev\ONSLAUGHT2\world.cpp	192	0x005D5B70	Unwind@005d5b70	0x005D5B70	0x005D5B75
C:\dev\ONSLAUGHT2\world.cpp	195	0x0050AC70	CWorld__LoadScriptEvents	0x0050ACF1	0x0050ACF6
C:\dev\ONSLAUGHT2\world.cpp	195	0x005D5B89	Unwind@005d5b89	0x005D5B89	0x005D5B8E
C:\dev\ONSLAUGHT2\world.cpp	197	0x0050AC70	CWorld__LoadScriptEvents	0x0050AD2B	0x0050AD30
C:\dev\ONSLAUGHT2\world.cpp	644	0x0050B780	CWorld__DeserializeWorld	0x0050B7E0	0x0050B7E5
C:\dev\ONSLAUGHT2\world.cpp	644	0x005D5BF0	Unwind@005d5bf0	0x005D5BF0	0x005D5BF5
C:\dev\ONSLAUGHT2\world.cpp	645	0x0050B780	CWorld__DeserializeWorld	0x0050B835	0x0050B83A
C:\dev\ONSLAUGHT2\world.cpp	646	0x0050B780	CWorld__DeserializeWorld	0x0050B85E	0x0050B863
C:\dev\ONSLAUGHT2\world.cpp	757	0x0050B9C0	CWorld__LoadWorld	0x0050BB03	0x0050BB08
C:\dev\ONSLAUGHT2\world.cpp	757	0x005D5C60	Unwind@005d5c60	0x005D5C60	0x005D5C65
C:\dev\ONSLAUGHT2\world.cpp	759	0x0050B9C0	CWorld__LoadWorld	0x0050BB81	0x0050BB86
C:\dev\ONSLAUGHT2\world.cpp	761	0x0050B9C0	CWorld__LoadWorld	0x0050BBAA	0x0050BBAF
C:\dev\ONSLAUGHT2\world.cpp	1131	0x0050B9C0	CWorld__LoadWorld	0x0050CFD3	0x0050CFD8
C:\dev\ONSLAUGHT2\world.cpp	1157	0x0050B9C0	CWorld__LoadWorld	0x0050D030	0x0050D035
C:\dev\ONSLAUGHT2\world.cpp	1334	0x005D5CA0	Unwind@005d5ca0	0x005D5CA0	0x005D5CA5
C:\dev\ONSLAUGHT2\world.cpp	1335	0x0050D580	CWorld__InitLODLists	0x0050D5D4	0x0050D5D9
C:\dev\ONSLAUGHT2\world.cpp	1335	0x005D5CB9	Unwind@005d5cb9	0x005D5CB9	0x005D5CBE
C:\dev\ONSLAUGHT2\world.cpp	1336	0x0050D580	CWorld__InitLODLists	0x0050D61D	0x0050D622
C:\dev\ONSLAUGHT2\world.cpp	1336	0x005D5CD2	Unwind@005d5cd2	0x005D5CD2	0x005D5CD7
C:\dev\ONSLAUGHT2\WorldMeshList.cpp	46	0x0050D9E0	CWorldMeshList__Add	0x0050DB0A	0x0050DB0C
C:\dev\ONSLAUGHT2\WorldMeshList.cpp	46	0x005D5D00	Unwind@005d5d00	0x005D5D00	0x005D5D02
C:\dev\ONSLAUGHT2\WorldPhysicsManager.cpp	75	0x0050DF80	CWorldPhysicsManager__CreateThingByType	0x0050E001	0x0050E003
C:\dev\ONSLAUGHT2\WorldPhysicsManager.cpp	75	0x005D5D20	Unwind@005d5d20	0x005D5D20	0x005D5D22
C:\dev\ONSLAUGHT2\WorldPhysicsManager.cpp	76	0x0050DF80	CWorldPhysicsManager__CreateThingByType	0x0050E051	0x0050E053
C:\dev\ONSLAUGHT2\WorldPhysicsManager.cpp	76	0x005D5D36	Unwind@005d5d36	0x005D5D36	0x005D5D38
C:\dev\ONSLAUGHT2\WorldPhysicsManager.cpp	77	0x0050DF80	CWorldPhysicsManager__CreateThingByType	0x0050E0A5	0x0050E0A7
C:\dev\ONSLAUGHT2\WorldPhysicsManager.cpp	77	0x005D5D4C	Unwind@005d5d4c	0x005D5D4C	0x005D5D4E
C:\dev\ONSLAUGHT2\WorldPhysicsManager.cpp	78	0x0050DF80	CWorldPhysicsManager__CreateThingByType	0x0050E0F9	0x0050E0FB
C:\dev\ONSLAUGHT2\WorldPhysicsManager.cpp	78	0x005D5D62	Unwind@005d5d62	0x005D5D62	0x005D5D64
C:\dev\ONSLAUGHT2\WorldPhysicsManager.cpp	79	0x0050DF80	CWorldPhysicsManager__CreateThingByType	0x0050E14D	0x0050E14F
C:\dev\ONSLAUGHT2\WorldPhysicsManager.cpp	79	0x005D5D78	Unwind@005d5d78	0x005D5D78	0x005D5D7A
C:\dev\ONSLAUGHT2\WorldPhysicsManager.cpp	80	0x0050DF80	CWorldPhysicsManager__CreateThingByType	0x0050E1B8	0x0050E1BA
C:\dev\ONSLAUGHT2\WorldPhysicsManager.cpp	80	0x005D5D96	Unwind@005d5d96	0x005D5D96	0x005D5D98
C:\dev\ONSLAUGHT2\WorldPhysicsManager.cpp	81	0x0050DF80	CWorldPhysicsManager__CreateThingByType	0x0050E20C	0x0050E20E
C:\dev\ONSLAUGHT2\WorldPhysicsManager.cpp	81	0x005D5DAC	Unwind@005d5dac	0x005D5DAC	0x005D5DAE
C:\dev\ONSLAUGHT2\WorldPhysicsManager.cpp	82	0x0050DF80	CWorldPhysicsManager__CreateThingByType	0x0050E260	0x0050E262
C:\dev\ONSLAUGHT2\WorldPhysicsManager.cpp	82	0x005D5DC2	Unwind@005d5dc2	0x005D5DC2	0x005D5DC4
C:\dev\ONSLAUGHT2\WorldPhysicsManager.cpp	83	0x0050DF80	CWorldPhysicsManager__CreateThingByType	0x0050E2B4	0x0050E2B6
C:\dev\ONSLAUGHT2\WorldPhysicsManager.cpp	83	0x005D5DD8	Unwind@005d5dd8	0x005D5DD8	0x005D5DDA
C:\dev\ONSLAUGHT2\WorldPhysicsManager.cpp	85	0x0050DF80	CWorldPhysicsManager__CreateThingByType	0x0050E308	0x0050E30A
C:\dev\ONSLAUGHT2\WorldPhysicsManager.cpp	85	0x005D5DEE	Unwind@005d5dee	0x005D5DEE	0x005D5DF0
C:\dev\ONSLAUGHT2\WorldPhysicsManager.cpp	86	0x0050DF80	CWorldPhysicsManager__CreateThingByType	0x0050E35C	0x0050E35E
C:\dev\ONSLAUGHT2\WorldPhysicsManager.cpp	86	0x005D5E04	Unwind@005d5e04	0x005D5E04	0x005D5E06
C:\dev\ONSLAUGHT2\WorldPhysicsManager.cpp	87	0x0050DF80	CWorldPhysicsManager__CreateThingByType	0x0050E3B0	0x0050E3B2
C:\dev\ONSLAUGHT2\WorldPhysicsManager.cpp	87	0x005D5E1A	Unwind@005d5e1a	0x005D5E1A	0x005D5E1C
C:\dev\ONSLAUGHT2\WorldPhysicsManager.cpp	88	0x0050DF80	CWorldPhysicsManager__CreateThingByType	0x0050E404	0x0050E406
C:\dev\ONSLAUGHT2\WorldPhysicsManager.cpp	88	0x005D5E30	Unwind@005d5e30	0x005D5E30	0x005D5E32
C:\dev\ONSLAUGHT2\WorldPhysicsManager.cpp	89	0x0050DF80	CWorldPhysicsManager__CreateThingByType	0x0050E458	0x0050E45A
C:\dev\ONSLAUGHT2\WorldPhysicsManager.cpp	89	0x005D5E46	Unwind@005d5e46	0x005D5E46	0x005D5E48
C:\dev\ONSLAUGHT2\WorldPhysicsManager.cpp	90	0x0050DF80	CWorldPhysicsManager__CreateThingByType	0x0050E4AC	0x0050E4AE
C:\dev\ONSLAUGHT2\WorldPhysicsManager.cpp	90	0x005D5E5C	Unwind@005d5e5c	0x005D5E5C	0x005D5E5E
C:\dev\ONSLAUGHT2\WorldPhysicsManager.cpp	91	0x0050DF80	CWorldPhysicsManager__CreateThingByType	0x0050E500	0x0050E502
C:\dev\ONSLAUGHT2\WorldPhysicsManager.cpp	91	0x005D5E72	Unwind@005d5e72	0x005D5E72	0x005D5E74
C:\dev\ONSLAUGHT2\WorldPhysicsManager.cpp	92	0x0050DF80	CWorldPhysicsManager__CreateThingByType	0x0050E554	0x0050E556
C:\dev\ONSLAUGHT2\WorldPhysicsManager.cpp	92	0x005D5E88	Unwind@005d5e88	0x005D5E88	0x005D5E8A
C:\dev\ONSLAUGHT2\WorldPhysicsManager.cpp	93	0x0050DF80	CWorldPhysicsManager__CreateThingByType	0x0050E5A8	0x0050E5AA
C:\dev\ONSLAUGHT2\WorldPhysicsManager.cpp	93	0x005D5E9E	Unwind@005d5e9e	0x005D5E9E	0x005D5EA0
C:\dev\ONSLAUGHT2\WorldPhysicsManager.cpp	94	0x0050DF80	CWorldPhysicsManager__CreateThingByType	0x0050E5FC	0x0050E5FE
C:\dev\ONSLAUGHT2\WorldPhysicsManager.cpp	94	0x005D5EB4	Unwind@005d5eb4	0x005D5EB4	0x005D5EB6
C:\dev\ONSLAUGHT2\WorldPhysicsManager.cpp	95	0x0050DF80	CWorldPhysicsManager__CreateThingByType	0x0050E650	0x0050E652
C:\dev\ONSLAUGHT2\WorldPhysicsManager.cpp	95	0x005D5ECA	Unwind@005d5eca	0x005D5ECA	0x005D5ECC
C:\dev\ONSLAUGHT2\WorldPhysicsManager.cpp	96	0x0050DF80	CWorldPhysicsManager__CreateThingByType	0x0050E6A4	0x0050E6A6
C:\dev\ONSLAUGHT2\WorldPhysicsManager.cpp	96	0x005D5EE0	Unwind@005d5ee0	0x005D5EE0	0x005D5EE2
C:\dev\ONSLAUGHT2\WorldPhysicsManager.cpp	97	0x0050DF80	CWorldPhysicsManager__CreateThingByType	0x0050E6F8	0x0050E6FA
C:\dev\ONSLAUGHT2\WorldPhysicsManager.cpp	97	0x005D5EF6	Unwind@005d5ef6	0x005D5EF6	0x005D5EF8
C:\dev\ONSLAUGHT2\WorldPhysicsManager.cpp	98	0x0050DF80	CWorldPhysicsManager__CreateThingByType	0x0050E74C	0x0050E74E
C:\dev\ONSLAUGHT2\WorldPhysicsManager.cpp	98	0x005D5F0C	Unwind@005d5f0c	0x005D5F0C	0x005D5F0E
C:\dev\ONSLAUGHT2\WorldPhysicsManager.cpp	99	0x0050DF80	CWorldPhysicsManager__CreateThingByType	0x0050E7A0	0x0050E7A2
C:\dev\ONSLAUGHT2\WorldPhysicsManager.cpp	99	0x005D5F22	Unwind@005d5f22	0x005D5F22	0x005D5F24
C:\dev\ONSLAUGHT2\WorldPhysicsManager.cpp	145	0x0050F4B0	CWorldPhysicsManager__CreateSquad	0x0050F513	0x0050F518
C:\dev\ONSLAUGHT2\WorldPhysicsManager.cpp	145	0x005D61B0	Unwind@005d61b0	0x005D61B0	0x005D61B5
C:\dev\ONSLAUGHT2\WorldPhysicsManager.cpp	149	0x0050F4B0	CWorldPhysicsManager__CreateSquad	0x0050F576	0x0050F57B
C:\dev\ONSLAUGHT2\WorldPhysicsManager.cpp	149	0x005D61D1	Unwind@005d61d1	0x005D61D1	0x005D61D6
C:\dev\ONSLAUGHT2\WorldPhysicsManager.cpp	196	0x0050F6D0	CWorldPhysicsManager__CreateWeaponByIndex	0x0050F74F	0x0050F754
C:\dev\ONSLAUGHT2\WorldPhysicsManager.cpp	196	0x005D6220	Unwind@005d6220	0x005D6220	0x005D6225
C:\dev\ONSLAUGHT2\WorldPhysicsManager.cpp	211	0x0050F7A0	CWorldPhysicsManager__CreateProjectile	0x0050F7DA	0x0050F7DF
C:\dev\ONSLAUGHT2\WorldPhysicsManager.cpp	211	0x005D6250	Unwind@005d6250	0x005D6250	0x005D6255
C:\dev\ONSLAUGHT2\WorldPhysicsManager.cpp	213	0x0050F7A0	CWorldPhysicsManager__CreateProjectile	0x0050F82F	0x0050F834
C:\dev\ONSLAUGHT2\WorldPhysicsManager.cpp	213	0x005D6269	Unwind@005d6269	0x005D6269	0x005D626E
C:\dev\ONSLAUGHT2\WorldPhysicsManager.cpp	230	0x0050F970	CWorldPhysicsManager__CreateSpawner	0x0050F9EF	0x0050F9F4
C:\dev\ONSLAUGHT2\WorldPhysicsManager.cpp	230	0x005D62C0	Unwind@005d62c0	0x005D62C0	0x005D62C5
C:\dev\ONSLAUGHT2\WorldPhysicsManager.cpp	247	0x0050FA40	CWorldPhysicsManager__CreateCharacter	0x0050FAD5	0x0050FADA
C:\dev\ONSLAUGHT2\WorldPhysicsManager.cpp	247	0x005D62F0	Unwind@005d62f0	0x005D62F0	0x005D62F5
C:\dev\ONSLAUGHT2\WorldPhysicsManager.cpp	249	0x0050FA40	CWorldPhysicsManager__CreateCharacter	0x0050FB79	0x0050FB7E
C:\dev\ONSLAUGHT2\WorldPhysicsManager.cpp	249	0x005D632D	Unwind@005d632d	0x005D632D	0x005D6332
C:\dev\ONSLAUGHT2\WorldPhysicsManager.cpp	251	0x0050FA40	CWorldPhysicsManager__CreateCharacter	0x0050FC0E	0x0050FC13
C:\dev\ONSLAUGHT2\WorldPhysicsManager.cpp	251	0x005D636A	Unwind@005d636a	0x005D636A	0x005D636F
C:\dev\ONSLAUGHT2\WorldPhysicsManager.cpp	265	0x0050FF10	CWorldPhysicsManager__CreatePickup	0x0050FF39	0x0050FF3E
C:\dev\ONSLAUGHT2\WorldPhysicsManager.cpp	265	0x005D6400	Unwind@005d6400	0x005D6400	0x005D6405
C:\dev\ONSLAUGHT2\WorldPhysicsManager.cpp	278	0x00510060	CWorldPhysicsManager__CreateEffect	0x00510089	0x0051008E
C:\dev\ONSLAUGHT2\WorldPhysicsManager.cpp	278	0x005D6450	Unwind@005d6450	0x005D6450	0x005D6455
C:\dev\ONSLAUGHT2\WorldPhysicsManager.cpp	292	0x00510150	CWorldPhysicsManager__CreateTrigger	0x00510179	0x0051017E
C:\dev\ONSLAUGHT2\WorldPhysicsManager.cpp	292	0x005D6480	Unwind@005d6480	0x005D6480	0x005D6485
C:\dev\ONSLAUGHT2\WorldPhysicsManager.cpp	301	0x005102A0	CWorldPhysicsManager__InitializeLists	0x005102B7	0x005102BC
C:\dev\ONSLAUGHT2\WorldPhysicsManager.cpp	301	0x005D64D0	Unwind@005d64d0	0x005D64D0	0x005D64D5
C:\dev\ONSLAUGHT2\WorldPhysicsManager.cpp	302	0x005102A0	CWorldPhysicsManager__InitializeLists	0x005102ED	0x005102F2
C:\dev\ONSLAUGHT2\WorldPhysicsManager.cpp	302	0x005D64E9	Unwind@005d64e9	0x005D64E9	0x005D64EE
C:\dev\ONSLAUGHT2\WorldPhysicsManager.cpp	303	0x005102A0	CWorldPhysicsManager__InitializeLists	0x0051032F	0x00510334
C:\dev\ONSLAUGHT2\WorldPhysicsManager.cpp	303	0x005D6502	Unwind@005d6502	0x005D6502	0x005D6507
C:\dev\ONSLAUGHT2\WorldPhysicsManager.cpp	304	0x005102A0	CWorldPhysicsManager__InitializeLists	0x0051036E	0x00510373
C:\dev\ONSLAUGHT2\WorldPhysicsManager.cpp	304	0x005D651B	Unwind@005d651b	0x005D651B	0x005D6520
C:\dev\ONSLAUGHT2\WorldPhysicsManager.cpp	305	0x005102A0	CWorldPhysicsManager__InitializeLists	0x005103AD	0x005103B2
C:\dev\ONSLAUGHT2\WorldPhysicsManager.cpp	305	0x005D6534	Unwind@005d6534	0x005D6534	0x005D6539
C:\dev\ONSLAUGHT2\WorldPhysicsManager.cpp	306	0x005102A0	CWorldPhysicsManager__InitializeLists	0x005103EC	0x005103F1
C:\dev\ONSLAUGHT2\WorldPhysicsManager.cpp	306	0x005D654D	Unwind@005d654d	0x005D654D	0x005D6552
C:\dev\ONSLAUGHT2\WorldPhysicsManager.cpp	307	0x005102A0	CWorldPhysicsManager__InitializeLists	0x0051042B	0x00510430
C:\dev\ONSLAUGHT2\WorldPhysicsManager.cpp	307	0x005D6566	Unwind@005d6566	0x005D6566	0x005D656B
C:\dev\ONSLAUGHT2\WorldPhysicsManager.cpp	308	0x005102A0	CWorldPhysicsManager__InitializeLists	0x0051046A	0x0051046F
C:\dev\ONSLAUGHT2\WorldPhysicsManager.cpp	308	0x005D657F	Unwind@005d657f	0x005D657F	0x005D6584
C:\dev\ONSLAUGHT2\WorldPhysicsManager.cpp	309	0x005102A0	CWorldPhysicsManager__InitializeLists	0x005104A9	0x005104AE
C:\dev\ONSLAUGHT2\WorldPhysicsManager.cpp	309	0x005D6598	Unwind@005d6598	0x005D6598	0x005D659D
C:\dev\ONSLAUGHT2\WorldPhysicsManager.h	193	0x004317A0	CHazardStatement__CreateAndRegisterByName	0x004317EF	0x004317F4
C:\dev\ONSLAUGHT2\WorldPhysicsManager.h	265	0x00431350	CFeatureStatement__CreateAndRegisterByName	0x0043139F	0x004313A4
C:\dev\ONSLAUGHT2\WorldPhysicsManager.h	357	0x00430510	CSpawnerData__CreateAndRegisterByName	0x0043056E	0x00430573
C:\dev\ONSLAUGHT2\WorldPhysicsManager.h	472	0x0042FFA0	CRoundData__CreateAndRegisterByName	0x0042FFFC	0x00430001
C:\dev\ONSLAUGHT2\WorldPhysicsManager.h	732	0x0042FA80	CWeaponModeStatement__Create	0x0042FAF5	0x0042FAFA
C:\dev\ONSLAUGHT2\WorldPhysicsManager.h	997	0x00435A00	CWeaponLaunchSequence__VFunc_1_00435a00	0x00435AB5	0x00435ABA
C:\dev\ONSLAUGHT2\WorldPhysicsManager.h	1029	0x00435B50	CWeaponLaunchAngle__VFunc_1_00435b50	0x00435C0E	0x00435C13
C:\dev\ONSLAUGHT2\WorldPhysicsManager.h	1136	0x0042F5F0	WeaponDefinition__CreateAndRegisterByName	0x0042F648	0x0042F64D
C:\dev\ONSLAUGHT2\WorldPhysicsManager.h	1244	0x004309E0	ExplosionDefinition__CreateAndRegisterByName	0x00430A38	0x00430A3D
C:\dev\ONSLAUGHT2\WorldPhysicsManager.h	1623	0x0042EE90	CUnitAI__CreateAndRegisterByName	0x0042EF21	0x0042EF26
C:\dev\ONSLAUGHT2\WorldPhysicsManager.h	1623	0x00430E60	CComponent__CreateAndRegisterByName	0x00430EF1	0x00430EF6
C:\dev\ONSLAUGHT2\WorldPhysicsManager.h	2009	0x00433390	CComponentBasedOn__CopyFrom	0x00433BC1	0x00433BC6
C:\dev\ONSLAUGHT2\WorldPhysicsManager.h	2020	0x00433390	CComponentBasedOn__CopyFrom	0x00433C18	0x00433C1D
C:\dev\ONSLAUGHT2\WorldPhysicsManager.h	2031	0x00433390	CComponentBasedOn__CopyFrom	0x00433C72	0x00433C77
C:\dev\ONSLAUGHT2\WorldPhysicsManager.h	2382	0x0042FFA0	CRoundData__CreateAndRegisterByName	0x0042FFB8	0x0042FFBD
C:\dev\ONSLAUGHT2\WorldPhysicsManager.h	2382	0x005D1D20	Unwind@005d1d20	0x005D1D20	0x005D1D25
C:\dev\ONSLAUGHT2\WorldPhysicsManager.h	2389	0x0042FA80	CWeaponModeStatement__Create	0x0042FA98	0x0042FA9D
C:\dev\ONSLAUGHT2\WorldPhysicsManager.h	2389	0x005D1CC0	Unwind@005d1cc0	0x005D1CC0	0x005D1CC5
C:\dev\ONSLAUGHT2\WorldPhysicsManager.h	2396	0x0042F5F0	WeaponDefinition__CreateAndRegisterByName	0x0042F608	0x0042F60D
C:\dev\ONSLAUGHT2\WorldPhysicsManager.h	2396	0x005D1C70	Unwind@005d1c70	0x005D1C70	0x005D1C75
C:\dev\ONSLAUGHT2\WorldPhysicsManager.h	2403	0x00430510	CSpawnerData__CreateAndRegisterByName	0x00430528	0x0043052D
C:\dev\ONSLAUGHT2\WorldPhysicsManager.h	2403	0x005D1D70	Unwind@005d1d70	0x005D1D70	0x005D1D75
C:\dev\ONSLAUGHT2\WorldPhysicsManager.h	2410	0x004309E0	ExplosionDefinition__CreateAndRegisterByName	0x004309F8	0x004309FD
C:\dev\ONSLAUGHT2\WorldPhysicsManager.h	2410	0x005D1DC0	Unwind@005d1dc0	0x005D1DC0	0x005D1DC5
C:\dev\ONSLAUGHT2\WorldPhysicsManager.h	2417	0x0042EE90	CUnitAI__CreateAndRegisterByName	0x0042EEA7	0x0042EEAC
C:\dev\ONSLAUGHT2\WorldPhysicsManager.h	2417	0x005D1C00	Unwind@005d1c00	0x005D1C00	0x005D1C05
C:\dev\ONSLAUGHT2\WorldPhysicsManager.h	2424	0x00430E60	CComponent__CreateAndRegisterByName	0x00430E77	0x00430E7C
C:\dev\ONSLAUGHT2\WorldPhysicsManager.h	2424	0x005D1E10	Unwind@005d1e10	0x005D1E10	0x005D1E15
C:\dev\ONSLAUGHT2\WorldPhysicsManager.h	2431	0x00431350	CFeatureStatement__CreateAndRegisterByName	0x00431368	0x0043136D
C:\dev\ONSLAUGHT2\WorldPhysicsManager.h	2431	0x005D1E80	Unwind@005d1e80	0x005D1E80	0x005D1E85
C:\dev\ONSLAUGHT2\WorldPhysicsManager.h	2438	0x004317A0	CHazardStatement__CreateAndRegisterByName	0x004317B8	0x004317BD
C:\dev\ONSLAUGHT2\WorldPhysicsManager.h	2438	0x005D1ED0	Unwind@005d1ed0	0x005D1ED0	0x005D1ED5
C:\dev\ONSLAUGHT2\XBOXAsyncCache.cpp	29	0x00539CA0	CXBOXAsyncCache__LoadAsync	0x00539CCE	0x00539CD0
C:\dev\ONSLAUGHT2\XBOXAsyncCache.cpp	29	0x005D7610	Unwind@005d7610	0x005D7610	0x005D7612
