sourcePath	sourceLine	functionVa	functionName	pushLineAt	pushPathAt	pairingMode	interveningInstructions	consumerAt	consumerVa	consumerName
C:\dev\ONSLAUGHT2\AirUnit.cpp	42	0x00402AD0	CAirUnit__Init	0x00402BD5	0x00402BD7	ADJACENT	0	0x00402BE5	0x005490E0	CDXMemoryManager__Alloc
C:\dev\ONSLAUGHT2\AirUnit.cpp	42	0x005D0F70	Unwind@005d0f70	0x005D0F70	0x005D0F72	ADJACENT	0	0x005D0F7D	0x00449D40	OID__FreeObject_Callback
C:\dev\ONSLAUGHT2\AirUnit.cpp	54	0x00402AD0	CAirUnit__Init	0x00402C9D	0x00402C9F	ADJACENT	0	0x00402CAD	0x005490E0	CDXMemoryManager__Alloc
C:\dev\ONSLAUGHT2\AirUnit.cpp	54	0x005D0F86	Unwind@005d0f86	0x005D0F86	0x005D0F88	ADJACENT	0	0x005D0F93	0x00449D40	OID__FreeObject_Callback
C:\dev\ONSLAUGHT2\Array.h	18	0x0047D590	CGroundVehicleGuide__Constructor	0x0047D5B9	0x0047D5BE	STACK_STABLE_GAP	1	0x0047D5DF	0x005490E0	CDXMemoryManager__Alloc
C:\dev\ONSLAUGHT2\Array.h	18	0x0047D590	CGroundVehicleGuide__Constructor	0x0047D5E7	0x0047D5E9	ADJACENT	0	0x0047D603	0x005490E0	CDXMemoryManager__Alloc
C:\dev\ONSLAUGHT2\array.h	18	0x0048A3C0	CInfantryGuide__ctor	0x0048A3EA	0x0048A3F4	STACK_STABLE_GAP	2	0x0048A410	0x005490E0	CDXMemoryManager__Alloc
C:\dev\ONSLAUGHT2\array.h	18	0x0048A3C0	CInfantryGuide__ctor	0x0048A418	0x0048A41A	ADJACENT	0	0x0048A42E	0x005490E0	CDXMemoryManager__Alloc
C:\dev\ONSLAUGHT2\Array.h	18	0x004A0A20	CMechGuide__ctor	0x004A0A4A	0x004A0A54	STACK_STABLE_GAP	2	0x004A0A70	0x005490E0	CDXMemoryManager__Alloc
C:\dev\ONSLAUGHT2\Array.h	18	0x004A0A20	CMechGuide__ctor	0x004A0A78	0x004A0A7A	ADJACENT	0	0x004A0A8E	0x005490E0	CDXMemoryManager__Alloc
C:\dev\ONSLAUGHT2\array.h	18	0x004D40D0	CPolyBucket__Build	0x004D4136	0x004D4138	ADJACENT	0	0x004D414D	0x005490E0	CDXMemoryManager__Alloc
C:\dev\ONSLAUGHT2\array.h	18	0x004D59F0	CPolyBucket__Load	0x004D5D1C	0x004D5D28	STACK_STABLE_GAP	3	0x004D5D37	0x005490E0	CDXMemoryManager__Alloc
C:\dev\ONSLAUGHT2\array.h	18	0x004E6870	CNormalSquad__Constructor	0x004E68B3	0x004E68BB	STACK_STABLE_GAP	1	0x004E68D9	0x005490E0	CDXMemoryManager__Alloc
C:\dev\ONSLAUGHT2\array.h	18	0x004E6870	CNormalSquad__Constructor	0x004E68E1	0x004E68E3	ADJACENT	0	0x004E68FD	0x005490E0	CDXMemoryManager__Alloc
C:\dev\ONSLAUGHT2\array.h	18	0x005D481C	Unwind@005d481c	0x005D481C	0x005D481E	ADJACENT	0	0x005D482C	0x00449D40	OID__FreeObject_Callback
C:\dev\ONSLAUGHT2\Atmospherics.cpp	112	0x00404A00	Atmospherics__Init	0x00404A73	0x00404A75	ADJACENT	0	0x00404A81	0x005490E0	CDXMemoryManager__Alloc
C:\dev\ONSLAUGHT2\Atmospherics.cpp	112	0x005D0FF0	Unwind@005d0ff0	0x005D0FF0	0x005D0FF2	ADJACENT	0	0x005D0FFD	0x00449D40	OID__FreeObject_Callback
C:\dev\ONSLAUGHT2\Atmospherics.cpp	115	0x00404A00	Atmospherics__Init	0x00404A9D	0x00404A9F	ADJACENT	0	0x00404AB8	0x005490E0	CDXMemoryManager__Alloc
C:\dev\ONSLAUGHT2\Atmospherics.cpp	115	0x005D1006	Unwind@005d1006	0x005D1006	0x005D1008	ADJACENT	0	0x005D1013	0x00449D40	OID__FreeObject_Callback
C:\dev\ONSLAUGHT2\BattleEngine.cpp	99	0x00404DD0	CBattleEngine__Init	0x00404F83	0x00404F85	ADJACENT	0	0x00404F93	0x005490E0	CDXMemoryManager__Alloc
C:\dev\ONSLAUGHT2\BattleEngine.cpp	99	0x005D1030	Unwind@005d1030	0x005D1030	0x005D1032	ADJACENT	0	0x005D1040	0x00449D40	OID__FreeObject_Callback
C:\dev\ONSLAUGHT2\BattleEngine.cpp	100	0x00404DD0	CBattleEngine__Init	0x00404FB4	0x00404FB6	ADJACENT	0	0x00404FD5	0x005490E0	CDXMemoryManager__Alloc
C:\dev\ONSLAUGHT2\BattleEngine.cpp	100	0x005D1049	Unwind@005d1049	0x005D1049	0x005D104B	ADJACENT	0	0x005D1059	0x00449D40	OID__FreeObject_Callback
C:\dev\ONSLAUGHT2\BattleEngine.cpp	177	0x00404DD0	CBattleEngine__Init	0x0040529D	0x004052A2	ADJACENT	0	0x004052B0	0x005490E0	CDXMemoryManager__Alloc
C:\dev\ONSLAUGHT2\BattleEngine.cpp	177	0x005D106D	Unwind@005d106d	0x005D106D	0x005D1072	ADJACENT	0	0x005D1080	0x00449D40	OID__FreeObject_Callback
C:\dev\ONSLAUGHT2\BattleEngine.cpp	189	0x00404DD0	CBattleEngine__Init	0x00405353	0x00405358	ADJACENT	0	0x00405366	0x005490E0	CDXMemoryManager__Alloc
C:\dev\ONSLAUGHT2\BattleEngine.cpp	189	0x005D1089	Unwind@005d1089	0x005D1089	0x005D108E	ADJACENT	0	0x005D109C	0x00449D40	OID__FreeObject_Callback
C:\dev\ONSLAUGHT2\BattleEngine.cpp	200	0x00404DD0	CBattleEngine__Init	0x004053C7	0x004053CC	ADJACENT	0	0x004053DD	0x005490E0	CDXMemoryManager__Alloc
C:\dev\ONSLAUGHT2\BattleEngine.cpp	200	0x005D10A5	Unwind@005d10a5	0x005D10A5	0x005D10AA	ADJACENT	0	0x005D10B8	0x00449D40	OID__FreeObject_Callback
C:\dev\ONSLAUGHT2\BattleEngine.cpp	264	0x00404DD0	CBattleEngine__Init	0x0040558F	0x0040559A	STACK_STABLE_GAP	1	0x004055C2	0x005490E0	CDXMemoryManager__Alloc
C:\dev\ONSLAUGHT2\BattleEngine.cpp	264	0x005D10DD	Unwind@005d10dd	0x005D10DD	0x005D10E2	ADJACENT	0	0x005D10F0	0x00449D40	OID__FreeObject_Callback
C:\dev\ONSLAUGHT2\BattleEngine.cpp	292	0x00404DD0	CBattleEngine__Init	0x0040565B	0x00405666	STACK_STABLE_GAP	2	0x004056CB	0x005490E0	CDXMemoryManager__Alloc
C:\dev\ONSLAUGHT2\BattleEngine.cpp	292	0x005D10F9	Unwind@005d10f9	0x005D10F9	0x005D10FE	ADJACENT	0	0x005D110C	0x00449D40	OID__FreeObject_Callback
C:\dev\ONSLAUGHT2\BattleEngine.cpp	501	0x00404DD0	CBattleEngine__Init	0x004054D7	0x004054DC	ADJACENT	0	0x004054EA	0x005490E0	CDXMemoryManager__Alloc
C:\dev\ONSLAUGHT2\BattleEngine.cpp	501	0x004063B0	CBattleEngine__UpdateWeaponEffect	0x004063D6	0x004063DB	ADJACENT	0	0x004063E9	0x005490E0	CDXMemoryManager__Alloc
C:\dev\ONSLAUGHT2\BattleEngine.cpp	501	0x005D10C1	Unwind@005d10c1	0x005D10C1	0x005D10C6	ADJACENT	0	0x005D10D4	0x00449D40	OID__FreeObject_Callback
C:\dev\ONSLAUGHT2\BattleEngine.cpp	501	0x005D11F0	Unwind@005d11f0	0x005D11F0	0x005D11F5	ADJACENT	0	0x005D1200	0x00449D40	OID__FreeObject_Callback
C:\dev\ONSLAUGHT2\BattleEngine.cpp	818	0x00406FC0	CBattleEngine__StartLock	0x0040700B	0x00407010	ADJACENT	0	0x0040701E	0x005490E0	CDXMemoryManager__Alloc
C:\dev\ONSLAUGHT2\BattleEngine.cpp	3595	0x0040A890	CBattleEngine__Damage	0x0040AA3E	0x0040AA43	ADJACENT	0	0x0040AA60	0x005490E0	CDXMemoryManager__Alloc
C:\dev\ONSLAUGHT2\BattleEngineConfigurations.cpp	44	0x0040F180	BattleEngineConfigurations__Load	0x0040F1F0	0x0040F1F3	STACK_STABLE_GAP	1	0x0040F200	0x005490E0	CDXMemoryManager__Alloc
C:\dev\ONSLAUGHT2\BattleEngineConfigurations.cpp	68	0x0040F260	BattleEngineConfigurations__Skip	0x0040F294	0x0040F297	STACK_STABLE_GAP	1	0x0040F2A4	0x005490E0	CDXMemoryManager__Alloc
C:\dev\ONSLAUGHT2\BattleEngineDataManager.cpp	32	0x0040F590	CBattleEngineData__Initialise	0x0040F594	0x0040F598	STACK_STABLE_GAP	1	0x0040F5A6	0x005490E0	CDXMemoryManager__Alloc
C:\dev\ONSLAUGHT2\BattleEngineDataManager.cpp	35	0x0040F590	CBattleEngineData__Initialise	0x0040F5BD	0x0040F5C5	STACK_STABLE_GAP	3	0x0040F5E5	0x005490E0	CDXMemoryManager__Alloc
C:\dev\ONSLAUGHT2\BattleEngineDataManager.cpp	36	0x0040F590	CBattleEngineData__Initialise	0x0040F5EA	0x0040F5EC	ADJACENT	0	0x0040F5FC	0x005490E0	CDXMemoryManager__Alloc
C:\dev\ONSLAUGHT2\BattleEngineDataManager.cpp	40	0x0040F590	CBattleEngineData__Initialise	0x0040F630	0x0040F632	ADJACENT	0	0x0040F640	0x005490E0	CDXMemoryManager__Alloc
C:\dev\ONSLAUGHT2\BattleEngineDataManager.cpp	41	0x0040F590	CBattleEngineData__Initialise	0x0040F645	0x0040F647	ADJACENT	0	0x0040F657	0x005490E0	CDXMemoryManager__Alloc
C:\dev\ONSLAUGHT2\BattleEngineDataManager.cpp	45	0x0040F590	CBattleEngineData__Initialise	0x0040F68B	0x0040F68D	ADJACENT	0	0x0040F69B	0x005490E0	CDXMemoryManager__Alloc
C:\dev\ONSLAUGHT2\BattleEngineDataManager.cpp	46	0x0040F590	CBattleEngineData__Initialise	0x0040F6A0	0x0040F6A2	ADJACENT	0	0x0040F6B2	0x005490E0	CDXMemoryManager__Alloc
C:\dev\ONSLAUGHT2\BattleEngineDataManager.cpp	50	0x0040F590	CBattleEngineData__Initialise	0x0040F6E6	0x0040F6E8	ADJACENT	0	0x0040F6F6	0x005490E0	CDXMemoryManager__Alloc
C:\dev\ONSLAUGHT2\BattleEngineDataManager.cpp	51	0x0040F590	CBattleEngineData__Initialise	0x0040F6FB	0x0040F6FD	ADJACENT	0	0x0040F70D	0x005490E0	CDXMemoryManager__Alloc
C:\dev\ONSLAUGHT2\BattleEngineDataManager.cpp	61	0x0040F590	CBattleEngineData__Initialise	0x0040F75D	0x0040F75F	ADJACENT	0	0x0040F76D	0x005490E0	CDXMemoryManager__Alloc
C:\dev\ONSLAUGHT2\BattleEngineDataManager.cpp	64	0x0040F590	CBattleEngineData__Initialise	0x0040F781	0x0040F789	STACK_STABLE_GAP	3	0x0040F7A9	0x005490E0	CDXMemoryManager__Alloc
C:\dev\ONSLAUGHT2\BattleEngineDataManager.cpp	67	0x0040F590	CBattleEngineData__Initialise	0x0040F7AE	0x0040F7B0	ADJACENT	0	0x0040F7C3	0x005490E0	CDXMemoryManager__Alloc
C:\dev\ONSLAUGHT2\BattleEngineDataManager.cpp	70	0x0040F590	CBattleEngineData__Initialise	0x0040F7C8	0x0040F7CA	ADJACENT	0	0x0040F7DD	0x005490E0	CDXMemoryManager__Alloc
C:\dev\ONSLAUGHT2\BattleEngineDataManager.cpp	192	0x0040F980	CBattleEngineData__LoadFromMemBuffer	0x0040FA73	0x0040FA78	ADJACENT	0	0x0040FA86	0x005490E0	CDXMemoryManager__Alloc
C:\dev\ONSLAUGHT2\BattleEngineDataManager.cpp	193	0x0040F980	CBattleEngineData__LoadFromMemBuffer	0x0040FA8B	0x0040FA90	ADJACENT	0	0x0040FAA2	0x005490E0	CDXMemoryManager__Alloc
C:\dev\ONSLAUGHT2\BattleEngineDataManager.cpp	207	0x0040F980	CBattleEngineData__LoadFromMemBuffer	0x0040FADE	0x0040FAE3	ADJACENT	0	0x0040FAF1	0x005490E0	CDXMemoryManager__Alloc
C:\dev\ONSLAUGHT2\BattleEngineDataManager.cpp	208	0x0040F980	CBattleEngineData__LoadFromMemBuffer	0x0040FAF8	0x0040FAFD	ADJACENT	0	0x0040FB0D	0x005490E0	CDXMemoryManager__Alloc
C:\dev\ONSLAUGHT2\BattleEngineDataManager.cpp	222	0x0040F980	CBattleEngineData__LoadFromMemBuffer	0x0040FB49	0x0040FB4E	ADJACENT	0	0x0040FB5C	0x005490E0	CDXMemoryManager__Alloc
C:\dev\ONSLAUGHT2\BattleEngineDataManager.cpp	223	0x0040F980	CBattleEngineData__LoadFromMemBuffer	0x0040FB63	0x0040FB68	ADJACENT	0	0x0040FB78	0x005490E0	CDXMemoryManager__Alloc
C:\dev\ONSLAUGHT2\BattleEngineDataManager.cpp	237	0x0040F980	CBattleEngineData__LoadFromMemBuffer	0x0040FBB4	0x0040FBB9	ADJACENT	0	0x0040FBC7	0x005490E0	CDXMemoryManager__Alloc
C:\dev\ONSLAUGHT2\BattleEngineDataManager.cpp	238	0x0040F980	CBattleEngineData__LoadFromMemBuffer	0x0040FBCE	0x0040FBD3	ADJACENT	0	0x0040FBE3	0x005490E0	CDXMemoryManager__Alloc
C:\dev\ONSLAUGHT2\BattleEngineDataManager.cpp	252	0x0040F980	CBattleEngineData__LoadFromMemBuffer	0x0040FC1F	0x0040FC24	ADJACENT	0	0x0040FC32	0x005490E0	CDXMemoryManager__Alloc
C:\dev\ONSLAUGHT2\BattleEngineDataManager.cpp	253	0x0040F980	CBattleEngineData__LoadFromMemBuffer	0x0040FC39	0x0040FC3E	ADJACENT	0	0x0040FC4E	0x005490E0	CDXMemoryManager__Alloc
C:\dev\ONSLAUGHT2\BattleEngineDataManager.cpp	268	0x0040F980	CBattleEngineData__LoadFromMemBuffer	0x0040FC8F	0x0040FC94	ADJACENT	0	0x0040FCA4	0x005490E0	CDXMemoryManager__Alloc
C:\dev\ONSLAUGHT2\BattleEngineDataManager.cpp	298	0x0040F980	CBattleEngineData__LoadFromMemBuffer	0x0040FD50	0x0040FD55	ADJACENT	0	0x0040FD65	0x005490E0	CDXMemoryManager__Alloc
C:\dev\ONSLAUGHT2\BattleEngineDataManager.cpp	304	0x0040F980	CBattleEngineData__LoadFromMemBuffer	0x0040FD84	0x0040FD89	ADJACENT	0	0x0040FD97	0x005490E0	CDXMemoryManager__Alloc
C:\dev\ONSLAUGHT2\BattleEngineDataManager.cpp	324	0x0040F980	CBattleEngineData__LoadFromMemBuffer	0x0040FDFE	0x0040FE03	ADJACENT	0	0x0040FE11	0x005490E0	CDXMemoryManager__Alloc
C:\dev\ONSLAUGHT2\BattleEngineDataManager.cpp	325	0x0040F980	CBattleEngineData__LoadFromMemBuffer	0x0040FE16	0x0040FE1B	ADJACENT	0	0x0040FE2D	0x005490E0	CDXMemoryManager__Alloc
C:\dev\ONSLAUGHT2\BattleEngineDataManager.cpp	347	0x0040F980	CBattleEngineData__LoadFromMemBuffer	0x0040FE8A	0x0040FE8F	ADJACENT	0	0x0040FE9D	0x005490E0	CDXMemoryManager__Alloc
C:\dev\ONSLAUGHT2\BattleEngineDataManager.cpp	348	0x0040F980	CBattleEngineData__LoadFromMemBuffer	0x0040FEA2	0x0040FEA7	ADJACENT	0	0x0040FEB9	0x005490E0	CDXMemoryManager__Alloc
C:\dev\ONSLAUGHT2\BattleEngineDataManager.cpp	402	0x0040F980	CBattleEngineData__LoadFromMemBuffer	0x0040FFB8	0x0040FFBD	ADJACENT	0	0x0040FFCB	0x005490E0	CDXMemoryManager__Alloc
C:\dev\ONSLAUGHT2\BattleEngineDataManager.cpp	417	0x0040F980	CBattleEngineData__LoadFromMemBuffer	0x00410017	0x0041001C	ADJACENT	0	0x0041002A	0x005490E0	CDXMemoryManager__Alloc
C:\dev\ONSLAUGHT2\BattleEngineDataManager.cpp	432	0x0040F980	CBattleEngineData__LoadFromMemBuffer	0x00410076	0x0041007B	ADJACENT	0	0x00410089	0x005490E0	CDXMemoryManager__Alloc
C:\dev\ONSLAUGHT2\BattleEngineDataManager.cpp	438	0x0040F980	CBattleEngineData__LoadFromMemBuffer	0x00410099	0x0041009E	ADJACENT	0	0x004100AC	0x005490E0	CDXMemoryManager__Alloc
C:\dev\ONSLAUGHT2\BattleEngineDataManager.h	263	0x00510800	CWorldPhysicsManager__ReloadDefaultPhysicsAndBattleEngineData	0x005108E6	0x005108EB	ADJACENT	0	0x005108FC	0x005490E0	CDXMemoryManager__Alloc
C:\dev\ONSLAUGHT2\BattleEngineDataManager.h	263	0x005D65D9	Unwind@005d65d9	0x005D65D9	0x005D65DE	ADJACENT	0	0x005D65EC	0x00449D40	OID__FreeObject_Callback
C:\dev\ONSLAUGHT2\BattleEngineDataManager.h	310	0x00510800	CWorldPhysicsManager__ReloadDefaultPhysicsAndBattleEngineData	0x005109D4	0x005109D9	ADJACENT	0	0x005109EA	0x005490E0	CDXMemoryManager__Alloc
C:\dev\ONSLAUGHT2\BattleEngineDataManager.h	310	0x005D6603	Unwind@005d6603	0x005D6603	0x005D6608	ADJACENT	0	0x005D6616	0x00449D40	OID__FreeObject_Callback
C:\dev\ONSLAUGHT2\Boat.cpp	30	0x00414E50	CBoat__Init	0x00414EB0	0x00414EBC	STACK_STABLE_GAP	2	0x00414F0C	0x005490E0	CDXMemoryManager__Alloc
C:\dev\ONSLAUGHT2\Boat.cpp	30	0x005D1360	Unwind@005d1360	0x005D1360	0x005D1362	ADJACENT	0	0x005D136D	0x00449D40	OID__FreeObject_Callback
C:\dev\ONSLAUGHT2\Boat.cpp	31	0x00414E50	CBoat__Init	0x00414F2B	0x00414F2D	ADJACENT	0	0x00414F49	0x005490E0	CDXMemoryManager__Alloc
C:\dev\ONSLAUGHT2\Boat.cpp	31	0x005D1376	Unwind@005d1376	0x005D1376	0x005D1378	ADJACENT	0	0x005D1383	0x00449D40	OID__FreeObject_Callback
C:\dev\ONSLAUGHT2\Bomber.cpp	17	0x005D1400	Unwind@005d1400	0x005D1400	0x005D1402	ADJACENT	0	0x005D140D	0x00449D40	OID__FreeObject_Callback
C:\dev\ONSLAUGHT2\Bomber.cpp	18	0x005D1416	Unwind@005d1416	0x005D1416	0x005D1418	ADJACENT	0	0x005D1423	0x00449D40	OID__FreeObject_Callback
C:\dev\ONSLAUGHT2\BSpline.cpp	19	0x00416D10	CBSpline__ctor	0x00416D1C	0x00416D2E	STACK_STABLE_GAP	5	0x00416D47	0x005490E0	CDXMemoryManager__Alloc
C:\dev\ONSLAUGHT2\Building.cpp	50	0x00417190	CBuilding__VFunc_9_00417190	0x004171DE	0x004171E0	ADJACENT	0	0x00417207	0x005490E0	CDXMemoryManager__Alloc
C:\dev\ONSLAUGHT2\Building.cpp	50	0x005D1490	Unwind@005d1490	0x005D1490	0x005D1492	ADJACENT	0	0x005D14A0	0x00449D40	OID__FreeObject_Callback
C:\dev\ONSLAUGHT2\Building.cpp	51	0x00417190	CBuilding__VFunc_9_00417190	0x0041722C	0x0041722E	ADJACENT	0	0x0041724C	0x005490E0	CDXMemoryManager__Alloc
C:\dev\ONSLAUGHT2\Building.cpp	51	0x005D14A9	Unwind@005d14a9	0x005D14A9	0x005D14AB	ADJACENT	0	0x005D14B9	0x00449D40	OID__FreeObject_Callback
C:\dev\ONSLAUGHT2\Building.cpp	100	0x00417390	CBuilding__CreateRepairPadAI	0x004173C8	0x004173CA	ADJACENT	0	0x004173D8	0x005490E0	CDXMemoryManager__Alloc
C:\dev\ONSLAUGHT2\Building.cpp	100	0x005D14D0	Unwind@005d14d0	0x005D14D0	0x005D14D2	ADJACENT	0	0x005D14DD	0x00449D40	OID__FreeObject_Callback
C:\dev\ONSLAUGHT2\Building.cpp	104	0x00417390	CBuilding__CreateRepairPadAI	0x00417429	0x0041742B	ADJACENT	0	0x00417439	0x005490E0	CDXMemoryManager__Alloc
C:\dev\ONSLAUGHT2\Building.cpp	104	0x005D14E6	Unwind@005d14e6	0x005D14E6	0x005D14E8	ADJACENT	0	0x005D14F3	0x00449D40	OID__FreeObject_Callback
C:\dev\ONSLAUGHT2\bytesprite.cpp	29	0x004184C0	CByteSprite__Load	0x00418528	0x0041852A	ADJACENT	0	0x00418538	0x005490E0	CDXMemoryManager__Alloc
C:\dev\ONSLAUGHT2\bytesprite.cpp	29	0x005D158B	Unwind@005d158b	0x005D158B	0x005D158D	ADJACENT	0	0x005D159B	0x00449D40	OID__FreeObject_Callback
C:\dev\ONSLAUGHT2\bytesprite.cpp	32	0x004184C0	CByteSprite__Load	0x0041863F	0x00418643	STACK_STABLE_GAP	1	0x00418650	0x005490E0	CDXMemoryManager__Alloc
C:\dev\ONSLAUGHT2\bytesprite.cpp	33	0x004184C0	CByteSprite__Load	0x0041865A	0x0041865C	ADJACENT	0	0x0041866C	0x005490E0	CDXMemoryManager__Alloc
C:\dev\ONSLAUGHT2\bytesprite.cpp	189	0x004184C0	CByteSprite__Load	0x0041855A	0x00418567	STACK_STABLE_GAP	1	0x00418574	0x005490E0	CDXMemoryManager__Alloc
C:\dev\ONSLAUGHT2\bytesprite.cpp	190	0x004184C0	CByteSprite__Load	0x00418582	0x00418587	ADJACENT	0	0x0041859B	0x005490E0	CDXMemoryManager__Alloc
C:\dev\ONSLAUGHT2\bytesprite.cpp	191	0x004184C0	CByteSprite__Load	0x004185A3	0x004185A8	ADJACENT	0	0x004185BA	0x005490E0	CDXMemoryManager__Alloc
C:\dev\ONSLAUGHT2\Camera.cpp	158	0x00418EF0	CThing3rdPersonCamera__ctor	0x00418F3E	0x00418F43	ADJACENT	0	0x00418F5D	0x005490E0	CDXMemoryManager__Alloc
C:\dev\ONSLAUGHT2\Camera.cpp	158	0x005D15CB	Unwind@005d15cb	0x005D15CB	0x005D15D0	ADJACENT	0	0x005D15DB	0x00449D40	OID__FreeObject_Callback
C:\dev\ONSLAUGHT2\Camera.cpp	164	0x00418EF0	CThing3rdPersonCamera__ctor	0x00418F8C	0x00418F91	ADJACENT	0	0x00418F9F	0x005490E0	CDXMemoryManager__Alloc
C:\dev\ONSLAUGHT2\Camera.cpp	165	0x00418EF0	CThing3rdPersonCamera__ctor	0x00418FD6	0x00418FDB	ADJACENT	0	0x00418FE9	0x005490E0	CDXMemoryManager__Alloc
C:\dev\ONSLAUGHT2\Camera.cpp	166	0x00418EF0	CThing3rdPersonCamera__ctor	0x00419020	0x00419025	ADJACENT	0	0x00419033	0x005490E0	CDXMemoryManager__Alloc
C:\dev\ONSLAUGHT2\Camera.cpp	169	0x00418EF0	CThing3rdPersonCamera__ctor	0x0041905C	0x00419061	ADJACENT	0	0x0041906F	0x005490E0	CDXMemoryManager__Alloc
C:\dev\ONSLAUGHT2\Camera.cpp	169	0x005D15E4	Unwind@005d15e4	0x005D15E4	0x005D15E9	ADJACENT	0	0x005D15F4	0x00449D40	OID__FreeObject_Callback
C:\dev\ONSLAUGHT2\Cannon.cpp	34	0x0041B1A0	CCannon__Init	0x0041B227	0x0041B229	ADJACENT	0	0x0041B237	0x005490E0	CDXMemoryManager__Alloc
C:\dev\ONSLAUGHT2\Cannon.cpp	34	0x005D1760	Unwind@005d1760	0x005D1760	0x005D1762	ADJACENT	0	0x005D176D	0x00449D40	OID__FreeObject_Callback
C:\dev\ONSLAUGHT2\Cannon.cpp	35	0x0041B1A0	CCannon__Init	0x0041B254	0x0041B256	ADJACENT	0	0x0041B271	0x005490E0	CDXMemoryManager__Alloc
C:\dev\ONSLAUGHT2\Cannon.cpp	35	0x005D1776	Unwind@005d1776	0x005D1776	0x005D1778	ADJACENT	0	0x005D1783	0x00449D40	OID__FreeObject_Callback
C:\dev\ONSLAUGHT2\Cannon.cpp	38	0x0041B1A0	CCannon__Init	0x0041B2C5	0x0041B2CA	STACK_STABLE_GAP	1	0x0041B2DF	0x005490E0	CDXMemoryManager__Alloc
C:\dev\ONSLAUGHT2\Cannon.cpp	38	0x005D178C	Unwind@005d178c	0x005D178C	0x005D178E	ADJACENT	0	0x005D1799	0x00449D40	OID__FreeObject_Callback
C:\dev\ONSLAUGHT2\Carrier.cpp	26	0x00421A80	CCarrier__Init	0x00421ABE	0x00421AC0	ADJACENT	0	0x00421ACE	0x005490E0	CDXMemoryManager__Alloc
C:\dev\ONSLAUGHT2\Carrier.cpp	26	0x005D1840	Unwind@005d1840	0x005D1840	0x005D1842	ADJACENT	0	0x005D184D	0x00449D40	OID__FreeObject_Callback
C:\dev\ONSLAUGHT2\Carrier.cpp	27	0x00421A80	CCarrier__Init	0x00421AF7	0x00421AF9	ADJACENT	0	0x00421B15	0x005490E0	CDXMemoryManager__Alloc
C:\dev\ONSLAUGHT2\Carrier.cpp	27	0x005D1856	Unwind@005d1856	0x005D1856	0x005D1858	ADJACENT	0	0x005D1863	0x00449D40	OID__FreeObject_Callback
C:\dev\ONSLAUGHT2\Carver.cpp	22	0x005D18B0	Unwind@005d18b0	0x005D18B0	0x005D18B2	ADJACENT	0	0x005D18BD	0x00449D40	OID__FreeObject_Callback
C:\dev\ONSLAUGHT2\Carver.cpp	23	0x005D18C6	Unwind@005d18c6	0x005D18C6	0x005D18C8	ADJACENT	0	0x005D18D3	0x00449D40	OID__FreeObject_Callback
C:\dev\ONSLAUGHT2\chunker.cpp	98	0x004237D0	CChunkReader__ctor	0x004237E7	0x004237EB	STACK_STABLE_GAP	1	0x004237FC	0x005490E0	CDXMemoryManager__Alloc
C:\dev\ONSLAUGHT2\chunker.cpp	98	0x005D1940	Unwind@005d1940	0x005D1940	0x005D1942	ADJACENT	0	0x005D194D	0x00449D40	OID__FreeObject_Callback
C:\dev\ONSLAUGHT2\CollisionSeekingRound.cpp	27	0x00425B50	CCollisionSeekingRound__InitCollisionLineAndSound	0x00425B84	0x00425B86	ADJACENT	0	0x00425B9A	0x005490E0	CDXMemoryManager__Alloc
C:\dev\ONSLAUGHT2\collisionseekingthing.cpp	40	0x00426150	CCollisionSeekingThing__Init	0x004261BC	0x004261BE	ADJACENT	0	0x004261CC	0x005490E0	CDXMemoryManager__Alloc
C:\dev\ONSLAUGHT2\collisionseekingthing.cpp	57	0x00426150	CCollisionSeekingThing__Init	0x00426278	0x0042627A	ADJACENT	0	0x00426288	0x005490E0	CDXMemoryManager__Alloc
C:\dev\ONSLAUGHT2\collisionseekingthing.cpp	314	0x00426A40	CCSRay__CreateEffect	0x00426ACE	0x00426AD3	ADJACENT	0	0x00426AED	0x005490E0	CDXMemoryManager__Alloc
C:\dev\ONSLAUGHT2\Component.cpp	77	0x00427CD0	CComponent__CreateSubComponent1	0x00427CE7	0x00427CEB	STACK_STABLE_GAP	1	0x00427CF9	0x005490E0	CDXMemoryManager__Alloc
C:\dev\ONSLAUGHT2\Component.cpp	77	0x005D19E0	Unwind@005d19e0	0x005D19E0	0x005D19E2	ADJACENT	0	0x005D19ED	0x00449D40	OID__FreeObject_Callback
C:\dev\ONSLAUGHT2\Component.cpp	83	0x00427D50	CComponent__CreateSubComponent2	0x00427D68	0x00427D6C	STACK_STABLE_GAP	1	0x00427D7A	0x005490E0	CDXMemoryManager__Alloc
C:\dev\ONSLAUGHT2\Component.cpp	83	0x005D1A00	Unwind@005d1a00	0x005D1A00	0x005D1A02	ADJACENT	0	0x005D1A0D	0x00449D40	OID__FreeObject_Callback
C:\dev\ONSLAUGHT2\Component.cpp	92	0x00427DD0	CComponent__CreateWeaponComponent	0x00427E08	0x00427E0A	ADJACENT	0	0x00427E18	0x005490E0	CDXMemoryManager__Alloc
C:\dev\ONSLAUGHT2\Component.cpp	92	0x005D1A20	Unwind@005d1a20	0x005D1A20	0x005D1A22	ADJACENT	0	0x005D1A2D	0x00449D40	OID__FreeObject_Callback
C:\dev\ONSLAUGHT2\Component.cpp	94	0x00427DD0	CComponent__CreateWeaponComponent	0x00427E94	0x00427E96	ADJACENT	0	0x00427EA4	0x005490E0	CDXMemoryManager__Alloc
C:\dev\ONSLAUGHT2\Component.cpp	94	0x005D1A36	Unwind@005d1a36	0x005D1A36	0x005D1A38	ADJACENT	0	0x005D1A43	0x00449D40	OID__FreeObject_Callback
C:\dev\ONSLAUGHT2\Component.cpp	96	0x00427DD0	CComponent__CreateWeaponComponent	0x00427EEE	0x00427EF0	ADJACENT	0	0x00427EFE	0x005490E0	CDXMemoryManager__Alloc
C:\dev\ONSLAUGHT2\Component.cpp	96	0x005D1A4C	Unwind@005d1a4c	0x005D1A4C	0x005D1A4E	ADJACENT	0	0x005D1A59	0x00449D40	OID__FreeObject_Callback
C:\dev\ONSLAUGHT2\Component.cpp	99	0x00427DD0	CComponent__CreateWeaponComponent	0x00427F31	0x00427F33	ADJACENT	0	0x00427F41	0x005490E0	CDXMemoryManager__Alloc
C:\dev\ONSLAUGHT2\Component.cpp	99	0x005D1A62	Unwind@005d1a62	0x005D1A62	0x005D1A64	ADJACENT	0	0x005D1A6F	0x00449D40	OID__FreeObject_Callback
C:\dev\ONSLAUGHT2\console.cpp	242	0x00429BC0	CConsole__Init	0x00429C64	0x00429C69	ADJACENT	0	0x00429C77	0x005490E0	CDXMemoryManager__Alloc
C:\dev\ONSLAUGHT2\console.cpp	247	0x00429BC0	CConsole__Init	0x00429C96	0x00429C9B	ADJACENT	0	0x00429CB5	0x005490E0	CDXMemoryManager__Alloc
C:\dev\ONSLAUGHT2\console.cpp	248	0x00429BC0	CConsole__Init	0x00429CD4	0x00429CD9	ADJACENT	0	0x00429CED	0x005490E0	CDXMemoryManager__Alloc
C:\dev\ONSLAUGHT2\console.cpp	805	0x00429EF0	CConsole__RegisterBuiltinCommands	0x00429F07	0x00429F0C	ADJACENT	0	0x00429F1D	0x005490E0	CDXMemoryManager__Alloc
C:\dev\ONSLAUGHT2\console.cpp	805	0x00429EF0	CConsole__RegisterBuiltinCommands	0x00429FA1	0x00429FA6	ADJACENT	0	0x00429FB7	0x005490E0	CDXMemoryManager__Alloc
C:\dev\ONSLAUGHT2\console.cpp	805	0x00429EF0	CConsole__RegisterBuiltinCommands	0x0042A03C	0x0042A041	ADJACENT	0	0x0042A052	0x005490E0	CDXMemoryManager__Alloc
C:\dev\ONSLAUGHT2\console.cpp	805	0x00429EF0	CConsole__RegisterBuiltinCommands	0x0042A0D5	0x0042A0DA	ADJACENT	0	0x0042A0EB	0x005490E0	CDXMemoryManager__Alloc
C:\dev\ONSLAUGHT2\console.cpp	805	0x00429EF0	CConsole__RegisterBuiltinCommands	0x0042A16E	0x0042A173	ADJACENT	0	0x0042A184	0x005490E0	CDXMemoryManager__Alloc
C:\dev\ONSLAUGHT2\console.cpp	805	0x00429EF0	CConsole__RegisterBuiltinCommands	0x0042A207	0x0042A20C	ADJACENT	0	0x0042A21D	0x005490E0	CDXMemoryManager__Alloc
C:\dev\ONSLAUGHT2\console.cpp	805	0x00429EF0	CConsole__RegisterBuiltinCommands	0x0042A2A0	0x0042A2A5	ADJACENT	0	0x0042A2B6	0x005490E0	CDXMemoryManager__Alloc
C:\dev\ONSLAUGHT2\console.cpp	805	0x0042AF80	CConsole__RegisterCommand	0x0042AFB3	0x0042AFB8	ADJACENT	0	0x0042AFC9	0x005490E0	CDXMemoryManager__Alloc
C:\dev\ONSLAUGHT2\console.cpp	830	0x0042B040	CConsole__RegisterVariable	0x0042B073	0x0042B078	ADJACENT	0	0x0042B089	0x005490E0	CDXMemoryManager__Alloc
C:\dev\ONSLAUGHT2\Controller.cpp	967	0x0042D640	CController__Init	0x0042D677	0x0042D67C	ADJACENT	0	0x0042D695	0x005490E0	CDXMemoryManager__Alloc
C:\dev\ONSLAUGHT2\Controller.cpp	967	0x0042E610	CController__SetToControl	0x0042E629	0x0042E632	STACK_STABLE_GAP	1	0x0042E640	0x005490E0	CDXMemoryManager__Alloc
C:\dev\ONSLAUGHT2\Controller.cpp	967	0x005D1B26	Unwind@005d1b26	0x005D1B26	0x005D1B2B	ADJACENT	0	0x005D1B36	0x00449D40	OID__FreeObject_Callback
C:\dev\ONSLAUGHT2\Controller.cpp	967	0x005D1B90	Unwind@005d1b90	0x005D1B90	0x005D1B95	ADJACENT	0	0x005D1BA0	0x00449D40	OID__FreeObject_Callback
C:\dev\ONSLAUGHT2\CPhysicsScript.cpp	16	0x0042E880	CPhysicsScript__Create	0x0042E897	0x0042E899	ADJACENT	0	0x0042E8A7	0x005490E0	CDXMemoryManager__Alloc
C:\dev\ONSLAUGHT2\CPhysicsScript.cpp	16	0x005D1BE0	Unwind@005d1be0	0x005D1BE0	0x005D1BE2	ADJACENT	0	0x005D1BED	0x00449D40	OID__FreeObject_Callback
C:\dev\ONSLAUGHT2\CPhysicsScriptStatements.cpp	17	0x0042EB90	CPhysicsScript__CreateStatement	0x0042EBA5	0x0042EBA7	ADJACENT	0	0x0042EBB8	0x005490E0	CDXMemoryManager__Alloc
C:\dev\ONSLAUGHT2\CPhysicsScriptStatements.cpp	18	0x0042EB90	CPhysicsScript__CreateStatement	0x0042EBE1	0x0042EBE3	ADJACENT	0	0x0042EBF4	0x005490E0	CDXMemoryManager__Alloc
C:\dev\ONSLAUGHT2\CPhysicsScriptStatements.cpp	19	0x0042EB90	CPhysicsScript__CreateStatement	0x0042EC1D	0x0042EC1F	ADJACENT	0	0x0042EC30	0x005490E0	CDXMemoryManager__Alloc
C:\dev\ONSLAUGHT2\CPhysicsScriptStatements.cpp	20	0x0042EB90	CPhysicsScript__CreateStatement	0x0042EC59	0x0042EC5B	ADJACENT	0	0x0042EC6C	0x005490E0	CDXMemoryManager__Alloc
C:\dev\ONSLAUGHT2\CPhysicsScriptStatements.cpp	21	0x0042EB90	CPhysicsScript__CreateStatement	0x0042EC95	0x0042EC97	ADJACENT	0	0x0042ECA8	0x005490E0	CDXMemoryManager__Alloc
C:\dev\ONSLAUGHT2\CPhysicsScriptStatements.cpp	22	0x0042EB90	CPhysicsScript__CreateStatement	0x0042ECD1	0x0042ECD3	ADJACENT	0	0x0042ECE4	0x005490E0	CDXMemoryManager__Alloc
C:\dev\ONSLAUGHT2\CPhysicsScriptStatements.cpp	23	0x0042EB90	CPhysicsScript__CreateStatement	0x0042ED0D	0x0042ED0F	ADJACENT	0	0x0042ED20	0x005490E0	CDXMemoryManager__Alloc
C:\dev\ONSLAUGHT2\CPhysicsScriptStatements.cpp	24	0x0042EB90	CPhysicsScript__CreateStatement	0x0042ED49	0x0042ED4B	ADJACENT	0	0x0042ED5C	0x005490E0	CDXMemoryManager__Alloc
C:\dev\ONSLAUGHT2\CPhysicsScriptStatements.cpp	25	0x0042EB90	CPhysicsScript__CreateStatement	0x0042ED81	0x0042ED83	ADJACENT	0	0x0042ED94	0x005490E0	CDXMemoryManager__Alloc
C:\dev\ONSLAUGHT2\CPhysicsScriptStatements.cpp	35	0x00431BB0	CPhysicsScriptStatements__CreateStatementType2	0x00431BC5	0x00431BC7	ADJACENT	0	0x00431BD8	0x005490E0	CDXMemoryManager__Alloc
C:\dev\ONSLAUGHT2\CPhysicsScriptStatements.cpp	36	0x00431BB0	CPhysicsScriptStatements__CreateStatementType2	0x00431BF8	0x00431BFA	ADJACENT	0	0x00431C08	0x005490E0	CDXMemoryManager__Alloc
C:\dev\ONSLAUGHT2\CPhysicsScriptStatements.cpp	37	0x00431BB0	CPhysicsScriptStatements__CreateStatementType2	0x00431C28	0x00431C2A	ADJACENT	0	0x00431C38	0x005490E0	CDXMemoryManager__Alloc
C:\dev\ONSLAUGHT2\CPhysicsScriptStatements.cpp	38	0x00431BB0	CPhysicsScriptStatements__CreateStatementType2	0x00431C58	0x00431C5A	ADJACENT	0	0x00431C68	0x005490E0	CDXMemoryManager__Alloc
C:\dev\ONSLAUGHT2\CPhysicsScriptStatements.cpp	39	0x00431BB0	CPhysicsScriptStatements__CreateStatementType2	0x00431C88	0x00431C8A	ADJACENT	0	0x00431C98	0x005490E0	CDXMemoryManager__Alloc
C:\dev\ONSLAUGHT2\CPhysicsScriptStatements.cpp	40	0x00431BB0	CPhysicsScriptStatements__CreateStatementType2	0x00431CB8	0x00431CBA	ADJACENT	0	0x00431CC8	0x005490E0	CDXMemoryManager__Alloc
C:\dev\ONSLAUGHT2\CPhysicsScriptStatements.cpp	41	0x00431BB0	CPhysicsScriptStatements__CreateStatementType2	0x00431CE8	0x00431CEA	ADJACENT	0	0x00431CF8	0x005490E0	CDXMemoryManager__Alloc
C:\dev\ONSLAUGHT2\CPhysicsScriptStatements.cpp	42	0x00431BB0	CPhysicsScriptStatements__CreateStatementType2	0x00431D18	0x00431D1A	ADJACENT	0	0x00431D28	0x005490E0	CDXMemoryManager__Alloc
C:\dev\ONSLAUGHT2\CPhysicsScriptStatements.cpp	43	0x00431BB0	CPhysicsScriptStatements__CreateStatementType2	0x00431D48	0x00431D4A	ADJACENT	0	0x00431D58	0x005490E0	CDXMemoryManager__Alloc
C:\dev\ONSLAUGHT2\CPhysicsScriptStatements.cpp	44	0x00431BB0	CPhysicsScriptStatements__CreateStatementType2	0x00431D78	0x00431D7A	ADJACENT	0	0x00431D88	0x005490E0	CDXMemoryManager__Alloc
C:\dev\ONSLAUGHT2\CPhysicsScriptStatements.cpp	45	0x00431BB0	CPhysicsScriptStatements__CreateStatementType2	0x00431DA8	0x00431DAA	ADJACENT	0	0x00431DB8	0x005490E0	CDXMemoryManager__Alloc
C:\dev\ONSLAUGHT2\CPhysicsScriptStatements.cpp	46	0x00431BB0	CPhysicsScriptStatements__CreateStatementType2	0x00431DD8	0x00431DDA	ADJACENT	0	0x00431DEB	0x005490E0	CDXMemoryManager__Alloc
C:\dev\ONSLAUGHT2\CPhysicsScriptStatements.cpp	47	0x00431BB0	CPhysicsScriptStatements__CreateStatementType2	0x00431E17	0x00431E19	ADJACENT	0	0x00431E27	0x005490E0	CDXMemoryManager__Alloc
C:\dev\ONSLAUGHT2\CPhysicsScriptStatements.cpp	48	0x00431BB0	CPhysicsScriptStatements__CreateStatementType2	0x00431E47	0x00431E49	ADJACENT	0	0x00431E5A	0x005490E0	CDXMemoryManager__Alloc
C:\dev\ONSLAUGHT2\CPhysicsScriptStatements.cpp	49	0x00431BB0	CPhysicsScriptStatements__CreateStatementType2	0x00431E7A	0x00431E7C	ADJACENT	0	0x00431E8A	0x005490E0	CDXMemoryManager__Alloc
C:\dev\ONSLAUGHT2\CPhysicsScriptStatements.cpp	50	0x00431BB0	CPhysicsScriptStatements__CreateStatementType2	0x00431EAA	0x00431EAC	ADJACENT	0	0x00431EBD	0x005490E0	CDXMemoryManager__Alloc
C:\dev\ONSLAUGHT2\CPhysicsScriptStatements.cpp	51	0x00431BB0	CPhysicsScriptStatements__CreateStatementType2	0x00431EE9	0x00431EEB	ADJACENT	0	0x00431EF9	0x005490E0	CDXMemoryManager__Alloc
C:\dev\ONSLAUGHT2\CPhysicsScriptStatements.cpp	52	0x00431BB0	CPhysicsScriptStatements__CreateStatementType2	0x00431F19	0x00431F1B	ADJACENT	0	0x00431F29	0x005490E0	CDXMemoryManager__Alloc
C:\dev\ONSLAUGHT2\CPhysicsScriptStatements.cpp	53	0x00431BB0	CPhysicsScriptStatements__CreateStatementType2	0x00431F49	0x00431F4B	ADJACENT	0	0x00431F59	0x005490E0	CDXMemoryManager__Alloc
C:\dev\ONSLAUGHT2\CPhysicsScriptStatements.cpp	54	0x00431BB0	CPhysicsScriptStatements__CreateStatementType2	0x00431F79	0x00431F7B	ADJACENT	0	0x00431F89	0x005490E0	CDXMemoryManager__Alloc
C:\dev\ONSLAUGHT2\CPhysicsScriptStatements.cpp	55	0x00431BB0	CPhysicsScriptStatements__CreateStatementType2	0x00431FA9	0x00431FAB	ADJACENT	0	0x00431FBC	0x005490E0	CDXMemoryManager__Alloc
C:\dev\ONSLAUGHT2\CPhysicsScriptStatements.cpp	56	0x00431BB0	CPhysicsScriptStatements__CreateStatementType2	0x00431FDC	0x00431FDE	ADJACENT	0	0x00431FEF	0x005490E0	CDXMemoryManager__Alloc
C:\dev\ONSLAUGHT2\CPhysicsScriptStatements.cpp	57	0x00431BB0	CPhysicsScriptStatements__CreateStatementType2	0x00432012	0x00432014	ADJACENT	0	0x00432022	0x005490E0	CDXMemoryManager__Alloc
C:\dev\ONSLAUGHT2\CPhysicsScriptStatements.cpp	58	0x00431BB0	CPhysicsScriptStatements__CreateStatementType2	0x00432042	0x00432044	ADJACENT	0	0x00432052	0x005490E0	CDXMemoryManager__Alloc
C:\dev\ONSLAUGHT2\CPhysicsScriptStatements.cpp	59	0x00431BB0	CPhysicsScriptStatements__CreateStatementType2	0x00432072	0x00432074	ADJACENT	0	0x00432082	0x005490E0	CDXMemoryManager__Alloc
C:\dev\ONSLAUGHT2\CPhysicsScriptStatements.cpp	60	0x00431BB0	CPhysicsScriptStatements__CreateStatementType2	0x004320A2	0x004320A4	ADJACENT	0	0x004320B2	0x005490E0	CDXMemoryManager__Alloc
C:\dev\ONSLAUGHT2\CPhysicsScriptStatements.cpp	61	0x00431BB0	CPhysicsScriptStatements__CreateStatementType2	0x004320D2	0x004320D4	ADJACENT	0	0x004320E2	0x005490E0	CDXMemoryManager__Alloc
C:\dev\ONSLAUGHT2\CPhysicsScriptStatements.cpp	62	0x00431BB0	CPhysicsScriptStatements__CreateStatementType2	0x00432102	0x00432104	ADJACENT	0	0x00432112	0x005490E0	CDXMemoryManager__Alloc
C:\dev\ONSLAUGHT2\CPhysicsScriptStatements.cpp	63	0x00431BB0	CPhysicsScriptStatements__CreateStatementType2	0x00432132	0x00432134	ADJACENT	0	0x00432142	0x005490E0	CDXMemoryManager__Alloc
C:\dev\ONSLAUGHT2\CPhysicsScriptStatements.cpp	64	0x00431BB0	CPhysicsScriptStatements__CreateStatementType2	0x00432162	0x00432164	ADJACENT	0	0x00432172	0x005490E0	CDXMemoryManager__Alloc
C:\dev\ONSLAUGHT2\CPhysicsScriptStatements.cpp	65	0x00431BB0	CPhysicsScriptStatements__CreateStatementType2	0x00432192	0x00432194	ADJACENT	0	0x004321A2	0x005490E0	CDXMemoryManager__Alloc
C:\dev\ONSLAUGHT2\CPhysicsScriptStatements.cpp	66	0x00431BB0	CPhysicsScriptStatements__CreateStatementType2	0x004321C2	0x004321C4	ADJACENT	0	0x004321D2	0x005490E0	CDXMemoryManager__Alloc
C:\dev\ONSLAUGHT2\CPhysicsScriptStatements.cpp	67	0x00431BB0	CPhysicsScriptStatements__CreateStatementType2	0x004321F2	0x004321F4	ADJACENT	0	0x00432202	0x005490E0	CDXMemoryManager__Alloc
C:\dev\ONSLAUGHT2\CPhysicsScriptStatements.cpp	68	0x00431BB0	CPhysicsScriptStatements__CreateStatementType2	0x00432222	0x00432224	ADJACENT	0	0x00432232	0x005490E0	CDXMemoryManager__Alloc
C:\dev\ONSLAUGHT2\CPhysicsScriptStatements.cpp	69	0x00431BB0	CPhysicsScriptStatements__CreateStatementType2	0x00432252	0x00432254	ADJACENT	0	0x00432262	0x005490E0	CDXMemoryManager__Alloc
C:\dev\ONSLAUGHT2\CPhysicsScriptStatements.cpp	70	0x00431BB0	CPhysicsScriptStatements__CreateStatementType2	0x00432282	0x00432284	ADJACENT	0	0x00432292	0x005490E0	CDXMemoryManager__Alloc
C:\dev\ONSLAUGHT2\CPhysicsScriptStatements.cpp	71	0x00431BB0	CPhysicsScriptStatements__CreateStatementType2	0x004322B2	0x004322B4	ADJACENT	0	0x004322C2	0x005490E0	CDXMemoryManager__Alloc
C:\dev\ONSLAUGHT2\CPhysicsScriptStatements.cpp	72	0x00431BB0	CPhysicsScriptStatements__CreateStatementType2	0x004322E2	0x004322E4	ADJACENT	0	0x004322F2	0x005490E0	CDXMemoryManager__Alloc
C:\dev\ONSLAUGHT2\CPhysicsScriptStatements.cpp	73	0x00431BB0	CPhysicsScriptStatements__CreateStatementType2	0x00432312	0x00432314	ADJACENT	0	0x00432322	0x005490E0	CDXMemoryManager__Alloc
C:\dev\ONSLAUGHT2\CPhysicsScriptStatements.cpp	74	0x00431BB0	CPhysicsScriptStatements__CreateStatementType2	0x00432342	0x00432344	ADJACENT	0	0x00432352	0x005490E0	CDXMemoryManager__Alloc
C:\dev\ONSLAUGHT2\CPhysicsScriptStatements.cpp	75	0x00431BB0	CPhysicsScriptStatements__CreateStatementType2	0x00432372	0x00432374	ADJACENT	0	0x00432382	0x005490E0	CDXMemoryManager__Alloc
C:\dev\ONSLAUGHT2\CPhysicsScriptStatements.cpp	76	0x00431BB0	CPhysicsScriptStatements__CreateStatementType2	0x004323A2	0x004323A4	ADJACENT	0	0x004323B2	0x005490E0	CDXMemoryManager__Alloc
C:\dev\ONSLAUGHT2\CPhysicsScriptStatements.cpp	77	0x00431BB0	CPhysicsScriptStatements__CreateStatementType2	0x004323D2	0x004323D4	ADJACENT	0	0x004323E2	0x005490E0	CDXMemoryManager__Alloc
C:\dev\ONSLAUGHT2\CPhysicsScriptStatements.cpp	78	0x00431BB0	CPhysicsScriptStatements__CreateStatementType2	0x00432402	0x00432404	ADJACENT	0	0x00432412	0x005490E0	CDXMemoryManager__Alloc
C:\dev\ONSLAUGHT2\CPhysicsScriptStatements.cpp	79	0x00431BB0	CPhysicsScriptStatements__CreateStatementType2	0x00432432	0x00432434	ADJACENT	0	0x00432442	0x005490E0	CDXMemoryManager__Alloc
C:\dev\ONSLAUGHT2\CPhysicsScriptStatements.cpp	81	0x00431BB0	CPhysicsScriptStatements__CreateStatementType2	0x00432462	0x00432464	ADJACENT	0	0x00432475	0x005490E0	CDXMemoryManager__Alloc
C:\dev\ONSLAUGHT2\CPhysicsScriptStatements.cpp	82	0x00431BB0	CPhysicsScriptStatements__CreateStatementType2	0x00432495	0x00432497	ADJACENT	0	0x004324A8	0x005490E0	CDXMemoryManager__Alloc
C:\dev\ONSLAUGHT2\CPhysicsScriptStatements.cpp	83	0x00431BB0	CPhysicsScriptStatements__CreateStatementType2	0x004324C8	0x004324CA	ADJACENT	0	0x004324DB	0x005490E0	CDXMemoryManager__Alloc
C:\dev\ONSLAUGHT2\CPhysicsScriptStatements.cpp	85	0x00431BB0	CPhysicsScriptStatements__CreateStatementType2	0x004324FB	0x004324FD	ADJACENT	0	0x0043250E	0x005490E0	CDXMemoryManager__Alloc
C:\dev\ONSLAUGHT2\CPhysicsScriptStatements.cpp	86	0x00431BB0	CPhysicsScriptStatements__CreateStatementType2	0x0043252E	0x00432530	ADJACENT	0	0x00432541	0x005490E0	CDXMemoryManager__Alloc
C:\dev\ONSLAUGHT2\CPhysicsScriptStatements.cpp	87	0x00431BB0	CPhysicsScriptStatements__CreateStatementType2	0x00432561	0x00432563	ADJACENT	0	0x00432574	0x005490E0	CDXMemoryManager__Alloc
C:\dev\ONSLAUGHT2\CPhysicsScriptStatements.cpp	88	0x00431BB0	CPhysicsScriptStatements__CreateStatementType2	0x00432594	0x00432596	ADJACENT	0	0x004325A7	0x005490E0	CDXMemoryManager__Alloc
C:\dev\ONSLAUGHT2\CPhysicsScriptStatements.cpp	89	0x00431BB0	CPhysicsScriptStatements__CreateStatementType2	0x004325C7	0x004325C9	ADJACENT	0	0x004325DA	0x005490E0	CDXMemoryManager__Alloc
C:\dev\ONSLAUGHT2\CPhysicsScriptStatements.cpp	90	0x00431BB0	CPhysicsScriptStatements__CreateStatementType2	0x004325FA	0x004325FC	ADJACENT	0	0x0043260D	0x005490E0	CDXMemoryManager__Alloc
C:\dev\ONSLAUGHT2\CPhysicsScriptStatements.cpp	91	0x00431BB0	CPhysicsScriptStatements__CreateStatementType2	0x0043262D	0x0043262F	ADJACENT	0	0x00432640	0x005490E0	CDXMemoryManager__Alloc
C:\dev\ONSLAUGHT2\CPhysicsScriptStatements.cpp	92	0x00431BB0	CPhysicsScriptStatements__CreateStatementType2	0x00432660	0x00432662	ADJACENT	0	0x00432673	0x005490E0	CDXMemoryManager__Alloc
C:\dev\ONSLAUGHT2\CPhysicsScriptStatements.cpp	93	0x00431BB0	CPhysicsScriptStatements__CreateStatementType2	0x00432693	0x00432695	ADJACENT	0	0x004326A6	0x005490E0	CDXMemoryManager__Alloc
C:\dev\ONSLAUGHT2\CPhysicsScriptStatements.cpp	94	0x00431BB0	CPhysicsScriptStatements__CreateStatementType2	0x004326C6	0x004326C8	ADJACENT	0	0x004326D9	0x005490E0	CDXMemoryManager__Alloc
C:\dev\ONSLAUGHT2\CPhysicsScriptStatements.cpp	95	0x00431BB0	CPhysicsScriptStatements__CreateStatementType2	0x004326F9	0x004326FB	ADJACENT	0	0x0043270C	0x005490E0	CDXMemoryManager__Alloc
C:\dev\ONSLAUGHT2\CPhysicsScriptStatements.cpp	96	0x00431BB0	CPhysicsScriptStatements__CreateStatementType2	0x0043272C	0x0043272E	ADJACENT	0	0x0043273F	0x005490E0	CDXMemoryManager__Alloc
C:\dev\ONSLAUGHT2\CPhysicsScriptStatements.cpp	98	0x00431BB0	CPhysicsScriptStatements__CreateStatementType2	0x0043275F	0x00432761	ADJACENT	0	0x0043276F	0x005490E0	CDXMemoryManager__Alloc
C:\dev\ONSLAUGHT2\CPhysicsScriptStatements.cpp	99	0x00431BB0	CPhysicsScriptStatements__CreateStatementType2	0x0043278F	0x00432791	ADJACENT	0	0x0043279F	0x005490E0	CDXMemoryManager__Alloc
C:\dev\ONSLAUGHT2\CPhysicsScriptStatements.cpp	100	0x00431BB0	CPhysicsScriptStatements__CreateStatementType2	0x004327BF	0x004327C1	ADJACENT	0	0x004327CF	0x005490E0	CDXMemoryManager__Alloc
C:\dev\ONSLAUGHT2\CPhysicsScriptStatements.cpp	101	0x00431BB0	CPhysicsScriptStatements__CreateStatementType2	0x004327EF	0x004327F1	ADJACENT	0	0x004327FF	0x005490E0	CDXMemoryManager__Alloc
C:\dev\ONSLAUGHT2\CPhysicsScriptStatements.cpp	102	0x00431BB0	CPhysicsScriptStatements__CreateStatementType2	0x0043281F	0x00432821	ADJACENT	0	0x0043282F	0x005490E0	CDXMemoryManager__Alloc
C:\dev\ONSLAUGHT2\CPhysicsScriptStatements.cpp	103	0x00431BB0	CPhysicsScriptStatements__CreateStatementType2	0x0043284F	0x00432851	ADJACENT	0	0x0043285F	0x005490E0	CDXMemoryManager__Alloc
C:\dev\ONSLAUGHT2\CPhysicsScriptStatements.cpp	104	0x00431BB0	CPhysicsScriptStatements__CreateStatementType2	0x0043287F	0x00432881	ADJACENT	0	0x0043288F	0x005490E0	CDXMemoryManager__Alloc
C:\dev\ONSLAUGHT2\CPhysicsScriptStatements.cpp	105	0x00431BB0	CPhysicsScriptStatements__CreateStatementType2	0x004328AB	0x004328AD	ADJACENT	0	0x004328BB	0x005490E0	CDXMemoryManager__Alloc
C:\dev\ONSLAUGHT2\CPhysicsScriptStatements.cpp	106	0x00431BB0	CPhysicsScriptStatements__CreateStatementType2	0x004328D7	0x004328D9	ADJACENT	0	0x004328E7	0x005490E0	CDXMemoryManager__Alloc
C:\dev\ONSLAUGHT2\CPhysicsScriptStatements.cpp	116	0x00434300	CPhysicsScriptStatements__CreateStatementType3	0x00434315	0x00434317	ADJACENT	0	0x00434328	0x005490E0	CDXMemoryManager__Alloc
C:\dev\ONSLAUGHT2\CPhysicsScriptStatements.cpp	117	0x00434300	CPhysicsScriptStatements__CreateStatementType3	0x00434351	0x00434353	ADJACENT	0	0x00434361	0x005490E0	CDXMemoryManager__Alloc
C:\dev\ONSLAUGHT2\CPhysicsScriptStatements.cpp	118	0x00434300	CPhysicsScriptStatements__CreateStatementType3	0x00434383	0x00434385	ADJACENT	0	0x00434393	0x005490E0	CDXMemoryManager__Alloc
C:\dev\ONSLAUGHT2\CPhysicsScriptStatements.cpp	119	0x00434300	CPhysicsScriptStatements__CreateStatementType3	0x004343B5	0x004343B7	ADJACENT	0	0x004343C5	0x005490E0	CDXMemoryManager__Alloc
C:\dev\ONSLAUGHT2\CPhysicsScriptStatements.cpp	120	0x00434300	CPhysicsScriptStatements__CreateStatementType3	0x004343E7	0x004343E9	ADJACENT	0	0x004343FA	0x005490E0	CDXMemoryManager__Alloc
C:\dev\ONSLAUGHT2\CPhysicsScriptStatements.cpp	121	0x00434300	CPhysicsScriptStatements__CreateStatementType3	0x00434419	0x0043441B	ADJACENT	0	0x00434429	0x005490E0	CDXMemoryManager__Alloc
C:\dev\ONSLAUGHT2\CPhysicsScriptStatements.cpp	122	0x00434300	CPhysicsScriptStatements__CreateStatementType3	0x0043444B	0x0043444D	ADJACENT	0	0x0043445B	0x005490E0	CDXMemoryManager__Alloc
C:\dev\ONSLAUGHT2\CPhysicsScriptStatements.cpp	123	0x00434300	CPhysicsScriptStatements__CreateStatementType3	0x0043447D	0x0043447F	ADJACENT	0	0x0043448D	0x005490E0	CDXMemoryManager__Alloc
C:\dev\ONSLAUGHT2\CPhysicsScriptStatements.cpp	124	0x00434300	CPhysicsScriptStatements__CreateStatementType3	0x004344AF	0x004344B1	ADJACENT	0	0x004344BF	0x005490E0	CDXMemoryManager__Alloc
C:\dev\ONSLAUGHT2\CPhysicsScriptStatements.cpp	125	0x00434300	CPhysicsScriptStatements__CreateStatementType3	0x004344E1	0x004344E3	ADJACENT	0	0x004344F1	0x005490E0	CDXMemoryManager__Alloc
C:\dev\ONSLAUGHT2\CPhysicsScriptStatements.cpp	126	0x00434300	CPhysicsScriptStatements__CreateStatementType3	0x00434513	0x00434515	ADJACENT	0	0x00434523	0x005490E0	CDXMemoryManager__Alloc
C:\dev\ONSLAUGHT2\CPhysicsScriptStatements.cpp	127	0x00434300	CPhysicsScriptStatements__CreateStatementType3	0x00434545	0x00434547	ADJACENT	0	0x00434555	0x005490E0	CDXMemoryManager__Alloc
C:\dev\ONSLAUGHT2\CPhysicsScriptStatements.cpp	128	0x00434300	CPhysicsScriptStatements__CreateStatementType3	0x00434573	0x00434578	ADJACENT	0	0x00434586	0x005490E0	CDXMemoryManager__Alloc
C:\dev\ONSLAUGHT2\CPhysicsScriptStatements.cpp	129	0x00434300	CPhysicsScriptStatements__CreateStatementType3	0x004345A4	0x004345A9	ADJACENT	0	0x004345B7	0x005490E0	CDXMemoryManager__Alloc
C:\dev\ONSLAUGHT2\CPhysicsScriptStatements.cpp	139	0x00435010	CPhysicsScriptStatements__CreateStatementType4	0x00435025	0x0043502A	ADJACENT	0	0x00435038	0x005490E0	CDXMemoryManager__Alloc
C:\dev\ONSLAUGHT2\CPhysicsScriptStatements.cpp	140	0x00435010	CPhysicsScriptStatements__CreateStatementType4	0x00435058	0x0043505D	ADJACENT	0	0x0043506B	0x005490E0	CDXMemoryManager__Alloc
C:\dev\ONSLAUGHT2\CPhysicsScriptStatements.cpp	141	0x00435010	CPhysicsScriptStatements__CreateStatementType4	0x0043508B	0x00435090	ADJACENT	0	0x0043509E	0x005490E0	CDXMemoryManager__Alloc
C:\dev\ONSLAUGHT2\CPhysicsScriptStatements.cpp	142	0x00435010	CPhysicsScriptStatements__CreateStatementType4	0x004350BE	0x004350C3	ADJACENT	0	0x004350D1	0x005490E0	CDXMemoryManager__Alloc
C:\dev\ONSLAUGHT2\CPhysicsScriptStatements.cpp	143	0x00435010	CPhysicsScriptStatements__CreateStatementType4	0x004350F1	0x004350F6	ADJACENT	0	0x00435104	0x005490E0	CDXMemoryManager__Alloc
C:\dev\ONSLAUGHT2\CPhysicsScriptStatements.cpp	144	0x00435010	CPhysicsScriptStatements__CreateStatementType4	0x00435124	0x00435129	ADJACENT	0	0x00435137	0x005490E0	CDXMemoryManager__Alloc
C:\dev\ONSLAUGHT2\CPhysicsScriptStatements.cpp	145	0x00435010	CPhysicsScriptStatements__CreateStatementType4	0x00435157	0x0043515C	ADJACENT	0	0x0043516D	0x005490E0	CDXMemoryManager__Alloc
C:\dev\ONSLAUGHT2\CPhysicsScriptStatements.cpp	146	0x00435010	CPhysicsScriptStatements__CreateStatementType4	0x0043518D	0x00435192	ADJACENT	0	0x004351A3	0x005490E0	CDXMemoryManager__Alloc
C:\dev\ONSLAUGHT2\CPhysicsScriptStatements.cpp	147	0x00435010	CPhysicsScriptStatements__CreateStatementType4	0x004351C3	0x004351C8	ADJACENT	0	0x004351D6	0x005490E0	CDXMemoryManager__Alloc
C:\dev\ONSLAUGHT2\CPhysicsScriptStatements.cpp	148	0x00435010	CPhysicsScriptStatements__CreateStatementType4	0x004351F9	0x004351FE	ADJACENT	0	0x0043520C	0x005490E0	CDXMemoryManager__Alloc
C:\dev\ONSLAUGHT2\CPhysicsScriptStatements.cpp	149	0x00435010	CPhysicsScriptStatements__CreateStatementType4	0x00435232	0x00435237	ADJACENT	0	0x00435245	0x005490E0	CDXMemoryManager__Alloc
C:\dev\ONSLAUGHT2\CPhysicsScriptStatements.cpp	150	0x00435010	CPhysicsScriptStatements__CreateStatementType4	0x00435265	0x0043526A	ADJACENT	0	0x00435278	0x005490E0	CDXMemoryManager__Alloc
C:\dev\ONSLAUGHT2\CPhysicsScriptStatements.cpp	151	0x00435010	CPhysicsScriptStatements__CreateStatementType4	0x00435298	0x0043529D	ADJACENT	0	0x004352AB	0x005490E0	CDXMemoryManager__Alloc
C:\dev\ONSLAUGHT2\CPhysicsScriptStatements.cpp	152	0x00435010	CPhysicsScriptStatements__CreateStatementType4	0x004352CB	0x004352D0	ADJACENT	0	0x004352DE	0x005490E0	CDXMemoryManager__Alloc
C:\dev\ONSLAUGHT2\CPhysicsScriptStatements.cpp	153	0x00435010	CPhysicsScriptStatements__CreateStatementType4	0x004352FE	0x00435303	ADJACENT	0	0x00435311	0x005490E0	CDXMemoryManager__Alloc
C:\dev\ONSLAUGHT2\CPhysicsScriptStatements.cpp	154	0x00435010	CPhysicsScriptStatements__CreateStatementType4	0x00435331	0x00435336	ADJACENT	0	0x00435344	0x005490E0	CDXMemoryManager__Alloc
C:\dev\ONSLAUGHT2\CPhysicsScriptStatements.cpp	155	0x00435010	CPhysicsScriptStatements__CreateStatementType4	0x00435364	0x00435369	ADJACENT	0	0x00435377	0x005490E0	CDXMemoryManager__Alloc
C:\dev\ONSLAUGHT2\CPhysicsScriptStatements.cpp	156	0x00435010	CPhysicsScriptStatements__CreateStatementType4	0x00435397	0x0043539C	ADJACENT	0	0x004353AD	0x005490E0	CDXMemoryManager__Alloc
C:\dev\ONSLAUGHT2\CPhysicsScriptStatements.cpp	157	0x00435010	CPhysicsScriptStatements__CreateStatementType4	0x004353CD	0x004353D2	ADJACENT	0	0x004353E3	0x005490E0	CDXMemoryManager__Alloc
C:\dev\ONSLAUGHT2\CPhysicsScriptStatements.cpp	158	0x00435010	CPhysicsScriptStatements__CreateStatementType4	0x00435403	0x00435408	ADJACENT	0	0x00435416	0x005490E0	CDXMemoryManager__Alloc
C:\dev\ONSLAUGHT2\CPhysicsScriptStatements.cpp	159	0x00435010	CPhysicsScriptStatements__CreateStatementType4	0x00435436	0x0043543B	ADJACENT	0	0x00435449	0x005490E0	CDXMemoryManager__Alloc
C:\dev\ONSLAUGHT2\CPhysicsScriptStatements.cpp	160	0x00435010	CPhysicsScriptStatements__CreateStatementType4	0x00435469	0x0043546E	ADJACENT	0	0x0043547C	0x005490E0	CDXMemoryManager__Alloc
C:\dev\ONSLAUGHT2\CPhysicsScriptStatements.cpp	161	0x00435010	CPhysicsScriptStatements__CreateStatementType4	0x0043549C	0x004354A1	ADJACENT	0	0x004354AF	0x005490E0	CDXMemoryManager__Alloc
C:\dev\ONSLAUGHT2\CPhysicsScriptStatements.cpp	162	0x00435010	CPhysicsScriptStatements__CreateStatementType4	0x004354CF	0x004354D4	ADJACENT	0	0x004354E2	0x005490E0	CDXMemoryManager__Alloc
C:\dev\ONSLAUGHT2\CPhysicsScriptStatements.cpp	163	0x00435010	CPhysicsScriptStatements__CreateStatementType4	0x00435502	0x00435507	ADJACENT	0	0x00435515	0x005490E0	CDXMemoryManager__Alloc
C:\dev\ONSLAUGHT2\CPhysicsScriptStatements.cpp	164	0x00435010	CPhysicsScriptStatements__CreateStatementType4	0x00435535	0x0043553A	ADJACENT	0	0x00435548	0x005490E0	CDXMemoryManager__Alloc
C:\dev\ONSLAUGHT2\CPhysicsScriptStatements.cpp	165	0x00435010	CPhysicsScriptStatements__CreateStatementType4	0x00435568	0x0043556D	ADJACENT	0	0x0043557B	0x005490E0	CDXMemoryManager__Alloc
C:\dev\ONSLAUGHT2\CPhysicsScriptStatements.cpp	166	0x00435010	CPhysicsScriptStatements__CreateStatementType4	0x0043559B	0x004355A0	ADJACENT	0	0x004355B1	0x005490E0	CDXMemoryManager__Alloc
C:\dev\ONSLAUGHT2\CPhysicsScriptStatements.cpp	167	0x00435010	CPhysicsScriptStatements__CreateStatementType4	0x004355D1	0x004355D6	ADJACENT	0	0x004355E7	0x005490E0	CDXMemoryManager__Alloc
C:\dev\ONSLAUGHT2\CPhysicsScriptStatements.cpp	168	0x00435010	CPhysicsScriptStatements__CreateStatementType4	0x00435607	0x0043560C	ADJACENT	0	0x0043561D	0x005490E0	CDXMemoryManager__Alloc
C:\dev\ONSLAUGHT2\CPhysicsScriptStatements.cpp	169	0x00435010	CPhysicsScriptStatements__CreateStatementType4	0x0043563D	0x00435642	ADJACENT	0	0x00435653	0x005490E0	CDXMemoryManager__Alloc
C:\dev\ONSLAUGHT2\CPhysicsScriptStatements.cpp	170	0x00435010	CPhysicsScriptStatements__CreateStatementType4	0x00435673	0x00435678	ADJACENT	0	0x00435686	0x005490E0	CDXMemoryManager__Alloc
C:\dev\ONSLAUGHT2\CPhysicsScriptStatements.cpp	171	0x00435010	CPhysicsScriptStatements__CreateStatementType4	0x004356A6	0x004356AB	ADJACENT	0	0x004356B9	0x005490E0	CDXMemoryManager__Alloc
C:\dev\ONSLAUGHT2\CPhysicsScriptStatements.cpp	172	0x00435010	CPhysicsScriptStatements__CreateStatementType4	0x004356D9	0x004356DE	ADJACENT	0	0x004356EC	0x005490E0	CDXMemoryManager__Alloc
C:\dev\ONSLAUGHT2\CPhysicsScriptStatements.cpp	173	0x00435010	CPhysicsScriptStatements__CreateStatementType4	0x0043570C	0x00435711	ADJACENT	0	0x0043571F	0x005490E0	CDXMemoryManager__Alloc
C:\dev\ONSLAUGHT2\CPhysicsScriptStatements.cpp	174	0x00435010	CPhysicsScriptStatements__CreateStatementType4	0x0043573B	0x00435740	ADJACENT	0	0x0043574E	0x005490E0	CDXMemoryManager__Alloc
C:\dev\ONSLAUGHT2\CPhysicsScriptStatements.cpp	175	0x00435010	CPhysicsScriptStatements__CreateStatementType4	0x0043576A	0x0043576F	ADJACENT	0	0x0043577D	0x005490E0	CDXMemoryManager__Alloc
C:\dev\ONSLAUGHT2\CPhysicsScriptStatements.cpp	185	0x00437490	CPhysicsScriptStatements__CreateStatementType5	0x004374A5	0x004374AA	ADJACENT	0	0x004374B8	0x005490E0	CDXMemoryManager__Alloc
C:\dev\ONSLAUGHT2\CPhysicsScriptStatements.cpp	186	0x00437490	CPhysicsScriptStatements__CreateStatementType5	0x004374DA	0x004374DF	ADJACENT	0	0x004374ED	0x005490E0	CDXMemoryManager__Alloc
C:\dev\ONSLAUGHT2\CPhysicsScriptStatements.cpp	187	0x00437490	CPhysicsScriptStatements__CreateStatementType5	0x0043750F	0x00437514	ADJACENT	0	0x00437522	0x005490E0	CDXMemoryManager__Alloc
C:\dev\ONSLAUGHT2\CPhysicsScriptStatements.cpp	188	0x00437490	CPhysicsScriptStatements__CreateStatementType5	0x00437544	0x00437549	ADJACENT	0	0x00437557	0x005490E0	CDXMemoryManager__Alloc
C:\dev\ONSLAUGHT2\CPhysicsScriptStatements.cpp	189	0x00437490	CPhysicsScriptStatements__CreateStatementType5	0x00437579	0x0043757E	ADJACENT	0	0x0043758C	0x005490E0	CDXMemoryManager__Alloc
C:\dev\ONSLAUGHT2\CPhysicsScriptStatements.cpp	190	0x00437490	CPhysicsScriptStatements__CreateStatementType5	0x004375AE	0x004375B3	ADJACENT	0	0x004375C1	0x005490E0	CDXMemoryManager__Alloc
C:\dev\ONSLAUGHT2\CPhysicsScriptStatements.cpp	191	0x00437490	CPhysicsScriptStatements__CreateStatementType5	0x004375E3	0x004375E8	ADJACENT	0	0x004375F6	0x005490E0	CDXMemoryManager__Alloc
C:\dev\ONSLAUGHT2\CPhysicsScriptStatements.cpp	192	0x00437490	CPhysicsScriptStatements__CreateStatementType5	0x00437618	0x0043761D	ADJACENT	0	0x0043762E	0x005490E0	CDXMemoryManager__Alloc
C:\dev\ONSLAUGHT2\CPhysicsScriptStatements.cpp	193	0x00437490	CPhysicsScriptStatements__CreateStatementType5	0x0043764D	0x00437652	ADJACENT	0	0x00437663	0x005490E0	CDXMemoryManager__Alloc
C:\dev\ONSLAUGHT2\CPhysicsScriptStatements.cpp	194	0x00437490	CPhysicsScriptStatements__CreateStatementType5	0x00437682	0x00437687	ADJACENT	0	0x00437698	0x005490E0	CDXMemoryManager__Alloc
C:\dev\ONSLAUGHT2\CPhysicsScriptStatements.cpp	195	0x00437490	CPhysicsScriptStatements__CreateStatementType5	0x004376B7	0x004376BC	ADJACENT	0	0x004376CA	0x005490E0	CDXMemoryManager__Alloc
C:\dev\ONSLAUGHT2\CPhysicsScriptStatements.cpp	196	0x00437490	CPhysicsScriptStatements__CreateStatementType5	0x004376EC	0x004376F1	ADJACENT	0	0x004376FF	0x005490E0	CDXMemoryManager__Alloc
C:\dev\ONSLAUGHT2\CPhysicsScriptStatements.cpp	197	0x00437490	CPhysicsScriptStatements__CreateStatementType5	0x00437721	0x00437726	ADJACENT	0	0x00437734	0x005490E0	CDXMemoryManager__Alloc
C:\dev\ONSLAUGHT2\CPhysicsScriptStatements.cpp	198	0x00437490	CPhysicsScriptStatements__CreateStatementType5	0x00437756	0x0043775B	ADJACENT	0	0x00437769	0x005490E0	CDXMemoryManager__Alloc
C:\dev\ONSLAUGHT2\CPhysicsScriptStatements.cpp	199	0x00437490	CPhysicsScriptStatements__CreateStatementType5	0x00437784	0x00437789	ADJACENT	0	0x00437797	0x005490E0	CDXMemoryManager__Alloc
C:\dev\ONSLAUGHT2\CPhysicsScriptStatements.cpp	200	0x00437490	CPhysicsScriptStatements__CreateStatementType5	0x004377B9	0x004377BE	ADJACENT	0	0x004377CC	0x005490E0	CDXMemoryManager__Alloc
C:\dev\ONSLAUGHT2\CPhysicsScriptStatements.cpp	201	0x00437490	CPhysicsScriptStatements__CreateStatementType5	0x004377E7	0x004377EC	ADJACENT	0	0x004377FA	0x005490E0	CDXMemoryManager__Alloc
C:\dev\ONSLAUGHT2\CPhysicsScriptStatements.cpp	202	0x00437490	CPhysicsScriptStatements__CreateStatementType5	0x0043781C	0x00437821	ADJACENT	0	0x0043782F	0x005490E0	CDXMemoryManager__Alloc
C:\dev\ONSLAUGHT2\CPhysicsScriptStatements.cpp	203	0x00437490	CPhysicsScriptStatements__CreateStatementType5	0x0043784A	0x0043784F	ADJACENT	0	0x0043785D	0x005490E0	CDXMemoryManager__Alloc
C:\dev\ONSLAUGHT2\CPhysicsScriptStatements.cpp	204	0x00437490	CPhysicsScriptStatements__CreateStatementType5	0x0043787F	0x00437884	ADJACENT	0	0x00437895	0x005490E0	CDXMemoryManager__Alloc
C:\dev\ONSLAUGHT2\CPhysicsScriptStatements.cpp	205	0x00437490	CPhysicsScriptStatements__CreateStatementType5	0x004378B4	0x004378B9	ADJACENT	0	0x004378C7	0x005490E0	CDXMemoryManager__Alloc
C:\dev\ONSLAUGHT2\CPhysicsScriptStatements.cpp	206	0x00437490	CPhysicsScriptStatements__CreateStatementType5	0x004378E9	0x004378EE	ADJACENT	0	0x004378FC	0x005490E0	CDXMemoryManager__Alloc
C:\dev\ONSLAUGHT2\CPhysicsScriptStatements.cpp	207	0x00437490	CPhysicsScriptStatements__CreateStatementType5	0x0043791E	0x00437923	ADJACENT	0	0x00437931	0x005490E0	CDXMemoryManager__Alloc
C:\dev\ONSLAUGHT2\CPhysicsScriptStatements.cpp	208	0x00437490	CPhysicsScriptStatements__CreateStatementType5	0x00437953	0x00437958	ADJACENT	0	0x00437966	0x005490E0	CDXMemoryManager__Alloc
C:\dev\ONSLAUGHT2\CPhysicsScriptStatements.cpp	209	0x00437490	CPhysicsScriptStatements__CreateStatementType5	0x00437988	0x0043798D	ADJACENT	0	0x0043799B	0x005490E0	CDXMemoryManager__Alloc
C:\dev\ONSLAUGHT2\CPhysicsScriptStatements.cpp	210	0x00437490	CPhysicsScriptStatements__CreateStatementType5	0x004379BD	0x004379C2	ADJACENT	0	0x004379D0	0x005490E0	CDXMemoryManager__Alloc
C:\dev\ONSLAUGHT2\CPhysicsScriptStatements.cpp	211	0x00437490	CPhysicsScriptStatements__CreateStatementType5	0x004379F2	0x004379F7	ADJACENT	0	0x00437A05	0x005490E0	CDXMemoryManager__Alloc
C:\dev\ONSLAUGHT2\CPhysicsScriptStatements.cpp	212	0x00437490	CPhysicsScriptStatements__CreateStatementType5	0x00437A27	0x00437A2C	ADJACENT	0	0x00437A3A	0x005490E0	CDXMemoryManager__Alloc
C:\dev\ONSLAUGHT2\CPhysicsScriptStatements.cpp	213	0x00437490	CPhysicsScriptStatements__CreateStatementType5	0x00437A5C	0x00437A61	ADJACENT	0	0x00437A6F	0x005490E0	CDXMemoryManager__Alloc
C:\dev\ONSLAUGHT2\CPhysicsScriptStatements.cpp	214	0x00437490	CPhysicsScriptStatements__CreateStatementType5	0x00437A91	0x00437A96	ADJACENT	0	0x00437AA4	0x005490E0	CDXMemoryManager__Alloc
C:\dev\ONSLAUGHT2\CPhysicsScriptStatements.cpp	215	0x00437490	CPhysicsScriptStatements__CreateStatementType5	0x00437AC6	0x00437ACB	ADJACENT	0	0x00437AD9	0x005490E0	CDXMemoryManager__Alloc
C:\dev\ONSLAUGHT2\CPhysicsScriptStatements.cpp	216	0x00437490	CPhysicsScriptStatements__CreateStatementType5	0x00437AFB	0x00437B00	ADJACENT	0	0x00437B0E	0x005490E0	CDXMemoryManager__Alloc
C:\dev\ONSLAUGHT2\CPhysicsScriptStatements.cpp	217	0x00437490	CPhysicsScriptStatements__CreateStatementType5	0x00437B30	0x00437B35	ADJACENT	0	0x00437B43	0x005490E0	CDXMemoryManager__Alloc
C:\dev\ONSLAUGHT2\CPhysicsScriptStatements.cpp	218	0x00437490	CPhysicsScriptStatements__CreateStatementType5	0x00437B65	0x00437B6A	ADJACENT	0	0x00437B78	0x005490E0	CDXMemoryManager__Alloc
C:\dev\ONSLAUGHT2\CPhysicsScriptStatements.cpp	219	0x00437490	CPhysicsScriptStatements__CreateStatementType5	0x00437B9A	0x00437B9F	ADJACENT	0	0x00437BAD	0x005490E0	CDXMemoryManager__Alloc
C:\dev\ONSLAUGHT2\CPhysicsScriptStatements.cpp	220	0x00437490	CPhysicsScriptStatements__CreateStatementType5	0x00437BCF	0x00437BD4	ADJACENT	0	0x00437BE5	0x005490E0	CDXMemoryManager__Alloc
C:\dev\ONSLAUGHT2\CPhysicsScriptStatements.cpp	221	0x00437490	CPhysicsScriptStatements__CreateStatementType5	0x00437C00	0x00437C05	ADJACENT	0	0x00437C13	0x005490E0	CDXMemoryManager__Alloc
C:\dev\ONSLAUGHT2\CPhysicsScriptStatements.cpp	222	0x00437490	CPhysicsScriptStatements__CreateStatementType5	0x00437C31	0x00437C36	ADJACENT	0	0x00437C44	0x005490E0	CDXMemoryManager__Alloc
C:\dev\ONSLAUGHT2\CPhysicsScriptStatements.cpp	232	0x00439B40	CPhysicsScriptStatements__CreateStatementType6	0x00439B55	0x00439B5A	ADJACENT	0	0x00439B6B	0x005490E0	CDXMemoryManager__Alloc
C:\dev\ONSLAUGHT2\CPhysicsScriptStatements.cpp	233	0x00439B40	CPhysicsScriptStatements__CreateStatementType6	0x00439B8A	0x00439B8F	ADJACENT	0	0x00439B9D	0x005490E0	CDXMemoryManager__Alloc
C:\dev\ONSLAUGHT2\CPhysicsScriptStatements.cpp	234	0x00439B40	CPhysicsScriptStatements__CreateStatementType6	0x00439BBF	0x00439BC4	ADJACENT	0	0x00439BD2	0x005490E0	CDXMemoryManager__Alloc
C:\dev\ONSLAUGHT2\CPhysicsScriptStatements.cpp	235	0x00439B40	CPhysicsScriptStatements__CreateStatementType6	0x00439BF4	0x00439BF9	ADJACENT	0	0x00439C07	0x005490E0	CDXMemoryManager__Alloc
C:\dev\ONSLAUGHT2\CPhysicsScriptStatements.cpp	236	0x00439B40	CPhysicsScriptStatements__CreateStatementType6	0x00439C29	0x00439C2E	ADJACENT	0	0x00439C3C	0x005490E0	CDXMemoryManager__Alloc
C:\dev\ONSLAUGHT2\CPhysicsScriptStatements.cpp	237	0x00439B40	CPhysicsScriptStatements__CreateStatementType6	0x00439C5E	0x00439C63	ADJACENT	0	0x00439C71	0x005490E0	CDXMemoryManager__Alloc
C:\dev\ONSLAUGHT2\CPhysicsScriptStatements.cpp	238	0x00439B40	CPhysicsScriptStatements__CreateStatementType6	0x00439C93	0x00439C98	ADJACENT	0	0x00439CA6	0x005490E0	CDXMemoryManager__Alloc
C:\dev\ONSLAUGHT2\CPhysicsScriptStatements.cpp	239	0x00439B40	CPhysicsScriptStatements__CreateStatementType6	0x00439CC1	0x00439CC6	ADJACENT	0	0x00439CD4	0x005490E0	CDXMemoryManager__Alloc
C:\dev\ONSLAUGHT2\CPhysicsScriptStatements.cpp	240	0x00439B40	CPhysicsScriptStatements__CreateStatementType6	0x00439CF6	0x00439CFB	ADJACENT	0	0x00439D09	0x005490E0	CDXMemoryManager__Alloc
C:\dev\ONSLAUGHT2\CPhysicsScriptStatements.cpp	241	0x00439B40	CPhysicsScriptStatements__CreateStatementType6	0x00439D2B	0x00439D30	ADJACENT	0	0x00439D3E	0x005490E0	CDXMemoryManager__Alloc
C:\dev\ONSLAUGHT2\CPhysicsScriptStatements.cpp	242	0x00439B40	CPhysicsScriptStatements__CreateStatementType6	0x00439D60	0x00439D65	ADJACENT	0	0x00439D73	0x005490E0	CDXMemoryManager__Alloc
C:\dev\ONSLAUGHT2\CPhysicsScriptStatements.cpp	243	0x00439B40	CPhysicsScriptStatements__CreateStatementType6	0x00439D95	0x00439D9A	ADJACENT	0	0x00439DAB	0x005490E0	CDXMemoryManager__Alloc
C:\dev\ONSLAUGHT2\CPhysicsScriptStatements.cpp	244	0x00439B40	CPhysicsScriptStatements__CreateStatementType6	0x00439DC6	0x00439DCB	ADJACENT	0	0x00439DD9	0x005490E0	CDXMemoryManager__Alloc
C:\dev\ONSLAUGHT2\CPhysicsScriptStatements.cpp	245	0x00439B40	CPhysicsScriptStatements__CreateStatementType6	0x00439DF7	0x00439DFC	ADJACENT	0	0x00439E0A	0x005490E0	CDXMemoryManager__Alloc
C:\dev\ONSLAUGHT2\CPhysicsScriptStatements.cpp	255	0x0043A860	CPhysicsScriptStatements__CreateStatementType7	0x0043A875	0x0043A87A	ADJACENT	0	0x0043A88B	0x005490E0	CDXMemoryManager__Alloc
C:\dev\ONSLAUGHT2\CPhysicsScriptStatements.cpp	256	0x0043A860	CPhysicsScriptStatements__CreateStatementType7	0x0043A8AA	0x0043A8AF	ADJACENT	0	0x0043A8C0	0x005490E0	CDXMemoryManager__Alloc
C:\dev\ONSLAUGHT2\CPhysicsScriptStatements.cpp	257	0x0043A860	CPhysicsScriptStatements__CreateStatementType7	0x0043A8DF	0x0043A8E4	ADJACENT	0	0x0043A8F5	0x005490E0	CDXMemoryManager__Alloc
C:\dev\ONSLAUGHT2\CPhysicsScriptStatements.cpp	258	0x0043A860	CPhysicsScriptStatements__CreateStatementType7	0x0043A914	0x0043A919	ADJACENT	0	0x0043A92A	0x005490E0	CDXMemoryManager__Alloc
C:\dev\ONSLAUGHT2\CPhysicsScriptStatements.cpp	259	0x0043A860	CPhysicsScriptStatements__CreateStatementType7	0x0043A949	0x0043A94E	ADJACENT	0	0x0043A95F	0x005490E0	CDXMemoryManager__Alloc
C:\dev\ONSLAUGHT2\CPhysicsScriptStatements.cpp	260	0x0043A860	CPhysicsScriptStatements__CreateStatementType7	0x0043A97E	0x0043A983	ADJACENT	0	0x0043A991	0x005490E0	CDXMemoryManager__Alloc
C:\dev\ONSLAUGHT2\CPhysicsScriptStatements.cpp	261	0x0043A860	CPhysicsScriptStatements__CreateStatementType7	0x0043A9B3	0x0043A9B8	ADJACENT	0	0x0043A9C6	0x005490E0	CDXMemoryManager__Alloc
C:\dev\ONSLAUGHT2\CPhysicsScriptStatements.cpp	262	0x0043A860	CPhysicsScriptStatements__CreateStatementType7	0x0043A9E8	0x0043A9ED	ADJACENT	0	0x0043A9FB	0x005490E0	CDXMemoryManager__Alloc
C:\dev\ONSLAUGHT2\CPhysicsScriptStatements.cpp	263	0x0043A860	CPhysicsScriptStatements__CreateStatementType7	0x0043AA1D	0x0043AA22	ADJACENT	0	0x0043AA30	0x005490E0	CDXMemoryManager__Alloc
C:\dev\ONSLAUGHT2\CPhysicsScriptStatements.cpp	264	0x0043A860	CPhysicsScriptStatements__CreateStatementType7	0x0043AA52	0x0043AA57	ADJACENT	0	0x0043AA68	0x005490E0	CDXMemoryManager__Alloc
C:\dev\ONSLAUGHT2\CPhysicsScriptStatements.cpp	265	0x0043A860	CPhysicsScriptStatements__CreateStatementType7	0x0043AA87	0x0043AA8C	ADJACENT	0	0x0043AA9A	0x005490E0	CDXMemoryManager__Alloc
C:\dev\ONSLAUGHT2\CPhysicsScriptStatements.cpp	266	0x0043A860	CPhysicsScriptStatements__CreateStatementType7	0x0043AABC	0x0043AAC1	ADJACENT	0	0x0043AACF	0x005490E0	CDXMemoryManager__Alloc
C:\dev\ONSLAUGHT2\CPhysicsScriptStatements.cpp	267	0x0043A860	CPhysicsScriptStatements__CreateStatementType7	0x0043AAF1	0x0043AAF6	ADJACENT	0	0x0043AB04	0x005490E0	CDXMemoryManager__Alloc
C:\dev\ONSLAUGHT2\CPhysicsScriptStatements.cpp	268	0x0043A860	CPhysicsScriptStatements__CreateStatementType7	0x0043AB22	0x0043AB27	ADJACENT	0	0x0043AB35	0x005490E0	CDXMemoryManager__Alloc
C:\dev\ONSLAUGHT2\CPhysicsScriptStatements.cpp	269	0x0043A860	CPhysicsScriptStatements__CreateStatementType7	0x0043AB53	0x0043AB58	ADJACENT	0	0x0043AB69	0x005490E0	CDXMemoryManager__Alloc
C:\dev\ONSLAUGHT2\CPhysicsScriptStatements.cpp	279	0x0043B990	CPhysicsScriptStatements__CreateStatementType8	0x0043B9A5	0x0043B9AA	ADJACENT	0	0x0043B9B8	0x005490E0	CDXMemoryManager__Alloc
C:\dev\ONSLAUGHT2\CPhysicsScriptStatements.cpp	280	0x0043B990	CPhysicsScriptStatements__CreateStatementType8	0x0043B9DA	0x0043B9DF	ADJACENT	0	0x0043B9F0	0x005490E0	CDXMemoryManager__Alloc
C:\dev\ONSLAUGHT2\CPhysicsScriptStatements.cpp	281	0x0043B990	CPhysicsScriptStatements__CreateStatementType8	0x0043BA0F	0x0043BA14	ADJACENT	0	0x0043BA25	0x005490E0	CDXMemoryManager__Alloc
C:\dev\ONSLAUGHT2\CPhysicsScriptStatements.cpp	282	0x0043B990	CPhysicsScriptStatements__CreateStatementType8	0x0043BA44	0x0043BA49	ADJACENT	0	0x0043BA5A	0x005490E0	CDXMemoryManager__Alloc
C:\dev\ONSLAUGHT2\CPhysicsScriptStatements.cpp	283	0x0043B990	CPhysicsScriptStatements__CreateStatementType8	0x0043BA79	0x0043BA7E	ADJACENT	0	0x0043BA8C	0x005490E0	CDXMemoryManager__Alloc
C:\dev\ONSLAUGHT2\CPhysicsScriptStatements.cpp	284	0x0043B990	CPhysicsScriptStatements__CreateStatementType8	0x0043BAAA	0x0043BAAF	ADJACENT	0	0x0043BABD	0x005490E0	CDXMemoryManager__Alloc
C:\dev\ONSLAUGHT2\CPhysicsScriptStatements.cpp	285	0x0043B990	CPhysicsScriptStatements__CreateStatementType8	0x0043BADB	0x0043BAE0	ADJACENT	0	0x0043BAEE	0x005490E0	CDXMemoryManager__Alloc
C:\dev\ONSLAUGHT2\CPhysicsScriptStatements.cpp	295	0x0043C0B0	CPhysicsScriptStatements__CreateStatementType9	0x0043C0C5	0x0043C0CA	ADJACENT	0	0x0043C0D8	0x005490E0	CDXMemoryManager__Alloc
C:\dev\ONSLAUGHT2\CPhysicsScriptStatements.cpp	296	0x0043C0B0	CPhysicsScriptStatements__CreateStatementType9	0x0043C0FA	0x0043C0FF	ADJACENT	0	0x0043C10D	0x005490E0	CDXMemoryManager__Alloc
C:\dev\ONSLAUGHT2\CPhysicsScriptStatements.cpp	297	0x0043C0B0	CPhysicsScriptStatements__CreateStatementType9	0x0043C12B	0x0043C130	ADJACENT	0	0x0043C141	0x005490E0	CDXMemoryManager__Alloc
C:\dev\ONSLAUGHT2\CPhysicsScriptStatements.cpp	298	0x0043C0B0	CPhysicsScriptStatements__CreateStatementType9	0x0043C15C	0x0043C161	ADJACENT	0	0x0043C172	0x005490E0	CDXMemoryManager__Alloc
C:\dev\ONSLAUGHT2\CPhysicsScriptStatements.cpp	308	0x0043C500	CPhysicsScriptStatements__CreateStatementType10	0x0043C515	0x0043C51A	ADJACENT	0	0x0043C52B	0x005490E0	CDXMemoryManager__Alloc
C:\dev\ONSLAUGHT2\CPhysicsScriptStatements.cpp	309	0x0043C500	CPhysicsScriptStatements__CreateStatementType10	0x0043C54B	0x0043C550	ADJACENT	0	0x0043C55E	0x005490E0	CDXMemoryManager__Alloc
C:\dev\ONSLAUGHT2\CPhysicsScriptStatements.cpp	310	0x0043C500	CPhysicsScriptStatements__CreateStatementType10	0x0043C57E	0x0043C583	ADJACENT	0	0x0043C591	0x005490E0	CDXMemoryManager__Alloc
C:\dev\ONSLAUGHT2\CPhysicsScriptStatements.cpp	311	0x0043C500	CPhysicsScriptStatements__CreateStatementType10	0x0043C5B1	0x0043C5B6	ADJACENT	0	0x0043C5C4	0x005490E0	CDXMemoryManager__Alloc
C:\dev\ONSLAUGHT2\CPhysicsScriptStatements.cpp	312	0x0043C500	CPhysicsScriptStatements__CreateStatementType10	0x0043C5E4	0x0043C5E9	ADJACENT	0	0x0043C5F7	0x005490E0	CDXMemoryManager__Alloc
C:\dev\ONSLAUGHT2\CPhysicsScriptStatements.cpp	313	0x0043C500	CPhysicsScriptStatements__CreateStatementType10	0x0043C617	0x0043C61C	ADJACENT	0	0x0043C62D	0x005490E0	CDXMemoryManager__Alloc
C:\dev\ONSLAUGHT2\CPhysicsScriptStatements.cpp	314	0x0043C500	CPhysicsScriptStatements__CreateStatementType10	0x0043C659	0x0043C65E	ADJACENT	0	0x0043C66F	0x005490E0	CDXMemoryManager__Alloc
C:\dev\ONSLAUGHT2\CPhysicsScriptStatements.cpp	315	0x0043C500	CPhysicsScriptStatements__CreateStatementType10	0x0043C69B	0x0043C6A0	ADJACENT	0	0x0043C6B1	0x005490E0	CDXMemoryManager__Alloc
C:\dev\ONSLAUGHT2\CPhysicsScriptStatements.cpp	316	0x0043C500	CPhysicsScriptStatements__CreateStatementType10	0x0043C6D1	0x0043C6D6	ADJACENT	0	0x0043C6E4	0x005490E0	CDXMemoryManager__Alloc
C:\dev\ONSLAUGHT2\CPhysicsScriptStatements.cpp	317	0x0043C500	CPhysicsScriptStatements__CreateStatementType10	0x0043C704	0x0043C709	ADJACENT	0	0x0043C71A	0x005490E0	CDXMemoryManager__Alloc
C:\dev\ONSLAUGHT2\CPhysicsScriptStatements.cpp	318	0x0043C500	CPhysicsScriptStatements__CreateStatementType10	0x0043C73A	0x0043C73F	ADJACENT	0	0x0043C74D	0x005490E0	CDXMemoryManager__Alloc
C:\dev\ONSLAUGHT2\CPhysicsScriptStatements.cpp	319	0x0043C500	CPhysicsScriptStatements__CreateStatementType10	0x0043C76D	0x0043C772	ADJACENT	0	0x0043C783	0x005490E0	CDXMemoryManager__Alloc
C:\dev\ONSLAUGHT2\CPhysicsScriptStatements.cpp	320	0x0043C500	CPhysicsScriptStatements__CreateStatementType10	0x0043C7A3	0x0043C7A8	ADJACENT	0	0x0043C7B6	0x005490E0	CDXMemoryManager__Alloc
C:\dev\ONSLAUGHT2\CPhysicsScriptStatements.cpp	321	0x0043C500	CPhysicsScriptStatements__CreateStatementType10	0x0043C7D6	0x0043C7DB	ADJACENT	0	0x0043C7E9	0x005490E0	CDXMemoryManager__Alloc
C:\dev\ONSLAUGHT2\CPhysicsScriptStatements.cpp	322	0x0043C500	CPhysicsScriptStatements__CreateStatementType10	0x0043C809	0x0043C80E	ADJACENT	0	0x0043C81F	0x005490E0	CDXMemoryManager__Alloc
C:\dev\ONSLAUGHT2\CPhysicsScriptStatements.cpp	323	0x0043C500	CPhysicsScriptStatements__CreateStatementType10	0x0043C83F	0x0043C844	ADJACENT	0	0x0043C852	0x005490E0	CDXMemoryManager__Alloc
C:\dev\ONSLAUGHT2\CPhysicsScriptStatements.cpp	324	0x0043C500	CPhysicsScriptStatements__CreateStatementType10	0x0043C872	0x0043C877	ADJACENT	0	0x0043C885	0x005490E0	CDXMemoryManager__Alloc
C:\dev\ONSLAUGHT2\CPhysicsScriptStatements.cpp	325	0x0043C500	CPhysicsScriptStatements__CreateStatementType10	0x0043C8A5	0x0043C8AA	ADJACENT	0	0x0043C8B8	0x005490E0	CDXMemoryManager__Alloc
C:\dev\ONSLAUGHT2\CPhysicsScriptStatements.cpp	326	0x0043C500	CPhysicsScriptStatements__CreateStatementType10	0x0043C8D8	0x0043C8DD	ADJACENT	0	0x0043C8EB	0x005490E0	CDXMemoryManager__Alloc
C:\dev\ONSLAUGHT2\CPhysicsScriptStatements.cpp	327	0x0043C500	CPhysicsScriptStatements__CreateStatementType10	0x0043C90B	0x0043C910	ADJACENT	0	0x0043C91E	0x005490E0	CDXMemoryManager__Alloc
C:\dev\ONSLAUGHT2\CPhysicsScriptStatements.cpp	328	0x0043C500	CPhysicsScriptStatements__CreateStatementType10	0x0043C93E	0x0043C943	ADJACENT	0	0x0043C951	0x005490E0	CDXMemoryManager__Alloc
C:\dev\ONSLAUGHT2\CPhysicsScriptStatements.cpp	329	0x0043C500	CPhysicsScriptStatements__CreateStatementType10	0x0043C971	0x0043C976	ADJACENT	0	0x0043C984	0x005490E0	CDXMemoryManager__Alloc
C:\dev\ONSLAUGHT2\CPhysicsScriptStatements.cpp	330	0x0043C500	CPhysicsScriptStatements__CreateStatementType10	0x0043C9A0	0x0043C9A5	ADJACENT	0	0x0043C9B3	0x005490E0	CDXMemoryManager__Alloc
C:\dev\ONSLAUGHT2\CPhysicsScriptStatements.cpp	331	0x0043C500	CPhysicsScriptStatements__CreateStatementType10	0x0043C9CF	0x0043C9D4	ADJACENT	0	0x0043C9E5	0x005490E0	CDXMemoryManager__Alloc
C:\dev\ONSLAUGHT2\CPhysicsScriptStatements.cpp	341	0x0043DCD0	CPhysicsScriptStatements__CreateStatementType11	0x0043DD31	0x0043DD36	ADJACENT	0	0x0043DD44	0x005490E0	CDXMemoryManager__Alloc
C:\dev\ONSLAUGHT2\CPhysicsScriptStatements.cpp	342	0x0043DCD0	CPhysicsScriptStatements__CreateStatementType11	0x0043DD07	0x0043DD0C	ADJACENT	0	0x0043DD1A	0x005490E0	CDXMemoryManager__Alloc
C:\dev\ONSLAUGHT2\CPhysicsScriptStatements.cpp	343	0x0043DCD0	CPhysicsScriptStatements__CreateStatementType11	0x0043DCDD	0x0043DCE2	ADJACENT	0	0x0043DCF0	0x005490E0	CDXMemoryManager__Alloc
C:\dev\ONSLAUGHT2\CPhysicsScriptStatements.cpp	353	0x0043DDC0	CPhysicsScriptStatements__CreateStatementType12	0x0043DDD5	0x0043DDDA	ADJACENT	0	0x0043DDE8	0x005490E0	CDXMemoryManager__Alloc
C:\dev\ONSLAUGHT2\CPhysicsScriptStatements.cpp	354	0x0043DDC0	CPhysicsScriptStatements__CreateStatementType12	0x0043DE03	0x0043DE08	ADJACENT	0	0x0043DE16	0x005490E0	CDXMemoryManager__Alloc
C:\dev\ONSLAUGHT2\CPhysicsScriptStatements.cpp	355	0x0043DDC0	CPhysicsScriptStatements__CreateStatementType12	0x0043DE31	0x0043DE36	ADJACENT	0	0x0043DE44	0x005490E0	CDXMemoryManager__Alloc
C:\dev\ONSLAUGHT2\CPhysicsScriptStatements.cpp	356	0x0043DDC0	CPhysicsScriptStatements__CreateStatementType12	0x0043DE5F	0x0043DE64	ADJACENT	0	0x0043DE72	0x005490E0	CDXMemoryManager__Alloc
C:\dev\ONSLAUGHT2\CPhysicsScriptStatements.cpp	357	0x0043DDC0	CPhysicsScriptStatements__CreateStatementType12	0x0043DE8D	0x0043DE92	ADJACENT	0	0x0043DEA0	0x005490E0	CDXMemoryManager__Alloc
C:\dev\ONSLAUGHT2\CPhysicsScriptStatements.cpp	358	0x0043DDC0	CPhysicsScriptStatements__CreateStatementType12	0x0043DEBB	0x0043DEC0	ADJACENT	0	0x0043DECE	0x005490E0	CDXMemoryManager__Alloc
C:\dev\ONSLAUGHT2\CPhysicsScriptStatements.cpp	359	0x0043DDC0	CPhysicsScriptStatements__CreateStatementType12	0x0043DEE9	0x0043DEEE	ADJACENT	0	0x0043DEFC	0x005490E0	CDXMemoryManager__Alloc
C:\dev\ONSLAUGHT2\CPhysicsScriptStatements.cpp	360	0x0043DDC0	CPhysicsScriptStatements__CreateStatementType12	0x0043DF17	0x0043DF1C	ADJACENT	0	0x0043DF2A	0x005490E0	CDXMemoryManager__Alloc
C:\dev\ONSLAUGHT2\CPhysicsScriptStatements.cpp	361	0x0043DDC0	CPhysicsScriptStatements__CreateStatementType12	0x0043DF45	0x0043DF4A	ADJACENT	0	0x0043DF58	0x005490E0	CDXMemoryManager__Alloc
C:\dev\ONSLAUGHT2\CPhysicsScriptStatements.cpp	362	0x0043DDC0	CPhysicsScriptStatements__CreateStatementType12	0x0043DF73	0x0043DF78	ADJACENT	0	0x0043DF86	0x005490E0	CDXMemoryManager__Alloc
C:\dev\ONSLAUGHT2\CPhysicsScriptStatements.cpp	363	0x0043DDC0	CPhysicsScriptStatements__CreateStatementType12	0x0043DFA1	0x0043DFA6	ADJACENT	0	0x0043DFB4	0x005490E0	CDXMemoryManager__Alloc
C:\dev\ONSLAUGHT2\CPhysicsScriptStatements.cpp	364	0x0043DDC0	CPhysicsScriptStatements__CreateStatementType12	0x0043DFCF	0x0043DFD4	ADJACENT	0	0x0043DFE2	0x005490E0	CDXMemoryManager__Alloc
C:\dev\ONSLAUGHT2\CPhysicsScriptStatements.cpp	365	0x0043DDC0	CPhysicsScriptStatements__CreateStatementType12	0x0043DFFD	0x0043E002	ADJACENT	0	0x0043E010	0x005490E0	CDXMemoryManager__Alloc
C:\dev\ONSLAUGHT2\CPhysicsScriptStatements.cpp	366	0x0043DDC0	CPhysicsScriptStatements__CreateStatementType12	0x0043E02B	0x0043E030	ADJACENT	0	0x0043E03E	0x005490E0	CDXMemoryManager__Alloc
C:\dev\ONSLAUGHT2\CPhysicsScriptStatements.cpp	367	0x0043DDC0	CPhysicsScriptStatements__CreateStatementType12	0x0043E059	0x0043E05E	ADJACENT	0	0x0043E06C	0x005490E0	CDXMemoryManager__Alloc
C:\dev\ONSLAUGHT2\CPhysicsScriptStatements.cpp	368	0x0043DDC0	CPhysicsScriptStatements__CreateStatementType12	0x0043E087	0x0043E08C	ADJACENT	0	0x0043E09A	0x005490E0	CDXMemoryManager__Alloc
C:\dev\ONSLAUGHT2\CPhysicsScriptStatements.cpp	369	0x0043DDC0	CPhysicsScriptStatements__CreateStatementType12	0x0043E0B5	0x0043E0BA	ADJACENT	0	0x0043E0C8	0x005490E0	CDXMemoryManager__Alloc
C:\dev\ONSLAUGHT2\CPhysicsScriptStatements.cpp	370	0x0043DDC0	CPhysicsScriptStatements__CreateStatementType12	0x0043E0E3	0x0043E0E8	ADJACENT	0	0x0043E0F6	0x005490E0	CDXMemoryManager__Alloc
C:\dev\ONSLAUGHT2\CPhysicsScriptStatements.cpp	371	0x0043DDC0	CPhysicsScriptStatements__CreateStatementType12	0x0043E111	0x0043E116	ADJACENT	0	0x0043E124	0x005490E0	CDXMemoryManager__Alloc
C:\dev\ONSLAUGHT2\CPhysicsScriptStatements.cpp	372	0x0043DDC0	CPhysicsScriptStatements__CreateStatementType12	0x0043E13F	0x0043E144	ADJACENT	0	0x0043E152	0x005490E0	CDXMemoryManager__Alloc
C:\dev\ONSLAUGHT2\CPhysicsScriptStatements.cpp	373	0x0043DDC0	CPhysicsScriptStatements__CreateStatementType12	0x0043E16D	0x0043E172	ADJACENT	0	0x0043E180	0x005490E0	CDXMemoryManager__Alloc
C:\dev\ONSLAUGHT2\CPhysicsScriptStatements.cpp	374	0x0043DDC0	CPhysicsScriptStatements__CreateStatementType12	0x0043E19B	0x0043E1A0	ADJACENT	0	0x0043E1AE	0x005490E0	CDXMemoryManager__Alloc
C:\dev\ONSLAUGHT2\CPhysicsScriptStatements.cpp	375	0x0043DDC0	CPhysicsScriptStatements__CreateStatementType12	0x0043E1C9	0x0043E1CE	ADJACENT	0	0x0043E1DC	0x005490E0	CDXMemoryManager__Alloc
C:\dev\ONSLAUGHT2\CPhysicsScriptStatements.cpp	376	0x0043DDC0	CPhysicsScriptStatements__CreateStatementType12	0x0043E1F3	0x0043E1F8	ADJACENT	0	0x0043E206	0x005490E0	CDXMemoryManager__Alloc
C:\dev\ONSLAUGHT2\CPhysicsScriptStatements.cpp	377	0x0043DDC0	CPhysicsScriptStatements__CreateStatementType12	0x0043E21D	0x0043E222	ADJACENT	0	0x0043E230	0x005490E0	CDXMemoryManager__Alloc
C:\dev\ONSLAUGHT2\CPhysicsScriptStatements.cpp	387	0x0043E310	CPhysicsScriptStatements__CreateStatementType13	0x0043E31D	0x0043E322	ADJACENT	0	0x0043E330	0x005490E0	CDXMemoryManager__Alloc
C:\dev\ONSLAUGHT2\CPhysicsScriptStatements.cpp	388	0x0043E310	CPhysicsScriptStatements__CreateStatementType13	0x0043E371	0x0043E376	ADJACENT	0	0x0043E384	0x005490E0	CDXMemoryManager__Alloc
C:\dev\ONSLAUGHT2\CPhysicsScriptStatements.cpp	389	0x0043E310	CPhysicsScriptStatements__CreateStatementType13	0x0043E347	0x0043E34C	ADJACENT	0	0x0043E35A	0x005490E0	CDXMemoryManager__Alloc
C:\dev\ONSLAUGHT2\CPhysicsScriptStatements.cpp	399	0x0043E400	CPhysicsScriptStatements__CreateStatementType14	0x0043E415	0x0043E41A	ADJACENT	0	0x0043E428	0x005490E0	CDXMemoryManager__Alloc
C:\dev\ONSLAUGHT2\CPhysicsScriptStatements.cpp	400	0x0043E400	CPhysicsScriptStatements__CreateStatementType14	0x0043E443	0x0043E448	ADJACENT	0	0x0043E456	0x005490E0	CDXMemoryManager__Alloc
C:\dev\ONSLAUGHT2\CPhysicsScriptStatements.cpp	401	0x0043E400	CPhysicsScriptStatements__CreateStatementType14	0x0043E46D	0x0043E472	ADJACENT	0	0x0043E480	0x005490E0	CDXMemoryManager__Alloc
C:\dev\ONSLAUGHT2\CPhysicsScriptStatements.cpp	402	0x0043E400	CPhysicsScriptStatements__CreateStatementType14	0x0043E497	0x0043E49C	ADJACENT	0	0x0043E4AA	0x005490E0	CDXMemoryManager__Alloc
C:\dev\ONSLAUGHT2\CPhysicsScriptStatements.cpp	412	0x0043E540	CPhysicsScriptStatements__CreateStatementType15	0x0043E5A1	0x0043E5A6	ADJACENT	0	0x0043E5B4	0x005490E0	CDXMemoryManager__Alloc
C:\dev\ONSLAUGHT2\CPhysicsScriptStatements.cpp	413	0x0043E540	CPhysicsScriptStatements__CreateStatementType15	0x0043E577	0x0043E57C	ADJACENT	0	0x0043E58A	0x005490E0	CDXMemoryManager__Alloc
C:\dev\ONSLAUGHT2\CPhysicsScriptStatements.cpp	414	0x0043E540	CPhysicsScriptStatements__CreateStatementType15	0x0043E54D	0x0043E552	ADJACENT	0	0x0043E560	0x005490E0	CDXMemoryManager__Alloc
C:\dev\ONSLAUGHT2\CPhysicsScriptStatements.h	666	0x0042F2B0	CUnitStatement__LoadFromMemBuffer	0x0042F36C	0x0042F371	ADJACENT	0	0x0042F37F	0x005490E0	CDXMemoryManager__Alloc
C:\dev\ONSLAUGHT2\CPhysicsScriptStatements.h	666	0x0042F3D0	CPhysicsUnitValueList__LoadFromMemBuffer	0x0042F446	0x0042F44B	ADJACENT	0	0x0042F459	0x005490E0	CDXMemoryManager__Alloc
C:\dev\ONSLAUGHT2\CPhysicsScriptStatements.h	814	0x0042F780	CWeaponStatement__LoadFromMemBuffer	0x0042F83C	0x0042F841	ADJACENT	0	0x0042F84F	0x005490E0	CDXMemoryManager__Alloc
C:\dev\ONSLAUGHT2\CPhysicsScriptStatements.h	814	0x0042F8A0	CPhysicsWeaponValueList__LoadFromMemBuffer	0x0042F916	0x0042F91B	ADJACENT	0	0x0042F929	0x005490E0	CDXMemoryManager__Alloc
C:\dev\ONSLAUGHT2\CPhysicsScriptStatements.h	962	0x0042FCA0	CWeaponModeStatement__LoadFromMemBuffer	0x0042FD5C	0x0042FD61	ADJACENT	0	0x0042FD6F	0x005490E0	CDXMemoryManager__Alloc
C:\dev\ONSLAUGHT2\CPhysicsScriptStatements.h	962	0x0042FDC0	CPhysicsWeaponModeValueList__LoadFromMemBuffer	0x0042FE36	0x0042FE3B	ADJACENT	0	0x0042FE49	0x005490E0	CDXMemoryManager__Alloc
C:\dev\ONSLAUGHT2\CPhysicsScriptStatements.h	1112	0x00430210	CRoundStatement__LoadFromMemBuffer	0x004302CC	0x004302D1	ADJACENT	0	0x004302DF	0x005490E0	CDXMemoryManager__Alloc
C:\dev\ONSLAUGHT2\CPhysicsScriptStatements.h	1112	0x00430330	CPhysicsRoundValueList__LoadFromMemBuffer	0x004303A6	0x004303AB	ADJACENT	0	0x004303B9	0x005490E0	CDXMemoryManager__Alloc
C:\dev\ONSLAUGHT2\CPhysicsScriptStatements.h	1262	0x004306E0	CSpawnerStatement__LoadFromMemBuffer	0x0043079C	0x004307A1	ADJACENT	0	0x004307AF	0x005490E0	CDXMemoryManager__Alloc
C:\dev\ONSLAUGHT2\CPhysicsScriptStatements.h	1262	0x00430800	CPhysicsSpawnerValueList__LoadFromMemBuffer	0x00430876	0x0043087B	ADJACENT	0	0x00430889	0x005490E0	CDXMemoryManager__Alloc
C:\dev\ONSLAUGHT2\CPhysicsScriptStatements.h	1413	0x00430B60	CExplosionStatement__LoadFromMemBuffer	0x00430C1C	0x00430C21	ADJACENT	0	0x00430C2F	0x005490E0	CDXMemoryManager__Alloc
C:\dev\ONSLAUGHT2\CPhysicsScriptStatements.h	1413	0x00430C80	CPhysicsExplosionValueList__LoadFromMemBuffer	0x00430CF6	0x00430CFB	ADJACENT	0	0x00430D09	0x005490E0	CDXMemoryManager__Alloc
C:\dev\ONSLAUGHT2\CPhysicsScriptStatements.h	1563	0x00431050	CComponentStatement__LoadFromMemBuffer	0x0043110C	0x00431111	ADJACENT	0	0x0043111F	0x005490E0	CDXMemoryManager__Alloc
C:\dev\ONSLAUGHT2\CPhysicsScriptStatements.h	1563	0x00431170	CPhysicsComponentValueList__LoadFromMemBuffer	0x004311E6	0x004311EB	ADJACENT	0	0x004311F9	0x005490E0	CDXMemoryManager__Alloc
C:\dev\ONSLAUGHT2\CPhysicsScriptStatements.h	1713	0x004314A0	CFeatureStatement__LoadFromMemBuffer	0x0043155C	0x00431561	ADJACENT	0	0x0043156F	0x005490E0	CDXMemoryManager__Alloc
C:\dev\ONSLAUGHT2\CPhysicsScriptStatements.h	1713	0x004315C0	CPhysicsFeatureValueList__LoadFromMemBuffer	0x00431636	0x0043163B	ADJACENT	0	0x00431649	0x005490E0	CDXMemoryManager__Alloc
C:\dev\ONSLAUGHT2\CPhysicsScriptStatements.h	1859	0x004318F0	CHazardStatement__LoadFromMemBuffer	0x004319AC	0x004319B1	ADJACENT	0	0x004319BF	0x005490E0	CDXMemoryManager__Alloc
C:\dev\ONSLAUGHT2\CPhysicsScriptStatements.h	1859	0x00431A10	CPhysicsHazardValueList__LoadFromMemBuffer	0x00431A86	0x00431A8B	ADJACENT	0	0x00431A99	0x005490E0	CDXMemoryManager__Alloc
C:\dev\ONSLAUGHT2\CPhysicsScriptStatements.h	1989	0x0042F2B0	CUnitStatement__LoadFromMemBuffer	0x0042F2D1	0x0042F2D6	ADJACENT	0	0x0042F2E4	0x005490E0	CDXMemoryManager__Alloc
C:\dev\ONSLAUGHT2\CPhysicsScriptStatements.h	2110	0x0042F780	CWeaponStatement__LoadFromMemBuffer	0x0042F7A1	0x0042F7A6	ADJACENT	0	0x0042F7B4	0x005490E0	CDXMemoryManager__Alloc
C:\dev\ONSLAUGHT2\CPhysicsScriptStatements.h	2231	0x0042FCA0	CWeaponModeStatement__LoadFromMemBuffer	0x0042FCC1	0x0042FCC6	ADJACENT	0	0x0042FCD4	0x005490E0	CDXMemoryManager__Alloc
C:\dev\ONSLAUGHT2\CPhysicsScriptStatements.h	2352	0x00430210	CRoundStatement__LoadFromMemBuffer	0x00430231	0x00430236	ADJACENT	0	0x00430244	0x005490E0	CDXMemoryManager__Alloc
C:\dev\ONSLAUGHT2\CPhysicsScriptStatements.h	2473	0x004306E0	CSpawnerStatement__LoadFromMemBuffer	0x00430701	0x00430706	ADJACENT	0	0x00430714	0x005490E0	CDXMemoryManager__Alloc
C:\dev\ONSLAUGHT2\CPhysicsScriptStatements.h	2593	0x00430B60	CExplosionStatement__LoadFromMemBuffer	0x00430B81	0x00430B86	ADJACENT	0	0x00430B94	0x005490E0	CDXMemoryManager__Alloc
C:\dev\ONSLAUGHT2\CPhysicsScriptStatements.h	2714	0x00431050	CComponentStatement__LoadFromMemBuffer	0x00431071	0x00431076	ADJACENT	0	0x00431084	0x005490E0	CDXMemoryManager__Alloc
C:\dev\ONSLAUGHT2\CPhysicsScriptStatements.h	2836	0x004314A0	CFeatureStatement__LoadFromMemBuffer	0x004314C1	0x004314C6	ADJACENT	0	0x004314D4	0x005490E0	CDXMemoryManager__Alloc
C:\dev\ONSLAUGHT2\CPhysicsScriptStatements.h	2958	0x004318F0	CHazardStatement__LoadFromMemBuffer	0x00431911	0x00431916	ADJACENT	0	0x00431924	0x005490E0	CDXMemoryManager__Alloc
C:\dev\ONSLAUGHT2\Cutscene.cpp	203	0x0043ED80	CCutscene__Load	0x0043EDF8	0x0043EE00	STACK_STABLE_GAP	1	0x0043EE14	0x005490E0	CDXMemoryManager__Alloc
C:\dev\ONSLAUGHT2\Cutscene.cpp	203	0x005D1FF0	Unwind@005d1ff0	0x005D1FF0	0x005D1FF5	ADJACENT	0	0x005D2003	0x00449D40	OID__FreeObject_Callback
C:\dev\ONSLAUGHT2\Cutscene.cpp	307	0x0043F210	CCutscene__AddAnimation	0x0043F214	0x0043F21B	STACK_STABLE_GAP	1	0x0043F22C	0x005490E0	CDXMemoryManager__Alloc
C:\dev\ONSLAUGHT2\Cutscene.cpp	491	0x0043F510	CCutscene__InitAnimations	0x0043F5B4	0x0043F5BC	STACK_STABLE_GAP	1	0x0043F5C9	0x005490E0	CDXMemoryManager__Alloc
C:\dev\ONSLAUGHT2\Cutscene.cpp	501	0x0043F510	CCutscene__InitAnimations	0x0043F5F1	0x0043F5F6	ADJACENT	0	0x0043F607	0x005490E0	CDXMemoryManager__Alloc
C:\dev\ONSLAUGHT2\Cutscene.cpp	549	0x0043F690	CCutscene__Update	0x0043F714	0x0043F719	ADJACENT	0	0x0043F72A	0x005490E0	CDXMemoryManager__Alloc
C:\dev\ONSLAUGHT2\Cutscene.cpp	549	0x005D2020	Unwind@005d2020	0x005D2020	0x005D2025	ADJACENT	0	0x005D2033	0x00449D40	OID__FreeObject_Callback
C:\dev\ONSLAUGHT2\damage.cpp	22	0x00440B90	CDamage__Init	0x00440B9E	0x00440BA0	ADJACENT	0	0x00440BAE	0x005490E0	CDXMemoryManager__Alloc
C:\dev\ONSLAUGHT2\damage.cpp	78	0x00440C70	CDamage__LoadDamageTexture	0x00440D09	0x00440D0B	ADJACENT	0	0x00440D22	0x005490E0	CDXMemoryManager__Alloc
C:\dev\ONSLAUGHT2\damage.cpp	117	0x00441000	CDamage__CreateTextureBuffer	0x00441045	0x00441047	ADJACENT	0	0x0044105E	0x005490E0	CDXMemoryManager__Alloc
C:\dev\ONSLAUGHT2\damage.cpp	198	0x00441000	CDamage__CreateTextureBuffer	0x00441004	0x0044100B	STACK_STABLE_GAP	1	0x00441019	0x005490E0	CDXMemoryManager__Alloc
C:\dev\ONSLAUGHT2\DestructableSegmentsController.cpp	388	0x00444660	CDestructableSegmentsController__Init	0x004446BA	0x004446BF	ADJACENT	0	0x004446DD	0x005490E0	CDXMemoryManager__Alloc
C:\dev\ONSLAUGHT2\DestructableSegmentsController.cpp	424	0x00444660	CDestructableSegmentsController__Init	0x004447AA	0x004447AF	ADJACENT	0	0x004447BD	0x005490E0	CDXMemoryManager__Alloc
C:\dev\ONSLAUGHT2\DestructableSegmentsController.cpp	424	0x005D2170	Unwind@005d2170	0x005D2170	0x005D2175	ADJACENT	0	0x005D2180	0x00449D40	OID__FreeObject_Callback
C:\dev\ONSLAUGHT2\DestructableSegmentsController.cpp	483	0x004449C0	CDestructableSegmentsController__CreateSegment	0x004449F1	0x004449F7	STACK_STABLE_GAP	1	0x00444A08	0x005490E0	CDXMemoryManager__Alloc
C:\dev\ONSLAUGHT2\DestructableSegmentsController.cpp	483	0x005D21E0	Unwind@005d21e0	0x005D21E0	0x005D21E5	ADJACENT	0	0x005D21F0	0x00449D40	OID__FreeObject_Callback
C:\dev\ONSLAUGHT2\DestructableSegmentsController.cpp	488	0x004449C0	CDestructableSegmentsController__CreateSegment	0x00444A56	0x00444A5B	ADJACENT	0	0x00444A69	0x005490E0	CDXMemoryManager__Alloc
C:\dev\ONSLAUGHT2\DestructableSegmentsController.cpp	488	0x005D21F9	Unwind@005d21f9	0x005D21F9	0x005D21FE	ADJACENT	0	0x005D2209	0x00449D40	OID__FreeObject_Callback
C:\dev\ONSLAUGHT2\DestructableSegmentsController.cpp	493	0x004449C0	CDestructableSegmentsController__CreateSegment	0x00444ACD	0x00444AD2	ADJACENT	0	0x00444AE0	0x005490E0	CDXMemoryManager__Alloc
C:\dev\ONSLAUGHT2\DestructableSegmentsController.cpp	493	0x005D2212	Unwind@005d2212	0x005D2212	0x005D2217	ADJACENT	0	0x005D2222	0x00449D40	OID__FreeObject_Callback
C:\dev\ONSLAUGHT2\DestructableSegmentsController.cpp	498	0x004449C0	CDestructableSegmentsController__CreateSegment	0x00444B3B	0x00444B40	ADJACENT	0	0x00444B4E	0x005490E0	CDXMemoryManager__Alloc
C:\dev\ONSLAUGHT2\DestructableSegmentsController.cpp	498	0x005D222B	Unwind@005d222b	0x005D222B	0x005D2230	ADJACENT	0	0x005D223B	0x00449D40	OID__FreeObject_Callback
C:\dev\ONSLAUGHT2\DiveBomber.cpp	18	0x00445250	CDiveBomber__VFunc_9_00445250	0x00445275	0x00445277	ADJACENT	0	0x00445285	0x005490E0	CDXMemoryManager__Alloc
C:\dev\ONSLAUGHT2\DiveBomber.cpp	18	0x005D2250	Unwind@005d2250	0x005D2250	0x005D2252	ADJACENT	0	0x005D225D	0x00449D40	OID__FreeObject_Callback
C:\dev\ONSLAUGHT2\DiveBomber.cpp	19	0x00445250	CDiveBomber__VFunc_9_00445250	0x004452B9	0x004452BB	ADJACENT	0	0x004452D7	0x005490E0	CDXMemoryManager__Alloc
C:\dev\ONSLAUGHT2\DiveBomber.cpp	19	0x005D2266	Unwind@005d2266	0x005D2266	0x005D2268	ADJACENT	0	0x005D2273	0x00449D40	OID__FreeObject_Callback
C:\dev\ONSLAUGHT2\Dropship.cpp	44	0x00446D70	CDropship__Init	0x00446E6B	0x00446E6D	ADJACENT	0	0x00446E7B	0x005490E0	CDXMemoryManager__Alloc
C:\dev\ONSLAUGHT2\Dropship.cpp	44	0x005D22E0	Unwind@005d22e0	0x005D22E0	0x005D22E2	ADJACENT	0	0x005D22ED	0x00449D40	OID__FreeObject_Callback
C:\dev\ONSLAUGHT2\Dropship.cpp	45	0x00446D70	CDropship__Init	0x00446EAB	0x00446EAD	ADJACENT	0	0x00446EC6	0x005490E0	CDXMemoryManager__Alloc
C:\dev\ONSLAUGHT2\Dropship.cpp	45	0x005D22F6	Unwind@005d22f6	0x005D22F6	0x005D22F8	ADJACENT	0	0x005D2303	0x00449D40	OID__FreeObject_Callback
C:\dev\ONSLAUGHT2\Dropship.cpp	46	0x00446D70	CDropship__Init	0x00446EEF	0x00446EF1	ADJACENT	0	0x00446F0D	0x005490E0	CDXMemoryManager__Alloc
C:\dev\ONSLAUGHT2\Dropship.cpp	46	0x005D230C	Unwind@005d230c	0x005D230C	0x005D230E	ADJACENT	0	0x005D2319	0x00449D40	OID__FreeObject_Callback
C:\dev\ONSLAUGHT2\Dropship.cpp	55	0x00446D70	CDropship__Init	0x00446FAA	0x00446FAC	ADJACENT	0	0x00446FBA	0x005490E0	CDXMemoryManager__Alloc
C:\dev\ONSLAUGHT2\Dropship.cpp	55	0x005D2322	Unwind@005d2322	0x005D2322	0x005D2324	ADJACENT	0	0x005D232F	0x00449D40	OID__FreeObject_Callback
C:\dev\ONSLAUGHT2\DXBattleLine.cpp	112	0x0053A050	CDXBattleLine__Constructor	0x0053A06D	0x0053A073	STACK_STABLE_GAP	1	0x0053A08A	0x005490E0	CDXMemoryManager__Alloc
C:\dev\ONSLAUGHT2\DXBattleLine.cpp	112	0x005D7630	Unwind@005d7630	0x005D7630	0x005D7632	ADJACENT	0	0x005D763D	0x00449D40	OID__FreeObject_Callback
C:\dev\ONSLAUGHT2\DXBattleLine.cpp	132	0x0053A150	CDXBattleLine__LoadTextures	0x0053A188	0x0053A18D	ADJACENT	0	0x0053A196	0x005490E0	CDXMemoryManager__Alloc
C:\dev\ONSLAUGHT2\DXBattleLine.cpp	132	0x005D7650	Unwind@005d7650	0x005D7650	0x005D7655	ADJACENT	0	0x005D7660	0x00449D40	OID__FreeObject_Callback
C:\dev\ONSLAUGHT2\DXBattleLine.cpp	151	0x0053A150	CDXBattleLine__LoadTextures	0x0053A20E	0x0053A213	ADJACENT	0	0x0053A21F	0x005490E0	CDXMemoryManager__Alloc
C:\dev\ONSLAUGHT2\DXBattleLine.cpp	151	0x005D7669	Unwind@005d7669	0x005D7669	0x005D766E	ADJACENT	0	0x005D7679	0x00449D40	OID__FreeObject_Callback
C:\dev\ONSLAUGHT2\DXBattleLine.cpp	325	0x0053A5E0	CDXBattleLine__BuildMesh	0x0053A690	0x0053A695	ADJACENT	0	0x0053A6D8	0x005490E0	CDXMemoryManager__Alloc
C:\dev\ONSLAUGHT2\DXBattleLine.cpp	325	0x005D7690	Unwind@005d7690	0x005D7690	0x005D7695	ADJACENT	0	0x005D76A3	0x00449D40	OID__FreeObject_Callback
C:\dev\ONSLAUGHT2\DXBattleLine.cpp	353	0x0053A5E0	CDXBattleLine__BuildMesh	0x0053A7DA	0x0053A7DF	ADJACENT	0	0x0053A7ED	0x005490E0	CDXMemoryManager__Alloc
C:\dev\ONSLAUGHT2\DXBattleLine.cpp	353	0x005D76AC	Unwind@005d76ac	0x005D76AC	0x005D76B1	ADJACENT	0	0x005D76BC	0x00449D40	OID__FreeObject_Callback
C:\dev\ONSLAUGHT2\DXBattleLine.cpp	357	0x0053A5E0	CDXBattleLine__BuildMesh	0x0053A829	0x0053A82E	ADJACENT	0	0x0053A845	0x005490E0	CDXMemoryManager__Alloc
C:\dev\ONSLAUGHT2\DXBattleLine.cpp	368	0x0053A5E0	CDXBattleLine__BuildMesh	0x0053A878	0x0053A87D	ADJACENT	0	0x0053A88B	0x005490E0	CDXMemoryManager__Alloc
C:\dev\ONSLAUGHT2\DXBattleLine.cpp	368	0x005D76C5	Unwind@005d76c5	0x005D76C5	0x005D76CA	ADJACENT	0	0x005D76D5	0x00449D40	OID__FreeObject_Callback
C:\dev\ONSLAUGHT2\DXClouds.cpp	31	0x0053B900	CClouds__Constructor	0x0053B951	0x0053B953	ADJACENT	0	0x0053B95C	0x005490E0	CDXMemoryManager__Alloc
C:\dev\ONSLAUGHT2\DXClouds.cpp	31	0x005D76F8	Unwind@005d76f8	0x005D76F8	0x005D76FA	ADJACENT	0	0x005D7705	0x00449D40	OID__FreeObject_Callback
C:\dev\ONSLAUGHT2\DXCompass.cpp	67	0x0053BE40	CDXCompass__Init	0x0053BE5B	0x0053BE5F	STACK_STABLE_GAP	1	0x0053BE71	0x005490E0	CDXMemoryManager__Alloc
C:\dev\ONSLAUGHT2\DXCompass.cpp	67	0x005D7720	Unwind@005d7720	0x005D7720	0x005D7722	ADJACENT	0	0x005D772D	0x00449D40	OID__FreeObject_Callback
C:\dev\ONSLAUGHT2\DXCompass.cpp	91	0x0053BE40	CDXCompass__Init	0x0053BF77	0x0053BF79	ADJACENT	0	0x0053BF8A	0x005490E0	CDXMemoryManager__Alloc
C:\dev\ONSLAUGHT2\DXCompass.cpp	91	0x005D7736	Unwind@005d7736	0x005D7736	0x005D7738	ADJACENT	0	0x005D7743	0x00449D40	OID__FreeObject_Callback
C:\dev\ONSLAUGHT2\DXCompass.cpp	92	0x0053BE40	CDXCompass__Init	0x0053BFAA	0x0053BFAC	ADJACENT	0	0x0053BFCB	0x005490E0	CDXMemoryManager__Alloc
C:\dev\ONSLAUGHT2\DXCompass.cpp	92	0x005D774C	Unwind@005d774c	0x005D774C	0x005D774E	ADJACENT	0	0x005D7759	0x00449D40	OID__FreeObject_Callback
C:\dev\ONSLAUGHT2\DXCompass.cpp	98	0x0053BE40	CDXCompass__Init	0x0053C067	0x0053C069	ADJACENT	0	0x0053C077	0x005490E0	CDXMemoryManager__Alloc
C:\dev\ONSLAUGHT2\DXCompass.cpp	98	0x005D7762	Unwind@005d7762	0x005D7762	0x005D7764	ADJACENT	0	0x005D776F	0x00449D40	OID__FreeObject_Callback
C:\dev\ONSLAUGHT2\DXCompass.cpp	104	0x0053BE40	CDXCompass__Init	0x0053C103	0x0053C105	ADJACENT	0	0x0053C113	0x005490E0	CDXMemoryManager__Alloc
C:\dev\ONSLAUGHT2\DXCompass.cpp	104	0x005D7778	Unwind@005d7778	0x005D7778	0x005D777A	ADJACENT	0	0x005D7785	0x00449D40	OID__FreeObject_Callback
C:\dev\ONSLAUGHT2\DXFMV.CPP	53	0x0053F190	CDXFMV__VFunc_11_0053f190	0x0053F217	0x0053F219	ADJACENT	0	0x0053F22A	0x005490E0	CDXMemoryManager__Alloc
C:\dev\ONSLAUGHT2\DXFMV.CPP	53	0x005D7800	Unwind@005d7800	0x005D7800	0x005D7802	ADJACENT	0	0x005D7810	0x00449D40	OID__FreeObject_Callback
C:\dev\ONSLAUGHT2\DXFont.cpp	264	0x0053FB00	CDXFont__CreateGDIFont	0x0053FBA9	0x0053FBAE	ADJACENT	0	0x0053FBBF	0x005490E0	CDXMemoryManager__Alloc
C:\dev\ONSLAUGHT2\DXFont.cpp	264	0x005D7830	Unwind@005d7830	0x005D7830	0x005D7835	ADJACENT	0	0x005D7843	0x00449D40	OID__FreeObject_Callback
C:\dev\ONSLAUGHT2\DXFrontEndVideo.cpp	256	0x00541430	CDXFrontEndVideo__InitVideo	0x005414E8	0x005414ED	ADJACENT	0	0x005414FB	0x005490E0	CDXMemoryManager__Alloc
C:\dev\ONSLAUGHT2\DXFrontEndVideo.cpp	256	0x005D78B0	Unwind@005d78b0	0x005D78B0	0x005D78B5	ADJACENT	0	0x005D78C0	0x00449D40	OID__FreeObject_Callback
C:\dev\ONSLAUGHT2\DXImposter.cpp	1857	0x00543D90	CDXImposter__Deserialize	0x00543E4C	0x00543E51	ADJACENT	0	0x00543E5F	0x005490E0	CDXMemoryManager__Alloc
C:\dev\ONSLAUGHT2\DXImposter.cpp	1857	0x005D78E0	Unwind@005d78e0	0x005D78E0	0x005D78E5	ADJACENT	0	0x005D78F0	0x00449D40	OID__FreeObject_Callback
C:\dev\ONSLAUGHT2\DXImposter.cpp	1858	0x00543D90	CDXImposter__Deserialize	0x00543E82	0x00543E87	ADJACENT	0	0x00543EA1	0x005490E0	CDXMemoryManager__Alloc
C:\dev\ONSLAUGHT2\DXImposter.cpp	1858	0x005D78F9	Unwind@005d78f9	0x005D78F9	0x005D78FE	ADJACENT	0	0x005D7909	0x00449D40	OID__FreeObject_Callback
C:\dev\ONSLAUGHT2\DXImposter.cpp	2019	0x00543F50	CDXImposter__Create	0x00543F54	0x00543F59	ADJACENT	0	0x00543F67	0x005490E0	CDXMemoryManager__Alloc
C:\dev\ONSLAUGHT2\DXImposter.cpp	2055	0x00543F50	CDXImposter__Create	0x00543FF4	0x00543FF9	ADJACENT	0	0x00544004	0x005490E0	CDXMemoryManager__Alloc
C:\dev\ONSLAUGHT2\DXKempyCube.cpp	82	0x005440A0	CDXEngine__InitKempyCubeTexturesAndVertexBuffer	0x00544109	0x0054410B	ADJACENT	0	0x00544119	0x005490E0	CDXMemoryManager__Alloc
C:\dev\ONSLAUGHT2\DXKempyCube.cpp	82	0x005D7920	Unwind@005d7920	0x005D7920	0x005D7922	ADJACENT	0	0x005D792D	0x00449D40	OID__FreeObject_Callback
C:\dev\ONSLAUGHT2\DXLandscape.cpp	95	0x005447E0	CDXLandscape__CreateMipLevels	0x00544800	0x00544802	ADJACENT	0	0x00544820	0x005490E0	CDXMemoryManager__Alloc
C:\dev\ONSLAUGHT2\DXLandscape.cpp	95	0x005D7940	Unwind@005d7940	0x005D7940	0x005D7942	ADJACENT	0	0x005D794D	0x00449D40	OID__FreeObject_Callback
C:\dev\ONSLAUGHT2\DXLandscape.cpp	109	0x005447E0	CDXLandscape__CreateMipLevels	0x00544893	0x00544895	ADJACENT	0	0x005448AC	0x005490E0	CDXMemoryManager__Alloc
C:\dev\ONSLAUGHT2\DXLandscape.cpp	109	0x005D7956	Unwind@005d7956	0x005D7956	0x005D7958	ADJACENT	0	0x005D7963	0x00449D40	OID__FreeObject_Callback
C:\dev\ONSLAUGHT2\DXLandscape.cpp	115	0x005447E0	CDXLandscape__CreateMipLevels	0x0054493F	0x00544941	ADJACENT	0	0x00544952	0x005490E0	CDXMemoryManager__Alloc
C:\dev\ONSLAUGHT2\DXLandscape.cpp	169	0x00544AF0	CDXLandscape__Init	0x00544B6A	0x00544B6F	ADJACENT	0	0x00544B7D	0x005490E0	CDXMemoryManager__Alloc
C:\dev\ONSLAUGHT2\DXLandscape.cpp	169	0x005D79C0	Unwind@005d79c0	0x005D79C0	0x005D79C5	ADJACENT	0	0x005D79D0	0x00449D40	OID__FreeObject_Callback
C:\dev\ONSLAUGHT2\DXLandscape.cpp	174	0x00544AF0	CDXLandscape__Init	0x00544BB3	0x00544BB8	ADJACENT	0	0x00544BC6	0x005490E0	CDXMemoryManager__Alloc
C:\dev\ONSLAUGHT2\DXLandscape.cpp	174	0x005D79D9	Unwind@005d79d9	0x005D79D9	0x005D79DE	ADJACENT	0	0x005D79E9	0x00449D40	OID__FreeObject_Callback
C:\dev\ONSLAUGHT2\DXLandscape.cpp	179	0x00544AF0	CDXLandscape__Init	0x00544C04	0x00544C09	ADJACENT	0	0x00544C17	0x005490E0	CDXMemoryManager__Alloc
C:\dev\ONSLAUGHT2\DXLandscape.cpp	179	0x005D79F2	Unwind@005d79f2	0x005D79F2	0x005D79F7	ADJACENT	0	0x005D7A02	0x00449D40	OID__FreeObject_Callback
C:\dev\ONSLAUGHT2\DXLandscape.cpp	434	0x00545070	CDXLandscape__Reset	0x005450D0	0x005450D5	ADJACENT	0	0x005450E3	0x005490E0	CDXMemoryManager__Alloc
C:\dev\ONSLAUGHT2\DXLandscape.cpp	434	0x005D7A20	Unwind@005d7a20	0x005D7A20	0x005D7A25	ADJACENT	0	0x005D7A30	0x00449D40	OID__FreeObject_Callback
C:\dev\ONSLAUGHT2\DXLandscape.cpp	443	0x00545070	CDXLandscape__Reset	0x00545146	0x0054514B	ADJACENT	0	0x00545159	0x005490E0	CDXMemoryManager__Alloc
C:\dev\ONSLAUGHT2\DXLandscape.cpp	443	0x005D7A39	Unwind@005d7a39	0x005D7A39	0x005D7A3E	ADJACENT	0	0x005D7A49	0x00449D40	OID__FreeObject_Callback
C:\dev\ONSLAUGHT2\DXLandscape.h	170	0x005447E0	CDXLandscape__CreateMipLevels	0x00544908	0x0054490D	ADJACENT	0	0x0054491F	0x005490E0	CDXMemoryManager__Alloc
C:\dev\ONSLAUGHT2\DXMemBuffer.cpp	227	0x00547DC0	CDXMemBuffer__OpenWrite	0x00547DD0	0x00547DD7	STACK_STABLE_GAP	1	0x00547DE7	0x005490E0	CDXMemoryManager__Alloc
C:\dev\ONSLAUGHT2\DXMemBuffer.cpp	287	0x00547EC0	CDXMemBuffer__InitFromFile	0x00547EF6	0x00547EFB	ADJACENT	0	0x00547F02	0x005490E0	CDXMemoryManager__Alloc
C:\dev\ONSLAUGHT2\DXMeshVB.cpp	81	0x0054C0A0	CDXMeshVB__BuildStaticVB	0x0054C0E3	0x0054C0E5	ADJACENT	0	0x0054C0F9	0x005490E0	CDXMemoryManager__Alloc
C:\dev\ONSLAUGHT2\DXMeshVB.cpp	82	0x0054C0A0	CDXMeshVB__BuildStaticVB	0x0054C112	0x0054C114	ADJACENT	0	0x0054C128	0x005490E0	CDXMemoryManager__Alloc
C:\dev\ONSLAUGHT2\DXMeshVB.cpp	132	0x0054C0A0	CDXMeshVB__BuildStaticVB	0x0054C233	0x0054C238	ADJACENT	0	0x0054C246	0x005490E0	CDXMemoryManager__Alloc
C:\dev\ONSLAUGHT2\DXMeshVB.cpp	186	0x0054C0A0	CDXMeshVB__BuildStaticVB	0x0054C3CD	0x0054C3D2	ADJACENT	0	0x0054C3DF	0x005490E0	CDXMemoryManager__Alloc
C:\dev\ONSLAUGHT2\DXMeshVB.cpp	425	0x0054C920	CDXMeshVB__BuildSkeletalVB	0x0054C949	0x0054C94E	ADJACENT	0	0x0054C97A	0x005490E0	CDXMemoryManager__Alloc
C:\dev\ONSLAUGHT2\DXMeshVB.cpp	426	0x0054C920	CDXMeshVB__BuildSkeletalVB	0x0054C991	0x0054C996	ADJACENT	0	0x0054C9AA	0x005490E0	CDXMemoryManager__Alloc
C:\dev\ONSLAUGHT2\DXMeshVB.cpp	427	0x0054C920	CDXMeshVB__BuildSkeletalVB	0x0054C9B3	0x0054C9B8	ADJACENT	0	0x0054C9C8	0x005490E0	CDXMemoryManager__Alloc
C:\dev\ONSLAUGHT2\DXMeshVB.cpp	472	0x0054C920	CDXMeshVB__BuildSkeletalVB	0x0054CABE	0x0054CAC3	ADJACENT	0	0x0054CAD1	0x005490E0	CDXMemoryManager__Alloc
C:\dev\ONSLAUGHT2\DXMeshVB.cpp	534	0x0054C920	CDXMeshVB__BuildSkeletalVB	0x0054CC7F	0x0054CC84	ADJACENT	0	0x0054CC91	0x005490E0	CDXMemoryManager__Alloc
C:\dev\ONSLAUGHT2\DXMeshVB.cpp	1742	0x0054E160	CDXMeshVB__Load	0x0054E21C	0x0054E221	ADJACENT	0	0x0054E230	0x005490E0	CDXMemoryManager__Alloc
C:\dev\ONSLAUGHT2\DXMeshVB.cpp	1756	0x0054E160	CDXMeshVB__Load	0x0054E273	0x0054E278	ADJACENT	0	0x0054E286	0x005490E0	CDXMemoryManager__Alloc
C:\dev\ONSLAUGHT2\DXPalletizer.cpp	22	0x0054E500	DXPalletizer__InsertColor	0x0054E595	0x0054E597	ADJACENT	0	0x0054E5AC	0x005490E0	CDXMemoryManager__Alloc
C:\dev\ONSLAUGHT2\DXPalletizer.cpp	238	0x0054E9D0	DXPalletizer__Palletize	0x0054E9DA	0x0054E9E1	STACK_STABLE_GAP	1	0x0054E9F3	0x005490E0	CDXMemoryManager__Alloc
C:\dev\ONSLAUGHT2\DXPalletizer.cpp	244	0x0054E9D0	DXPalletizer__Palletize	0x0054EA54	0x0054EA59	ADJACENT	0	0x0054EA6D	0x005490E0	CDXMemoryManager__Alloc
C:\dev\ONSLAUGHT2\DXPalletizer.cpp	310	0x0054E9D0	DXPalletizer__Palletize	0x0054EBDA	0x0054EBDF	ADJACENT	0	0x0054EBEC	0x005490E0	CDXMemoryManager__Alloc
C:\dev\ONSLAUGHT2\DXPalletizer.cpp	327	0x0054E9D0	DXPalletizer__Palletize	0x0054EC18	0x0054EC23	STACK_STABLE_GAP	2	0x0054EC30	0x005490E0	CDXMemoryManager__Alloc
C:\dev\ONSLAUGHT2\DXParticleTexture.cpp	81	0x0054FBC0	DXParticleTexture__GetOrCreate	0x0054FC06	0x0054FC08	ADJACENT	0	0x0054FC19	0x005490E0	CDXMemoryManager__Alloc
C:\dev\ONSLAUGHT2\DXPatchManager.cpp	17	0x00550430	CDXPatchManager__Init	0x00550477	0x00550479	ADJACENT	0	0x00550495	0x005490E0	CDXMemoryManager__Alloc
C:\dev\ONSLAUGHT2\DXPatchManager.cpp	17	0x00550430	CDXPatchManager__Init	0x005504F2	0x005504F4	ADJACENT	0	0x00550510	0x005490E0	CDXMemoryManager__Alloc
C:\dev\ONSLAUGHT2\DXPatchManager.cpp	17	0x00550430	CDXPatchManager__Init	0x00550575	0x0055057D	STACK_STABLE_GAP	2	0x00550593	0x005490E0	CDXMemoryManager__Alloc
C:\dev\ONSLAUGHT2\DXPatchManager.cpp	17	0x005D7B80	Unwind@005d7b80	0x005D7B80	0x005D7B82	ADJACENT	0	0x005D7B8D	0x00449D40	OID__FreeObject_Callback
C:\dev\ONSLAUGHT2\DXPatchManager.cpp	17	0x005D7B96	Unwind@005d7b96	0x005D7B96	0x005D7B98	ADJACENT	0	0x005D7BA3	0x00449D40	OID__FreeObject_Callback
C:\dev\ONSLAUGHT2\DXPatchManager.cpp	17	0x005D7BAC	Unwind@005d7bac	0x005D7BAC	0x005D7BAE	ADJACENT	0	0x005D7BB9	0x00449D40	OID__FreeObject_Callback
C:\dev\ONSLAUGHT2\DXPatchManager.cpp	84	0x00550430	CDXPatchManager__Init	0x00550449	0x0055044D	STACK_STABLE_GAP	1	0x0055045B	0x005490E0	CDXMemoryManager__Alloc
C:\dev\ONSLAUGHT2\DXPatchManager.cpp	91	0x00550430	CDXPatchManager__Init	0x005505EF	0x005505F1	ADJACENT	0	0x00550602	0x005490E0	CDXMemoryManager__Alloc
C:\dev\ONSLAUGHT2\DXPatchManager.cpp	91	0x005D7BC2	Unwind@005d7bc2	0x005D7BC2	0x005D7BC4	ADJACENT	0	0x005D7BCF	0x00449D40	OID__FreeObject_Callback
C:\dev\ONSLAUGHT2\DXPatchManager.cpp	148	0x00550750	CDXPatch__LoadFromFile	0x005507A8	0x005507B5	STACK_STABLE_GAP	2	0x005507C2	0x005490E0	CDXMemoryManager__Alloc
C:\dev\ONSLAUGHT2\DXShadows.cpp	105	0x005520F0	CDXShadows__Init	0x00552171	0x00552173	ADJACENT	0	0x00552181	0x005490E0	CDXMemoryManager__Alloc
C:\dev\ONSLAUGHT2\DXShadows.cpp	105	0x005D7C50	Unwind@005d7c50	0x005D7C50	0x005D7C52	ADJACENT	0	0x005D7C5D	0x00449D40	OID__FreeObject_Callback
C:\dev\ONSLAUGHT2\DXShadows.cpp	151	0x00552330	CDXShadows__InitBlobShadows	0x00552382	0x00552387	ADJACENT	0	0x00552390	0x005490E0	CDXMemoryManager__Alloc
C:\dev\ONSLAUGHT2\DXShadows.cpp	151	0x005D7C70	Unwind@005d7c70	0x005D7C70	0x005D7C75	ADJACENT	0	0x005D7C80	0x00449D40	OID__FreeObject_Callback
C:\dev\ONSLAUGHT2\DXSnow.cpp	243	0x00555020	CSnow__ResetAndInitSnowResources	0x00555159	0x0055515E	ADJACENT	0	0x0055516C	0x005490E0	CDXMemoryManager__Alloc
C:\dev\ONSLAUGHT2\DXSnow.cpp	243	0x005D7CA0	Unwind@005d7ca0	0x005D7CA0	0x005D7CA5	ADJACENT	0	0x005D7CB0	0x00449D40	OID__FreeObject_Callback
C:\dev\ONSLAUGHT2\DXSurf.cpp	56	0x00556490	CDXSurf__CreateSurfaceArray	0x005564D9	0x005564DB	ADJACENT	0	0x005564EF	0x005490E0	CDXMemoryManager__Alloc
C:\dev\ONSLAUGHT2\DXSurf.cpp	56	0x005D7CD0	Unwind@005d7cd0	0x005D7CD0	0x005D7CD2	ADJACENT	0	0x005D7CDD	0x00449D40	OID__FreeObject_Callback
C:\dev\ONSLAUGHT2\DXSurf.cpp	168	0x005565D0	CDXSurf__CreateSurfaceStrip	0x005565EA	0x005565F1	STACK_STABLE_GAP	1	0x005565FF	0x005490E0	CDXMemoryManager__Alloc
C:\dev\ONSLAUGHT2\DXSurf.cpp	168	0x005D7CF0	Unwind@005d7cf0	0x005D7CF0	0x005D7CF5	ADJACENT	0	0x005D7D00	0x00449D40	OID__FreeObject_Callback
C:\dev\ONSLAUGHT2\DXSurf.cpp	171	0x005565D0	CDXSurf__CreateSurfaceStrip	0x0055663F	0x00556644	ADJACENT	0	0x00556652	0x005490E0	CDXMemoryManager__Alloc
C:\dev\ONSLAUGHT2\DXSurf.cpp	171	0x005D7D09	Unwind@005d7d09	0x005D7D09	0x005D7D0E	ADJACENT	0	0x005D7D19	0x00449D40	OID__FreeObject_Callback
C:\dev\ONSLAUGHT2\DXTexture.cpp	418	0x00557300	CDXTexture__LoadTextureFromFile	0x005576F1	0x005576F6	ADJACENT	0	0x00557707	0x005490E0	CDXMemoryManager__Alloc
C:\dev\ONSLAUGHT2\DXTexture.cpp	929	0x005586E0	CDXTexture__DumpTextureToRGBA	0x0055872C	0x00558731	ADJACENT	0	0x00558747	0x005490E0	CDXMemoryManager__Alloc
C:\dev\ONSLAUGHT2\DXTexture.cpp	2938	0x00559410	CDXTexture__CreateMipmaps	0x005596EA	0x005596F2	STACK_STABLE_GAP	1	0x00559702	0x005490E0	CDXMemoryManager__Alloc
C:\dev\ONSLAUGHT2\DXTexture.cpp	2962	0x00559410	CDXTexture__CreateMipmaps	0x005597D1	0x005597D9	STACK_STABLE_GAP	1	0x005597E9	0x005490E0	CDXMemoryManager__Alloc
C:\dev\ONSLAUGHT2\DXTexture.cpp	3007	0x00559410	CDXTexture__CreateMipmaps	0x005598BB	0x005598C0	ADJACENT	0	0x005598CD	0x005490E0	CDXMemoryManager__Alloc
C:\dev\ONSLAUGHT2\DXTexture.cpp	3109	0x00559BE0	CDXTexture__Deserialize	0x00559BFF	0x00559C04	ADJACENT	0	0x00559C15	0x005490E0	CDXMemoryManager__Alloc
C:\dev\ONSLAUGHT2\DXTexture.cpp	3109	0x005D7DC0	CDXTexture__Deserialize_Unwind	0x005D7DC0	0x005D7DC5	ADJACENT	0	0x005D7DD3	0x00449D40	OID__FreeObject_Callback
C:\dev\ONSLAUGHT2\DXTrees.cpp	94	0x0055A420	CDXTrees__BuildTreeGeometry	0x0055A47B	0x0055A47D	ADJACENT	0	0x0055A48E	0x005490E0	CDXMemoryManager__Alloc
C:\dev\ONSLAUGHT2\DXTrees.cpp	94	0x005D7DF0	Unwind@005d7df0	0x005D7DF0	0x005D7DF2	ADJACENT	0	0x005D7E00	0x00449D40	OID__FreeObject_Callback
C:\dev\ONSLAUGHT2\DXTrees.cpp	106	0x0055A420	CDXTrees__BuildTreeGeometry	0x0055A4F4	0x0055A4F6	ADJACENT	0	0x0055A504	0x005490E0	CDXMemoryManager__Alloc
C:\dev\ONSLAUGHT2\DXTrees.cpp	106	0x005D7E09	Unwind@005d7e09	0x005D7E09	0x005D7E0B	ADJACENT	0	0x005D7E19	0x00449D40	OID__FreeObject_Callback
C:\dev\ONSLAUGHT2\engine.cpp	135	0x004499D0	CEngine__Init	0x00449AA3	0x00449AA8	ADJACENT	0	0x00449AB6	0x005490E0	CDXMemoryManager__Alloc
C:\dev\ONSLAUGHT2\engine.cpp	135	0x005D23A0	Unwind@005d23a0	0x005D23A0	0x005D23A5	ADJACENT	0	0x005D23B0	0x00449D40	OID__FreeObject_Callback
C:\dev\ONSLAUGHT2\engine.cpp	139	0x004499D0	CEngine__Init	0x00449AD4	0x00449AD9	ADJACENT	0	0x00449AF7	0x005490E0	CDXMemoryManager__Alloc
C:\dev\ONSLAUGHT2\engine.cpp	139	0x005D23B9	Unwind@005d23b9	0x005D23B9	0x005D23BE	ADJACENT	0	0x005D23C9	0x00449D40	OID__FreeObject_Callback
C:\dev\ONSLAUGHT2\engine.cpp	143	0x004499D0	CEngine__Init	0x00449B52	0x00449B57	ADJACENT	0	0x00449B68	0x005490E0	CDXMemoryManager__Alloc
C:\dev\ONSLAUGHT2\engine.cpp	143	0x005D23D2	Unwind@005d23d2	0x005D23D2	0x005D23D7	ADJACENT	0	0x005D23E2	0x00449D40	OID__FreeObject_Callback
C:\dev\ONSLAUGHT2\engine.cpp	147	0x004499D0	CEngine__Init	0x00449BA8	0x00449BAD	ADJACENT	0	0x00449BBB	0x005490E0	CDXMemoryManager__Alloc
C:\dev\ONSLAUGHT2\engine.cpp	147	0x005D23EB	Unwind@005d23eb	0x005D23EB	0x005D23F0	ADJACENT	0	0x005D23FB	0x00449D40	OID__FreeObject_Callback
C:\dev\ONSLAUGHT2\engine.cpp	165	0x004499D0	CEngine__Init	0x00449C20	0x00449C25	ADJACENT	0	0x00449C3C	0x005490E0	CDXMemoryManager__Alloc
C:\dev\ONSLAUGHT2\engine.cpp	165	0x005D2404	Unwind@005d2404	0x005D2404	0x005D2409	ADJACENT	0	0x005D2414	0x00449D40	OID__FreeObject_Callback
C:\dev\ONSLAUGHT2\engine.cpp	171	0x004499D0	CEngine__Init	0x00449C7F	0x00449C84	ADJACENT	0	0x00449C98	0x005490E0	CDXMemoryManager__Alloc
C:\dev\ONSLAUGHT2\engine.cpp	171	0x005D241D	Unwind@005d241d	0x005D241D	0x005D2422	ADJACENT	0	0x005D242D	0x00449D40	OID__FreeObject_Callback
C:\dev\ONSLAUGHT2\engine.cpp	310	0x0044A020	CEngine__SetViewpoint	0x0044A06E	0x0044A073	ADJACENT	0	0x0044A081	0x005490E0	CDXMemoryManager__Alloc
C:\dev\ONSLAUGHT2\engine.cpp	310	0x005D2440	Unwind@005d2440	0x005D2440	0x005D2445	ADJACENT	0	0x005D2450	0x00449D40	OID__FreeObject_Callback
C:\dev\ONSLAUGHT2\eventmanager.cpp	52	0x0044B060	CEventManager__Init	0x0044B079	0x0044B07D	STACK_STABLE_GAP	1	0x0044B0A5	0x005490E0	CDXMemoryManager__Alloc
C:\dev\ONSLAUGHT2\eventmanager.cpp	52	0x005D24E0	Unwind@005d24e0	0x005D24E0	0x005D24E2	ADJACENT	0	0x005D24ED	0x00449D40	OID__FreeObject_Callback
C:\dev\ONSLAUGHT2\eventmanager.cpp	55	0x0044B060	CEventManager__Init	0x0044B0F2	0x0044B0F4	ADJACENT	0	0x0044B100	0x005490E0	CDXMemoryManager__Alloc
C:\dev\ONSLAUGHT2\eventmanager.cpp	55	0x005D24F6	Unwind@005d24f6	0x005D24F6	0x005D24F8	ADJACENT	0	0x005D2503	0x00449D40	OID__FreeObject_Callback
C:\dev\ONSLAUGHT2\FastVB.cpp	41	0x0051A270	CFastVB__Create	0x0051A2A2	0x0051A2A4	ADJACENT	0	0x0051A2B2	0x005490E0	CDXMemoryManager__Alloc
C:\dev\ONSLAUGHT2\FastVB.cpp	41	0x005D6820	CFastVB__Create__Unwind	0x005D6820	0x005D6822	ADJACENT	0	0x005D682D	0x00449D40	OID__FreeObject_Callback
C:\dev\ONSLAUGHT2\FastVB.cpp	195	0x0051A510	CFastVB__Render	0x0051A567	0x0051A56C	ADJACENT	0	0x0051A57A	0x005490E0	CDXMemoryManager__Alloc
C:\dev\ONSLAUGHT2\FastVB.cpp	195	0x005D6840	CFastVB__Render__Unwind	0x005D6840	0x005D6845	ADJACENT	0	0x005D6850	0x00449D40	OID__FreeObject_Callback
C:\dev\ONSLAUGHT2\FEPBEConfig.cpp	320	0x0044FA90	CFEPBEConfig__Init	0x0044FADF	0x0044FAE4	ADJACENT	0	0x0044FAF2	0x005490E0	CDXMemoryManager__Alloc
C:\dev\ONSLAUGHT2\FEPBEConfig.cpp	399	0x0044FE70	CFEPBEConfig__Load	0x0044FE8B	0x0044FE94	STACK_STABLE_GAP	1	0x0044FEA5	0x005490E0	CDXMemoryManager__Alloc
C:\dev\ONSLAUGHT2\FEPBEConfig.cpp	399	0x005D25E0	Unwind@005d25e0	0x005D25E0	0x005D25E5	ADJACENT	0	0x005D25F3	0x00449D40	OID__FreeObject_Callback
C:\dev\ONSLAUGHT2\FEPBEConfig.cpp	419	0x0044FE70	CFEPBEConfig__Load	0x0044FF2F	0x0044FF35	STACK_STABLE_GAP	1	0x0044FF45	0x005490E0	CDXMemoryManager__Alloc
C:\dev\ONSLAUGHT2\FEPBEConfig.cpp	423	0x0044FE70	CFEPBEConfig__Load	0x0044FF5F	0x0044FF64	ADJACENT	0	0x0044FF79	0x005490E0	CDXMemoryManager__Alloc
C:\dev\ONSLAUGHT2\FEPDebriefing.cpp	48	0x00456780	CFEPDebriefing__Initialize	0x00456798	0x0045679C	STACK_STABLE_GAP	1	0x004567B0	0x005490E0	CDXMemoryManager__Alloc
C:\dev\ONSLAUGHT2\FEPDebriefing.cpp	48	0x005D2630	Unwind@005d2630	0x005D2630	0x005D2632	ADJACENT	0	0x005D2640	0x00449D40	OID__FreeObject_Callback
C:\dev\ONSLAUGHT2\FEPDebriefing.cpp	49	0x00456780	CFEPDebriefing__Initialize	0x004567E8	0x004567EA	ADJACENT	0	0x00456809	0x005490E0	CDXMemoryManager__Alloc
C:\dev\ONSLAUGHT2\FEPDevelopment.cpp	53	0x00458090	CFEPDevelopment__EnumerateWorldFiles	0x004580FB	0x00458100	STACK_STABLE_GAP	1	0x00458110	0x005490E0	CDXMemoryManager__Alloc
C:\dev\ONSLAUGHT2\FEPDevelopment.cpp	60	0x00458090	CFEPDevelopment__EnumerateWorldFiles	0x00458132	0x00458134	ADJACENT	0	0x00458145	0x005490E0	CDXMemoryManager__Alloc
C:\dev\ONSLAUGHT2\FEPDirectory.cpp	208	0x0051AD30	CFEPDirectory__RefreshSaveFileList	0x0051ADAB	0x0051ADB0	ADJACENT	0	0x0051ADC1	0x005490E0	CDXMemoryManager__Alloc
C:\dev\ONSLAUGHT2\FEPGoodies.cpp	1201	0x0045C870	CFEPGoodies__Deserialise	0x0045C8AE	0x0045C8B3	ADJACENT	0	0x0045C8CB	0x005490E0	CDXMemoryManager__Alloc
C:\dev\ONSLAUGHT2\FEPGoodies.cpp	1241	0x0045C870	CFEPGoodies__Deserialise	0x0045C941	0x0045C949	STACK_STABLE_GAP	1	0x0045C956	0x005490E0	CDXMemoryManager__Alloc
C:\dev\ONSLAUGHT2\FEPLoadGame.cpp	179	0x00461E20	CFEPLoadGame__DoLoad	0x00461EC6	0x00461ECD	STACK_STABLE_GAP	1	0x00461EDD	0x005490E0	CDXMemoryManager__Alloc
C:\dev\ONSLAUGHT2\FEPMultiplayerStart.cpp	56	0x0051DBA0	CFEPMultiplayerStart__Init	0x0051DBD7	0x0051DBD9	ADJACENT	0	0x0051DBE7	0x005490E0	CDXMemoryManager__Alloc
C:\dev\ONSLAUGHT2\FEPMultiplayerStart.cpp	73	0x0051DBA0	CFEPMultiplayerStart__Init	0x0051DCB0	0x0051DCB2	ADJACENT	0	0x0051DCC0	0x005490E0	CDXMemoryManager__Alloc
C:\dev\ONSLAUGHT2\FEPOptions.cpp	250	0x0051F500	CFEPOptions__SaveDefaultOptions	0x0051F574	0x0051F57B	STACK_STABLE_GAP	1	0x0051F588	0x005490E0	CDXMemoryManager__Alloc
C:\dev\ONSLAUGHT2\FEPOptions.cpp	406	0x0051F7E0	CFEPOptions__EnsureOptionsContext	0x0051F87E	0x0051F883	ADJACENT	0	0x0051F891	0x005490E0	CDXMemoryManager__Alloc
C:\dev\ONSLAUGHT2\FEPOptions.cpp	406	0x005D6870	Unwind@005d6870	0x005D6870	0x005D6875	ADJACENT	0	0x005D6880	0x00449D40	OID__FreeObject_Callback
C:\dev\ONSLAUGHT2\FEPSaveGame.cpp	535	0x00464C50	CFEPSaveGame__CreateSave	0x00465024	0x0046502B	STACK_STABLE_GAP	1	0x00465038	0x005490E0	CDXMemoryManager__Alloc
C:\dev\ONSLAUGHT2\FEPWingmen.cpp	211	0x00521AE0	CFEPWingmen__Load	0x00521AFB	0x00521B04	STACK_STABLE_GAP	1	0x00521B15	0x005490E0	CDXMemoryManager__Alloc
C:\dev\ONSLAUGHT2\FEPWingmen.cpp	211	0x005D68C0	Unwind@005d68c0	0x005D68C0	0x005D68C5	ADJACENT	0	0x005D68D3	0x00449D40	OID__FreeObject_Callback
C:\dev\ONSLAUGHT2\FEPWingmen.cpp	231	0x00521AE0	CFEPWingmen__Load	0x00521B9F	0x00521BA5	STACK_STABLE_GAP	1	0x00521BB5	0x005490E0	CDXMemoryManager__Alloc
C:\dev\ONSLAUGHT2\FEPWingmen.cpp	235	0x00521AE0	CFEPWingmen__Load	0x00521BCF	0x00521BD4	ADJACENT	0	0x00521BE9	0x005490E0	CDXMemoryManager__Alloc
C:\dev\ONSLAUGHT2\flexarray.cpp	34	0x00465530	CFlexArray__Init	0x00465543	0x00465545	ADJACENT	0	0x00465555	0x005490E0	CDXMemoryManager__Alloc
C:\dev\ONSLAUGHT2\FrontEnd.cpp	179	0x004662A0	CFrontEnd__Init	0x00466573	0x00466578	ADJACENT	0	0x00466589	0x005490E0	CDXMemoryManager__Alloc
C:\dev\ONSLAUGHT2\FrontEnd.cpp	179	0x005D2730	Unwind@005d2730	0x005D2730	0x005D2735	ADJACENT	0	0x005D2740	0x00449D40	OID__FreeObject_Callback
C:\dev\ONSLAUGHT2\game.cpp	264	0x0046BEF0	con_remotecameraon	0x0046BF59	0x0046BF5E	ADJACENT	0	0x0046BF70	0x005490E0	CDXMemoryManager__Alloc
C:\dev\ONSLAUGHT2\game.cpp	264	0x005D2780	Unwind@005d2780	0x005D2780	0x005D2785	ADJACENT	0	0x005D2790	0x00449D40	OID__FreeObject_Callback
C:\dev\ONSLAUGHT2\game.cpp	505	0x0046C430	CGame__InitRestartLoop	0x0046C5F5	0x0046C5FA	ADJACENT	0	0x0046C620	0x005490E0	CDXMemoryManager__Alloc
C:\dev\ONSLAUGHT2\game.cpp	505	0x005D2810	Unwind@005d2810	0x005D2810	0x005D2815	ADJACENT	0	0x005D2820	0x00449D40	OID__FreeObject_Callback
C:\dev\ONSLAUGHT2\game.cpp	506	0x0046C430	CGame__InitRestartLoop	0x0046C63D	0x0046C642	ADJACENT	0	0x0046C65D	0x005490E0	CDXMemoryManager__Alloc
C:\dev\ONSLAUGHT2\game.cpp	506	0x005D2829	Unwind@005d2829	0x005D2829	0x005D282E	ADJACENT	0	0x005D2839	0x00449D40	OID__FreeObject_Callback
C:\dev\ONSLAUGHT2\game.cpp	507	0x0046C430	CGame__InitRestartLoop	0x0046C67A	0x0046C67F	ADJACENT	0	0x0046C69A	0x005490E0	CDXMemoryManager__Alloc
C:\dev\ONSLAUGHT2\game.cpp	507	0x005D2842	Unwind@005d2842	0x005D2842	0x005D2847	ADJACENT	0	0x005D2852	0x00449D40	OID__FreeObject_Callback
C:\dev\ONSLAUGHT2\game.cpp	508	0x0046C430	CGame__InitRestartLoop	0x0046C6BA	0x0046C6BF	ADJACENT	0	0x0046C6D7	0x005490E0	CDXMemoryManager__Alloc
C:\dev\ONSLAUGHT2\game.cpp	508	0x005D285B	Unwind@005d285b	0x005D285B	0x005D2860	ADJACENT	0	0x005D286B	0x00449D40	OID__FreeObject_Callback
C:\dev\ONSLAUGHT2\game.cpp	509	0x0046C430	CGame__InitRestartLoop	0x0046C6F7	0x0046C6FC	ADJACENT	0	0x0046C714	0x005490E0	CDXMemoryManager__Alloc
C:\dev\ONSLAUGHT2\game.cpp	509	0x005D2874	Unwind@005d2874	0x005D2874	0x005D2879	ADJACENT	0	0x005D2884	0x00449D40	OID__FreeObject_Callback
C:\dev\ONSLAUGHT2\game.cpp	511	0x0046C430	CGame__InitRestartLoop	0x0046C735	0x0046C73A	ADJACENT	0	0x0046C752	0x005490E0	CDXMemoryManager__Alloc
C:\dev\ONSLAUGHT2\game.cpp	511	0x005D288D	Unwind@005d288d	0x005D288D	0x005D2892	ADJACENT	0	0x005D289D	0x00449D40	OID__FreeObject_Callback
C:\dev\ONSLAUGHT2\game.cpp	512	0x0046C430	CGame__InitRestartLoop	0x0046C772	0x0046C777	ADJACENT	0	0x0046C78F	0x005490E0	CDXMemoryManager__Alloc
C:\dev\ONSLAUGHT2\game.cpp	512	0x005D28A6	Unwind@005d28a6	0x005D28A6	0x005D28AB	ADJACENT	0	0x005D28B6	0x00449D40	OID__FreeObject_Callback
C:\dev\ONSLAUGHT2\game.cpp	513	0x0046C430	CGame__InitRestartLoop	0x0046C7AF	0x0046C7B4	ADJACENT	0	0x0046C7CF	0x005490E0	CDXMemoryManager__Alloc
C:\dev\ONSLAUGHT2\game.cpp	513	0x005D28BF	Unwind@005d28bf	0x005D28BF	0x005D28C4	ADJACENT	0	0x005D28D2	0x00449D40	OID__FreeObject_Callback
C:\dev\ONSLAUGHT2\game.cpp	851	0x0046CDF0	CGame__LoadLevel	0x0046CEF0	0x0046CEF5	ADJACENT	0	0x0046CF03	0x005490E0	CDXMemoryManager__Alloc
C:\dev\ONSLAUGHT2\game.cpp	851	0x005D28F0	Unwind@005d28f0	0x005D28F0	0x005D28F5	ADJACENT	0	0x005D2900	0x00449D40	OID__FreeObject_Callback
C:\dev\ONSLAUGHT2\game.cpp	870	0x0046CDF0	CGame__LoadLevel	0x0046CF6D	0x0046CF72	ADJACENT	0	0x0046CF83	0x005490E0	CDXMemoryManager__Alloc
C:\dev\ONSLAUGHT2\game.cpp	870	0x005D2909	Unwind@005d2909	0x005D2909	0x005D290E	ADJACENT	0	0x005D2919	0x00449D40	OID__FreeObject_Callback
C:\dev\ONSLAUGHT2\game.cpp	2889	0x0046F550	CGame__DeclarePlayerDead	0x0046F5FC	0x0046F601	ADJACENT	0	0x0046F612	0x005490E0	CDXMemoryManager__Alloc
C:\dev\ONSLAUGHT2\game.cpp	2889	0x005D2970	Unwind@005d2970	0x005D2970	0x005D2975	ADJACENT	0	0x005D2980	0x00449D40	OID__FreeObject_Callback
C:\dev\ONSLAUGHT2\game.cpp	3631	0x00470430	CGame__ToggleFreeCameraOn	0x004704EC	0x004704F1	ADJACENT	0	0x00470502	0x005490E0	CDXMemoryManager__Alloc
C:\dev\ONSLAUGHT2\game.cpp	3631	0x005D29A0	Unwind@005d29a0	0x005D29A0	0x005D29A5	ADJACENT	0	0x005D29B0	0x00449D40	OID__FreeObject_Callback
C:\dev\ONSLAUGHT2\game.cpp	4542	0x004726B0	CGame__RollCredits	0x004726EB	0x004726F0	ADJACENT	0	0x00472705	0x005490E0	CDXMemoryManager__Alloc
C:\dev\ONSLAUGHT2\game.cpp	4542	0x005D29D8	Unwind@005d29d8	0x005D29D8	0x005D29DD	ADJACENT	0	0x005D29E8	0x00449D40	OID__FreeObject_Callback
C:\dev\ONSLAUGHT2\game.cpp	4543	0x004726B0	CGame__RollCredits	0x0047272C	0x00472731	ADJACENT	0	0x00472746	0x005490E0	CDXMemoryManager__Alloc
C:\dev\ONSLAUGHT2\game.cpp	4543	0x005D29F1	Unwind@005d29f1	0x005D29F1	0x005D29F6	ADJACENT	0	0x005D2A01	0x00449D40	OID__FreeObject_Callback
C:\dev\ONSLAUGHT2\gcgamut.cpp	57	0x004741B0	CGamut__Init	0x004741B1	0x004741B5	STACK_STABLE_GAP	1	0x004741D4	0x005490E0	CDXMemoryManager__Alloc
C:\dev\ONSLAUGHT2\gcgamut.cpp	58	0x004741B0	CGamut__Init	0x004741D9	0x004741DB	ADJACENT	0	0x004741EF	0x005490E0	CDXMemoryManager__Alloc
C:\dev\ONSLAUGHT2\GillM.cpp	45	0x00479A50	CGillM__InitLegMotion	0x00479A87	0x00479A89	ADJACENT	0	0x00479A9A	0x005490E0	CDXMemoryManager__Alloc
C:\dev\ONSLAUGHT2\GillM.cpp	45	0x005D2A20	Unwind@005d2a20	0x005D2A20	0x005D2A22	ADJACENT	0	0x005D2A2D	0x00449D40	OID__FreeObject_Callback
C:\dev\ONSLAUGHT2\GillM.cpp	56	0x00479B60	CGillM__InitGillMAIComponent	0x00479B78	0x00479B7C	STACK_STABLE_GAP	1	0x00479B8A	0x005490E0	CDXMemoryManager__Alloc
C:\dev\ONSLAUGHT2\GillM.cpp	56	0x005D2A40	Unwind@005d2a40	0x005D2A40	0x005D2A42	ADJACENT	0	0x005D2A4D	0x00449D40	OID__FreeObject_Callback
C:\dev\ONSLAUGHT2\GillM.cpp	62	0x00479CB0	CGillM__InitTerrainGuideComponent	0x00479CC7	0x00479CCB	STACK_STABLE_GAP	1	0x00479CD9	0x005490E0	CDXMemoryManager__Alloc
C:\dev\ONSLAUGHT2\GillM.cpp	62	0x005D2A90	Unwind@005d2a90	0x005D2A90	0x005D2A92	ADJACENT	0	0x005D2A9D	0x00449D40	OID__FreeObject_Callback
C:\dev\ONSLAUGHT2\GillMHead.cpp	19	0x0047A760	CGillMHead__CreateGillMHeadAIComponent	0x0047A778	0x0047A77C	STACK_STABLE_GAP	1	0x0047A78A	0x005490E0	CDXMemoryManager__Alloc
C:\dev\ONSLAUGHT2\GillMHead.cpp	19	0x005D2AB0	Unwind@005d2ab0	0x005D2AB0	0x005D2AB2	ADJACENT	0	0x005D2ABD	0x00449D40	OID__FreeObject_Callback
C:\dev\ONSLAUGHT2\GroundAttackAircraft.cpp	19	0x0047BBF0	CGroundAttackAircraft__Init	0x0047BC14	0x0047BC16	ADJACENT	0	0x0047BC24	0x005490E0	CDXMemoryManager__Alloc
C:\dev\ONSLAUGHT2\GroundAttackAircraft.cpp	19	0x005D2B00	Unwind@005d2b00	0x005D2B00	0x005D2B02	ADJACENT	0	0x005D2B0D	0x00449D40	OID__FreeObject_Callback
C:\dev\ONSLAUGHT2\GroundAttackAircraft.cpp	20	0x0047BBF0	CGroundAttackAircraft__Init	0x0047BC4A	0x0047BC4C	ADJACENT	0	0x0047BC65	0x005490E0	CDXMemoryManager__Alloc
C:\dev\ONSLAUGHT2\GroundAttackAircraft.cpp	20	0x005D2B16	Unwind@005d2b16	0x005D2B16	0x005D2B18	ADJACENT	0	0x005D2B23	0x00449D40	OID__FreeObject_Callback
C:\dev\ONSLAUGHT2\GroundAttackAircraft.cpp	21	0x0047BBF0	CGroundAttackAircraft__Init	0x0047BC9B	0x0047BC9D	ADJACENT	0	0x0047BCB9	0x005490E0	CDXMemoryManager__Alloc
C:\dev\ONSLAUGHT2\GroundAttackAircraft.cpp	21	0x005D2B34	Unwind@005d2b34	0x005D2B34	0x005D2B36	ADJACENT	0	0x005D2B41	0x00449D40	OID__FreeObject_Callback
C:\dev\ONSLAUGHT2\GroundUnit.cpp	35	0x0047C730	CGroundUnit__Init	0x0047C7F4	0x0047C7F6	ADJACENT	0	0x0047C804	0x005490E0	CDXMemoryManager__Alloc
C:\dev\ONSLAUGHT2\GroundUnit.cpp	35	0x005D2BB0	Unwind@005d2bb0	0x005D2BB0	0x005D2BB2	ADJACENT	0	0x005D2BBD	0x00449D40	OID__FreeObject_Callback
C:\dev\ONSLAUGHT2\GroundUnit.cpp	67	0x0047C8E0	CGroundUnit__CreateCollisionSphere	0x0047C8F8	0x0047C8FA	ADJACENT	0	0x0047C908	0x005490E0	CDXMemoryManager__Alloc
C:\dev\ONSLAUGHT2\GroundVehicle.cpp	28	0x0047CFD0	CGroundVehicle__Init	0x0047D072	0x0047D074	ADJACENT	0	0x0047D085	0x005490E0	CDXMemoryManager__Alloc
C:\dev\ONSLAUGHT2\GroundVehicle.cpp	28	0x005D2BD0	Unwind@005d2bd0	0x005D2BD0	0x005D2BD2	ADJACENT	0	0x005D2BDD	0x00449D40	OID__FreeObject_Callback
C:\dev\ONSLAUGHT2\GroundVehicle.cpp	33	0x0047CFD0	CGroundVehicle__Init	0x0047D0E1	0x0047D0E3	ADJACENT	0	0x0047D0F1	0x005490E0	CDXMemoryManager__Alloc
C:\dev\ONSLAUGHT2\GroundVehicle.cpp	33	0x005D2BE6	Unwind@005d2be6	0x005D2BE6	0x005D2BE8	ADJACENT	0	0x005D2BF3	0x00449D40	OID__FreeObject_Callback
C:\dev\ONSLAUGHT2\GroundVehicle.cpp	35	0x0047CFD0	CGroundVehicle__Init	0x0047D130	0x0047D132	ADJACENT	0	0x0047D140	0x005490E0	CDXMemoryManager__Alloc
C:\dev\ONSLAUGHT2\GroundVehicle.cpp	35	0x005D2BFC	Unwind@005d2bfc	0x005D2BFC	0x005D2BFE	ADJACENT	0	0x005D2C09	0x00449D40	OID__FreeObject_Callback
C:\dev\ONSLAUGHT2\GroundVehicle.cpp	37	0x0047CFD0	CGroundVehicle__Init	0x0047D161	0x0047D163	ADJACENT	0	0x0047D17F	0x005490E0	CDXMemoryManager__Alloc
C:\dev\ONSLAUGHT2\GroundVehicle.cpp	37	0x005D2C12	Unwind@005d2c12	0x005D2C12	0x005D2C14	ADJACENT	0	0x005D2C1F	0x00449D40	OID__FreeObject_Callback
C:\dev\ONSLAUGHT2\HeightField.cpp	2176	0x0047F750	CHeightField__Load	0x0047F88C	0x0047F893	STACK_STABLE_GAP	1	0x0047F8CD	0x005490E0	CDXMemoryManager__Alloc
C:\dev\ONSLAUGHT2\HiveBoss.cpp	33	0x0047FE30	CHiveBoss__Init	0x0047FE4F	0x0047FE56	STACK_STABLE_GAP	2	0x0047FE7B	0x005490E0	CDXMemoryManager__Alloc
C:\dev\ONSLAUGHT2\HiveBoss.cpp	33	0x005D2CB0	Unwind@005d2cb0	0x005D2CB0	0x005D2CB2	ADJACENT	0	0x005D2CBD	0x00449D40	OID__FreeObject_Callback
C:\dev\ONSLAUGHT2\HiveBoss.cpp	34	0x0047FE30	CHiveBoss__Init	0x0047FEA2	0x0047FEA4	ADJACENT	0	0x0047FEC0	0x005490E0	CDXMemoryManager__Alloc
C:\dev\ONSLAUGHT2\HiveBoss.cpp	34	0x005D2CC6	Unwind@005d2cc6	0x005D2CC6	0x005D2CC8	ADJACENT	0	0x005D2CD3	0x00449D40	OID__FreeObject_Callback
C:\dev\ONSLAUGHT2\HiveBoss.cpp	40	0x0047FE30	CHiveBoss__Init	0x0047FF04	0x0047FF06	ADJACENT	0	0x0047FF1A	0x005490E0	CDXMemoryManager__Alloc
C:\dev\ONSLAUGHT2\HiveBoss.cpp	40	0x005D2CDC	Unwind@005d2cdc	0x005D2CDC	0x005D2CDE	ADJACENT	0	0x005D2CE9	0x00449D40	OID__FreeObject_Callback
C:\dev\ONSLAUGHT2\ibuffer.cpp	54	0x00488380	CIBuffer__Create	0x00488386	0x0048838D	STACK_STABLE_GAP	2	0x0048839A	0x005490E0	CDXMemoryManager__Alloc
C:\dev\ONSLAUGHT2\imageloader.cpp	43	0x00488780	CImageLoader__LoadWidthBuffer	0x0048878C	0x0048878E	ADJACENT	0	0x0048879E	0x005490E0	CDXMemoryManager__Alloc
C:\dev\ONSLAUGHT2\imageloader.cpp	50	0x004887C0	CImageLoader__LoadHeightBuffer	0x004887CC	0x004887CE	ADJACENT	0	0x004887DE	0x005490E0	CDXMemoryManager__Alloc
C:\dev\ONSLAUGHT2\imposter.cpp	41	0x004888F0	CImposter__FindOrCreate	0x00488978	0x0048897A	ADJACENT	0	0x00488988	0x005490E0	CDXMemoryManager__Alloc
C:\dev\ONSLAUGHT2\imposter.cpp	41	0x005D2DF0	Unwind@005d2df0	0x005D2DF0	0x005D2DF2	ADJACENT	0	0x005D2DFD	0x00449D40	OID__FreeObject_Callback
C:\dev\ONSLAUGHT2\Infantry.cpp	28	0x00488BB0	CInfantryUnit__Init	0x00488BD0	0x00488BD4	STACK_STABLE_GAP	1	0x00488BF3	0x005490E0	CDXMemoryManager__Alloc
C:\dev\ONSLAUGHT2\Infantry.cpp	28	0x005D2E10	Unwind@005d2e10	0x005D2E10	0x005D2E12	ADJACENT	0	0x005D2E1D	0x00449D40	OID__FreeObject_Callback
C:\dev\ONSLAUGHT2\Infantry.cpp	70	0x00488BB0	CInfantryUnit__Init	0x00488CD6	0x00488CDA	STACK_STABLE_GAP	1	0x00488D28	0x005490E0	CDXMemoryManager__Alloc
C:\dev\ONSLAUGHT2\Infantry.cpp	70	0x005D2E2E	Unwind@005d2e2e	0x005D2E2E	0x005D2E30	ADJACENT	0	0x005D2E3B	0x00449D40	OID__FreeObject_Callback
C:\dev\ONSLAUGHT2\Infantry.cpp	71	0x00488BB0	CInfantryUnit__Init	0x00488D49	0x00488D4B	ADJACENT	0	0x00488D67	0x005490E0	CDXMemoryManager__Alloc
C:\dev\ONSLAUGHT2\Infantry.cpp	71	0x005D2E44	Unwind@005d2e44	0x005D2E44	0x005D2E46	ADJACENT	0	0x005D2E51	0x00449D40	OID__FreeObject_Callback
C:\dev\ONSLAUGHT2\Infantry.cpp	122	0x00488F80	CInfantryUnit__VFunc34_CreateCollisionSphereWithAttachmentRadius	0x00488FAB	0x00488FAF	STACK_STABLE_GAP	1	0x00488FD1	0x005490E0	CDXMemoryManager__Alloc
C:\dev\ONSLAUGHT2\InfluenceMap.cpp	70	0x0048B010	CInfluenceMapManager__Load	0x0048B39E	0x0048B3A0	ADJACENT	0	0x0048B3B1	0x005490E0	CDXMemoryManager__Alloc
C:\dev\ONSLAUGHT2\InfluenceMap.cpp	70	0x005D2F62	Unwind@005d2f62	0x005D2F62	0x005D2F64	ADJACENT	0	0x005D2F72	0x00449D40	OID__FreeObject_Callback
C:\dev\ONSLAUGHT2\InfluenceMap.cpp	116	0x0048B010	CInfluenceMapManager__Load	0x0048B125	0x0048B127	ADJACENT	0	0x0048B138	0x005490E0	CDXMemoryManager__Alloc
C:\dev\ONSLAUGHT2\InfluenceMap.cpp	116	0x005D2F30	Unwind@005d2f30	0x005D2F30	0x005D2F32	ADJACENT	0	0x005D2F40	0x00449D40	OID__FreeObject_Callback
C:\dev\ONSLAUGHT2\InfluenceMap.cpp	422	0x0048C000	CInfluenceMapManager__FindNearestMap	0x0048C01A	0x0048C023	STACK_STABLE_GAP	1	0x0048C031	0x005490E0	CDXMemoryManager__Alloc
C:\dev\ONSLAUGHT2\InfluenceMap.cpp	422	0x005D2FA0	Unwind@005d2fa0	0x005D2FA0	0x005D2FA5	ADJACENT	0	0x005D2FB0	0x00449D40	OID__FreeObject_Callback
C:\dev\ONSLAUGHT2\InfluenceMap.h	115	0x0048B010	CInfluenceMapManager__Load	0x0048B2E0	0x0048B2E2	ADJACENT	0	0x0048B2F0	0x005490E0	CDXMemoryManager__Alloc
C:\dev\ONSLAUGHT2\InfluenceMap.h	115	0x0048B010	CInfluenceMapManager__Load	0x0048B317	0x0048B319	ADJACENT	0	0x0048B327	0x005490E0	CDXMemoryManager__Alloc
C:\dev\ONSLAUGHT2\InfluenceMap.h	115	0x0048B010	CInfluenceMapManager__Load	0x0048B537	0x0048B539	ADJACENT	0	0x0048B547	0x005490E0	CDXMemoryManager__Alloc
C:\dev\ONSLAUGHT2\InfluenceMap.h	115	0x0048B010	CInfluenceMapManager__Load	0x0048B56E	0x0048B570	ADJACENT	0	0x0048B57E	0x005490E0	CDXMemoryManager__Alloc
C:\dev\ONSLAUGHT2\InitThing.cpp	15	0x0048C650	InitThing__CreateThingByType	0x0048C688	0x0048C68A	ADJACENT	0	0x0048C69B	0x005490E0	CDXMemoryManager__Alloc
C:\dev\ONSLAUGHT2\InitThing.cpp	15	0x005D2FF0	Unwind@005d2ff0	0x005D2FF0	0x005D2FF2	ADJACENT	0	0x005D2FFD	0x00449D40	OID__FreeObject_Callback
C:\dev\ONSLAUGHT2\InitThing.cpp	19	0x0048C650	InitThing__CreateThingByType	0x0048C6DC	0x0048C6DE	ADJACENT	0	0x0048C6EF	0x005490E0	CDXMemoryManager__Alloc
C:\dev\ONSLAUGHT2\InitThing.cpp	19	0x005D3006	Unwind@005d3006	0x005D3006	0x005D3008	ADJACENT	0	0x005D3013	0x00449D40	OID__FreeObject_Callback
C:\dev\ONSLAUGHT2\InitThing.cpp	23	0x0048C650	InitThing__CreateThingByType	0x0048C706	0x0048C708	ADJACENT	0	0x0048C719	0x005490E0	CDXMemoryManager__Alloc
C:\dev\ONSLAUGHT2\InitThing.cpp	23	0x005D301C	Unwind@005d301c	0x005D301C	0x005D301E	ADJACENT	0	0x005D3029	0x00449D40	OID__FreeObject_Callback
C:\dev\ONSLAUGHT2\InitThing.cpp	27	0x0048C650	InitThing__CreateThingByType	0x0048C76A	0x0048C76C	ADJACENT	0	0x0048C77D	0x005490E0	CDXMemoryManager__Alloc
C:\dev\ONSLAUGHT2\InitThing.cpp	27	0x005D3032	Unwind@005d3032	0x005D3032	0x005D3034	ADJACENT	0	0x005D303F	0x00449D40	OID__FreeObject_Callback
C:\dev\ONSLAUGHT2\InitThing.cpp	31	0x0048C650	InitThing__CreateThingByType	0x0048C7EE	0x0048C7F0	ADJACENT	0	0x0048C801	0x005490E0	CDXMemoryManager__Alloc
C:\dev\ONSLAUGHT2\InitThing.cpp	31	0x005D3048	Unwind@005d3048	0x005D3048	0x005D304A	ADJACENT	0	0x005D3055	0x00449D40	OID__FreeObject_Callback
C:\dev\ONSLAUGHT2\InitThing.cpp	35	0x0048C650	InitThing__CreateThingByType	0x0048C84C	0x0048C84E	ADJACENT	0	0x0048C85F	0x005490E0	CDXMemoryManager__Alloc
C:\dev\ONSLAUGHT2\InitThing.cpp	35	0x005D305E	Unwind@005d305e	0x005D305E	0x005D3060	ADJACENT	0	0x005D306B	0x00449D40	OID__FreeObject_Callback
C:\dev\ONSLAUGHT2\InitThing.cpp	39	0x0048C650	InitThing__CreateThingByType	0x0048C874	0x0048C876	ADJACENT	0	0x0048C887	0x005490E0	CDXMemoryManager__Alloc
C:\dev\ONSLAUGHT2\InitThing.cpp	39	0x005D3074	Unwind@005d3074	0x005D3074	0x005D3076	ADJACENT	0	0x005D3081	0x00449D40	OID__FreeObject_Callback
C:\dev\ONSLAUGHT2\InitThing.cpp	43	0x0048C650	InitThing__CreateThingByType	0x0048C8D6	0x0048C8D8	ADJACENT	0	0x0048C8E9	0x005490E0	CDXMemoryManager__Alloc
C:\dev\ONSLAUGHT2\InitThing.cpp	43	0x005D308A	Unwind@005d308a	0x005D308A	0x005D308C	ADJACENT	0	0x005D3097	0x00449D40	OID__FreeObject_Callback
C:\dev\ONSLAUGHT2\InitThing.cpp	47	0x0048C650	InitThing__CreateThingByType	0x0048C95B	0x0048C95D	ADJACENT	0	0x0048C96E	0x005490E0	CDXMemoryManager__Alloc
C:\dev\ONSLAUGHT2\InitThing.cpp	47	0x005D30A0	Unwind@005d30a0	0x005D30A0	0x005D30A2	ADJACENT	0	0x005D30AD	0x00449D40	OID__FreeObject_Callback
C:\dev\ONSLAUGHT2\InitThing.cpp	51	0x0048C650	InitThing__CreateThingByType	0x0048C9E6	0x0048C9E8	ADJACENT	0	0x0048C9F9	0x005490E0	CDXMemoryManager__Alloc
C:\dev\ONSLAUGHT2\InitThing.cpp	51	0x005D30B6	Unwind@005d30b6	0x005D30B6	0x005D30B8	ADJACENT	0	0x005D30C3	0x00449D40	OID__FreeObject_Callback
C:\dev\ONSLAUGHT2\InitThing.cpp	55	0x0048C650	InitThing__CreateThingByType	0x0048CA3E	0x0048CA40	ADJACENT	0	0x0048CA51	0x005490E0	CDXMemoryManager__Alloc
C:\dev\ONSLAUGHT2\InitThing.cpp	55	0x005D30CC	Unwind@005d30cc	0x005D30CC	0x005D30CE	ADJACENT	0	0x005D30D9	0x00449D40	OID__FreeObject_Callback
C:\dev\ONSLAUGHT2\InitThing.cpp	59	0x0048C650	InitThing__CreateThingByType	0x0048CA96	0x0048CA98	ADJACENT	0	0x0048CAA9	0x005490E0	CDXMemoryManager__Alloc
C:\dev\ONSLAUGHT2\InitThing.cpp	59	0x005D30E2	Unwind@005d30e2	0x005D30E2	0x005D30E4	ADJACENT	0	0x005D30EF	0x00449D40	OID__FreeObject_Callback
C:\dev\ONSLAUGHT2\InitThing.cpp	63	0x0048C650	InitThing__CreateThingByType	0x0048CAEA	0x0048CAEC	ADJACENT	0	0x0048CAFD	0x005490E0	CDXMemoryManager__Alloc
C:\dev\ONSLAUGHT2\InitThing.cpp	63	0x005D30F8	Unwind@005d30f8	0x005D30F8	0x005D30FA	ADJACENT	0	0x005D3105	0x00449D40	OID__FreeObject_Callback
C:\dev\ONSLAUGHT2\landscapeib.cpp	44	0x0048DF20	CLandscapeIB__CreateIndexBuffer	0x0048DFD1	0x0048DFD6	STACK_STABLE_GAP	1	0x0048DFEC	0x005490E0	CDXMemoryManager__Alloc
C:\dev\ONSLAUGHT2\LandscapeTexture.cpp	91	0x0048E4D0	CLandscapeTexture__Init	0x0048E571	0x0048E576	STACK_STABLE_GAP	2	0x0048E58B	0x005490E0	CDXMemoryManager__Alloc
C:\dev\ONSLAUGHT2\ltshell.cpp	741	0x00512130	CLTShell__WinMain	0x005122F1	0x005122F8	STACK_STABLE_GAP	1	0x00512305	0x005490E0	CDXMemoryManager__Alloc
C:\dev\ONSLAUGHT2\ltshell.cpp	1152	0x005126F0	PCLTShell__VFunc_8_005126f0	0x00512854	0x00512859	ADJACENT	0	0x0051286D	0x005490E0	CDXMemoryManager__Alloc
C:\dev\ONSLAUGHT2\ltshell.cpp	1153	0x005126F0	PCLTShell__VFunc_8_005126f0	0x00512872	0x00512877	ADJACENT	0	0x0051288E	0x005490E0	CDXMemoryManager__Alloc
C:\dev\ONSLAUGHT2\maptex.cpp	151	0x004914B0	CMapTex__LoadMixerTextureSet	0x00491539	0x0049153E	ADJACENT	0	0x00491554	0x005490E0	CDXMemoryManager__Alloc
C:\dev\ONSLAUGHT2\maptex.cpp	175	0x004915D0	CMapTex__CopyFromOther	0x00491635	0x0049163D	STACK_STABLE_GAP	1	0x0049164D	0x005490E0	CDXMemoryManager__Alloc
C:\dev\ONSLAUGHT2\maptex.cpp	380	0x004916C0	CMapTex__Deserialize	0x004916F1	0x004916FA	STACK_STABLE_GAP	1	0x00491707	0x005490E0	CDXMemoryManager__Alloc
C:\dev\ONSLAUGHT2\maptex.cpp	410	0x004916C0	CMapTex__Deserialize	0x00491731	0x00491739	STACK_STABLE_GAP	1	0x00491746	0x005490E0	CDXMemoryManager__Alloc
C:\dev\ONSLAUGHT2\mapwho.cpp	62	0x004919B0	CMapWho__Init	0x004919CC	0x004919D0	STACK_STABLE_GAP	1	0x004919E2	0x005490E0	CDXMemoryManager__Alloc
C:\dev\ONSLAUGHT2\mapwho.cpp	68	0x004919B0	CMapWho__Init	0x00491A0F	0x00491A14	STACK_STABLE_GAP	1	0x00491A28	0x005490E0	CDXMemoryManager__Alloc
C:\dev\ONSLAUGHT2\mapwho.cpp	68	0x005D31C0	Unwind@005d31c0	0x005D31C0	0x005D31C2	ADJACENT	0	0x005D31CD	0x00449D40	OID__FreeObject_Callback
C:\dev\ONSLAUGHT2\mapwho.cpp	100	0x004919B0	CMapWho__Init	0x00491B9B	0x00491B9D	ADJACENT	0	0x00491BAB	0x005490E0	CDXMemoryManager__Alloc
C:\dev\ONSLAUGHT2\MCBuggy.cpp	68	0x00493190	CMCBuggy__Init	0x004931E8	0x004931EB	STACK_STABLE_GAP	1	0x00493202	0x005490E0	CDXMemoryManager__Alloc
C:\dev\ONSLAUGHT2\MCBuggy.cpp	69	0x00493190	CMCBuggy__Init	0x0049321C	0x0049321E	ADJACENT	0	0x0049322E	0x005490E0	CDXMemoryManager__Alloc
C:\dev\ONSLAUGHT2\MCBuggy.cpp	77	0x00493190	CMCBuggy__Init	0x00493267	0x0049326B	STACK_STABLE_GAP	1	0x0049327B	0x005490E0	CDXMemoryManager__Alloc
C:\dev\ONSLAUGHT2\MCBuggy.cpp	78	0x00493190	CMCBuggy__Init	0x00493296	0x00493298	ADJACENT	0	0x004932AC	0x005490E0	CDXMemoryManager__Alloc
C:\dev\ONSLAUGHT2\MCBuggy.cpp	78	0x005D3200	Unwind@005d3200	0x005D3200	0x005D3202	ADJACENT	0	0x005D320D	0x00449D40	OID__FreeObject_Callback
C:\dev\ONSLAUGHT2\MCBuggy.cpp	79	0x00493190	CMCBuggy__Init	0x004932EB	0x004932ED	ADJACENT	0	0x00493305	0x005490E0	CDXMemoryManager__Alloc
C:\dev\ONSLAUGHT2\MCBuggy.cpp	81	0x00493190	CMCBuggy__Init	0x00493315	0x00493317	ADJACENT	0	0x00493327	0x005490E0	CDXMemoryManager__Alloc
C:\dev\ONSLAUGHT2\MCBuggy.cpp	82	0x00493190	CMCBuggy__Init	0x00493342	0x00493344	ADJACENT	0	0x00493358	0x005490E0	CDXMemoryManager__Alloc
C:\dev\ONSLAUGHT2\MCBuggy.cpp	82	0x005D3216	Unwind@005d3216	0x005D3216	0x005D3218	ADJACENT	0	0x005D3223	0x00449D40	OID__FreeObject_Callback
C:\dev\ONSLAUGHT2\MCBuggy.cpp	83	0x00493190	CMCBuggy__Init	0x0049339B	0x0049339D	ADJACENT	0	0x004933B5	0x005490E0	CDXMemoryManager__Alloc
C:\dev\ONSLAUGHT2\MCBuggy.cpp	102	0x00493190	CMCBuggy__Init	0x0049340A	0x0049340E	STACK_STABLE_GAP	1	0x00493427	0x005490E0	CDXMemoryManager__Alloc
C:\dev\ONSLAUGHT2\MCMech.cpp	249	0x00498C40	CMCMech__Init	0x00498CA3	0x00498CA8	ADJACENT	0	0x00498CB6	0x005490E0	CDXMemoryManager__Alloc
C:\dev\ONSLAUGHT2\MCMech.cpp	267	0x00498C40	CMCMech__Init	0x00498D75	0x00498D7A	ADJACENT	0	0x00498D8A	0x005490E0	CDXMemoryManager__Alloc
C:\dev\ONSLAUGHT2\MCMech.cpp	268	0x00498C40	CMCMech__Init	0x00498DA5	0x00498DAA	ADJACENT	0	0x00498DBA	0x005490E0	CDXMemoryManager__Alloc
C:\dev\ONSLAUGHT2\MCMech.cpp	269	0x00498C40	CMCMech__Init	0x00498DC8	0x00498DCD	ADJACENT	0	0x00498DDD	0x005490E0	CDXMemoryManager__Alloc
C:\dev\ONSLAUGHT2\MCMech.cpp	270	0x00498C40	CMCMech__Init	0x00498DEB	0x00498DF0	ADJACENT	0	0x00498E00	0x005490E0	CDXMemoryManager__Alloc
C:\dev\ONSLAUGHT2\MCMech.cpp	271	0x00498C40	CMCMech__Init	0x00498E10	0x00498E15	ADJACENT	0	0x00498E25	0x005490E0	CDXMemoryManager__Alloc
C:\dev\ONSLAUGHT2\MCMech.cpp	273	0x00498C40	CMCMech__Init	0x00498E47	0x00498E4C	ADJACENT	0	0x00498E5C	0x005490E0	CDXMemoryManager__Alloc
C:\dev\ONSLAUGHT2\MCMech.cpp	304	0x00498C40	CMCMech__Init	0x00498F14	0x00498F1B	STACK_STABLE_GAP	1	0x00498F2B	0x005490E0	CDXMemoryManager__Alloc
C:\dev\ONSLAUGHT2\MCMech.cpp	305	0x00498C40	CMCMech__Init	0x00498F46	0x00498F4B	ADJACENT	0	0x00498F5E	0x005490E0	CDXMemoryManager__Alloc
C:\dev\ONSLAUGHT2\MCMech.cpp	305	0x005D32A0	Unwind@005d32a0	0x005D32A0	0x005D32A5	ADJACENT	0	0x005D32B3	0x00449D40	OID__FreeObject_Callback
C:\dev\ONSLAUGHT2\MCMech.cpp	306	0x00498C40	CMCMech__Init	0x00498FA4	0x00498FA9	ADJACENT	0	0x00498FC4	0x005490E0	CDXMemoryManager__Alloc
C:\dev\ONSLAUGHT2\MCMech.cpp	308	0x00498C40	CMCMech__Init	0x00498FD4	0x00498FD9	ADJACENT	0	0x00498FE9	0x005490E0	CDXMemoryManager__Alloc
C:\dev\ONSLAUGHT2\MCMech.cpp	309	0x00498C40	CMCMech__Init	0x00499004	0x00499009	ADJACENT	0	0x0049901C	0x005490E0	CDXMemoryManager__Alloc
C:\dev\ONSLAUGHT2\MCMech.cpp	309	0x005D32BC	Unwind@005d32bc	0x005D32BC	0x005D32C1	ADJACENT	0	0x005D32CF	0x00449D40	OID__FreeObject_Callback
C:\dev\ONSLAUGHT2\MCMech.cpp	310	0x00498C40	CMCMech__Init	0x00499066	0x0049906B	ADJACENT	0	0x00499086	0x005490E0	CDXMemoryManager__Alloc
C:\dev\ONSLAUGHT2\MCMech.cpp	313	0x00498C40	CMCMech__Init	0x004990A1	0x004990A6	ADJACENT	0	0x004990BA	0x005490E0	CDXMemoryManager__Alloc
C:\dev\ONSLAUGHT2\MCMech.cpp	315	0x00498C40	CMCMech__Init	0x004990DB	0x004990E0	ADJACENT	0	0x004990F0	0x005490E0	CDXMemoryManager__Alloc
C:\dev\ONSLAUGHT2\MCMech.cpp	365	0x00498C40	CMCMech__Init	0x004992CB	0x004992D0	ADJACENT	0	0x004992E0	0x005490E0	CDXMemoryManager__Alloc
C:\dev\ONSLAUGHT2\MCMech.cpp	371	0x00498C40	CMCMech__Init	0x00499327	0x0049932F	STACK_STABLE_GAP	1	0x0049933C	0x005490E0	CDXMemoryManager__Alloc
C:\dev\ONSLAUGHT2\MCMech.cpp	379	0x00498C40	CMCMech__Init	0x004993A8	0x004993B0	STACK_STABLE_GAP	1	0x004993BD	0x005490E0	CDXMemoryManager__Alloc
C:\dev\ONSLAUGHT2\MCMech.cpp	381	0x00498C40	CMCMech__Init	0x004993E2	0x004993E7	ADJACENT	0	0x004993FA	0x005490E0	CDXMemoryManager__Alloc
C:\dev\ONSLAUGHT2\MCMech.cpp	381	0x005D32D8	Unwind@005d32d8	0x005D32D8	0x005D32DD	ADJACENT	0	0x005D32EB	0x00449D40	OID__FreeObject_Callback
C:\dev\ONSLAUGHT2\MCMech.cpp	439	0x00498C40	CMCMech__Init	0x00499745	0x00499754	STACK_STABLE_GAP	2	0x00499761	0x005490E0	CDXMemoryManager__Alloc
C:\dev\ONSLAUGHT2\MCMech.cpp	452	0x00498C40	CMCMech__Init	0x0049980A	0x00499810	STACK_STABLE_GAP	1	0x00499822	0x005490E0	CDXMemoryManager__Alloc
C:\dev\ONSLAUGHT2\MCTentacle.cpp	68	0x0049CC40	CMCTentacle__Init	0x0049CC66	0x0049CC6A	STACK_STABLE_GAP	1	0x0049CC82	0x005490E0	CDXMemoryManager__Alloc
C:\dev\ONSLAUGHT2\MCTentacle.cpp	69	0x0049CC40	CMCTentacle__Init	0x0049CC9F	0x0049CCA1	ADJACENT	0	0x0049CCB4	0x005490E0	CDXMemoryManager__Alloc
C:\dev\ONSLAUGHT2\MCTentacle.cpp	69	0x005D3360	Unwind@005d3360	0x005D3360	0x005D3362	ADJACENT	0	0x005D3370	0x00449D40	OID__FreeObject_Callback
C:\dev\ONSLAUGHT2\MCTentacle.cpp	70	0x0049CC40	CMCTentacle__Init	0x0049CCF8	0x0049CCFA	ADJACENT	0	0x0049CD19	0x005490E0	CDXMemoryManager__Alloc
C:\dev\ONSLAUGHT2\MCTentacle.cpp	72	0x0049CC40	CMCTentacle__Init	0x0049CD29	0x0049CD2B	ADJACENT	0	0x0049CD3B	0x005490E0	CDXMemoryManager__Alloc
C:\dev\ONSLAUGHT2\MCTentacle.cpp	73	0x0049CC40	CMCTentacle__Init	0x0049CD56	0x0049CD58	ADJACENT	0	0x0049CD6B	0x005490E0	CDXMemoryManager__Alloc
C:\dev\ONSLAUGHT2\MCTentacle.cpp	73	0x005D3379	Unwind@005d3379	0x005D3379	0x005D337B	ADJACENT	0	0x005D3389	0x00449D40	OID__FreeObject_Callback
C:\dev\ONSLAUGHT2\MCTentacle.cpp	74	0x0049CC40	CMCTentacle__Init	0x0049CDB3	0x0049CDB5	ADJACENT	0	0x0049CDD4	0x005490E0	CDXMemoryManager__Alloc
C:\dev\ONSLAUGHT2\MCTentacle.cpp	108	0x0049CC40	CMCTentacle__Init	0x0049CEF3	0x0049CEF5	ADJACENT	0	0x0049CF00	0x005490E0	CDXMemoryManager__Alloc
C:\dev\ONSLAUGHT2\MCTentacle.cpp	109	0x0049CC40	CMCTentacle__Init	0x0049CF1E	0x0049CF20	ADJACENT	0	0x0049CF33	0x005490E0	CDXMemoryManager__Alloc
C:\dev\ONSLAUGHT2\MCTentacle.cpp	109	0x005D3392	Unwind@005d3392	0x005D3392	0x005D3394	ADJACENT	0	0x005D33A2	0x00449D40	OID__FreeObject_Callback
C:\dev\ONSLAUGHT2\MCTentacle.cpp	110	0x0049CC40	CMCTentacle__Init	0x0049CF7E	0x0049CF80	ADJACENT	0	0x0049CF9B	0x005490E0	CDXMemoryManager__Alloc
C:\dev\ONSLAUGHT2\Mech.cpp	61	0x0049F940	CMech__InitLegMotion	0x0049F976	0x0049F978	ADJACENT	0	0x0049F989	0x005490E0	CDXMemoryManager__Alloc
C:\dev\ONSLAUGHT2\Mech.cpp	61	0x005D33C0	Unwind@005d33c0	0x005D33C0	0x005D33C2	ADJACENT	0	0x005D33CD	0x00449D40	OID__FreeObject_Callback
C:\dev\ONSLAUGHT2\Mech.cpp	72	0x0049FA30	CMech__InitCockpit	0x0049FA47	0x0049FA4B	STACK_STABLE_GAP	1	0x0049FA59	0x005490E0	CDXMemoryManager__Alloc
C:\dev\ONSLAUGHT2\Mech.cpp	72	0x005D33E0	Unwind@005d33e0	0x005D33E0	0x005D33E2	ADJACENT	0	0x005D33ED	0x00449D40	OID__FreeObject_Callback
C:\dev\ONSLAUGHT2\Mech.cpp	78	0x0049FAA0	CMech__InitTargeting	0x0049FAB7	0x0049FABB	STACK_STABLE_GAP	1	0x0049FAC9	0x005490E0	CDXMemoryManager__Alloc
C:\dev\ONSLAUGHT2\Mech.cpp	78	0x005D3400	Unwind@005d3400	0x005D3400	0x005D3402	ADJACENT	0	0x005D340D	0x00449D40	OID__FreeObject_Callback
C:\dev\ONSLAUGHT2\Mech.cpp	87	0x0049FB00	CMech__VFunc_35_0049fb00	0x0049FB2D	0x0049FB2F	ADJACENT	0	0x0049FB3D	0x005490E0	CDXMemoryManager__Alloc
C:\dev\ONSLAUGHT2\Mech.cpp	87	0x005D3420	Unwind@005d3420	0x005D3420	0x005D3422	ADJACENT	0	0x005D342D	0x00449D40	OID__FreeObject_Callback
C:\dev\ONSLAUGHT2\MemoryManager.cpp	379	0x004A13B0	CMemoryHeap__Init	0x004A14EE	0x004A14F3	ADJACENT	0	0x004A14FD	0x004A1810	CMemoryHeap__Alloc
C:\dev\ONSLAUGHT2\MemoryManager.cpp	463	0x004A15A0	CMemoryHeap__ReallocTiny	0x004A15CD	0x004A15D6	STACK_STABLE_GAP	1	0x004A1601	0x004A1810	CMemoryHeap__Alloc
C:\dev\ONSLAUGHT2\MemoryManager.cpp	1800	0x004A2A80	CMemoryManager__DumpMemory	0x004A2AE2	0x004A2AE7	ADJACENT	0	0x004A2AF3	0x005490E0	CDXMemoryManager__Alloc
C:\dev\ONSLAUGHT2\MemoryManager.cpp	1800	0x005D35A0	Unwind@005d35a0	0x005D35A0	0x005D35A5	ADJACENT	0	0x005D35B3	0x00449D40	OID__FreeObject_Callback
C:\dev\ONSLAUGHT2\MemoryManager.cpp	1914	0x004A2A80	CMemoryManager__DumpMemory	0x004A2F18	0x004A2F1D	ADJACENT	0	0x004A2F32	0x005490E0	CDXMemoryManager__Alloc
C:\dev\ONSLAUGHT2\MemoryManager.cpp	1914	0x005D35BC	Unwind@005d35bc	0x005D35BC	0x005D35C1	ADJACENT	0	0x005D35CF	0x00449D40	OID__FreeObject_Callback
C:\dev\ONSLAUGHT2\MenuItem.cpp	39	0x004A3140	CMenuItem__Clone	0x004A3141	0x004A3145	STACK_STABLE_GAP	1	0x004A3156	0x005490E0	CDXMemoryManager__Alloc
C:\dev\ONSLAUGHT2\MenuItem.cpp	173	0x004A3450	CScaleMenuItem__Clone	0x004A3468	0x004A346F	STACK_STABLE_GAP	1	0x004A3480	0x005490E0	CDXMemoryManager__Alloc
C:\dev\ONSLAUGHT2\MenuItem.cpp	173	0x005D35F0	Unwind@005d35f0	0x005D35F0	0x005D35F5	ADJACENT	0	0x005D3603	0x00449D40	OID__FreeObject_Callback
C:\dev\ONSLAUGHT2\mesh.cpp	61	0x004A5020	CMesh__Init	0x004A5078	0x004A507C	STACK_STABLE_GAP	1	0x004A508A	0x005490E0	CDXMemoryManager__Alloc
C:\dev\ONSLAUGHT2\mesh.cpp	145	0x004A5200	CMesh__InitStatic	0x004A5233	0x004A5238	ADJACENT	0	0x004A5246	0x005490E0	CDXMemoryManager__Alloc
C:\dev\ONSLAUGHT2\mesh.cpp	145	0x005D36F0	Unwind@005d36f0	0x005D36F0	0x005D36F5	ADJACENT	0	0x005D3700	0x00449D40	OID__FreeObject_Callback
C:\dev\ONSLAUGHT2\mesh.cpp	565	0x004A5B70	CMesh__Load	0x004A8991	0x004A8996	ADJACENT	0	0x004A89AC	0x005490E0	CDXMemoryManager__Alloc
C:\dev\ONSLAUGHT2\mesh.cpp	565	0x005D37E8	Unwind@005d37e8	0x005D37E8	0x005D37ED	ADJACENT	0	0x005D37FB	0x00449D40	OID__FreeObject_Callback
C:\dev\ONSLAUGHT2\mesh.cpp	585	0x004A5B70	CMesh__Load	0x004A8A7A	0x004A8A82	STACK_STABLE_GAP	1	0x004A8A8F	0x005490E0	CDXMemoryManager__Alloc
C:\dev\ONSLAUGHT2\mesh.cpp	593	0x004A5B70	CMesh__Load	0x004A8AB0	0x004A8AB5	ADJACENT	0	0x004A8AC6	0x005490E0	CDXMemoryManager__Alloc
C:\dev\ONSLAUGHT2\mesh.cpp	593	0x005D3804	Unwind@005d3804	0x005D3804	0x005D3809	ADJACENT	0	0x005D3817	0x00449D40	OID__FreeObject_Callback
C:\dev\ONSLAUGHT2\mesh.cpp	652	0x004A5B70	CMesh__Load	0x004A8CB5	0x004A8CBA	ADJACENT	0	0x004A8CD2	0x005490E0	CDXMemoryManager__Alloc
C:\dev\ONSLAUGHT2\mesh.cpp	653	0x004A5B70	CMesh__Load	0x004A8CDD	0x004A8CE2	ADJACENT	0	0x004A8CFB	0x005490E0	CDXMemoryManager__Alloc
C:\dev\ONSLAUGHT2\mesh.cpp	653	0x005D3820	Unwind@005d3820	0x005D3820	0x005D3825	ADJACENT	0	0x005D3833	0x00449D40	OID__FreeObject_Callback
C:\dev\ONSLAUGHT2\mesh.cpp	654	0x004A5B70	CMesh__Load	0x004A8D50	0x004A8D57	STACK_STABLE_GAP	1	0x004A8D78	0x005490E0	CDXMemoryManager__Alloc
C:\dev\ONSLAUGHT2\mesh.cpp	678	0x004A5B70	CMesh__Load	0x004A8DFF	0x004A8E04	ADJACENT	0	0x004A8E14	0x005490E0	CDXMemoryManager__Alloc
C:\dev\ONSLAUGHT2\mesh.cpp	725	0x004A5B70	CMesh__Load	0x004A8FB8	0x004A8FBF	STACK_STABLE_GAP	1	0x004A8FD2	0x005490E0	CDXMemoryManager__Alloc
C:\dev\ONSLAUGHT2\mesh.cpp	725	0x005D383C	Unwind@005d383c	0x005D383C	0x005D3841	ADJACENT	0	0x005D384F	0x00449D40	OID__FreeObject_Callback
C:\dev\ONSLAUGHT2\mesh.cpp	776	0x004A5B70	CMesh__Load	0x004A93C7	0x004A93CF	STACK_STABLE_GAP	1	0x004A93DC	0x005490E0	CDXMemoryManager__Alloc
C:\dev\ONSLAUGHT2\mesh.cpp	841	0x004A5B70	CMesh__Load	0x004A5D30	0x004A5D35	ADJACENT	0	0x004A5D49	0x005490E0	CDXMemoryManager__Alloc
C:\dev\ONSLAUGHT2\mesh.cpp	841	0x005D3740	Unwind@005d3740	0x005D3740	0x005D3745	ADJACENT	0	0x005D3753	0x00449D40	OID__FreeObject_Callback
C:\dev\ONSLAUGHT2\mesh.cpp	922	0x004A5B70	CMesh__Load	0x004A5FDD	0x004A5FE5	STACK_STABLE_GAP	1	0x004A5FF2	0x005490E0	CDXMemoryManager__Alloc
C:\dev\ONSLAUGHT2\mesh.cpp	930	0x004A5B70	CMesh__Load	0x004A6013	0x004A6018	ADJACENT	0	0x004A6029	0x005490E0	CDXMemoryManager__Alloc
C:\dev\ONSLAUGHT2\mesh.cpp	930	0x005D375C	Unwind@005d375c	0x005D375C	0x005D3761	ADJACENT	0	0x005D376F	0x00449D40	OID__FreeObject_Callback
C:\dev\ONSLAUGHT2\mesh.cpp	1003	0x004A5B70	CMesh__Load	0x004A740B	0x004A7410	ADJACENT	0	0x004A741D	0x005490E0	CDXMemoryManager__Alloc
C:\dev\ONSLAUGHT2\mesh.cpp	1004	0x004A5B70	CMesh__Load	0x004A742A	0x004A742F	ADJACENT	0	0x004A7442	0x005490E0	CDXMemoryManager__Alloc
C:\dev\ONSLAUGHT2\mesh.cpp	1004	0x005D3794	Unwind@005d3794	0x005D3794	0x005D3799	ADJACENT	0	0x005D37A7	0x00449D40	OID__FreeObject_Callback
C:\dev\ONSLAUGHT2\mesh.cpp	1005	0x004A5B70	CMesh__Load	0x004A74A6	0x004A74AB	ADJACENT	0	0x004A74C6	0x005490E0	CDXMemoryManager__Alloc
C:\dev\ONSLAUGHT2\mesh.cpp	1144	0x004A5B70	CMesh__Load	0x004A833D	0x004A8342	ADJACENT	0	0x004A8352	0x005490E0	CDXMemoryManager__Alloc
C:\dev\ONSLAUGHT2\mesh.cpp	1196	0x004A5B70	CMesh__Load	0x004A6371	0x004A6376	ADJACENT	0	0x004A6383	0x005490E0	CDXMemoryManager__Alloc
C:\dev\ONSLAUGHT2\mesh.cpp	1197	0x004A5B70	CMesh__Load	0x004A6390	0x004A6395	ADJACENT	0	0x004A63A8	0x005490E0	CDXMemoryManager__Alloc
C:\dev\ONSLAUGHT2\mesh.cpp	1197	0x005D3778	Unwind@005d3778	0x005D3778	0x005D377D	ADJACENT	0	0x005D378B	0x00449D40	OID__FreeObject_Callback
C:\dev\ONSLAUGHT2\mesh.cpp	1198	0x004A5B70	CMesh__Load	0x004A6403	0x004A6408	ADJACENT	0	0x004A6423	0x005490E0	CDXMemoryManager__Alloc
C:\dev\ONSLAUGHT2\mesh.cpp	1207	0x004A5B70	CMesh__Load	0x004A644E	0x004A6456	STACK_STABLE_GAP	1	0x004A6463	0x005490E0	CDXMemoryManager__Alloc
C:\dev\ONSLAUGHT2\mesh.cpp	1353	0x004A5B70	CMesh__Load	0x004A7263	0x004A7268	ADJACENT	0	0x004A7278	0x005490E0	CDXMemoryManager__Alloc
C:\dev\ONSLAUGHT2\mesh.cpp	1412	0x004A5B70	CMesh__Load	0x004A8487	0x004A848E	STACK_STABLE_GAP	1	0x004A84A1	0x005490E0	CDXMemoryManager__Alloc
C:\dev\ONSLAUGHT2\mesh.cpp	1412	0x005D37B0	Unwind@005d37b0	0x005D37B0	0x005D37B5	ADJACENT	0	0x005D37C3	0x00449D40	OID__FreeObject_Callback
C:\dev\ONSLAUGHT2\mesh.cpp	1464	0x004A5B70	CMesh__Load	0x004A8709	0x004A8711	STACK_STABLE_GAP	1	0x004A871E	0x005490E0	CDXMemoryManager__Alloc
C:\dev\ONSLAUGHT2\mesh.cpp	1506	0x004A5B70	CMesh__Load	0x004A885B	0x004A8863	STACK_STABLE_GAP	1	0x004A8870	0x005490E0	CDXMemoryManager__Alloc
C:\dev\ONSLAUGHT2\mesh.cpp	1534	0x004A5B70	CMesh__Load	0x004A88F1	0x004A88F6	ADJACENT	0	0x004A8907	0x005490E0	CDXMemoryManager__Alloc
C:\dev\ONSLAUGHT2\mesh.cpp	1534	0x005D37CC	Unwind@005d37cc	0x005D37CC	0x005D37D1	ADJACENT	0	0x005D37DF	0x00449D40	OID__FreeObject_Callback
C:\dev\ONSLAUGHT2\mesh.cpp	1877	0x004AA6E0	CMesh__FindOrCreate	0x004AA720	0x004AA725	ADJACENT	0	0x004AA736	0x005490E0	CDXMemoryManager__Alloc
C:\dev\ONSLAUGHT2\mesh.cpp	1877	0x005D3870	Unwind@005d3870	0x005D3870	0x005D3875	ADJACENT	0	0x005D3880	0x00449D40	OID__FreeObject_Callback
C:\dev\ONSLAUGHT2\mesh.cpp	2434	0x004AAB90	CMesh__Deserialize	0x004AABC5	0x004AABCA	ADJACENT	0	0x004AABDB	0x005490E0	CDXMemoryManager__Alloc
C:\dev\ONSLAUGHT2\mesh.cpp	2434	0x005D38A0	Unwind@005d38a0	0x005D38A0	0x005D38A5	ADJACENT	0	0x005D38B3	0x00449D40	OID__FreeObject_Callback
C:\dev\ONSLAUGHT2\mesh.cpp	2508	0x004AAB90	CMesh__Deserialize	0x004AAD0B	0x004AAD10	ADJACENT	0	0x004AAD1C	0x005490E0	CDXMemoryManager__Alloc
C:\dev\ONSLAUGHT2\mesh.cpp	2508	0x005D38BC	Unwind@005d38bc	0x005D38BC	0x005D38C1	ADJACENT	0	0x005D38D2	0x00449D40	OID__FreeObject_Callback
C:\dev\ONSLAUGHT2\mesh.cpp	2551	0x004AAB90	CMesh__Deserialize	0x004AADCB	0x004AADD3	STACK_STABLE_GAP	1	0x004AADE0	0x005490E0	CDXMemoryManager__Alloc
C:\dev\ONSLAUGHT2\mesh.cpp	2556	0x004AAB90	CMesh__Deserialize	0x004AADFF	0x004AAE06	STACK_STABLE_GAP	1	0x004AAE19	0x005490E0	CDXMemoryManager__Alloc
C:\dev\ONSLAUGHT2\mesh.cpp	2556	0x005D38DB	Unwind@005d38db	0x005D38DB	0x005D38E0	ADJACENT	0	0x005D38EE	0x00449D40	OID__FreeObject_Callback
C:\dev\ONSLAUGHT2\mesh.cpp	2565	0x004AAB90	CMesh__Deserialize	0x004AAEBF	0x004AAEC4	ADJACENT	0	0x004AAED8	0x005490E0	CDXMemoryManager__Alloc
C:\dev\ONSLAUGHT2\mesh.cpp	2565	0x005D38F7	Unwind@005d38f7	0x005D38F7	0x005D38FC	ADJACENT	0	0x005D390A	0x00449D40	OID__FreeObject_Callback
C:\dev\ONSLAUGHT2\mesh.cpp	2570	0x004AAB90	CMesh__Deserialize	0x004AAF3A	0x004AAF42	STACK_STABLE_GAP	1	0x004AAF4F	0x005490E0	CDXMemoryManager__Alloc
C:\dev\ONSLAUGHT2\mesh.cpp	2640	0x004AAB90	CMesh__Deserialize	0x004AB07F	0x004AB087	STACK_STABLE_GAP	1	0x004AB094	0x005490E0	CDXMemoryManager__Alloc
C:\dev\ONSLAUGHT2\mesh.cpp	2648	0x004AAB90	CMesh__Deserialize	0x004AB0AB	0x004AB0B0	ADJACENT	0	0x004AB0C1	0x005490E0	CDXMemoryManager__Alloc
C:\dev\ONSLAUGHT2\mesh.cpp	2648	0x005D3913	Unwind@005d3913	0x005D3913	0x005D3918	ADJACENT	0	0x005D3926	0x00449D40	OID__FreeObject_Callback
C:\dev\ONSLAUGHT2\mesh.cpp	3670	0x004AB360	CMesh__OptimizeParts	0x004ABB4E	0x004ABB53	ADJACENT	0	0x004ABB6E	0x005490E0	CDXMemoryManager__Alloc
C:\dev\ONSLAUGHT2\MeshCollisionVolume.cpp	553	0x004AD600	CMeshCollisionVolume__SetPartBounds	0x004AD633	0x004AD638	ADJACENT	0	0x004AD654	0x005490E0	CDXMemoryManager__Alloc
C:\dev\ONSLAUGHT2\MeshCollisionVolume.cpp	553	0x005D3980	CMeshCollisionVolume__SetPartBounds_Unwind	0x005D3980	0x005D3985	ADJACENT	0	0x005D3990	0x00449D40	OID__FreeObject_Callback
C:\dev\ONSLAUGHT2\MeshPart.cpp	107	0x004ADFF0	CMeshPart__SetVertexCount	0x004AE03E	0x004AE043	STACK_STABLE_GAP	1	0x004AE050	0x005490E0	CDXMemoryManager__Alloc
C:\dev\ONSLAUGHT2\MeshPart.cpp	233	0x004AE2B0	CMeshPart__CreatePolyBucket	0x004AE2EC	0x004AE2F1	ADJACENT	0	0x004AE302	0x005490E0	CDXMemoryManager__Alloc
C:\dev\ONSLAUGHT2\MeshPart.cpp	233	0x005D39B0	Unwind@005d39b0	0x005D39B0	0x005D39B5	ADJACENT	0	0x005D39C0	0x00449D40	OID__FreeObject_Callback
C:\dev\ONSLAUGHT2\MeshPart.cpp	348	0x004AE4B0	CMeshPart__Init	0x004AE558	0x004AE566	STACK_STABLE_GAP	2	0x004AE5E2	0x005490E0	CDXMemoryManager__Alloc
C:\dev\ONSLAUGHT2\MeshPart.cpp	351	0x004AE4B0	CMeshPart__Init	0x004AE5E7	0x004AE5EC	ADJACENT	0	0x004AE603	0x005490E0	CDXMemoryManager__Alloc
C:\dev\ONSLAUGHT2\MeshPart.cpp	351	0x005D39E0	Unwind@005d39e0	0x005D39E0	0x005D39E5	ADJACENT	0	0x005D39F0	0x00449D40	OID__FreeObject_Callback
C:\dev\ONSLAUGHT2\MeshPart.cpp	520	0x004AE860	CMeshPart__AllocateGeometry	0x004AE87B	0x004AE883	STACK_STABLE_GAP	1	0x004AE8AF	0x005490E0	CDXMemoryManager__Alloc
C:\dev\ONSLAUGHT2\MeshPart.cpp	534	0x004AE860	CMeshPart__AllocateGeometry	0x004AE8D7	0x004AE8DF	STACK_STABLE_GAP	1	0x004AE8EC	0x005490E0	CDXMemoryManager__Alloc
C:\dev\ONSLAUGHT2\MeshPart.cpp	544	0x004AE860	CMeshPart__AllocateGeometry	0x004AE913	0x004AE91A	STACK_STABLE_GAP	1	0x004AE92A	0x005490E0	CDXMemoryManager__Alloc
C:\dev\ONSLAUGHT2\MeshPart.cpp	552	0x004AE860	CMeshPart__AllocateGeometry	0x004AE962	0x004AE967	ADJACENT	0	0x004AE97A	0x005490E0	CDXMemoryManager__Alloc
C:\dev\ONSLAUGHT2\MeshPart.cpp	898	0x004AF470	CMeshPart__LoadVerticesAndTriangles	0x004AF77B	0x004AF780	ADJACENT	0	0x004AF796	0x005490E0	CDXMemoryManager__Alloc
C:\dev\ONSLAUGHT2\MeshPart.cpp	988	0x004AF470	CMeshPart__LoadVerticesAndTriangles	0x004AFA33	0x004AFA38	ADJACENT	0	0x004AFA4B	0x005490E0	CDXMemoryManager__Alloc
C:\dev\ONSLAUGHT2\MeshPart.cpp	1174	0x004AFBB0	CMeshPart__LoadVerticesWithBones	0x004AFFF7	0x004AFFFC	ADJACENT	0	0x004B0009	0x005490E0	CDXMemoryManager__Alloc
C:\dev\ONSLAUGHT2\MeshPart.cpp	1176	0x004AFBB0	CMeshPart__LoadVerticesWithBones	0x004B001A	0x004B001F	ADJACENT	0	0x004B002F	0x005490E0	CDXMemoryManager__Alloc
C:\dev\ONSLAUGHT2\MeshPart.cpp	1178	0x004AFBB0	CMeshPart__LoadVerticesWithBones	0x004B0040	0x004B0045	ADJACENT	0	0x004B0055	0x005490E0	CDXMemoryManager__Alloc
C:\dev\ONSLAUGHT2\MeshPart.cpp	1196	0x004AFBB0	CMeshPart__LoadVerticesWithBones	0x004B00B3	0x004B00BB	STACK_STABLE_GAP	1	0x004B00C8	0x005490E0	CDXMemoryManager__Alloc
C:\dev\ONSLAUGHT2\MeshPart.cpp	1221	0x004AFBB0	CMeshPart__LoadVerticesWithBones	0x004B0187	0x004B018C	ADJACENT	0	0x004B019A	0x005490E0	CDXMemoryManager__Alloc
C:\dev\ONSLAUGHT2\MeshPart.cpp	1223	0x004AFBB0	CMeshPart__LoadVerticesWithBones	0x004B01A5	0x004B01AA	ADJACENT	0	0x004B01BF	0x005490E0	CDXMemoryManager__Alloc
C:\dev\ONSLAUGHT2\MeshPart.cpp	1262	0x004AFBB0	CMeshPart__LoadVerticesWithBones	0x004B03D7	0x004B03DC	ADJACENT	0	0x004B03F2	0x005490E0	CDXMemoryManager__Alloc
C:\dev\ONSLAUGHT2\MeshPart.cpp	1353	0x004AFBB0	CMeshPart__LoadVerticesWithBones	0x004B067E	0x004B0683	ADJACENT	0	0x004B0696	0x005490E0	CDXMemoryManager__Alloc
C:\dev\ONSLAUGHT2\MeshPart.cpp	1811	0x004B1A40	CMeshPart__CacheFrameData	0x004B1BBD	0x004B1BC4	STACK_STABLE_GAP	1	0x004B1BD4	0x005490E0	CDXMemoryManager__Alloc
C:\dev\ONSLAUGHT2\MeshPart.cpp	1815	0x004B1A40	CMeshPart__CacheFrameData	0x004B1BFC	0x004B1C01	ADJACENT	0	0x004B1C15	0x005490E0	CDXMemoryManager__Alloc
C:\dev\ONSLAUGHT2\MeshPart.cpp	1815	0x005D3A10	Unwind@005d3a10	0x005D3A10	0x005D3A15	ADJACENT	0	0x005D3A23	0x00449D40	OID__FreeObject_Callback
C:\dev\ONSLAUGHT2\MeshPart.cpp	2425	0x004B27A0	CMeshPart__LoadFromStream	0x004B2854	0x004B2859	ADJACENT	0	0x004B2866	0x005490E0	CDXMemoryManager__Alloc
C:\dev\ONSLAUGHT2\MeshPart.cpp	2431	0x004B27A0	CMeshPart__LoadFromStream	0x004B288A	0x004B288F	ADJACENT	0	0x004B289F	0x005490E0	CDXMemoryManager__Alloc
C:\dev\ONSLAUGHT2\MeshPart.cpp	2433	0x004B27A0	CMeshPart__LoadFromStream	0x004B28C5	0x004B28CD	STACK_STABLE_GAP	1	0x004B28DA	0x005490E0	CDXMemoryManager__Alloc
C:\dev\ONSLAUGHT2\MeshPart.cpp	2442	0x004B27A0	CMeshPart__LoadFromStream	0x004B2963	0x004B2968	ADJACENT	0	0x004B2978	0x005490E0	CDXMemoryManager__Alloc
C:\dev\ONSLAUGHT2\MeshPart.cpp	2446	0x004B27A0	CMeshPart__LoadFromStream	0x004B2999	0x004B299E	ADJACENT	0	0x004B29AE	0x005490E0	CDXMemoryManager__Alloc
C:\dev\ONSLAUGHT2\MeshPart.cpp	2448	0x004B27A0	CMeshPart__LoadFromStream	0x004B29C7	0x004B29CF	STACK_STABLE_GAP	1	0x004B29DC	0x005490E0	CDXMemoryManager__Alloc
C:\dev\ONSLAUGHT2\MeshPart.cpp	2451	0x004B27A0	CMeshPart__LoadFromStream	0x004B29F9	0x004B2A01	STACK_STABLE_GAP	1	0x004B2A0E	0x005490E0	CDXMemoryManager__Alloc
C:\dev\ONSLAUGHT2\MeshPart.cpp	2452	0x004B27A0	CMeshPart__LoadFromStream	0x004B2A19	0x004B2A1E	ADJACENT	0	0x004B2A2F	0x005490E0	CDXMemoryManager__Alloc
C:\dev\ONSLAUGHT2\MeshPart.cpp	2526	0x004B27A0	CMeshPart__LoadFromStream	0x004B2C14	0x004B2C1C	STACK_STABLE_GAP	1	0x004B2C29	0x005490E0	CDXMemoryManager__Alloc
C:\dev\ONSLAUGHT2\MeshPart.cpp	2602	0x004B27A0	CMeshPart__LoadFromStream	0x004B2D83	0x004B2D88	ADJACENT	0	0x004B2D9C	0x005490E0	CDXMemoryManager__Alloc
C:\dev\ONSLAUGHT2\MeshPart.cpp	2602	0x005D3A40	Unwind@005d3a40	0x005D3A40	0x005D3A45	ADJACENT	0	0x005D3A50	0x00449D40	OID__FreeObject_Callback
C:\dev\ONSLAUGHT2\MeshPart.cpp	2704	0x004B27A0	CMeshPart__LoadFromStream	0x004B2F4C	0x004B2F53	STACK_STABLE_GAP	1	0x004B2F63	0x005490E0	CDXMemoryManager__Alloc
C:\dev\ONSLAUGHT2\MeshPart.cpp	2742	0x004B27A0	CMeshPart__LoadFromStream	0x004B3021	0x004B3026	ADJACENT	0	0x004B304D	0x005490E0	CDXMemoryManager__Alloc
C:\dev\ONSLAUGHT2\MeshPart.cpp	2742	0x005D3A59	Unwind@005d3a59	0x005D3A59	0x005D3A5E	ADJACENT	0	0x005D3A69	0x00449D40	OID__FreeObject_Callback
C:\dev\ONSLAUGHT2\MeshPart.cpp	2857	0x004B3180	CMeshPart__LoadMaterial	0x004B3195	0x004B319A	ADJACENT	0	0x004B31A8	0x005490E0	CDXMemoryManager__Alloc
C:\dev\ONSLAUGHT2\MeshPart.cpp	2893	0x004B31F0	CMeshPart__OptimizePolygons	0x004B3233	0x004B3238	ADJACENT	0	0x004B3248	0x005490E0	CDXMemoryManager__Alloc
C:\dev\ONSLAUGHT2\MeshPart.cpp	2895	0x004B31F0	CMeshPart__OptimizePolygons	0x004B3257	0x004B325C	ADJACENT	0	0x004B326C	0x005490E0	CDXMemoryManager__Alloc
C:\dev\ONSLAUGHT2\MeshPart.cpp	3112	0x004B3B70	CMeshPart__Clone	0x004B3B8A	0x004B3B91	STACK_STABLE_GAP	1	0x004B3BA2	0x005490E0	CDXMemoryManager__Alloc
C:\dev\ONSLAUGHT2\MeshPart.cpp	3112	0x005D3A80	Unwind@005d3a80	0x005D3A80	0x005D3A85	ADJACENT	0	0x005D3A90	0x00449D40	OID__FreeObject_Callback
C:\dev\ONSLAUGHT2\MeshPart.cpp	3135	0x004B3B70	CMeshPart__Clone	0x004B3D04	0x004B3D09	ADJACENT	0	0x004B3D19	0x005490E0	CDXMemoryManager__Alloc
C:\dev\ONSLAUGHT2\MeshPart.cpp	3160	0x004B3B70	CMeshPart__Clone	0x004B3ED9	0x004B3EDE	ADJACENT	0	0x004B3EF1	0x005490E0	CDXMemoryManager__Alloc
C:\dev\ONSLAUGHT2\MeshPart.cpp	3160	0x005D3A99	Unwind@005d3a99	0x005D3A99	0x005D3A9E	ADJACENT	0	0x005D3AA9	0x00449D40	OID__FreeObject_Callback
C:\dev\ONSLAUGHT2\MeshPart.cpp	3167	0x004B3B70	CMeshPart__Clone	0x004B3F6B	0x004B3F72	STACK_STABLE_GAP	1	0x004B3F82	0x005490E0	CDXMemoryManager__Alloc
C:\dev\ONSLAUGHT2\MeshPart.cpp	3173	0x004B3B70	CMeshPart__Clone	0x004B3FC9	0x004B3FD1	STACK_STABLE_GAP	1	0x004B3FDE	0x005490E0	CDXMemoryManager__Alloc
C:\dev\ONSLAUGHT2\MeshPart.cpp	3180	0x004B3B70	CMeshPart__Clone	0x004B4012	0x004B4017	ADJACENT	0	0x004B4024	0x005490E0	CDXMemoryManager__Alloc
C:\dev\ONSLAUGHT2\MeshPart.cpp	3188	0x004B3B70	CMeshPart__Clone	0x004B4067	0x004B406C	ADJACENT	0	0x004B407C	0x005490E0	CDXMemoryManager__Alloc
C:\dev\ONSLAUGHT2\MeshPart.cpp	3199	0x004B3B70	CMeshPart__Clone	0x004B40C8	0x004B40CD	ADJACENT	0	0x004B40DD	0x005490E0	CDXMemoryManager__Alloc
C:\dev\ONSLAUGHT2\MeshPart.cpp	3205	0x004B3B70	CMeshPart__Clone	0x004B4117	0x004B411F	STACK_STABLE_GAP	1	0x004B412C	0x005490E0	CDXMemoryManager__Alloc
C:\dev\ONSLAUGHT2\MeshPart.cpp	3211	0x004B3B70	CMeshPart__Clone	0x004B4176	0x004B417E	STACK_STABLE_GAP	1	0x004B418B	0x005490E0	CDXMemoryManager__Alloc
C:\dev\ONSLAUGHT2\MeshPart.cpp	3212	0x004B3B70	CMeshPart__Clone	0x004B4196	0x004B419B	ADJACENT	0	0x004B41AC	0x005490E0	CDXMemoryManager__Alloc
C:\dev\ONSLAUGHT2\MeshPart.cpp	3243	0x004B4250	CMeshPart__Merge	0x004B42C0	0x004B42C5	ADJACENT	0	0x004B42EC	0x005490E0	CDXMemoryManager__Alloc
C:\dev\ONSLAUGHT2\MeshPart.cpp	3246	0x004B4250	CMeshPart__Merge	0x004B430B	0x004B4310	ADJACENT	0	0x004B4320	0x005490E0	CDXMemoryManager__Alloc
C:\dev\ONSLAUGHT2\MeshPart.cpp	3249	0x004B4250	CMeshPart__Merge	0x004B4346	0x004B434B	ADJACENT	0	0x004B435E	0x005490E0	CDXMemoryManager__Alloc
C:\dev\ONSLAUGHT2\meshpose.h	33	0x004DC370	CRTMesh__Init	0x004DC5D5	0x004DC5D7	ADJACENT	0	0x004DC5F4	0x005490E0	CDXMemoryManager__Alloc
C:\dev\ONSLAUGHT2\meshpose.h	33	0x005D4A50	Unwind@005d4a50	0x005D4A50	0x005D4A52	ADJACENT	0	0x005D4A60	0x00449D40	OID__FreeObject_Callback
C:\dev\ONSLAUGHT2\meshpose.h	34	0x004DC370	CRTMesh__Init	0x004DC63F	0x004DC641	ADJACENT	0	0x004DC65E	0x005490E0	CDXMemoryManager__Alloc
C:\dev\ONSLAUGHT2\meshpose.h	35	0x004DC370	CRTMesh__Init	0x004DC672	0x004DC674	ADJACENT	0	0x004DC687	0x005490E0	CDXMemoryManager__Alloc
C:\dev\ONSLAUGHT2\meshpose.h	36	0x004DC370	CRTMesh__Init	0x004DC68C	0x004DC68E	ADJACENT	0	0x004DC69E	0x005490E0	CDXMemoryManager__Alloc
C:\dev\ONSLAUGHT2\MeshRenderer.cpp	519	0x004B6350	CMeshRenderer__RenderMesh	0x004B642D	0x004B6432	ADJACENT	0	0x004B6440	0x005490E0	CDXMemoryManager__Alloc
C:\dev\ONSLAUGHT2\MeshRenderer.cpp	519	0x005D3AC0	Unwind@005d3ac0	0x005D3AC0	0x005D3AC5	ADJACENT	0	0x005D3AD0	0x00449D40	OID__FreeObject_Callback
C:\dev\ONSLAUGHT2\Mine.cpp	31	0x004BA150	CMine__Init	0x004BA3A2	0x004BA3A4	ADJACENT	0	0x004BA3B2	0x005490E0	CDXMemoryManager__Alloc
C:\dev\ONSLAUGHT2\Mine.cpp	31	0x005D3C10	Unwind@005d3c10	0x005D3C10	0x005D3C12	ADJACENT	0	0x005D3C1D	0x00449D40	OID__FreeObject_Callback
C:\dev\ONSLAUGHT2\Mine.cpp	88	0x004BA4D0	CMine__VFunc_66_004ba4d0	0x004BA633	0x004BA635	ADJACENT	0	0x004BA643	0x005490E0	CDXMemoryManager__Alloc
C:\dev\ONSLAUGHT2\Mine.cpp	88	0x005D3C30	Unwind@005d3c30	0x005D3C30	0x005D3C32	ADJACENT	0	0x005D3C3D	0x00449D40	OID__FreeObject_Callback
C:\dev\ONSLAUGHT2\Missile.cpp	11	0x004BAAE0	CMissile__Init	0x004BAB12	0x004BAB14	ADJACENT	0	0x004BAB25	0x005490E0	CDXMemoryManager__Alloc
C:\dev\ONSLAUGHT2\Missile.cpp	11	0x005D3C50	Unwind@005d3c50	0x005D3C50	0x005D3C52	ADJACENT	0	0x005D3C5D	0x00449D40	OID__FreeObject_Callback
C:\dev\ONSLAUGHT2\MissionScript\..\Monitor.h	24	0x0052F470	CThingPtrDataType__Clone	0x0052F4D6	0x0052F4D8	ADJACENT	0	0x0052F4E6	0x005490E0	CDXMemoryManager__Alloc
C:\dev\ONSLAUGHT2\MissionScript\..\monitor.h	24	0x00533690	IScript__CreateThingRefWithSquad	0x00533718	0x0053371A	ADJACENT	0	0x00533728	0x005490E0	CDXMemoryManager__Alloc
C:\dev\ONSLAUGHT2\MissionScript\..\monitor.h	24	0x005349B0	IScript__GetComponent	0x00534A54	0x00534A56	ADJACENT	0	0x00534A64	0x005490E0	CDXMemoryManager__Alloc
C:\dev\ONSLAUGHT2\MissionScript\..\monitor.h	24	0x005363E0	IScript__GetPlayerBattleEngine	0x005364AC	0x005364AE	ADJACENT	0	0x005364BC	0x005490E0	CDXMemoryManager__Alloc
C:\dev\ONSLAUGHT2\MissionScript\..\monitor.h	24	0x005363E0	IScript__GetPlayerBattleEngine	0x00536553	0x00536555	ADJACENT	0	0x00536563	0x005490E0	CDXMemoryManager__Alloc
C:\dev\ONSLAUGHT2\MissionScript\..\monitor.h	24	0x005365C0	IScript__GetSquad	0x0053663D	0x0053663F	ADJACENT	0	0x0053664D	0x005490E0	CDXMemoryManager__Alloc
C:\dev\ONSLAUGHT2\MissionScript\..\monitor.h	24	0x005366C0	IScript__GetTarget	0x00536740	0x00536742	ADJACENT	0	0x00536750	0x005490E0	CDXMemoryManager__Alloc
C:\dev\ONSLAUGHT2\MissionScript\..\monitor.h	24	0x005367C0	IScript__GetThingRef	0x00536841	0x00536843	ADJACENT	0	0x00536851	0x005490E0	CDXMemoryManager__Alloc
C:\dev\ONSLAUGHT2\MissionScript\..\monitor.h	24	0x00538960	CScriptEventNB__RegisterEventListener	0x00538AF5	0x00538AF7	ADJACENT	0	0x00538B05	0x005490E0	CDXMemoryManager__Alloc
C:\dev\ONSLAUGHT2\MissionScript\..\Monitor.h	24	0x005D6BA9	Unwind@005d6ba9	0x005D6BA9	0x005D6BAB	ADJACENT	0	0x005D6BB6	0x00449D40	OID__FreeObject_Callback
C:\dev\ONSLAUGHT2\MissionScript\..\monitor.h	24	0x005D6D29	Unwind@005d6d29	0x005D6D29	0x005D6D2B	ADJACENT	0	0x005D6D36	0x00449D40	OID__FreeObject_Callback
C:\dev\ONSLAUGHT2\MissionScript\..\monitor.h	24	0x005D6F69	Unwind@005d6f69	0x005D6F69	0x005D6F6B	ADJACENT	0	0x005D6F76	0x00449D40	OID__FreeObject_Callback
C:\dev\ONSLAUGHT2\MissionScript\..\monitor.h	24	0x005D7119	Unwind@005d7119	0x005D7119	0x005D711B	ADJACENT	0	0x005D7126	0x00449D40	OID__FreeObject_Callback
C:\dev\ONSLAUGHT2\MissionScript\..\monitor.h	24	0x005D7158	Unwind@005d7158	0x005D7158	0x005D715A	ADJACENT	0	0x005D7165	0x00449D40	OID__FreeObject_Callback
C:\dev\ONSLAUGHT2\MissionScript\..\monitor.h	24	0x005D71A9	Unwind@005d71a9	0x005D71A9	0x005D71AB	ADJACENT	0	0x005D71B6	0x00449D40	OID__FreeObject_Callback
C:\dev\ONSLAUGHT2\MissionScript\..\monitor.h	24	0x005D71F9	Unwind@005d71f9	0x005D71F9	0x005D71FB	ADJACENT	0	0x005D7206	0x00449D40	OID__FreeObject_Callback
C:\dev\ONSLAUGHT2\MissionScript\..\monitor.h	24	0x005D7249	Unwind@005d7249	0x005D7249	0x005D724B	ADJACENT	0	0x005D7256	0x00449D40	OID__FreeObject_Callback
C:\dev\ONSLAUGHT2\MissionScript\..\monitor.h	24	0x005D74AD	Unwind@005d74ad	0x005D74AD	0x005D74AF	ADJACENT	0	0x005D74BA	0x00449D40	OID__FreeObject_Callback
C:\dev\ONSLAUGHT2\MissionScript\AsmInstruction.cpp	56	0x0052D040	CAsmInstruction__GetAttributeValue	0x0052D072	0x0052D074	ADJACENT	0	0x0052D07D	0x005490E0	CDXMemoryManager__Alloc
C:\dev\ONSLAUGHT2\MissionScript\AsmInstruction.cpp	87	0x0052D3D0	CAsmInstruction__SpawnFromOpcode	0x0052D3F7	0x0052D3F9	ADJACENT	0	0x0052D407	0x005490E0	CDXMemoryManager__Alloc
C:\dev\ONSLAUGHT2\MissionScript\AsmInstruction.cpp	88	0x0052D3D0	CAsmInstruction__SpawnFromOpcode	0x0052D425	0x0052D427	ADJACENT	0	0x0052D435	0x005490E0	CDXMemoryManager__Alloc
C:\dev\ONSLAUGHT2\MissionScript\AsmInstruction.cpp	89	0x0052D3D0	CAsmInstruction__SpawnFromOpcode	0x0052D453	0x0052D455	ADJACENT	0	0x0052D463	0x005490E0	CDXMemoryManager__Alloc
C:\dev\ONSLAUGHT2\MissionScript\AsmInstruction.cpp	90	0x0052D3D0	CAsmInstruction__SpawnFromOpcode	0x0052D481	0x0052D483	ADJACENT	0	0x0052D491	0x005490E0	CDXMemoryManager__Alloc
C:\dev\ONSLAUGHT2\MissionScript\AsmInstruction.cpp	91	0x0052D3D0	CAsmInstruction__SpawnFromOpcode	0x0052D4AF	0x0052D4B1	ADJACENT	0	0x0052D4BF	0x005490E0	CDXMemoryManager__Alloc
C:\dev\ONSLAUGHT2\MissionScript\AsmInstruction.cpp	92	0x0052D3D0	CAsmInstruction__SpawnFromOpcode	0x0052D4DD	0x0052D4DF	ADJACENT	0	0x0052D4ED	0x005490E0	CDXMemoryManager__Alloc
C:\dev\ONSLAUGHT2\MissionScript\AsmInstruction.cpp	93	0x0052D3D0	CAsmInstruction__SpawnFromOpcode	0x0052D50B	0x0052D50D	ADJACENT	0	0x0052D51B	0x005490E0	CDXMemoryManager__Alloc
C:\dev\ONSLAUGHT2\MissionScript\AsmInstruction.cpp	94	0x0052D3D0	CAsmInstruction__SpawnFromOpcode	0x0052D539	0x0052D53B	ADJACENT	0	0x0052D549	0x005490E0	CDXMemoryManager__Alloc
C:\dev\ONSLAUGHT2\MissionScript\AsmInstruction.cpp	95	0x0052D3D0	CAsmInstruction__SpawnFromOpcode	0x0052D567	0x0052D569	ADJACENT	0	0x0052D577	0x005490E0	CDXMemoryManager__Alloc
C:\dev\ONSLAUGHT2\MissionScript\AsmInstruction.cpp	96	0x0052D3D0	CAsmInstruction__SpawnFromOpcode	0x0052D595	0x0052D597	ADJACENT	0	0x0052D5A5	0x005490E0	CDXMemoryManager__Alloc
C:\dev\ONSLAUGHT2\MissionScript\AsmInstruction.cpp	97	0x0052D3D0	CAsmInstruction__SpawnFromOpcode	0x0052D5C3	0x0052D5C5	ADJACENT	0	0x0052D5D3	0x005490E0	CDXMemoryManager__Alloc
C:\dev\ONSLAUGHT2\MissionScript\AsmInstruction.cpp	98	0x0052D3D0	CAsmInstruction__SpawnFromOpcode	0x0052D5F1	0x0052D5F3	ADJACENT	0	0x0052D601	0x005490E0	CDXMemoryManager__Alloc
C:\dev\ONSLAUGHT2\MissionScript\AsmInstruction.cpp	99	0x0052D3D0	CAsmInstruction__SpawnFromOpcode	0x0052D61F	0x0052D621	ADJACENT	0	0x0052D62F	0x005490E0	CDXMemoryManager__Alloc
C:\dev\ONSLAUGHT2\MissionScript\AsmInstruction.cpp	100	0x0052D3D0	CAsmInstruction__SpawnFromOpcode	0x0052D64D	0x0052D64F	ADJACENT	0	0x0052D65D	0x005490E0	CDXMemoryManager__Alloc
C:\dev\ONSLAUGHT2\MissionScript\AsmInstruction.cpp	101	0x0052D3D0	CAsmInstruction__SpawnFromOpcode	0x0052D67B	0x0052D67D	ADJACENT	0	0x0052D68B	0x005490E0	CDXMemoryManager__Alloc
C:\dev\ONSLAUGHT2\MissionScript\AsmInstruction.cpp	102	0x0052D3D0	CAsmInstruction__SpawnFromOpcode	0x0052D6A9	0x0052D6AB	ADJACENT	0	0x0052D6B9	0x005490E0	CDXMemoryManager__Alloc
C:\dev\ONSLAUGHT2\MissionScript\AsmInstruction.cpp	103	0x0052D3D0	CAsmInstruction__SpawnFromOpcode	0x0052D6D7	0x0052D6D9	ADJACENT	0	0x0052D6E7	0x005490E0	CDXMemoryManager__Alloc
C:\dev\ONSLAUGHT2\MissionScript\AsmInstruction.cpp	104	0x0052D3D0	CAsmInstruction__SpawnFromOpcode	0x0052D705	0x0052D707	ADJACENT	0	0x0052D715	0x005490E0	CDXMemoryManager__Alloc
C:\dev\ONSLAUGHT2\MissionScript\AsmInstruction.cpp	105	0x0052D3D0	CAsmInstruction__SpawnFromOpcode	0x0052D733	0x0052D735	ADJACENT	0	0x0052D743	0x005490E0	CDXMemoryManager__Alloc
C:\dev\ONSLAUGHT2\MissionScript\AsmInstruction.cpp	106	0x0052D3D0	CAsmInstruction__SpawnFromOpcode	0x0052D761	0x0052D763	ADJACENT	0	0x0052D771	0x005490E0	CDXMemoryManager__Alloc
C:\dev\ONSLAUGHT2\MissionScript\AsmInstruction.cpp	107	0x0052D3D0	CAsmInstruction__SpawnFromOpcode	0x0052D78F	0x0052D791	ADJACENT	0	0x0052D79F	0x005490E0	CDXMemoryManager__Alloc
C:\dev\ONSLAUGHT2\MissionScript\AsmInstruction.cpp	108	0x0052D3D0	CAsmInstruction__SpawnFromOpcode	0x0052D7BD	0x0052D7BF	ADJACENT	0	0x0052D7CD	0x005490E0	CDXMemoryManager__Alloc
C:\dev\ONSLAUGHT2\MissionScript\AsmInstruction.cpp	109	0x0052D3D0	CAsmInstruction__SpawnFromOpcode	0x0052D7EB	0x0052D7ED	ADJACENT	0	0x0052D7FB	0x005490E0	CDXMemoryManager__Alloc
C:\dev\ONSLAUGHT2\MissionScript\AsmInstruction.cpp	110	0x0052D3D0	CAsmInstruction__SpawnFromOpcode	0x0052D819	0x0052D81B	ADJACENT	0	0x0052D829	0x005490E0	CDXMemoryManager__Alloc
C:\dev\ONSLAUGHT2\MissionScript\AsmInstruction.cpp	111	0x0052D3D0	CAsmInstruction__SpawnFromOpcode	0x0052D847	0x0052D849	ADJACENT	0	0x0052D857	0x005490E0	CDXMemoryManager__Alloc
C:\dev\ONSLAUGHT2\MissionScript\AsmInstruction.cpp	112	0x0052D3D0	CAsmInstruction__SpawnFromOpcode	0x0052D871	0x0052D873	ADJACENT	0	0x0052D881	0x005490E0	CDXMemoryManager__Alloc
C:\dev\ONSLAUGHT2\MissionScript\AsmInstruction.cpp	113	0x0052D3D0	CAsmInstruction__SpawnFromOpcode	0x0052D89B	0x0052D89D	ADJACENT	0	0x0052D8AB	0x005490E0	CDXMemoryManager__Alloc
C:\dev\ONSLAUGHT2\MissionScript\AsmInstruction.cpp	143	0x0052E0A0	CInstructionOP_PUSHPC__VFunc_0_0052e0a0	0x0052E0A1	0x0052E0A8	STACK_STABLE_GAP	1	0x0052E0B6	0x005490E0	CDXMemoryManager__Alloc
C:\dev\ONSLAUGHT2\MissionScript\AsmInstruction.cpp	158	0x0052E0F0	CInstructionOP_RETURN__ExecutePop	0x0052E12E	0x0052E133	ADJACENT	0	0x0052E141	0x005490E0	CDXMemoryManager__Alloc
C:\dev\ONSLAUGHT2\MissionScript\AsmInstruction.cpp	262	0x0052E380	CInstructionOP_CMPB__ExecuteCompareEqual	0x0052E3A5	0x0052E3AA	ADJACENT	0	0x0052E3B8	0x005490E0	CDXMemoryManager__Alloc
C:\dev\ONSLAUGHT2\MissionScript\AsmInstruction.cpp	266	0x0052E380	CInstructionOP_CMPB__ExecuteCompareEqual	0x0052E3CD	0x0052E3D2	ADJACENT	0	0x0052E3E0	0x005490E0	CDXMemoryManager__Alloc
C:\dev\ONSLAUGHT2\MissionScript\AsmInstruction.cpp	280	0x0052E4D0	CInstructionOP_OR__ExecuteOr	0x0052E527	0x0052E52C	ADJACENT	0	0x0052E53A	0x005490E0	CDXMemoryManager__Alloc
C:\dev\ONSLAUGHT2\MissionScript\AsmInstruction.cpp	284	0x0052E4D0	CInstructionOP_OR__ExecuteOr	0x0052E4FF	0x0052E504	ADJACENT	0	0x0052E512	0x005490E0	CDXMemoryManager__Alloc
C:\dev\ONSLAUGHT2\MissionScript\AsmInstruction.cpp	299	0x0052E580	CInstructionOP_AND__ExecuteAnd	0x0052E5AF	0x0052E5B4	ADJACENT	0	0x0052E5C2	0x005490E0	CDXMemoryManager__Alloc
C:\dev\ONSLAUGHT2\MissionScript\AsmInstruction.cpp	303	0x0052E580	CInstructionOP_AND__ExecuteAnd	0x0052E5D7	0x0052E5DC	ADJACENT	0	0x0052E5EA	0x005490E0	CDXMemoryManager__Alloc
C:\dev\ONSLAUGHT2\MissionScript\AsmInstruction.cpp	317	0x0052E630	CInstructionOP_GREAT_THAN__ExecuteGreaterThan	0x0052E655	0x0052E65A	ADJACENT	0	0x0052E668	0x005490E0	CDXMemoryManager__Alloc
C:\dev\ONSLAUGHT2\MissionScript\AsmInstruction.cpp	321	0x0052E630	CInstructionOP_GREAT_THAN__ExecuteGreaterThan	0x0052E67D	0x0052E682	ADJACENT	0	0x0052E690	0x005490E0	CDXMemoryManager__Alloc
C:\dev\ONSLAUGHT2\MissionScript\AsmInstruction.cpp	336	0x0052E6D0	CInstructionOP_LESS_THAN__ExecuteLessThan	0x0052E6F5	0x0052E6FA	ADJACENT	0	0x0052E708	0x005490E0	CDXMemoryManager__Alloc
C:\dev\ONSLAUGHT2\MissionScript\AsmInstruction.cpp	340	0x0052E6D0	CInstructionOP_LESS_THAN__ExecuteLessThan	0x0052E71D	0x0052E722	ADJACENT	0	0x0052E730	0x005490E0	CDXMemoryManager__Alloc
C:\dev\ONSLAUGHT2\MissionScript\AsmInstruction.cpp	354	0x0052E770	CInstructionOP_GREAT_EQ_THAN__ExecuteGreaterOrEqual	0x0052E795	0x0052E79A	ADJACENT	0	0x0052E7A8	0x005490E0	CDXMemoryManager__Alloc
C:\dev\ONSLAUGHT2\MissionScript\AsmInstruction.cpp	358	0x0052E770	CInstructionOP_GREAT_EQ_THAN__ExecuteGreaterOrEqual	0x0052E7BD	0x0052E7C2	ADJACENT	0	0x0052E7D0	0x005490E0	CDXMemoryManager__Alloc
C:\dev\ONSLAUGHT2\MissionScript\AsmInstruction.cpp	372	0x0052E810	CInstructionOP_LESS_EQ_THAN__ExecuteLessOrEqual	0x0052E835	0x0052E83A	ADJACENT	0	0x0052E848	0x005490E0	CDXMemoryManager__Alloc
C:\dev\ONSLAUGHT2\MissionScript\AsmInstruction.cpp	376	0x0052E810	CInstructionOP_LESS_EQ_THAN__ExecuteLessOrEqual	0x0052E85D	0x0052E862	ADJACENT	0	0x0052E870	0x005490E0	CDXMemoryManager__Alloc
C:\dev\ONSLAUGHT2\MissionScript\AsmInstruction.cpp	390	0x0052E8B0	CInstructionOP_CMPNEB__ExecuteCompareNotEqual	0x0052E8D5	0x0052E8DA	ADJACENT	0	0x0052E8E8	0x005490E0	CDXMemoryManager__Alloc
C:\dev\ONSLAUGHT2\MissionScript\AsmInstruction.cpp	394	0x0052E8B0	CInstructionOP_CMPNEB__ExecuteCompareNotEqual	0x0052E8FD	0x0052E902	ADJACENT	0	0x0052E910	0x005490E0	CDXMemoryManager__Alloc
C:\dev\ONSLAUGHT2\MissionScript\AsmInstruction.cpp	480	0x0052EA40	CInstructionOP_CALL__ExecuteCall	0x0052EAB5	0x0052EABA	ADJACENT	0	0x0052EAC3	0x005490E0	CDXMemoryManager__Alloc
C:\dev\ONSLAUGHT2\MissionScript\AsmInstruction.cpp	526	0x0052EA40	CInstructionOP_CALL__ExecuteCall	0x0052EBFA	0x0052EBFF	ADJACENT	0	0x0052EC0D	0x005490E0	CDXMemoryManager__Alloc
C:\dev\ONSLAUGHT2\MissionScript\asminstruction.h	88	0x0052D960	CInstructionOP_CALL__VFunc_1_0052d960	0x0052D961	0x0052D965	STACK_STABLE_GAP	1	0x0052D973	0x005490E0	CDXMemoryManager__Alloc
C:\dev\ONSLAUGHT2\MissionScript\asminstruction.h	103	0x0052D9A0	CInstructionOP_CALLLOCAL__VFunc_1_0052d9a0	0x0052D9A1	0x0052D9A5	STACK_STABLE_GAP	1	0x0052D9B3	0x005490E0	CDXMemoryManager__Alloc
C:\dev\ONSLAUGHT2\MissionScript\asminstruction.h	114	0x0052D9D0	CInstructionOP_RETURN__VFunc_1_0052d9d0	0x0052D9D1	0x0052D9D5	STACK_STABLE_GAP	1	0x0052D9E3	0x005490E0	CDXMemoryManager__Alloc
C:\dev\ONSLAUGHT2\MissionScript\asminstruction.h	123	0x0052DA10	CInstructionOP_POINTER__VFunc_1_0052da10	0x0052DA11	0x0052DA15	STACK_STABLE_GAP	1	0x0052DA23	0x005490E0	CDXMemoryManager__Alloc
C:\dev\ONSLAUGHT2\MissionScript\asminstruction.h	133	0x0052DA40	CInstructionOP_GETTOP__VFunc_1_0052da40	0x0052DA41	0x0052DA48	STACK_STABLE_GAP	1	0x0052DA56	0x005490E0	CDXMemoryManager__Alloc
C:\dev\ONSLAUGHT2\MissionScript\asminstruction.h	142	0x0052DA80	CInstructionOP_JMP__VFunc_1_0052da80	0x0052DA81	0x0052DA88	STACK_STABLE_GAP	1	0x0052DA96	0x005490E0	CDXMemoryManager__Alloc
C:\dev\ONSLAUGHT2\MissionScript\asminstruction.h	151	0x0052DAD0	CInstructionOP_JMPFALSE__VFunc_1_0052dad0	0x0052DAD1	0x0052DAD8	STACK_STABLE_GAP	1	0x0052DAE6	0x005490E0	CDXMemoryManager__Alloc
C:\dev\ONSLAUGHT2\MissionScript\asminstruction.h	160	0x0052DB20	CInstructionOP_JMPNE__VFunc_1_0052db20	0x0052DB21	0x0052DB28	STACK_STABLE_GAP	1	0x0052DB36	0x005490E0	CDXMemoryManager__Alloc
C:\dev\ONSLAUGHT2\MissionScript\asminstruction.h	169	0x0052DB70	CInstructionOP_CMPNEB__VFunc_1_0052db70	0x0052DB71	0x0052DB78	STACK_STABLE_GAP	1	0x0052DB86	0x005490E0	CDXMemoryManager__Alloc
C:\dev\ONSLAUGHT2\MissionScript\asminstruction.h	178	0x0052DBB0	CInstructionOP_CMPB__VFunc_1_0052dbb0	0x0052DBB1	0x0052DBB8	STACK_STABLE_GAP	1	0x0052DBC6	0x005490E0	CDXMemoryManager__Alloc
C:\dev\ONSLAUGHT2\MissionScript\asminstruction.h	187	0x0052DC00	CInstructionOP_CMP__VFunc_1_0052dc00	0x0052DC01	0x0052DC08	STACK_STABLE_GAP	1	0x0052DC16	0x005490E0	CDXMemoryManager__Alloc
C:\dev\ONSLAUGHT2\MissionScript\asminstruction.h	196	0x0052DC40	CInstructionOP_REMOVE_TOP__VFunc_1_0052dc40	0x0052DC41	0x0052DC48	STACK_STABLE_GAP	1	0x0052DC56	0x005490E0	CDXMemoryManager__Alloc
C:\dev\ONSLAUGHT2\MissionScript\asminstruction.h	205	0x0052DC90	CInstructionOP_LABEL__VFunc_1_0052dc90	0x0052DC91	0x0052DC98	STACK_STABLE_GAP	1	0x0052DCA6	0x005490E0	CDXMemoryManager__Alloc
C:\dev\ONSLAUGHT2\MissionScript\asminstruction.h	214	0x0052DCE0	CInstructionOP_LESS_EQ_THAN__VFunc_1_0052dce0	0x0052DCE1	0x0052DCE8	STACK_STABLE_GAP	1	0x0052DCF6	0x005490E0	CDXMemoryManager__Alloc
C:\dev\ONSLAUGHT2\MissionScript\asminstruction.h	223	0x0052DD30	CInstructionOP_GREAT_EQ_THAN__VFunc_1_0052dd30	0x0052DD31	0x0052DD38	STACK_STABLE_GAP	1	0x0052DD46	0x005490E0	CDXMemoryManager__Alloc
C:\dev\ONSLAUGHT2\MissionScript\asminstruction.h	232	0x0052DD70	CInstructionOP_LESS_THAN__VFunc_1_0052dd70	0x0052DD71	0x0052DD78	STACK_STABLE_GAP	1	0x0052DD86	0x005490E0	CDXMemoryManager__Alloc
C:\dev\ONSLAUGHT2\MissionScript\asminstruction.h	241	0x0052DDC0	CInstructionOP_GREAT_THAN__VFunc_1_0052ddc0	0x0052DDC1	0x0052DDC8	STACK_STABLE_GAP	1	0x0052DDD6	0x005490E0	CDXMemoryManager__Alloc
C:\dev\ONSLAUGHT2\MissionScript\asminstruction.h	250	0x0052DE10	CInstructionOP_AND__VFunc_1_0052de10	0x0052DE11	0x0052DE18	STACK_STABLE_GAP	1	0x0052DE26	0x005490E0	CDXMemoryManager__Alloc
C:\dev\ONSLAUGHT2\MissionScript\asminstruction.h	259	0x0052DE50	CInstructionOP_OR__VFunc_1_0052de50	0x0052DE51	0x0052DE58	STACK_STABLE_GAP	1	0x0052DE66	0x005490E0	CDXMemoryManager__Alloc
C:\dev\ONSLAUGHT2\MissionScript\asminstruction.h	268	0x0052DEA0	CInstructionOP_POP__VFunc_1_0052dea0	0x0052DEA1	0x0052DEA8	STACK_STABLE_GAP	1	0x0052DEB6	0x005490E0	CDXMemoryManager__Alloc
C:\dev\ONSLAUGHT2\MissionScript\asminstruction.h	277	0x0052DEE0	CInstructionOP_PUSH__VFunc_1_0052dee0	0x0052DEE1	0x0052DEE8	STACK_STABLE_GAP	1	0x0052DEF6	0x005490E0	CDXMemoryManager__Alloc
C:\dev\ONSLAUGHT2\MissionScript\asminstruction.h	286	0x0052DF20	CInstructionOP_MINUS__VFunc_1_0052df20	0x0052DF21	0x0052DF28	STACK_STABLE_GAP	1	0x0052DF36	0x005490E0	CDXMemoryManager__Alloc
C:\dev\ONSLAUGHT2\MissionScript\asminstruction.h	295	0x0052DF60	CInstructionOP_PLUS__VFunc_1_0052df60	0x0052DF61	0x0052DF68	STACK_STABLE_GAP	1	0x0052DF76	0x005490E0	CDXMemoryManager__Alloc
C:\dev\ONSLAUGHT2\MissionScript\asminstruction.h	304	0x0052DFA0	CInstructionOP_MULTIPLY__VFunc_1_0052dfa0	0x0052DFA1	0x0052DFA8	STACK_STABLE_GAP	1	0x0052DFB6	0x005490E0	CDXMemoryManager__Alloc
C:\dev\ONSLAUGHT2\MissionScript\asminstruction.h	313	0x0052DFE0	CInstructionOP_DIVIDE__VFunc_1_0052dfe0	0x0052DFE1	0x0052DFE8	STACK_STABLE_GAP	1	0x0052DFF6	0x005490E0	CDXMemoryManager__Alloc
C:\dev\ONSLAUGHT2\MissionScript\asminstruction.h	322	0x0052E020	CInstructionOP_NOP__VFunc_1_0052e020	0x0052E021	0x0052E028	STACK_STABLE_GAP	1	0x0052E036	0x005490E0	CDXMemoryManager__Alloc
C:\dev\ONSLAUGHT2\MissionScript\asminstruction.h	331	0x0052E060	CInstructionOP_PUSHPC__VFunc_1_0052e060	0x0052E061	0x0052E068	STACK_STABLE_GAP	1	0x0052E076	0x005490E0	CDXMemoryManager__Alloc
C:\dev\ONSLAUGHT2\MissionScript\DataType.cpp	22	0x0052EC60	CDataType__CreateFromType	0x0052EC8E	0x0052EC90	ADJACENT	0	0x0052EC9E	0x005490E0	CDXMemoryManager__Alloc
C:\dev\ONSLAUGHT2\MissionScript\DataType.cpp	22	0x005D69C0	Unwind@005d69c0	0x005D69C0	0x005D69C2	ADJACENT	0	0x005D69CD	0x00449D40	OID__FreeObject_Callback
C:\dev\ONSLAUGHT2\MissionScript\DataType.cpp	23	0x0052EC60	CDataType__CreateFromType	0x0052ECE6	0x0052ECE8	ADJACENT	0	0x0052ECF6	0x005490E0	CDXMemoryManager__Alloc
C:\dev\ONSLAUGHT2\MissionScript\DataType.cpp	23	0x005D69DE	Unwind@005d69de	0x005D69DE	0x005D69E0	ADJACENT	0	0x005D69EB	0x00449D40	OID__FreeObject_Callback
C:\dev\ONSLAUGHT2\MissionScript\DataType.cpp	24	0x0052EC60	CDataType__CreateFromType	0x0052ED3E	0x0052ED40	ADJACENT	0	0x0052ED4E	0x005490E0	CDXMemoryManager__Alloc
C:\dev\ONSLAUGHT2\MissionScript\DataType.cpp	24	0x005D69FC	Unwind@005d69fc	0x005D69FC	0x005D69FE	ADJACENT	0	0x005D6A09	0x00449D40	OID__FreeObject_Callback
C:\dev\ONSLAUGHT2\MissionScript\DataType.cpp	25	0x0052EC60	CDataType__CreateFromType	0x0052EDCF	0x0052EDD1	ADJACENT	0	0x0052EDDF	0x005490E0	CDXMemoryManager__Alloc
C:\dev\ONSLAUGHT2\MissionScript\DataType.cpp	25	0x005D6A1A	Unwind@005d6a1a	0x005D6A1A	0x005D6A1C	ADJACENT	0	0x005D6A27	0x00449D40	OID__FreeObject_Callback
C:\dev\ONSLAUGHT2\MissionScript\DataType.cpp	26	0x0052EC60	CDataType__CreateFromType	0x0052EE27	0x0052EE29	ADJACENT	0	0x0052EE37	0x005490E0	CDXMemoryManager__Alloc
C:\dev\ONSLAUGHT2\MissionScript\DataType.cpp	26	0x005D6A38	Unwind@005d6a38	0x005D6A38	0x005D6A3A	ADJACENT	0	0x005D6A45	0x00449D40	OID__FreeObject_Callback
C:\dev\ONSLAUGHT2\MissionScript\DataType.cpp	27	0x0052EC60	CDataType__CreateFromType	0x0052EE87	0x0052EE89	ADJACENT	0	0x0052EE97	0x005490E0	CDXMemoryManager__Alloc
C:\dev\ONSLAUGHT2\MissionScript\DataType.cpp	27	0x005D6A61	Unwind@005d6a61	0x005D6A61	0x005D6A63	ADJACENT	0	0x005D6A6E	0x00449D40	OID__FreeObject_Callback
C:\dev\ONSLAUGHT2\MissionScript\DataType.cpp	43	0x0052F2C0	CStringDataType__Clone	0x0052F311	0x0052F318	STACK_STABLE_GAP	3	0x0052F32F	0x005490E0	CDXMemoryManager__Alloc
C:\dev\ONSLAUGHT2\MissionScript\DataType.cpp	43	0x0052F690	CStringDataType__InitFromString	0x0052F6C0	0x0052F6C7	STACK_STABLE_GAP	3	0x0052F6E1	0x005490E0	CDXMemoryManager__Alloc
C:\dev\ONSLAUGHT2\MissionScript\DataType.cpp	92	0x0052EC60	CDataType__CreateFromType	0x0052ED8A	0x0052ED8C	ADJACENT	0	0x0052ED9C	0x005490E0	CDXMemoryManager__Alloc
C:\dev\ONSLAUGHT2\MissionScript\DataType.cpp	92	0x0052F790	CStringDataType__ReadFromBuffer	0x0052F7D2	0x0052F7D4	ADJACENT	0	0x0052F7E4	0x005490E0	CDXMemoryManager__Alloc
C:\dev\ONSLAUGHT2\MissionScript\DataType.cpp	135	0x0052F820	CPositionDataType__VFunc_1_0052f820	0x0052F839	0x0052F83E	ADJACENT	0	0x0052F864	0x005490E0	CDXMemoryManager__Alloc
C:\dev\ONSLAUGHT2\MissionScript\DataType.cpp	143	0x0052F8A0	CPositionDataType__SubtractPosition	0x0052F8B9	0x0052F8BE	ADJACENT	0	0x0052F8E4	0x005490E0	CDXMemoryManager__Alloc
C:\dev\ONSLAUGHT2\MissionScript\DataType.cpp	151	0x0052F920	CPositionDataType__ScaleByFloat	0x0052F934	0x0052F939	ADJACENT	0	0x0052F95B	0x005490E0	CDXMemoryManager__Alloc
C:\dev\ONSLAUGHT2\MissionScript\DataType.h	107	0x0052D0A0	CIntDataType__Add	0x0052D0B8	0x0052D0BC	STACK_STABLE_GAP	1	0x0052D0CA	0x005490E0	CDXMemoryManager__Alloc
C:\dev\ONSLAUGHT2\MissionScript\DataType.h	107	0x005D6940	Unwind@005d6940	0x005D6940	0x005D6942	ADJACENT	0	0x005D694D	0x00449D40	OID__FreeObject_Callback
C:\dev\ONSLAUGHT2\MissionScript\DataType.h	108	0x0052D110	CIntDataType__Subtract	0x0052D128	0x0052D12C	STACK_STABLE_GAP	1	0x0052D13A	0x005490E0	CDXMemoryManager__Alloc
C:\dev\ONSLAUGHT2\MissionScript\DataType.h	108	0x005D6960	Unwind@005d6960	0x005D6960	0x005D6962	ADJACENT	0	0x005D696D	0x00449D40	OID__FreeObject_Callback
C:\dev\ONSLAUGHT2\MissionScript\DataType.h	109	0x0052D180	CIntDataType__Multiply	0x0052D198	0x0052D19C	STACK_STABLE_GAP	1	0x0052D1AA	0x005490E0	CDXMemoryManager__Alloc
C:\dev\ONSLAUGHT2\MissionScript\DataType.h	109	0x005D6980	Unwind@005d6980	0x005D6980	0x005D6982	ADJACENT	0	0x005D698D	0x00449D40	OID__FreeObject_Callback
C:\dev\ONSLAUGHT2\MissionScript\DataType.h	110	0x0052D1F0	CIntDataType__Divide	0x0052D208	0x0052D20C	STACK_STABLE_GAP	1	0x0052D21A	0x005490E0	CDXMemoryManager__Alloc
C:\dev\ONSLAUGHT2\MissionScript\DataType.h	110	0x005D69A0	Unwind@005d69a0	0x005D69A0	0x005D69A2	ADJACENT	0	0x005D69AD	0x00449D40	OID__FreeObject_Callback
C:\dev\ONSLAUGHT2\MissionScript\DataType.h	123	0x0052D340	CIntDataType__VFunc_18_0052d340	0x0052D341	0x0052D345	STACK_STABLE_GAP	1	0x0052D353	0x005490E0	CDXMemoryManager__Alloc
C:\dev\ONSLAUGHT2\MissionScript\DataType.h	149	0x0052E490	CBoolDataType__VFunc_18_0052e490	0x0052E491	0x0052E498	STACK_STABLE_GAP	1	0x0052E4A6	0x005490E0	CDXMemoryManager__Alloc
C:\dev\ONSLAUGHT2\MissionScript\DataType.h	163	0x0052EF50	CFloatDataType__Add	0x0052EF68	0x0052EF6F	STACK_STABLE_GAP	1	0x0052EF7D	0x005490E0	CDXMemoryManager__Alloc
C:\dev\ONSLAUGHT2\MissionScript\DataType.h	163	0x005D6A90	Unwind@005d6a90	0x005D6A90	0x005D6A95	ADJACENT	0	0x005D6AA0	0x00449D40	OID__FreeObject_Callback
C:\dev\ONSLAUGHT2\MissionScript\DataType.h	164	0x0052EFC0	CFloatDataType__Subtract	0x0052EFD8	0x0052EFDF	STACK_STABLE_GAP	1	0x0052EFED	0x005490E0	CDXMemoryManager__Alloc
C:\dev\ONSLAUGHT2\MissionScript\DataType.h	164	0x005D6AC0	Unwind@005d6ac0	0x005D6AC0	0x005D6AC5	ADJACENT	0	0x005D6AD0	0x00449D40	OID__FreeObject_Callback
C:\dev\ONSLAUGHT2\MissionScript\DataType.h	165	0x0052F030	CFloatDataType__Multiply	0x0052F048	0x0052F04F	STACK_STABLE_GAP	1	0x0052F05D	0x005490E0	CDXMemoryManager__Alloc
C:\dev\ONSLAUGHT2\MissionScript\DataType.h	165	0x005D6AF0	Unwind@005d6af0	0x005D6AF0	0x005D6AF5	ADJACENT	0	0x005D6B00	0x00449D40	OID__FreeObject_Callback
C:\dev\ONSLAUGHT2\MissionScript\DataType.h	166	0x0052F0A0	CFloatDataType__Divide	0x0052F0B8	0x0052F0BF	STACK_STABLE_GAP	1	0x0052F0CD	0x005490E0	CDXMemoryManager__Alloc
C:\dev\ONSLAUGHT2\MissionScript\DataType.h	166	0x005D6B20	Unwind@005d6b20	0x005D6B20	0x005D6B25	ADJACENT	0	0x005D6B30	0x00449D40	OID__FreeObject_Callback
C:\dev\ONSLAUGHT2\MissionScript\DataType.h	180	0x0052F250	CFloatDataType__VFunc_18_0052f250	0x0052F251	0x0052F258	STACK_STABLE_GAP	1	0x0052F266	0x005490E0	CDXMemoryManager__Alloc
C:\dev\ONSLAUGHT2\MissionScript\DataType.h	200	0x0052F2C0	CStringDataType__Clone	0x0052F2D8	0x0052F2DF	STACK_STABLE_GAP	1	0x0052F2ED	0x005490E0	CDXMemoryManager__Alloc
C:\dev\ONSLAUGHT2\MissionScript\DataType.h	200	0x005D6B50	Unwind@005d6b50	0x005D6B50	0x005D6B55	ADJACENT	0	0x005D6B60	0x00449D40	OID__FreeObject_Callback
C:\dev\ONSLAUGHT2\MissionScript\DataType.h	229	0x0052F470	CThingPtrDataType__Clone	0x0052F48A	0x0052F491	STACK_STABLE_GAP	1	0x0052F49F	0x005490E0	CDXMemoryManager__Alloc
C:\dev\ONSLAUGHT2\MissionScript\DataType.h	229	0x005D6B80	Unwind@005d6b80	0x005D6B80	0x005D6B85	ADJACENT	0	0x005D6B90	0x00449D40	OID__FreeObject_Callback
C:\dev\ONSLAUGHT2\MissionScript\DataType.h	252	0x0052F610	CPositionDataType__VFunc_18_0052f610	0x0052F611	0x0052F618	STACK_STABLE_GAP	1	0x0052F626	0x005490E0	CDXMemoryManager__Alloc
C:\dev\ONSLAUGHT2\MissionScript\EventFunction.cpp	27	0x0052FBB0	CEventFunction__Clone	0x0052FCFE	0x0052FD00	ADJACENT	0	0x0052FD0E	0x005490E0	CDXMemoryManager__Alloc
C:\dev\ONSLAUGHT2\MissionScript\EventFunction.cpp	64	0x0052FA70	CEventFunction__CEventFunction	0x0052FB17	0x0052FB19	ADJACENT	0	0x0052FB27	0x005490E0	CDXMemoryManager__Alloc
C:\dev\ONSLAUGHT2\MissionScript\EventFunction.cpp	78	0x0052FBB0	CEventFunction__Clone	0x0052FBCC	0x0052FBD0	STACK_STABLE_GAP	1	0x0052FBE2	0x005490E0	CDXMemoryManager__Alloc
C:\dev\ONSLAUGHT2\MissionScript\EventFunction.cpp	78	0x005D6C90	Unwind@005d6c90	0x005D6C90	0x005D6C92	ADJACENT	0	0x005D6C9D	0x00449D40	OID__FreeObject_Callback
C:\dev\ONSLAUGHT2\MissionScript\EventFunction.cpp	150	0x0052FDA0	CEventFunction__Execute	0x0052FDC4	0x0052FDC9	ADJACENT	0	0x0052FDD7	0x005490E0	CDXMemoryManager__Alloc
C:\dev\ONSLAUGHT2\MissionScript\IScript.cpp	269	0x005335D0	IScript__CreateThingRef	0x005335E5	0x005335EA	ADJACENT	0	0x005335F8	0x005490E0	CDXMemoryManager__Alloc
C:\dev\ONSLAUGHT2\MissionScript\IScript.cpp	286	0x00533690	IScript__CreateThingRefWithSquad	0x005336C8	0x005336CD	ADJACENT	0	0x005336DB	0x005490E0	CDXMemoryManager__Alloc
C:\dev\ONSLAUGHT2\MissionScript\IScript.cpp	286	0x005D6D00	Unwind@005d6d00	0x005D6D00	0x005D6D05	ADJACENT	0	0x005D6D10	0x00449D40	OID__FreeObject_Callback
C:\dev\ONSLAUGHT2\MissionScript\IScript.cpp	381	0x005339A0	IScript__GetSlotBitValue	0x005339B7	0x005339BC	ADJACENT	0	0x005339CA	0x005490E0	CDXMemoryManager__Alloc
C:\dev\ONSLAUGHT2\MissionScript\IScript.cpp	381	0x005D6D50	Unwind@005d6d50	0x005D6D50	0x005D6D55	ADJACENT	0	0x005D6D60	0x00449D40	OID__FreeObject_Callback
C:\dev\ONSLAUGHT2\MissionScript\IScript.cpp	406	0x00533AA0	IScript__GetGoodieState	0x00533AB7	0x00533ABC	ADJACENT	0	0x00533ACA	0x005490E0	CDXMemoryManager__Alloc
C:\dev\ONSLAUGHT2\MissionScript\IScript.cpp	406	0x005D6D80	Unwind@005d6d80	0x005D6D80	0x005D6D85	ADJACENT	0	0x005D6D90	0x00449D40	OID__FreeObject_Callback
C:\dev\ONSLAUGHT2\MissionScript\IScript.cpp	485	0x00533B70	IScript__Create3PointPanCamera	0x00533BC5	0x00533BCA	ADJACENT	0	0x00533BD8	0x005490E0	CDXMemoryManager__Alloc
C:\dev\ONSLAUGHT2\MissionScript\IScript.cpp	485	0x005D6DB0	Unwind@005d6db0	0x005D6DB0	0x005D6DB5	ADJACENT	0	0x005D6DC0	0x00449D40	OID__FreeObject_Callback
C:\dev\ONSLAUGHT2\MissionScript\IScript.cpp	486	0x00533B70	IScript__Create3PointPanCamera	0x00533BF4	0x00533BF9	ADJACENT	0	0x00533C0E	0x005490E0	CDXMemoryManager__Alloc
C:\dev\ONSLAUGHT2\MissionScript\IScript.cpp	486	0x005D6DC9	Unwind@005d6dc9	0x005D6DC9	0x005D6DCE	ADJACENT	0	0x005D6DD9	0x00449D40	OID__FreeObject_Callback
C:\dev\ONSLAUGHT2\MissionScript\IScript.cpp	487	0x00533B70	IScript__Create3PointPanCamera	0x00533CA3	0x00533CA8	ADJACENT	0	0x00533CB6	0x005490E0	CDXMemoryManager__Alloc
C:\dev\ONSLAUGHT2\MissionScript\IScript.cpp	487	0x005D6DE2	Unwind@005d6de2	0x005D6DE2	0x005D6DE7	ADJACENT	0	0x005D6DF2	0x00449D40	OID__FreeObject_Callback
C:\dev\ONSLAUGHT2\MissionScript\IScript.cpp	488	0x00533B70	IScript__Create3PointPanCamera	0x00533D4B	0x00533D50	ADJACENT	0	0x00533D5E	0x005490E0	CDXMemoryManager__Alloc
C:\dev\ONSLAUGHT2\MissionScript\IScript.cpp	488	0x005D6DFB	Unwind@005d6dfb	0x005D6DFB	0x005D6E00	ADJACENT	0	0x005D6E0B	0x00449D40	OID__FreeObject_Callback
C:\dev\ONSLAUGHT2\MissionScript\IScript.cpp	489	0x00533B70	IScript__Create3PointPanCamera	0x00533DF3	0x00533DF8	ADJACENT	0	0x00533E06	0x005490E0	CDXMemoryManager__Alloc
C:\dev\ONSLAUGHT2\MissionScript\IScript.cpp	489	0x005D6E14	Unwind@005d6e14	0x005D6E14	0x005D6E19	ADJACENT	0	0x005D6E24	0x00449D40	OID__FreeObject_Callback
C:\dev\ONSLAUGHT2\MissionScript\IScript.cpp	490	0x00533B70	IScript__Create3PointPanCamera	0x00533E2B	0x00533E30	ADJACENT	0	0x00533E45	0x005490E0	CDXMemoryManager__Alloc
C:\dev\ONSLAUGHT2\MissionScript\IScript.cpp	490	0x005D6E2D	Unwind@005d6e2d	0x005D6E2D	0x005D6E32	ADJACENT	0	0x005D6E3D	0x00449D40	OID__FreeObject_Callback
C:\dev\ONSLAUGHT2\MissionScript\IScript.cpp	508	0x00533EB0	IScript__Create4PointPanCamera	0x00533F05	0x00533F0A	ADJACENT	0	0x00533F18	0x005490E0	CDXMemoryManager__Alloc
C:\dev\ONSLAUGHT2\MissionScript\IScript.cpp	508	0x005D6E50	Unwind@005d6e50	0x005D6E50	0x005D6E55	ADJACENT	0	0x005D6E60	0x00449D40	OID__FreeObject_Callback
C:\dev\ONSLAUGHT2\MissionScript\IScript.cpp	509	0x00533EB0	IScript__Create4PointPanCamera	0x00533F34	0x00533F39	ADJACENT	0	0x00533F4E	0x005490E0	CDXMemoryManager__Alloc
C:\dev\ONSLAUGHT2\MissionScript\IScript.cpp	509	0x005D6E69	Unwind@005d6e69	0x005D6E69	0x005D6E6E	ADJACENT	0	0x005D6E79	0x00449D40	OID__FreeObject_Callback
C:\dev\ONSLAUGHT2\MissionScript\IScript.cpp	510	0x00533EB0	IScript__Create4PointPanCamera	0x00533FE3	0x00533FE8	ADJACENT	0	0x00533FF6	0x005490E0	CDXMemoryManager__Alloc
C:\dev\ONSLAUGHT2\MissionScript\IScript.cpp	510	0x005D6E82	Unwind@005d6e82	0x005D6E82	0x005D6E87	ADJACENT	0	0x005D6E92	0x00449D40	OID__FreeObject_Callback
C:\dev\ONSLAUGHT2\MissionScript\IScript.cpp	511	0x00533EB0	IScript__Create4PointPanCamera	0x0053408B	0x00534090	ADJACENT	0	0x0053409E	0x005490E0	CDXMemoryManager__Alloc
C:\dev\ONSLAUGHT2\MissionScript\IScript.cpp	511	0x005D6E9B	Unwind@005d6e9b	0x005D6E9B	0x005D6EA0	ADJACENT	0	0x005D6EAB	0x00449D40	OID__FreeObject_Callback
C:\dev\ONSLAUGHT2\MissionScript\IScript.cpp	512	0x00533EB0	IScript__Create4PointPanCamera	0x0053413E	0x00534143	ADJACENT	0	0x00534151	0x005490E0	CDXMemoryManager__Alloc
C:\dev\ONSLAUGHT2\MissionScript\IScript.cpp	512	0x005D6EB4	Unwind@005d6eb4	0x005D6EB4	0x005D6EB9	ADJACENT	0	0x005D6EC4	0x00449D40	OID__FreeObject_Callback
C:\dev\ONSLAUGHT2\MissionScript\IScript.cpp	513	0x00533EB0	IScript__Create4PointPanCamera	0x005341F1	0x005341F6	ADJACENT	0	0x00534204	0x005490E0	CDXMemoryManager__Alloc
C:\dev\ONSLAUGHT2\MissionScript\IScript.cpp	513	0x005D6ECD	Unwind@005d6ecd	0x005D6ECD	0x005D6ED2	ADJACENT	0	0x005D6EDD	0x00449D40	OID__FreeObject_Callback
C:\dev\ONSLAUGHT2\MissionScript\IScript.cpp	514	0x00533EB0	IScript__Create4PointPanCamera	0x00534229	0x0053422E	ADJACENT	0	0x00534243	0x005490E0	CDXMemoryManager__Alloc
C:\dev\ONSLAUGHT2\MissionScript\IScript.cpp	514	0x005D6EE6	Unwind@005d6ee6	0x005D6EE6	0x005D6EEB	ADJACENT	0	0x005D6EF6	0x00449D40	OID__FreeObject_Callback
C:\dev\ONSLAUGHT2\MissionScript\IScript.cpp	636	0x00534500	IScript__Normalise	0x00534566	0x0053456B	ADJACENT	0	0x0053457B	0x005490E0	CDXMemoryManager__Alloc
C:\dev\ONSLAUGHT2\MissionScript\IScript.cpp	643	0x005345D0	IScript__Magnitude	0x005345E9	0x005345EE	ADJACENT	0	0x005345FC	0x005490E0	CDXMemoryManager__Alloc
C:\dev\ONSLAUGHT2\MissionScript\IScript.cpp	643	0x005D6F10	Unwind@005d6f10	0x005D6F10	0x005D6F15	ADJACENT	0	0x005D6F20	0x00449D40	OID__FreeObject_Callback
C:\dev\ONSLAUGHT2\MissionScript\IScript.cpp	659	0x00534680	IScript__GetAngle	0x00534722	0x00534727	ADJACENT	0	0x00534735	0x005490E0	CDXMemoryManager__Alloc
C:\dev\ONSLAUGHT2\MissionScript\IScript.cpp	666	0x00534770	IScript__GameTime	0x00534770	0x00534775	ADJACENT	0	0x00534783	0x005490E0	CDXMemoryManager__Alloc
C:\dev\ONSLAUGHT2\MissionScript\IScript.cpp	683	0x005347B0	IScript__IsNumberBetween	0x0053483D	0x00534842	ADJACENT	0	0x00534850	0x005490E0	CDXMemoryManager__Alloc
C:\dev\ONSLAUGHT2\MissionScript\IScript.cpp	687	0x005347B0	IScript__IsNumberBetween	0x0053487B	0x00534880	ADJACENT	0	0x0053488E	0x005490E0	CDXMemoryManager__Alloc
C:\dev\ONSLAUGHT2\MissionScript\IScript.cpp	710	0x00534910	IScript__CreatePosition	0x0053493F	0x00534944	ADJACENT	0	0x0053495E	0x005490E0	CDXMemoryManager__Alloc
C:\dev\ONSLAUGHT2\MissionScript\IScript.cpp	731	0x005349B0	IScript__GetComponent	0x00534A0E	0x00534A13	ADJACENT	0	0x00534A21	0x005490E0	CDXMemoryManager__Alloc
C:\dev\ONSLAUGHT2\MissionScript\IScript.cpp	731	0x005D6F40	Unwind@005d6f40	0x005D6F40	0x005D6F45	ADJACENT	0	0x005D6F50	0x00449D40	OID__FreeObject_Callback
C:\dev\ONSLAUGHT2\MissionScript\IScript.cpp	739	0x00534AC0	IScript__GetMapHeight	0x00534AE3	0x00534AE8	ADJACENT	0	0x00534AF6	0x005490E0	CDXMemoryManager__Alloc
C:\dev\ONSLAUGHT2\MissionScript\IScript.cpp	748	0x00534B30	IScript__GetWaterHeight	0x00534B37	0x00534B3C	ADJACENT	0	0x00534B4E	0x005490E0	CDXMemoryManager__Alloc
C:\dev\ONSLAUGHT2\MissionScript\IScript.cpp	755	0x00534B80	IScript__GetX	0x00534B99	0x00534B9E	ADJACENT	0	0x00534BAC	0x005490E0	CDXMemoryManager__Alloc
C:\dev\ONSLAUGHT2\MissionScript\IScript.cpp	755	0x005D6F90	Unwind@005d6f90	0x005D6F90	0x005D6F95	ADJACENT	0	0x005D6FA0	0x00449D40	OID__FreeObject_Callback
C:\dev\ONSLAUGHT2\MissionScript\IScript.cpp	762	0x00534C10	IScript__GetY	0x00534C29	0x00534C2E	ADJACENT	0	0x00534C3C	0x005490E0	CDXMemoryManager__Alloc
C:\dev\ONSLAUGHT2\MissionScript\IScript.cpp	762	0x005D6FC0	Unwind@005d6fc0	0x005D6FC0	0x005D6FC5	ADJACENT	0	0x005D6FD0	0x00449D40	OID__FreeObject_Callback
C:\dev\ONSLAUGHT2\MissionScript\IScript.cpp	767	0x00534CA0	IScript__GetZ	0x00534CB9	0x00534CBE	ADJACENT	0	0x00534CCC	0x005490E0	CDXMemoryManager__Alloc
C:\dev\ONSLAUGHT2\MissionScript\IScript.cpp	767	0x005D6FF0	Unwind@005d6ff0	0x005D6FF0	0x005D6FF5	ADJACENT	0	0x005D7000	0x00449D40	OID__FreeObject_Callback
C:\dev\ONSLAUGHT2\MissionScript\IScript.cpp	776	0x00534D30	IScript__SetX	0x00534D50	0x00534D55	ADJACENT	0	0x00534D63	0x005490E0	CDXMemoryManager__Alloc
C:\dev\ONSLAUGHT2\MissionScript\IScript.cpp	785	0x00534DC0	IScript__SetY	0x00534DE0	0x00534DE5	ADJACENT	0	0x00534DF3	0x005490E0	CDXMemoryManager__Alloc
C:\dev\ONSLAUGHT2\MissionScript\IScript.cpp	794	0x00534E50	IScript__SetZ	0x00534E70	0x00534E75	ADJACENT	0	0x00534E83	0x005490E0	CDXMemoryManager__Alloc
C:\dev\ONSLAUGHT2\MissionScript\IScript.cpp	876	0x005350B0	IScript__GetSafePos	0x00535103	0x00535108	ADJACENT	0	0x00535116	0x005490E0	CDXMemoryManager__Alloc
C:\dev\ONSLAUGHT2\MissionScript\IScript.cpp	918	0x005351D0	IScript__PlayAnimationWait	0x00535272	0x00535277	ADJACENT	0	0x00535288	0x005490E0	CDXMemoryManager__Alloc
C:\dev\ONSLAUGHT2\MissionScript\IScript.cpp	958	0x005353A0	IScript__GetRatioBattleLineNodes	0x0053543A	0x0053543F	ADJACENT	0	0x0053544D	0x005490E0	CDXMemoryManager__Alloc
C:\dev\ONSLAUGHT2\MissionScript\IScript.cpp	1036	0x00535590	IScript__GetNumUnits	0x005355C3	0x005355C8	ADJACENT	0	0x005355D6	0x005490E0	CDXMemoryManager__Alloc
C:\dev\ONSLAUGHT2\MissionScript\IScript.cpp	1051	0x00535610	IScript__GetWeaponAmmo	0x0053562B	0x00535630	ADJACENT	0	0x0053563E	0x005490E0	CDXMemoryManager__Alloc
C:\dev\ONSLAUGHT2\MissionScript\IScript.cpp	1060	0x00535670	IScript__GetWeaponName	0x00535691	0x00535696	ADJACENT	0	0x005356A4	0x005490E0	CDXMemoryManager__Alloc
C:\dev\ONSLAUGHT2\MissionScript\IScript.cpp	1060	0x005D7040	Unwind@005d7040	0x005D7040	0x005D7045	ADJACENT	0	0x005D7050	0x00449D40	OID__FreeObject_Callback
C:\dev\ONSLAUGHT2\MissionScript\IScript.cpp	1064	0x00535670	IScript__GetWeaponName	0x005356FE	0x00535703	ADJACENT	0	0x00535711	0x005490E0	CDXMemoryManager__Alloc
C:\dev\ONSLAUGHT2\MissionScript\IScript.cpp	1064	0x005D7059	Unwind@005d7059	0x005D7059	0x005D705E	ADJACENT	0	0x005D7069	0x00449D40	OID__FreeObject_Callback
C:\dev\ONSLAUGHT2\MissionScript\IScript.cpp	1079	0x00535750	IScript__GetWeaponCharge	0x0053576B	0x00535770	ADJACENT	0	0x0053577E	0x005490E0	CDXMemoryManager__Alloc
C:\dev\ONSLAUGHT2\MissionScript\IScript.cpp	1088	0x005357B0	IScript__GetConfiguration	0x005357D0	0x005357D5	ADJACENT	0	0x005357E3	0x005490E0	CDXMemoryManager__Alloc
C:\dev\ONSLAUGHT2\MissionScript\IScript.cpp	1088	0x005D7080	Unwind@005d7080	0x005D7080	0x005D7085	ADJACENT	0	0x005D7090	0x00449D40	OID__FreeObject_Callback
C:\dev\ONSLAUGHT2\MissionScript\IScript.cpp	1092	0x005357B0	IScript__GetConfiguration	0x0053583E	0x00535843	ADJACENT	0	0x00535851	0x005490E0	CDXMemoryManager__Alloc
C:\dev\ONSLAUGHT2\MissionScript\IScript.cpp	1092	0x005D7099	Unwind@005d7099	0x005D7099	0x005D709E	ADJACENT	0	0x005D70A9	0x00449D40	OID__FreeObject_Callback
C:\dev\ONSLAUGHT2\MissionScript\IScript.cpp	1132	0x00535920	IScript__GetHealth	0x0053593B	0x00535940	ADJACENT	0	0x0053594E	0x005490E0	CDXMemoryManager__Alloc
C:\dev\ONSLAUGHT2\MissionScript\IScript.cpp	1143	0x00535980	IScript__GetNumber	0x00535995	0x0053599A	ADJACENT	0	0x005359A8	0x005490E0	CDXMemoryManager__Alloc
C:\dev\ONSLAUGHT2\MissionScript\IScript.cpp	1158	0x005359D0	IScript__GetRealHealth	0x005359EB	0x005359F0	ADJACENT	0	0x005359FE	0x005490E0	CDXMemoryManager__Alloc
C:\dev\ONSLAUGHT2\MissionScript\IScript.cpp	1173	0x00535A30	IScript__GetInitialHealth	0x00535A4E	0x00535A53	ADJACENT	0	0x00535A61	0x005490E0	CDXMemoryManager__Alloc
C:\dev\ONSLAUGHT2\MissionScript\IScript.cpp	1188	0x00535A90	IScript__SpawnersEmpty	0x00535AA3	0x00535AA8	ADJACENT	0	0x00535AB6	0x005490E0	CDXMemoryManager__Alloc
C:\dev\ONSLAUGHT2\MissionScript\IScript.cpp	1203	0x00535AF0	IScript__SpawnersInUse	0x00535B03	0x00535B08	ADJACENT	0	0x00535B16	0x005490E0	CDXMemoryManager__Alloc
C:\dev\ONSLAUGHT2\MissionScript\IScript.cpp	1218	0x00535B50	IScript__IsFiring	0x00535B63	0x00535B68	ADJACENT	0	0x00535B76	0x005490E0	CDXMemoryManager__Alloc
C:\dev\ONSLAUGHT2\MissionScript\IScript.cpp	1233	0x00535BB0	IScript__GetEnergy	0x00535BCC	0x00535BD1	ADJACENT	0	0x00535BDF	0x005490E0	CDXMemoryManager__Alloc
C:\dev\ONSLAUGHT2\MissionScript\IScript.cpp	1329	0x00535D70	IScript__NumContained	0x00535E10	0x00535E15	ADJACENT	0	0x00535E23	0x005490E0	CDXMemoryManager__Alloc
C:\dev\ONSLAUGHT2\MissionScript\IScript.cpp	1381	0x00535EF0	IScript__IsObjective	0x00535EFC	0x00535F01	ADJACENT	0	0x00535F0F	0x005490E0	CDXMemoryManager__Alloc
C:\dev\ONSLAUGHT2\MissionScript\IScript.cpp	1385	0x00535EF0	IScript__IsObjective	0x00535F36	0x00535F3B	ADJACENT	0	0x00535F49	0x005490E0	CDXMemoryManager__Alloc
C:\dev\ONSLAUGHT2\MissionScript\IScript.cpp	1440	0x00536070	IScript__GetDistToObj	0x005360BB	0x005360C0	ADJACENT	0	0x005360C9	0x005490E0	CDXMemoryManager__Alloc
C:\dev\ONSLAUGHT2\MissionScript\IScript.cpp	1446	0x00536070	IScript__GetDistToObj	0x005360FA	0x005360FF	ADJACENT	0	0x0053614C	0x005490E0	CDXMemoryManager__Alloc
C:\dev\ONSLAUGHT2\MissionScript\IScript.cpp	1491	0x005362A0	IScript__GetVariable	0x005362B7	0x005362BC	ADJACENT	0	0x005362CA	0x005490E0	CDXMemoryManager__Alloc
C:\dev\ONSLAUGHT2\MissionScript\IScript.cpp	1491	0x005D70C0	Unwind@005d70c0	0x005D70C0	0x005D70C5	ADJACENT	0	0x005D70D0	0x00449D40	OID__FreeObject_Callback
C:\dev\ONSLAUGHT2\MissionScript\IScript.cpp	1505	0x00536350	IScript__IsA	0x00536367	0x0053636C	ADJACENT	0	0x0053637A	0x005490E0	CDXMemoryManager__Alloc
C:\dev\ONSLAUGHT2\MissionScript\IScript.cpp	1509	0x00536350	IScript__IsA	0x005363A1	0x005363A6	ADJACENT	0	0x005363B4	0x005490E0	CDXMemoryManager__Alloc
C:\dev\ONSLAUGHT2\MissionScript\IScript.cpp	1533	0x005363E0	IScript__GetPlayerBattleEngine	0x00536469	0x0053646E	ADJACENT	0	0x00536477	0x005490E0	CDXMemoryManager__Alloc
C:\dev\ONSLAUGHT2\MissionScript\IScript.cpp	1533	0x005D70F0	Unwind@005d70f0	0x005D70F0	0x005D70F5	ADJACENT	0	0x005D7100	0x00449D40	OID__FreeObject_Callback
C:\dev\ONSLAUGHT2\MissionScript\IScript.cpp	1535	0x005363E0	IScript__GetPlayerBattleEngine	0x0053650A	0x0053650F	ADJACENT	0	0x0053651D	0x005490E0	CDXMemoryManager__Alloc
C:\dev\ONSLAUGHT2\MissionScript\IScript.cpp	1535	0x005D712F	Unwind@005d712f	0x005D712F	0x005D7134	ADJACENT	0	0x005D713F	0x00449D40	OID__FreeObject_Callback
C:\dev\ONSLAUGHT2\MissionScript\IScript.cpp	1546	0x005365C0	IScript__GetSquad	0x005365ED	0x005365F2	ADJACENT	0	0x00536600	0x005490E0	CDXMemoryManager__Alloc
C:\dev\ONSLAUGHT2\MissionScript\IScript.cpp	1546	0x005D7180	Unwind@005d7180	0x005D7180	0x005D7185	ADJACENT	0	0x005D7190	0x00449D40	OID__FreeObject_Callback
C:\dev\ONSLAUGHT2\MissionScript\IScript.cpp	1557	0x005366C0	IScript__GetTarget	0x005366F0	0x005366F5	ADJACENT	0	0x00536703	0x005490E0	CDXMemoryManager__Alloc
C:\dev\ONSLAUGHT2\MissionScript\IScript.cpp	1557	0x005D71D0	Unwind@005d71d0	0x005D71D0	0x005D71D5	ADJACENT	0	0x005D71E0	0x00449D40	OID__FreeObject_Callback
C:\dev\ONSLAUGHT2\MissionScript\IScript.cpp	1567	0x005367C0	IScript__GetThingRef	0x005367FF	0x00536804	ADJACENT	0	0x00536812	0x005490E0	CDXMemoryManager__Alloc
C:\dev\ONSLAUGHT2\MissionScript\IScript.cpp	1567	0x005D7220	Unwind@005d7220	0x005D7220	0x005D7225	ADJACENT	0	0x005D7230	0x00449D40	OID__FreeObject_Callback
C:\dev\ONSLAUGHT2\MissionScript\IScript.cpp	1572	0x005367C0	IScript__GetThingRef	0x005368D6	0x005368DB	ADJACENT	0	0x005368E4	0x005490E0	CDXMemoryManager__Alloc
C:\dev\ONSLAUGHT2\MissionScript\IScript.cpp	1572	0x005D725F	Unwind@005d725f	0x005D725F	0x005D7264	ADJACENT	0	0x005D726F	0x00449D40	OID__FreeObject_Callback
C:\dev\ONSLAUGHT2\MissionScript\IScript.cpp	1581	0x00536920	IScript__Exists	0x0053692F	0x00536934	ADJACENT	0	0x00536942	0x005490E0	CDXMemoryManager__Alloc
C:\dev\ONSLAUGHT2\MissionScript\IScript.cpp	1585	0x00536920	IScript__Exists	0x00536969	0x0053696E	ADJACENT	0	0x0053697C	0x005490E0	CDXMemoryManager__Alloc
C:\dev\ONSLAUGHT2\MissionScript\IScript.cpp	1646	0x00536C00	IScript__GetPos	0x00536C0C	0x00536C11	ADJACENT	0	0x00536C28	0x005490E0	CDXMemoryManager__Alloc
C:\dev\ONSLAUGHT2\MissionScript\IScript.cpp	1807	0x00537410	IScript__AddMessage	0x00537488	0x0053748D	ADJACENT	0	0x0053749B	0x005490E0	CDXMemoryManager__Alloc
C:\dev\ONSLAUGHT2\MissionScript\IScript.cpp	1807	0x005D72D0	Unwind@005d72d0	0x005D72D0	0x005D72D5	ADJACENT	0	0x005D72E0	0x00449D40	OID__FreeObject_Callback
C:\dev\ONSLAUGHT2\MissionScript\IScript.cpp	1829	0x00537500	IScript__PlayCharMessage	0x0053757B	0x00537580	ADJACENT	0	0x0053758E	0x005490E0	CDXMemoryManager__Alloc
C:\dev\ONSLAUGHT2\MissionScript\IScript.cpp	1829	0x005D7300	Unwind@005d7300	0x005D7300	0x005D7305	ADJACENT	0	0x005D7310	0x00449D40	OID__FreeObject_Callback
C:\dev\ONSLAUGHT2\MissionScript\IScript.cpp	1844	0x005375F0	IScript__PlayCharMessageWait	0x0053764B	0x00537650	ADJACENT	0	0x00537661	0x005490E0	CDXMemoryManager__Alloc
C:\dev\ONSLAUGHT2\MissionScript\IScript.cpp	1857	0x005375F0	IScript__PlayCharMessageWait	0x0053773A	0x0053773F	ADJACENT	0	0x0053774D	0x005490E0	CDXMemoryManager__Alloc
C:\dev\ONSLAUGHT2\MissionScript\IScript.cpp	1857	0x005D7330	Unwind@005d7330	0x005D7330	0x005D7335	ADJACENT	0	0x005D7340	0x00449D40	OID__FreeObject_Callback
C:\dev\ONSLAUGHT2\MissionScript\IScript.cpp	1887	0x005377E0	IScript__PlayPCharMessage	0x00537867	0x0053786C	ADJACENT	0	0x0053787A	0x005490E0	CDXMemoryManager__Alloc
C:\dev\ONSLAUGHT2\MissionScript\IScript.cpp	1887	0x005D7360	Unwind@005d7360	0x005D7360	0x005D7365	ADJACENT	0	0x005D7370	0x00449D40	OID__FreeObject_Callback
C:\dev\ONSLAUGHT2\MissionScript\IScript.cpp	1902	0x005378E0	IScript__PlayPCharMessageWait	0x00537943	0x00537948	ADJACENT	0	0x0053795D	0x005490E0	CDXMemoryManager__Alloc
C:\dev\ONSLAUGHT2\MissionScript\IScript.cpp	1917	0x005378E0	IScript__PlayPCharMessageWait	0x00537A48	0x00537A4D	ADJACENT	0	0x00537A5B	0x005490E0	CDXMemoryManager__Alloc
C:\dev\ONSLAUGHT2\MissionScript\IScript.cpp	1917	0x005D7390	Unwind@005d7390	0x005D7390	0x005D7395	ADJACENT	0	0x005D73A0	0x00449D40	OID__FreeObject_Callback
C:\dev\ONSLAUGHT2\MissionScript\IScript.cpp	1960	0x00537C70	IScript__Pause	0x00537C83	0x00537C88	ADJACENT	0	0x00537C99	0x005490E0	CDXMemoryManager__Alloc
C:\dev\ONSLAUGHT2\MissionScript\IScript.cpp	2042	0x00537E40	IScript__FollowWaypointWait	0x00537EDF	0x00537EE4	ADJACENT	0	0x00537EF8	0x005490E0	CDXMemoryManager__Alloc
C:\dev\ONSLAUGHT2\MissionScript\IScript.cpp	2057	0x00537FD0	IScript__IsFriendly	0x00537FE3	0x00537FE8	ADJACENT	0	0x00537FF6	0x005490E0	CDXMemoryManager__Alloc
C:\dev\ONSLAUGHT2\MissionScript\IScript.cpp	2061	0x00537FD0	IScript__IsFriendly	0x0053801D	0x00538022	ADJACENT	0	0x00538030	0x005490E0	CDXMemoryManager__Alloc
C:\dev\ONSLAUGHT2\MissionScript\IScript.cpp	2071	0x00538060	IScript__IsEnemy	0x00538072	0x00538077	ADJACENT	0	0x00538085	0x005490E0	CDXMemoryManager__Alloc
C:\dev\ONSLAUGHT2\MissionScript\IScript.cpp	2075	0x00538060	IScript__IsEnemy	0x005380AC	0x005380B1	ADJACENT	0	0x005380BF	0x005490E0	CDXMemoryManager__Alloc
C:\dev\ONSLAUGHT2\MissionScript\IScript.cpp	2090	0x005380F0	IScript__InJetMode	0x0053810A	0x0053810F	ADJACENT	0	0x0053811D	0x005490E0	CDXMemoryManager__Alloc
C:\dev\ONSLAUGHT2\MissionScript\IScript.cpp	2098	0x00538150	IScript__IsOverWater	0x00538159	0x0053815E	ADJACENT	0	0x0053816E	0x005490E0	CDXMemoryManager__Alloc
C:\dev\ONSLAUGHT2\MissionScript\IScript.cpp	2132	0x00538230	IScript__Rand	0x00538250	0x00538255	ADJACENT	0	0x00538265	0x005490E0	CDXMemoryManager__Alloc
C:\dev\ONSLAUGHT2\MissionScript\IScript.cpp	2141	0x00538290	IScript__GetFloatRand	0x0053829D	0x005382A2	ADJACENT	0	0x005382B2	0x005490E0	CDXMemoryManager__Alloc
C:\dev\ONSLAUGHT2\MissionScript\IScript.cpp	2230	0x005383C0	IScript__PostEvent	0x005383D7	0x005383DC	ADJACENT	0	0x005383EA	0x005490E0	CDXMemoryManager__Alloc
C:\dev\ONSLAUGHT2\MissionScript\IScript.cpp	2230	0x005D73C0	Unwind@005d73c0	0x005D73C0	0x005D73C5	ADJACENT	0	0x005D73D0	0x00449D40	OID__FreeObject_Callback
C:\dev\ONSLAUGHT2\MissionScript\ScriptEventNB.cpp	17	0x00538960	CScriptEventNB__RegisterEventListener	0x00538A54	0x00538A56	ADJACENT	0	0x00538A66	0x005490E0	CDXMemoryManager__Alloc
C:\dev\ONSLAUGHT2\MissionScript\ScriptEventNB.cpp	17	0x005D7471	Unwind@005d7471	0x005D7471	0x005D7473	ADJACENT	0	0x005D747E	0x00449D40	OID__FreeObject_Callback
C:\dev\ONSLAUGHT2\MissionScript\ScriptEventNB.cpp	25	0x00538960	CScriptEventNB__RegisterEventListener	0x00538AB7	0x00538AB9	ADJACENT	0	0x00538AC7	0x005490E0	CDXMemoryManager__Alloc
C:\dev\ONSLAUGHT2\MissionScript\ScriptEventNB.cpp	25	0x005D748F	Unwind@005d748f	0x005D748F	0x005D7491	ADJACENT	0	0x005D749C	0x00449D40	OID__FreeObject_Callback
C:\dev\ONSLAUGHT2\MissionScript\ScriptEventNB.cpp	66	0x00538860	CScriptEventNB__CreateEventListener	0x00538878	0x0053887C	STACK_STABLE_GAP	1	0x0053888A	0x005490E0	CDXMemoryManager__Alloc
C:\dev\ONSLAUGHT2\MissionScript\ScriptEventNB.cpp	66	0x005D7430	Unwind@005d7430	0x005D7430	0x005D7432	ADJACENT	0	0x005D743D	0x00449D40	OID__FreeObject_Callback
C:\dev\ONSLAUGHT2\MissionScript\ScriptEventNB.cpp	104	0x00538960	CScriptEventNB__RegisterEventListener	0x00538A14	0x00538A16	ADJACENT	0	0x00538A24	0x005490E0	CDXMemoryManager__Alloc
C:\dev\ONSLAUGHT2\MissionScript\ScriptEventNB.cpp	104	0x005D7450	Unwind@005d7450	0x005D7450	0x005D7452	ADJACENT	0	0x005D745D	0x00449D40	OID__FreeObject_Callback
C:\dev\ONSLAUGHT2\MissionScript\ScriptObjectCode.cpp	57	0x00538EC0	CMissionScriptObjectCode__ctor	0x00538F6F	0x00538F71	ADJACENT	0	0x00538F7F	0x005490E0	CDXMemoryManager__Alloc
C:\dev\ONSLAUGHT2\MissionScript\ScriptObjectCode.cpp	57	0x005D74E6	Unwind@005d74e6	0x005D74E6	0x005D74E8	ADJACENT	0	0x005D74F3	0x00449D40	OID__FreeObject_Callback
C:\dev\ONSLAUGHT2\MissionScript\ScriptObjectCode.cpp	67	0x00538EC0	CMissionScriptObjectCode__ctor	0x00538FBF	0x00538FC1	ADJACENT	0	0x00538FCF	0x005490E0	CDXMemoryManager__Alloc
C:\dev\ONSLAUGHT2\MissionScript\ScriptObjectCode.cpp	67	0x005D74FC	Unwind@005d74fc	0x005D74FC	0x005D74FE	ADJACENT	0	0x005D7509	0x00449D40	OID__FreeObject_Callback
C:\dev\ONSLAUGHT2\MissionScript\ScriptObjectCode.cpp	83	0x00539040	CScriptObjectCode__Clone	0x0053905A	0x0053905E	STACK_STABLE_GAP	1	0x0053906C	0x005490E0	CDXMemoryManager__Alloc
C:\dev\ONSLAUGHT2\MissionScript\ScriptObjectCode.cpp	83	0x005D7520	Unwind@005d7520	0x005D7520	0x005D7522	ADJACENT	0	0x005D752D	0x00449D40	OID__FreeObject_Callback
C:\dev\ONSLAUGHT2\MissionScript\Symtab.cpp	45	0x005395B0	CScriptObjectCode__CloneSymbolTable	0x00539654	0x00539656	ADJACENT	0	0x00539664	0x005490E0	CDXMemoryManager__Alloc
C:\dev\ONSLAUGHT2\MissionScript\Symtab.cpp	45	0x005D75A9	Unwind@005d75a9	0x005D75A9	0x005D75AB	ADJACENT	0	0x005D75B6	0x00449D40	OID__FreeObject_Callback
C:\dev\ONSLAUGHT2\MissionScript\Symtab.cpp	180	0x005395B0	CScriptObjectCode__CloneSymbolTable	0x005395CC	0x005395D3	STACK_STABLE_GAP	1	0x005395E5	0x005490E0	CDXMemoryManager__Alloc
C:\dev\ONSLAUGHT2\MissionScript\Symtab.cpp	180	0x005D7590	Unwind@005d7590	0x005D7590	0x005D7595	ADJACENT	0	0x005D75A0	0x00449D40	OID__FreeObject_Callback
C:\dev\ONSLAUGHT2\MissionScript\Symtab.cpp	289	0x00539770	CScriptObjectCode__ReadSymbolTable	0x005397C7	0x005397CC	ADJACENT	0	0x005397DA	0x005490E0	CDXMemoryManager__Alloc
C:\dev\ONSLAUGHT2\MissionScript\Symtab.cpp	289	0x005D75D8	Unwind@005d75d8	0x005D75D8	0x005D75DD	ADJACENT	0	0x005D75E8	0x00449D40	OID__FreeObject_Callback
C:\dev\ONSLAUGHT2\mixermap.cpp	134	0x00523190	CMixerMap__InitSlot	0x005231C2	0x005231C7	ADJACENT	0	0x005231DA	0x005490E0	CDXMemoryManager__Alloc
C:\dev\ONSLAUGHT2\mixermap.cpp	246	0x005232B0	CMixerMap__Init	0x005232F6	0x005232FB	ADJACENT	0	0x0052330C	0x005490E0	CDXMemoryManager__Alloc
C:\dev\ONSLAUGHT2\mixermap.cpp	246	0x005D68F0	Unwind@005d68f0	0x005D68F0	0x005D68F5	ADJACENT	0	0x005D6900	0x00449D40	OID__FreeObject_Callback
C:\dev\ONSLAUGHT2\mixermap.cpp	247	0x005232B0	CMixerMap__Init	0x00523345	0x0052334A	ADJACENT	0	0x00523365	0x005490E0	CDXMemoryManager__Alloc
C:\dev\ONSLAUGHT2\Monitor.h	24	0x00401040	CMonitor__AddDeletionEvent	0x00401061	0x00401063	ADJACENT	0	0x00401071	0x005490E0	CDXMemoryManager__Alloc
C:\dev\ONSLAUGHT2\Monitor.h	24	0x004198D0	CPanCamera__ctor	0x00419924	0x00419926	ADJACENT	0	0x00419934	0x005490E0	CDXMemoryManager__Alloc
C:\dev\ONSLAUGHT2\Monitor.h	24	0x0041A210	CMovieCamera__ctor	0x0041A25D	0x0041A25F	ADJACENT	0	0x0041A26D	0x005490E0	CDXMemoryManager__Alloc
C:\dev\ONSLAUGHT2\monitor.h	24	0x0042D640	CController__Init	0x0042D6B9	0x0042D6BB	ADJACENT	0	0x0042D6C9	0x005490E0	CDXMemoryManager__Alloc
C:\dev\ONSLAUGHT2\monitor.h	24	0x0042E610	CController__SetToControl	0x0042E66F	0x0042E671	ADJACENT	0	0x0042E67F	0x005490E0	CDXMemoryManager__Alloc
C:\dev\ONSLAUGHT2\monitor.h	24	0x00444660	CDestructableSegmentsController__Init	0x004447FA	0x004447FC	ADJACENT	0	0x0044480A	0x005490E0	CDXMemoryManager__Alloc
C:\dev\ONSLAUGHT2\monitor.h	24	0x0046BEF0	con_remotecameraon	0x0046BFA3	0x0046BFA5	ADJACENT	0	0x0046BFB3	0x005490E0	CDXMemoryManager__Alloc
C:\dev\ONSLAUGHT2\Monitor.h	24	0x004A3510	CMenuItem__Init	0x004A3588	0x004A358A	ADJACENT	0	0x004A3598	0x005490E0	CDXMemoryManager__Alloc
C:\dev\ONSLAUGHT2\Monitor.h	24	0x004A3630	CMenuItem__InitWithIcon	0x004A36A8	0x004A36AA	ADJACENT	0	0x004A36B8	0x005490E0	CDXMemoryManager__Alloc
C:\dev\ONSLAUGHT2\monitor.h	24	0x004D28C0	CPlayer__GotoFPView	0x004D2939	0x004D293B	ADJACENT	0	0x004D2949	0x005490E0	CDXMemoryManager__Alloc
C:\dev\ONSLAUGHT2\monitor.h	24	0x004E5700	CSphereTrigger__Hit	0x004E57CB	0x004E57CD	ADJACENT	0	0x004E57DB	0x005490E0	CDXMemoryManager__Alloc
C:\dev\ONSLAUGHT2\Monitor.h	24	0x005D0F10	Unwind@005d0f10	0x005D0F10	0x005D0F12	ADJACENT	0	0x005D0F1D	0x00449D40	OID__FreeObject_Callback
C:\dev\ONSLAUGHT2\Monitor.h	24	0x005D164B	Unwind@005d164b	0x005D164B	0x005D164D	ADJACENT	0	0x005D1658	0x00449D40	OID__FreeObject_Callback
C:\dev\ONSLAUGHT2\Monitor.h	24	0x005D16E0	Unwind@005d16e0	0x005D16E0	0x005D16E2	ADJACENT	0	0x005D16ED	0x00449D40	OID__FreeObject_Callback
C:\dev\ONSLAUGHT2\monitor.h	24	0x005D1B47	Unwind@005d1b47	0x005D1B47	0x005D1B49	ADJACENT	0	0x005D1B54	0x00449D40	OID__FreeObject_Callback
C:\dev\ONSLAUGHT2\monitor.h	24	0x005D1BB1	Unwind@005d1bb1	0x005D1BB1	0x005D1BB3	ADJACENT	0	0x005D1BBE	0x00449D40	OID__FreeObject_Callback
C:\dev\ONSLAUGHT2\monitor.h	24	0x005D2199	Unwind@005d2199	0x005D2199	0x005D219B	ADJACENT	0	0x005D21A6	0x00449D40	OID__FreeObject_Callback
C:\dev\ONSLAUGHT2\monitor.h	24	0x005D27A9	Unwind@005d27a9	0x005D27A9	0x005D27AB	ADJACENT	0	0x005D27B6	0x00449D40	OID__FreeObject_Callback
C:\dev\ONSLAUGHT2\Monitor.h	24	0x005D3640	Unwind@005d3640	0x005D3640	0x005D3642	ADJACENT	0	0x005D364D	0x00449D40	OID__FreeObject_Callback
C:\dev\ONSLAUGHT2\Monitor.h	24	0x005D3670	Unwind@005d3670	0x005D3670	0x005D3672	ADJACENT	0	0x005D367D	0x00449D40	OID__FreeObject_Callback
C:\dev\ONSLAUGHT2\monitor.h	24	0x005D4756	Unwind@005d4756	0x005D4756	0x005D4758	ADJACENT	0	0x005D4763	0x00449D40	OID__FreeObject_Callback
C:\dev\ONSLAUGHT2\monitor.h	24	0x005D4D0E	Unwind@005d4d0e	0x005D4D0E	0x005D4D10	ADJACENT	0	0x005D4D1B	0x00449D40	OID__FreeObject_Callback
C:\dev\ONSLAUGHT2\Music.cpp	318	0x004BB6B0	CMusic__AddToPlayList	0x004BB6DF	0x004BB6E4	ADJACENT	0	0x004BB6F5	0x005490E0	CDXMemoryManager__Alloc
C:\dev\ONSLAUGHT2\oids.cpp	40	0x004BF090	OID__CreateObject	0x004BF0BE	0x004BF0C0	ADJACENT	0	0x004BF0D1	0x005490E0	CDXMemoryManager__Alloc
C:\dev\ONSLAUGHT2\oids.cpp	40	0x005D3CB0	Unwind@005d3cb0	0x005D3CB0	0x005D3CB2	ADJACENT	0	0x005D3CBD	0x00449D40	OID__FreeObject_Callback
C:\dev\ONSLAUGHT2\oids.cpp	43	0x004BF090	OID__CreateObject	0x004BF1FA	0x004BF1FC	ADJACENT	0	0x004BF20A	0x005490E0	CDXMemoryManager__Alloc
C:\dev\ONSLAUGHT2\oids.cpp	43	0x005D3D68	Unwind@005d3d68	0x005D3D68	0x005D3D6A	ADJACENT	0	0x005D3D75	0x00449D40	OID__FreeObject_Callback
C:\dev\ONSLAUGHT2\oids.cpp	45	0x004BF090	OID__CreateObject	0x004BF24C	0x004BF24E	ADJACENT	0	0x004BF25F	0x005490E0	CDXMemoryManager__Alloc
C:\dev\ONSLAUGHT2\oids.cpp	45	0x005D3D7E	Unwind@005d3d7e	0x005D3D7E	0x005D3D80	ADJACENT	0	0x005D3D8B	0x00449D40	OID__FreeObject_Callback
C:\dev\ONSLAUGHT2\oids.cpp	46	0x004BF090	OID__CreateObject	0x004BF2A1	0x004BF2A3	ADJACENT	0	0x004BF2B4	0x005490E0	CDXMemoryManager__Alloc
C:\dev\ONSLAUGHT2\oids.cpp	46	0x005D3D94	Unwind@005d3d94	0x005D3D94	0x005D3D96	ADJACENT	0	0x005D3DA1	0x00449D40	OID__FreeObject_Callback
C:\dev\ONSLAUGHT2\oids.cpp	50	0x004BF090	OID__CreateObject	0x004BF2F6	0x004BF2F8	ADJACENT	0	0x004BF309	0x005490E0	CDXMemoryManager__Alloc
C:\dev\ONSLAUGHT2\oids.cpp	50	0x005D3DAA	Unwind@005d3daa	0x005D3DAA	0x005D3DAC	ADJACENT	0	0x005D3DB7	0x00449D40	OID__FreeObject_Callback
C:\dev\ONSLAUGHT2\oids.cpp	51	0x004BF090	OID__CreateObject	0x004BF33A	0x004BF33C	ADJACENT	0	0x004BF34D	0x005490E0	CDXMemoryManager__Alloc
C:\dev\ONSLAUGHT2\oids.cpp	51	0x005D3DC0	Unwind@005d3dc0	0x005D3DC0	0x005D3DC2	ADJACENT	0	0x005D3DCD	0x00449D40	OID__FreeObject_Callback
C:\dev\ONSLAUGHT2\oids.cpp	52	0x004BF090	OID__CreateObject	0x004BF3AE	0x004BF3B0	ADJACENT	0	0x004BF3C1	0x005490E0	CDXMemoryManager__Alloc
C:\dev\ONSLAUGHT2\oids.cpp	52	0x005D3DDE	Unwind@005d3dde	0x005D3DDE	0x005D3DE0	ADJACENT	0	0x005D3DEB	0x00449D40	OID__FreeObject_Callback
C:\dev\ONSLAUGHT2\oids.cpp	53	0x004BF090	OID__CreateObject	0x004BF403	0x004BF405	ADJACENT	0	0x004BF413	0x005490E0	CDXMemoryManager__Alloc
C:\dev\ONSLAUGHT2\oids.cpp	53	0x005D3DF4	Unwind@005d3df4	0x005D3DF4	0x005D3DF6	ADJACENT	0	0x005D3E01	0x00449D40	OID__FreeObject_Callback
C:\dev\ONSLAUGHT2\oids.cpp	54	0x004BF090	OID__CreateObject	0x004BF45C	0x004BF45E	ADJACENT	0	0x004BF46F	0x005490E0	CDXMemoryManager__Alloc
C:\dev\ONSLAUGHT2\oids.cpp	54	0x005D3E0A	Unwind@005d3e0a	0x005D3E0A	0x005D3E0C	ADJACENT	0	0x005D3E17	0x00449D40	OID__FreeObject_Callback
C:\dev\ONSLAUGHT2\oids.cpp	56	0x004BF090	OID__CreateObject	0x004BF4C8	0x004BF4CA	ADJACENT	0	0x004BF4DB	0x005490E0	CDXMemoryManager__Alloc
C:\dev\ONSLAUGHT2\oids.cpp	56	0x005D3E33	Unwind@005d3e33	0x005D3E33	0x005D3E35	ADJACENT	0	0x005D3E40	0x00449D40	OID__FreeObject_Callback
C:\dev\ONSLAUGHT2\oids.cpp	59	0x004BF090	OID__CreateObject	0x004BF50C	0x004BF50E	ADJACENT	0	0x004BF51F	0x005490E0	CDXMemoryManager__Alloc
C:\dev\ONSLAUGHT2\oids.cpp	59	0x005D3E49	Unwind@005d3e49	0x005D3E49	0x005D3E4B	ADJACENT	0	0x005D3E56	0x00449D40	OID__FreeObject_Callback
C:\dev\ONSLAUGHT2\oids.cpp	60	0x004BF090	OID__CreateObject	0x004BF561	0x004BF563	ADJACENT	0	0x004BF574	0x005490E0	CDXMemoryManager__Alloc
C:\dev\ONSLAUGHT2\oids.cpp	60	0x005D3E5F	Unwind@005d3e5f	0x005D3E5F	0x005D3E61	ADJACENT	0	0x005D3E6C	0x00449D40	OID__FreeObject_Callback
C:\dev\ONSLAUGHT2\oids.cpp	61	0x004BF090	OID__CreateObject	0x004BF5D0	0x004BF5D2	ADJACENT	0	0x004BF5E0	0x005490E0	CDXMemoryManager__Alloc
C:\dev\ONSLAUGHT2\oids.cpp	61	0x005D3E8B	Unwind@005d3e8b	0x005D3E8B	0x005D3E8D	ADJACENT	0	0x005D3E98	0x00449D40	OID__FreeObject_Callback
C:\dev\ONSLAUGHT2\oids.cpp	63	0x004BF090	OID__CreateObject	0x004BF622	0x004BF624	ADJACENT	0	0x004BF635	0x005490E0	CDXMemoryManager__Alloc
C:\dev\ONSLAUGHT2\oids.cpp	63	0x005D3EA1	Unwind@005d3ea1	0x005D3EA1	0x005D3EA3	ADJACENT	0	0x005D3EAE	0x00449D40	OID__FreeObject_Callback
C:\dev\ONSLAUGHT2\oids.cpp	64	0x004BF090	OID__CreateObject	0x004BF677	0x004BF679	ADJACENT	0	0x004BF68A	0x005490E0	CDXMemoryManager__Alloc
C:\dev\ONSLAUGHT2\oids.cpp	64	0x005D3EB7	Unwind@005d3eb7	0x005D3EB7	0x005D3EB9	ADJACENT	0	0x005D3EC4	0x00449D40	OID__FreeObject_Callback
C:\dev\ONSLAUGHT2\oids.cpp	68	0x004BF090	OID__CreateObject	0x004BF6CC	0x004BF6CE	ADJACENT	0	0x004BF6DF	0x005490E0	CDXMemoryManager__Alloc
C:\dev\ONSLAUGHT2\oids.cpp	68	0x005D3ECD	Unwind@005d3ecd	0x005D3ECD	0x005D3ECF	ADJACENT	0	0x005D3EDA	0x00449D40	OID__FreeObject_Callback
C:\dev\ONSLAUGHT2\oids.cpp	69	0x004BF090	OID__CreateObject	0x004BF745	0x004BF747	ADJACENT	0	0x004BF758	0x005490E0	CDXMemoryManager__Alloc
C:\dev\ONSLAUGHT2\oids.cpp	69	0x005D3EF6	Unwind@005d3ef6	0x005D3EF6	0x005D3EF8	ADJACENT	0	0x005D3F03	0x00449D40	OID__FreeObject_Callback
C:\dev\ONSLAUGHT2\oids.cpp	70	0x004BF090	OID__CreateObject	0x004BF79A	0x004BF79C	ADJACENT	0	0x004BF7AD	0x005490E0	CDXMemoryManager__Alloc
C:\dev\ONSLAUGHT2\oids.cpp	70	0x005D3F0C	Unwind@005d3f0c	0x005D3F0C	0x005D3F0E	ADJACENT	0	0x005D3F19	0x00449D40	OID__FreeObject_Callback
C:\dev\ONSLAUGHT2\oids.cpp	71	0x004BF090	OID__CreateObject	0x004BF818	0x004BF81A	ADJACENT	0	0x004BF82B	0x005490E0	CDXMemoryManager__Alloc
C:\dev\ONSLAUGHT2\oids.cpp	71	0x005D3F35	Unwind@005d3f35	0x005D3F35	0x005D3F37	ADJACENT	0	0x005D3F42	0x00449D40	OID__FreeObject_Callback
C:\dev\ONSLAUGHT2\oids.cpp	72	0x004BF090	OID__CreateObject	0x004BF8A3	0x004BF8A5	ADJACENT	0	0x004BF8B6	0x005490E0	CDXMemoryManager__Alloc
C:\dev\ONSLAUGHT2\oids.cpp	72	0x005D3F53	Unwind@005d3f53	0x005D3F53	0x005D3F55	ADJACENT	0	0x005D3F60	0x00449D40	OID__FreeObject_Callback
C:\dev\ONSLAUGHT2\ParticleDescriptor.cpp	205	0x004C05C0	CPDSimpleSprite__VFunc_6_004c05c0	0x004C05C6	0x004C05CD	STACK_STABLE_GAP	1	0x004C05DE	0x005490E0	CDXMemoryManager__Alloc
C:\dev\ONSLAUGHT2\ParticleDescriptor.cpp	1258	0x004C3120	CPDTrail__VFunc_6_004c3120	0x004C3126	0x004C312D	STACK_STABLE_GAP	1	0x004C313E	0x005490E0	CDXMemoryManager__Alloc
C:\dev\ONSLAUGHT2\ParticleDescriptor.cpp	2025	0x004C5410	CPDFoR__Update	0x004C5480	0x004C5485	ADJACENT	0	0x004C5499	0x005490E0	CDXMemoryManager__Alloc
C:\dev\ONSLAUGHT2\ParticleDescriptor.cpp	2025	0x005D4040	Unwind@005d4040	0x005D4040	0x005D4045	ADJACENT	0	0x005D4053	0x00449D40	OID__FreeObject_Callback
C:\dev\ONSLAUGHT2\ParticleDescriptor.cpp	2109	0x004C5730	CPDPMesh__Load	0x004C5736	0x004C573D	STACK_STABLE_GAP	1	0x004C574E	0x005490E0	CDXMemoryManager__Alloc
C:\dev\ONSLAUGHT2\ParticleManager.cpp	194	0x004CAED0	CParticle__SetParticleResource	0x004CAF03	0x004CAF08	ADJACENT	0	0x004CAF15	0x005490E0	CDXMemoryManager__Alloc
C:\dev\ONSLAUGHT2\ParticleManager.cpp	422	0x004CB0E0	CParticleManager__Init	0x004CB0F8	0x004CB0FF	STACK_STABLE_GAP	1	0x004CB11D	0x005490E0	CDXMemoryManager__Alloc
C:\dev\ONSLAUGHT2\ParticleManager.cpp	422	0x005D4070	Unwind@005d4070	0x005D4070	0x005D4075	ADJACENT	0	0x005D4080	0x00449D40	OID__FreeObject_Callback
C:\dev\ONSLAUGHT2\ParticleManager.cpp	704	0x004CB3D0	CParticleManager__CreateEffect	0x004CB43C	0x004CB441	ADJACENT	0	0x004CB452	0x005490E0	CDXMemoryManager__Alloc
C:\dev\ONSLAUGHT2\ParticleManager.cpp	704	0x005D40A0	Unwind@005d40a0	0x005D40A0	0x005D40A5	ADJACENT	0	0x005D40B0	0x00449D40	OID__FreeObject_Callback
C:\dev\ONSLAUGHT2\ParticleManager.cpp	738	0x004CB5C0	CParticleManager__AllocateParticle	0x004CB61A	0x004CB61F	ADJACENT	0	0x004CB62D	0x005490E0	CDXMemoryManager__Alloc
C:\dev\ONSLAUGHT2\ParticleManager.cpp	738	0x005D40D0	Unwind@005d40d0	0x005D40D0	0x005D40D5	ADJACENT	0	0x005D40E0	0x00449D40	OID__FreeObject_Callback
C:\dev\ONSLAUGHT2\ParticleSet.cpp	95	0x004CC020	CParticleSet__CreateByType	0x004CC09B	0x004CC09D	ADJACENT	0	0x004CC0AE	0x005490E0	CDXMemoryManager__Alloc
C:\dev\ONSLAUGHT2\ParticleSet.cpp	95	0x005D4100	Unwind@005d4100	0x005D4100	0x005D4102	ADJACENT	0	0x005D410D	0x00449D40	OID__FreeObject_Callback
C:\dev\ONSLAUGHT2\ParticleSet.cpp	96	0x004CC020	CParticleSet__CreateByType	0x004CC1DD	0x004CC1DF	ADJACENT	0	0x004CC1F0	0x005490E0	CDXMemoryManager__Alloc
C:\dev\ONSLAUGHT2\ParticleSet.cpp	96	0x005D4116	Unwind@005d4116	0x005D4116	0x005D4118	ADJACENT	0	0x005D4123	0x00449D40	OID__FreeObject_Callback
C:\dev\ONSLAUGHT2\ParticleSet.cpp	97	0x004CC020	CParticleSet__CreateByType	0x004CC2D5	0x004CC2D7	ADJACENT	0	0x004CC2E5	0x005490E0	CDXMemoryManager__Alloc
C:\dev\ONSLAUGHT2\ParticleSet.cpp	97	0x005D412C	Unwind@005d412c	0x005D412C	0x005D412E	ADJACENT	0	0x005D4139	0x00449D40	OID__FreeObject_Callback
C:\dev\ONSLAUGHT2\ParticleSet.cpp	98	0x004CC020	CParticleSet__CreateByType	0x004CC312	0x004CC314	ADJACENT	0	0x004CC322	0x005490E0	CDXMemoryManager__Alloc
C:\dev\ONSLAUGHT2\ParticleSet.cpp	98	0x005D4142	Unwind@005d4142	0x005D4142	0x005D4144	ADJACENT	0	0x005D414F	0x00449D40	OID__FreeObject_Callback
C:\dev\ONSLAUGHT2\ParticleSet.cpp	99	0x004CC020	CParticleSet__CreateByType	0x004CC362	0x004CC364	ADJACENT	0	0x004CC375	0x005490E0	CDXMemoryManager__Alloc
C:\dev\ONSLAUGHT2\ParticleSet.cpp	99	0x005D4158	Unwind@005d4158	0x005D4158	0x005D415A	ADJACENT	0	0x005D4165	0x00449D40	OID__FreeObject_Callback
C:\dev\ONSLAUGHT2\ParticleSet.cpp	100	0x004CC020	CParticleSet__CreateByType	0x004CC463	0x004CC465	ADJACENT	0	0x004CC476	0x005490E0	CDXMemoryManager__Alloc
C:\dev\ONSLAUGHT2\ParticleSet.cpp	100	0x005D416E	Unwind@005d416e	0x005D416E	0x005D4170	ADJACENT	0	0x005D417B	0x00449D40	OID__FreeObject_Callback
C:\dev\ONSLAUGHT2\ParticleSet.cpp	101	0x004CC020	CParticleSet__CreateByType	0x004CC4BD	0x004CC4BF	ADJACENT	0	0x004CC4D0	0x005490E0	CDXMemoryManager__Alloc
C:\dev\ONSLAUGHT2\ParticleSet.cpp	101	0x005D418C	Unwind@005d418c	0x005D418C	0x005D418E	ADJACENT	0	0x005D4199	0x00449D40	OID__FreeObject_Callback
C:\dev\ONSLAUGHT2\ParticleSet.cpp	102	0x004CC020	CParticleSet__CreateByType	0x004CC535	0x004CC537	ADJACENT	0	0x004CC548	0x005490E0	CDXMemoryManager__Alloc
C:\dev\ONSLAUGHT2\ParticleSet.cpp	102	0x005D41A2	Unwind@005d41a2	0x005D41A2	0x005D41A4	ADJACENT	0	0x005D41AF	0x00449D40	OID__FreeObject_Callback
C:\dev\ONSLAUGHT2\ParticleSet.cpp	103	0x004CC020	CParticleSet__CreateByType	0x004CC635	0x004CC637	ADJACENT	0	0x004CC645	0x005490E0	CDXMemoryManager__Alloc
C:\dev\ONSLAUGHT2\ParticleSet.cpp	103	0x005D41B8	Unwind@005d41b8	0x005D41B8	0x005D41BA	ADJACENT	0	0x005D41C5	0x00449D40	OID__FreeObject_Callback
C:\dev\ONSLAUGHT2\ParticleSet.cpp	104	0x004CC020	CParticleSet__CreateByType	0x004CC690	0x004CC692	ADJACENT	0	0x004CC6A3	0x005490E0	CDXMemoryManager__Alloc
C:\dev\ONSLAUGHT2\ParticleSet.cpp	104	0x005D41CE	Unwind@005d41ce	0x005D41CE	0x005D41D0	ADJACENT	0	0x005D41DB	0x00449D40	OID__FreeObject_Callback
C:\dev\ONSLAUGHT2\ParticleSet.cpp	105	0x004CC020	CParticleSet__CreateByType	0x004CC73D	0x004CC73F	ADJACENT	0	0x004CC74D	0x005490E0	CDXMemoryManager__Alloc
C:\dev\ONSLAUGHT2\ParticleSet.cpp	105	0x005D41E4	Unwind@005d41e4	0x005D41E4	0x005D41E6	ADJACENT	0	0x005D41F1	0x00449D40	OID__FreeObject_Callback
C:\dev\ONSLAUGHT2\ParticleSet.cpp	106	0x004CC020	CParticleSet__CreateByType	0x004CC76D	0x004CC76F	ADJACENT	0	0x004CC77D	0x005490E0	CDXMemoryManager__Alloc
C:\dev\ONSLAUGHT2\ParticleSet.cpp	106	0x005D41FA	Unwind@005d41fa	0x005D41FA	0x005D41FC	ADJACENT	0	0x005D4207	0x00449D40	OID__FreeObject_Callback
C:\dev\ONSLAUGHT2\ParticleSet.cpp	107	0x004CC020	CParticleSet__CreateByType	0x004CC79D	0x004CC79F	ADJACENT	0	0x004CC7B0	0x005490E0	CDXMemoryManager__Alloc
C:\dev\ONSLAUGHT2\ParticleSet.cpp	107	0x005D4210	Unwind@005d4210	0x005D4210	0x005D4212	ADJACENT	0	0x005D421D	0x00449D40	OID__FreeObject_Callback
C:\dev\ONSLAUGHT2\ParticleSet.cpp	315	0x004CD7F0	CParticleSet__LoadFromArchive	0x004CD82F	0x004CD834	ADJACENT	0	0x004CD845	0x005490E0	CDXMemoryManager__Alloc
C:\dev\ONSLAUGHT2\ParticleSet.cpp	348	0x004CD7F0	CParticleSet__LoadFromArchive	0x004CD916	0x004CD91B	ADJACENT	0	0x004CD92C	0x005490E0	CDXMemoryManager__Alloc
C:\dev\ONSLAUGHT2\ParticleSet.cpp	437	0x004CDA60	CParticleSet__LoadParticleSetFile	0x004CDA9D	0x004CDAA2	ADJACENT	0	0x004CDAB3	0x005490E0	CDXMemoryManager__Alloc
C:\dev\ONSLAUGHT2\PauseMenu.cpp	1337	0x004CDE60	PauseMenu__Init	0x004CDED3	0x004CDED8	ADJACENT	0	0x004CDEE9	0x005490E0	CDXMemoryManager__Alloc
C:\dev\ONSLAUGHT2\PauseMenu.cpp	1337	0x005D4263	Unwind@005d4263	0x005D4263	0x005D4268	ADJACENT	0	0x005D4276	0x00449D40	OID__FreeObject_Callback
C:\dev\ONSLAUGHT2\PauseMenu.cpp	1341	0x004CDE60	PauseMenu__Init	0x004CDF41	0x004CDF46	ADJACENT	0	0x004CDF57	0x005490E0	CDXMemoryManager__Alloc
C:\dev\ONSLAUGHT2\PauseMenu.cpp	1342	0x004CDE60	PauseMenu__Init	0x004CDF96	0x004CDF9B	ADJACENT	0	0x004CDFAC	0x005490E0	CDXMemoryManager__Alloc
C:\dev\ONSLAUGHT2\PauseMenu.cpp	1343	0x004CDE60	PauseMenu__Init	0x004CDFE1	0x004CDFE6	ADJACENT	0	0x004CDFF7	0x005490E0	CDXMemoryManager__Alloc
C:\dev\ONSLAUGHT2\PauseMenu.cpp	1346	0x004CDE60	PauseMenu__Init	0x004CE03B	0x004CE040	ADJACENT	0	0x004CE051	0x005490E0	CDXMemoryManager__Alloc
C:\dev\ONSLAUGHT2\PauseMenu.cpp	1347	0x004CDE60	PauseMenu__Init	0x004CE08C	0x004CE091	ADJACENT	0	0x004CE0A2	0x005490E0	CDXMemoryManager__Alloc
C:\dev\ONSLAUGHT2\PauseMenu.cpp	1348	0x004CDE60	PauseMenu__Init	0x004CE0D3	0x004CE0D8	ADJACENT	0	0x004CE0E9	0x005490E0	CDXMemoryManager__Alloc
C:\dev\ONSLAUGHT2\PauseMenu.cpp	1353	0x004CDE60	PauseMenu__Init	0x004CE124	0x004CE129	ADJACENT	0	0x004CE13A	0x005490E0	CDXMemoryManager__Alloc
C:\dev\ONSLAUGHT2\PauseMenu.cpp	1358	0x004CDE60	PauseMenu__Init	0x004CE153	0x004CE158	ADJACENT	0	0x004CE169	0x005490E0	CDXMemoryManager__Alloc
C:\dev\ONSLAUGHT2\PauseMenu.cpp	1359	0x004CDE60	PauseMenu__Init	0x004CE1A2	0x004CE1A7	ADJACENT	0	0x004CE1B8	0x005490E0	CDXMemoryManager__Alloc
C:\dev\ONSLAUGHT2\PauseMenu.cpp	1368	0x004CDE60	PauseMenu__Init	0x004CE1FB	0x004CE200	ADJACENT	0	0x004CE211	0x005490E0	CDXMemoryManager__Alloc
C:\dev\ONSLAUGHT2\PauseMenu.cpp	1368	0x005D427F	Unwind@005d427f	0x005D427F	0x005D4284	ADJACENT	0	0x005D4292	0x00449D40	OID__FreeObject_Callback
C:\dev\ONSLAUGHT2\PauseMenu.cpp	1373	0x004CDE60	PauseMenu__Init	0x004CE24D	0x004CE252	ADJACENT	0	0x004CE268	0x005490E0	CDXMemoryManager__Alloc
C:\dev\ONSLAUGHT2\PauseMenu.cpp	1373	0x005D429B	Unwind@005d429b	0x005D429B	0x005D42A0	ADJACENT	0	0x005D42AE	0x00449D40	OID__FreeObject_Callback
C:\dev\ONSLAUGHT2\PauseMenu.cpp	1378	0x004CDE60	PauseMenu__Init	0x004CE2C4	0x004CE2C9	ADJACENT	0	0x004CE2DA	0x005490E0	CDXMemoryManager__Alloc
C:\dev\ONSLAUGHT2\PauseMenu.cpp	1378	0x005D42B7	Unwind@005d42b7	0x005D42B7	0x005D42BC	ADJACENT	0	0x005D42CA	0x00449D40	OID__FreeObject_Callback
C:\dev\ONSLAUGHT2\PauseMenu.cpp	1384	0x004CDE60	PauseMenu__Init	0x004CE330	0x004CE335	ADJACENT	0	0x004CE346	0x005490E0	CDXMemoryManager__Alloc
C:\dev\ONSLAUGHT2\PauseMenu.cpp	1388	0x004CDE60	PauseMenu__Init	0x004CE35F	0x004CE364	ADJACENT	0	0x004CE375	0x005490E0	CDXMemoryManager__Alloc
C:\dev\ONSLAUGHT2\PauseMenu.cpp	1392	0x004CDE60	PauseMenu__Init	0x004CE3AE	0x004CE3B3	ADJACENT	0	0x004CE3C4	0x005490E0	CDXMemoryManager__Alloc
C:\dev\ONSLAUGHT2\PauseMenu.cpp	1392	0x005D42D3	Unwind@005d42d3	0x005D42D3	0x005D42D8	ADJACENT	0	0x005D42E6	0x00449D40	OID__FreeObject_Callback
C:\dev\ONSLAUGHT2\PauseMenu.cpp	1394	0x004CDE60	PauseMenu__Init	0x004CE3EE	0x004CE3F3	ADJACENT	0	0x004CE404	0x005490E0	CDXMemoryManager__Alloc
C:\dev\ONSLAUGHT2\PauseMenu.cpp	1395	0x004CDE60	PauseMenu__Init	0x004CE441	0x004CE446	ADJACENT	0	0x004CE457	0x005490E0	CDXMemoryManager__Alloc
C:\dev\ONSLAUGHT2\PauseMenu.cpp	1396	0x004CDE60	PauseMenu__Init	0x004CE48F	0x004CE494	ADJACENT	0	0x004CE4A5	0x005490E0	CDXMemoryManager__Alloc
C:\dev\ONSLAUGHT2\PauseMenu.cpp	1397	0x004CDE60	PauseMenu__Init	0x004CE4E1	0x004CE4E6	ADJACENT	0	0x004CE4F7	0x005490E0	CDXMemoryManager__Alloc
C:\dev\ONSLAUGHT2\PauseMenu.cpp	1399	0x004CDE60	PauseMenu__Init	0x004CE530	0x004CE535	ADJACENT	0	0x004CE546	0x005490E0	CDXMemoryManager__Alloc
C:\dev\ONSLAUGHT2\PauseMenu.cpp	1405	0x004CDE60	PauseMenu__Init	0x004CE589	0x004CE58E	ADJACENT	0	0x004CE59F	0x005490E0	CDXMemoryManager__Alloc
C:\dev\ONSLAUGHT2\PauseMenu.cpp	1405	0x005D42EF	Unwind@005d42ef	0x005D42EF	0x005D42F4	ADJACENT	0	0x005D4302	0x00449D40	OID__FreeObject_Callback
C:\dev\ONSLAUGHT2\PauseMenu.cpp	1408	0x004CDE60	PauseMenu__Init	0x004CE5DB	0x004CE5E0	ADJACENT	0	0x004CE5F6	0x005490E0	CDXMemoryManager__Alloc
C:\dev\ONSLAUGHT2\PauseMenu.cpp	1408	0x005D430B	Unwind@005d430b	0x005D430B	0x005D4310	ADJACENT	0	0x005D431E	0x00449D40	OID__FreeObject_Callback
C:\dev\ONSLAUGHT2\PauseMenu.cpp	1411	0x004CDE60	PauseMenu__Init	0x004CE630	0x004CE635	ADJACENT	0	0x004CE646	0x005490E0	CDXMemoryManager__Alloc
C:\dev\ONSLAUGHT2\PauseMenu.cpp	1411	0x005D4327	Unwind@005d4327	0x005D4327	0x005D432C	ADJACENT	0	0x005D433A	0x00449D40	OID__FreeObject_Callback
C:\dev\ONSLAUGHT2\PauseMenu.cpp	1415	0x004CDE60	PauseMenu__Init	0x004CE6D8	0x004CE6DD	ADJACENT	0	0x004CE6EE	0x005490E0	CDXMemoryManager__Alloc
C:\dev\ONSLAUGHT2\PauseMenu.cpp	1415	0x005D4343	Unwind@005d4343	0x005D4343	0x005D4348	ADJACENT	0	0x005D4356	0x00449D40	OID__FreeObject_Callback
C:\dev\ONSLAUGHT2\PauseMenu.cpp	1416	0x004CDE60	PauseMenu__Init	0x004CE72A	0x004CE72F	ADJACENT	0	0x004CE740	0x005490E0	CDXMemoryManager__Alloc
C:\dev\ONSLAUGHT2\PauseMenu.cpp	1416	0x005D435F	Unwind@005d435f	0x005D435F	0x005D4364	ADJACENT	0	0x005D4372	0x00449D40	OID__FreeObject_Callback
C:\dev\ONSLAUGHT2\PauseMenu.cpp	1417	0x004CDE60	PauseMenu__Init	0x004CE786	0x004CE78B	ADJACENT	0	0x004CE79C	0x005490E0	CDXMemoryManager__Alloc
C:\dev\ONSLAUGHT2\PauseMenu.cpp	1417	0x005D437B	Unwind@005d437b	0x005D437B	0x005D4380	ADJACENT	0	0x005D438E	0x00449D40	OID__FreeObject_Callback
C:\dev\ONSLAUGHT2\PauseMenu.cpp	1418	0x004CDE60	PauseMenu__Init	0x004CE7E3	0x004CE7E8	ADJACENT	0	0x004CE7F9	0x005490E0	CDXMemoryManager__Alloc
C:\dev\ONSLAUGHT2\PauseMenu.cpp	1418	0x005D4397	Unwind@005d4397	0x005D4397	0x005D439C	ADJACENT	0	0x005D43AA	0x00449D40	OID__FreeObject_Callback
C:\dev\ONSLAUGHT2\PauseMenu.cpp	1421	0x004CDE60	PauseMenu__Init	0x004CE834	0x004CE839	ADJACENT	0	0x004CE84A	0x005490E0	CDXMemoryManager__Alloc
C:\dev\ONSLAUGHT2\PauseMenu.cpp	1421	0x005D43B3	Unwind@005d43b3	0x005D43B3	0x005D43B8	ADJACENT	0	0x005D43C6	0x00449D40	OID__FreeObject_Callback
C:\dev\ONSLAUGHT2\PauseMenu.cpp	1427	0x004CDE60	PauseMenu__Init	0x004CE88E	0x004CE893	ADJACENT	0	0x004CE8A4	0x005490E0	CDXMemoryManager__Alloc
C:\dev\ONSLAUGHT2\PauseMenu.cpp	1427	0x005D43CF	Unwind@005d43cf	0x005D43CF	0x005D43D4	ADJACENT	0	0x005D43E2	0x00449D40	OID__FreeObject_Callback
C:\dev\ONSLAUGHT2\PauseMenu.cpp	1430	0x004CDE60	PauseMenu__Init	0x004CE8DF	0x004CE8E4	ADJACENT	0	0x004CE8F5	0x005490E0	CDXMemoryManager__Alloc
C:\dev\ONSLAUGHT2\PauseMenu.cpp	1430	0x005D43EB	Unwind@005d43eb	0x005D43EB	0x005D43F0	ADJACENT	0	0x005D43FE	0x00449D40	OID__FreeObject_Callback
C:\dev\ONSLAUGHT2\PauseMenu.cpp	1431	0x004CDE60	PauseMenu__Init	0x004CE933	0x004CE938	ADJACENT	0	0x004CE949	0x005490E0	CDXMemoryManager__Alloc
C:\dev\ONSLAUGHT2\PauseMenu.cpp	1431	0x005D4407	Unwind@005d4407	0x005D4407	0x005D440C	ADJACENT	0	0x005D441A	0x00449D40	OID__FreeObject_Callback
C:\dev\ONSLAUGHT2\PauseMenu.cpp	1432	0x004CDE60	PauseMenu__Init	0x004CE984	0x004CE989	ADJACENT	0	0x004CE99A	0x005490E0	CDXMemoryManager__Alloc
C:\dev\ONSLAUGHT2\PauseMenu.cpp	1432	0x005D4423	Unwind@005d4423	0x005D4423	0x005D4428	ADJACENT	0	0x005D4436	0x00449D40	OID__FreeObject_Callback
C:\dev\ONSLAUGHT2\PauseMenu.cpp	1433	0x004CDE60	PauseMenu__Init	0x004CE9D6	0x004CE9DB	ADJACENT	0	0x004CE9EC	0x005490E0	CDXMemoryManager__Alloc
C:\dev\ONSLAUGHT2\PauseMenu.cpp	1433	0x005D443F	Unwind@005d443f	0x005D443F	0x005D4444	ADJACENT	0	0x005D4452	0x00449D40	OID__FreeObject_Callback
C:\dev\ONSLAUGHT2\PauseMenu.cpp	1434	0x004CDE60	PauseMenu__Init	0x004CEA28	0x004CEA2D	ADJACENT	0	0x004CEA3E	0x005490E0	CDXMemoryManager__Alloc
C:\dev\ONSLAUGHT2\PauseMenu.cpp	1434	0x005D445B	Unwind@005d445b	0x005D445B	0x005D4460	ADJACENT	0	0x005D446E	0x00449D40	OID__FreeObject_Callback
C:\dev\ONSLAUGHT2\PauseMenu.cpp	1436	0x004CDE60	PauseMenu__Init	0x004CEA7D	0x004CEA82	ADJACENT	0	0x004CEA93	0x005490E0	CDXMemoryManager__Alloc
C:\dev\ONSLAUGHT2\PauseMenu.cpp	1436	0x005D4477	Unwind@005d4477	0x005D4477	0x005D447C	ADJACENT	0	0x005D448A	0x00449D40	OID__FreeObject_Callback
C:\dev\ONSLAUGHT2\PauseMenu.cpp	1441	0x004CDE60	PauseMenu__Init	0x004CEB09	0x004CEB0E	ADJACENT	0	0x004CEB1F	0x005490E0	CDXMemoryManager__Alloc
C:\dev\ONSLAUGHT2\PauseMenu.cpp	1448	0x004CDE60	PauseMenu__Init	0x004CEB69	0x004CEB6E	ADJACENT	0	0x004CEB7F	0x005490E0	CDXMemoryManager__Alloc
C:\dev\ONSLAUGHT2\PauseMenu.cpp	1448	0x005D4493	Unwind@005d4493	0x005D4493	0x005D4498	ADJACENT	0	0x005D44A6	0x00449D40	OID__FreeObject_Callback
C:\dev\ONSLAUGHT2\PauseMenu.cpp	1450	0x004CDE60	PauseMenu__Init	0x004CEBBB	0x004CEBC0	ADJACENT	0	0x004CEBD6	0x005490E0	CDXMemoryManager__Alloc
C:\dev\ONSLAUGHT2\PauseMenu.cpp	1450	0x005D44AF	Unwind@005d44af	0x005D44AF	0x005D44B4	ADJACENT	0	0x005D44C2	0x00449D40	OID__FreeObject_Callback
C:\dev\ONSLAUGHT2\PauseMenu.cpp	1451	0x004CDE60	PauseMenu__Init	0x004CEC19	0x004CEC1E	ADJACENT	0	0x004CEC2F	0x005490E0	CDXMemoryManager__Alloc
C:\dev\ONSLAUGHT2\PauseMenu.cpp	1451	0x005D44CB	Unwind@005d44cb	0x005D44CB	0x005D44D0	ADJACENT	0	0x005D44DE	0x00449D40	OID__FreeObject_Callback
C:\dev\ONSLAUGHT2\PauseMenu.cpp	1452	0x004CDE60	PauseMenu__Init	0x004CEC72	0x004CEC77	ADJACENT	0	0x004CEC88	0x005490E0	CDXMemoryManager__Alloc
C:\dev\ONSLAUGHT2\PauseMenu.cpp	1452	0x005D44E7	Unwind@005d44e7	0x005D44E7	0x005D44EC	ADJACENT	0	0x005D44FA	0x00449D40	OID__FreeObject_Callback
C:\dev\ONSLAUGHT2\PauseMenu.cpp	1453	0x004CDE60	PauseMenu__Init	0x004CECBF	0x004CECC4	ADJACENT	0	0x004CECD5	0x005490E0	CDXMemoryManager__Alloc
C:\dev\ONSLAUGHT2\PauseMenu.cpp	1453	0x005D4503	Unwind@005d4503	0x005D4503	0x005D4508	ADJACENT	0	0x005D4516	0x00449D40	OID__FreeObject_Callback
C:\dev\ONSLAUGHT2\PauseMenu.cpp	1454	0x004CDE60	PauseMenu__Init	0x004CED0D	0x004CED12	ADJACENT	0	0x004CED23	0x005490E0	CDXMemoryManager__Alloc
C:\dev\ONSLAUGHT2\PauseMenu.cpp	1454	0x005D451F	Unwind@005d451f	0x005D451F	0x005D4524	ADJACENT	0	0x005D4532	0x00449D40	OID__FreeObject_Callback
C:\dev\ONSLAUGHT2\PauseMenu.cpp	1457	0x004CDE60	PauseMenu__Init	0x004CED5E	0x004CED63	ADJACENT	0	0x004CED74	0x005490E0	CDXMemoryManager__Alloc
C:\dev\ONSLAUGHT2\PauseMenu.cpp	1457	0x005D453B	Unwind@005d453b	0x005D453B	0x005D4540	ADJACENT	0	0x005D454E	0x00449D40	OID__FreeObject_Callback
C:\dev\ONSLAUGHT2\PauseMenu.cpp	1459	0x004CDE60	PauseMenu__Init	0x004CEDAC	0x004CEDB1	ADJACENT	0	0x004CEDC2	0x005490E0	CDXMemoryManager__Alloc
C:\dev\ONSLAUGHT2\PauseMenu.cpp	1459	0x005D4557	Unwind@005d4557	0x005D4557	0x005D455C	ADJACENT	0	0x005D456A	0x00449D40	OID__FreeObject_Callback
C:\dev\ONSLAUGHT2\PauseMenu.cpp	1461	0x004CDE60	PauseMenu__Init	0x004CEDFA	0x004CEDFF	ADJACENT	0	0x004CEE10	0x005490E0	CDXMemoryManager__Alloc
C:\dev\ONSLAUGHT2\PauseMenu.cpp	1461	0x005D4573	Unwind@005d4573	0x005D4573	0x005D4578	ADJACENT	0	0x005D4586	0x00449D40	OID__FreeObject_Callback
C:\dev\ONSLAUGHT2\PauseMenu.cpp	1462	0x004CDE60	PauseMenu__Init	0x004CEE3C	0x004CEE41	ADJACENT	0	0x004CEE52	0x005490E0	CDXMemoryManager__Alloc
C:\dev\ONSLAUGHT2\PauseMenu.cpp	1547	0x004D06E0	CPauseMenu__ResumeGameAndPersistOptions	0x004D0749	0x004D0750	STACK_STABLE_GAP	1	0x004D075D	0x005490E0	CDXMemoryManager__Alloc
C:\dev\ONSLAUGHT2\PauseMenu.cpp	1633	0x004D0810	CPauseMenu__ButtonPressed	0x004D08EC	0x004D08F1	ADJACENT	0	0x004D0902	0x005490E0	CDXMemoryManager__Alloc
C:\dev\ONSLAUGHT2\PauseMenu.cpp	1633	0x005D45C0	Unwind@005d45c0	0x005D45C0	0x005D45C5	ADJACENT	0	0x005D45D3	0x00449D40	OID__FreeObject_Callback
C:\dev\ONSLAUGHT2\PauseMenu.cpp	1634	0x004D0810	CPauseMenu__ButtonPressed	0x004D096F	0x004D0974	ADJACENT	0	0x004D0990	0x005490E0	CDXMemoryManager__Alloc
C:\dev\ONSLAUGHT2\PauseMenu.cpp	1635	0x004D0810	CPauseMenu__ButtonPressed	0x004D0A21	0x004D0A26	ADJACENT	0	0x004D0A37	0x005490E0	CDXMemoryManager__Alloc
C:\dev\ONSLAUGHT2\PauseMenu.cpp	2290	0x004D0810	CPauseMenu__ButtonPressed	0x004D09CA	0x004D09CF	ADJACENT	0	0x004D09E0	0x005490E0	CDXMemoryManager__Alloc
C:\dev\ONSLAUGHT2\PauseMenu.cpp	2290	0x004D0810	CPauseMenu__ButtonPressed	0x004D0A71	0x004D0A76	ADJACENT	0	0x004D0A87	0x005490E0	CDXMemoryManager__Alloc
C:\dev\ONSLAUGHT2\PauseMenu.cpp	2290	0x005D45FA	Unwind@005d45fa	0x005D45FA	0x005D45FF	ADJACENT	0	0x005D460D	0x00449D40	OID__FreeObject_Callback
C:\dev\ONSLAUGHT2\PauseMenu.cpp	2290	0x005D4616	Unwind@005d4616	0x005D4616	0x005D461B	ADJACENT	0	0x005D4629	0x00449D40	OID__FreeObject_Callback
C:\dev\ONSLAUGHT2\PCPlatform.cpp	27	0x005154E0	PCPlatform__Init	0x00515510	0x00515512	ADJACENT	0	0x0051551E	0x005490E0	CDXMemoryManager__Alloc
C:\dev\ONSLAUGHT2\PCPlatform.cpp	27	0x005D66B0	Unwind@005d66b0	0x005D66B0	0x005D66B2	ADJACENT	0	0x005D66C0	0x00449D40	OID__FreeObject_Callback
C:\dev\ONSLAUGHT2\PCPlatform.cpp	79	0x005155E0	PCPlatform__LoadFonts	0x00515613	0x00515615	ADJACENT	0	0x00515621	0x005490E0	CDXMemoryManager__Alloc
C:\dev\ONSLAUGHT2\PCPlatform.cpp	79	0x005D66E0	Unwind@005d66e0	0x005D66E0	0x005D66E2	ADJACENT	0	0x005D66ED	0x00449D40	OID__FreeObject_Callback
C:\dev\ONSLAUGHT2\PCPlatform.cpp	88	0x005155E0	PCPlatform__LoadFonts	0x0051567B	0x0051567D	ADJACENT	0	0x00515689	0x005490E0	CDXMemoryManager__Alloc
C:\dev\ONSLAUGHT2\PCPlatform.cpp	88	0x005D66F6	Unwind@005d66f6	0x005D66F6	0x005D66F8	ADJACENT	0	0x005D6703	0x00449D40	OID__FreeObject_Callback
C:\dev\ONSLAUGHT2\PCPlatform.cpp	95	0x005155E0	PCPlatform__LoadFonts	0x005156ED	0x005156EF	ADJACENT	0	0x005156FB	0x005490E0	CDXMemoryManager__Alloc
C:\dev\ONSLAUGHT2\PCPlatform.cpp	95	0x005D670C	Unwind@005d670c	0x005D670C	0x005D670E	ADJACENT	0	0x005D6719	0x00449D40	OID__FreeObject_Callback
C:\dev\ONSLAUGHT2\PCPlatform.cpp	103	0x005155E0	PCPlatform__LoadFonts	0x0051574B	0x0051574D	ADJACENT	0	0x00515759	0x005490E0	CDXMemoryManager__Alloc
C:\dev\ONSLAUGHT2\PCPlatform.cpp	103	0x005D6722	Unwind@005d6722	0x005D6722	0x005D6724	ADJACENT	0	0x005D672F	0x00449D40	OID__FreeObject_Callback
C:\dev\ONSLAUGHT2\PCRTID.cpp	17	0x00516580	PCRTID__CreateObject	0x005165AA	0x005165AC	ADJACENT	0	0x005165BA	0x005490E0	CDXMemoryManager__Alloc
C:\dev\ONSLAUGHT2\PCRTID.cpp	18	0x00516580	PCRTID__CreateObject	0x005165E3	0x005165E5	ADJACENT	0	0x005165F3	0x005490E0	CDXMemoryManager__Alloc
C:\dev\ONSLAUGHT2\PCRTID.cpp	20	0x00516580	PCRTID__CreateObject	0x0051661C	0x0051661E	ADJACENT	0	0x0051662C	0x005490E0	CDXMemoryManager__Alloc
C:\dev\ONSLAUGHT2\PCRTID.cpp	21	0x00516580	PCRTID__CreateObject	0x00516651	0x00516653	ADJACENT	0	0x00516661	0x005490E0	CDXMemoryManager__Alloc
C:\dev\ONSLAUGHT2\PCRTID.cpp	21	0x005D6790	Unwind@005d6790	0x005D6790	0x005D6792	ADJACENT	0	0x005D679D	0x00449D40	OID__FreeObject_Callback
C:\dev\ONSLAUGHT2\pcsoundmanager.cpp	229	0x005169B0	CPCSoundManager__Init	0x005169E9	0x005169EE	ADJACENT	0	0x005169FC	0x005490E0	CDXMemoryManager__Alloc
C:\dev\ONSLAUGHT2\pcsoundmanager.cpp	229	0x005D67D0	Unwind@005d67d0	0x005D67D0	0x005D67D5	ADJACENT	0	0x005D67E3	0x00449D40	OID__FreeObject_Callback
C:\dev\ONSLAUGHT2\pcsoundmanager.cpp	679	0x005172A0	CPCSoundManager__CreateSampleFromFile	0x005172E8	0x005172ED	ADJACENT	0	0x005172FE	0x005490E0	CDXMemoryManager__Alloc
C:\dev\ONSLAUGHT2\pcsoundmanager.cpp	684	0x005172A0	CPCSoundManager__CreateSampleFromFile	0x00517326	0x0051732B	ADJACENT	0	0x0051733E	0x005490E0	CDXMemoryManager__Alloc
C:\dev\ONSLAUGHT2\pcsoundmanager.cpp	714	0x005172A0	CPCSoundManager__CreateSampleFromFile	0x005173C5	0x005173CA	ADJACENT	0	0x005173D7	0x005490E0	CDXMemoryManager__Alloc
C:\dev\ONSLAUGHT2\pcsoundmanager.cpp	753	0x005176D0	CPCSoundManager__CreateSampleFromData	0x00517707	0x0051770C	ADJACENT	0	0x0051771D	0x005490E0	CDXMemoryManager__Alloc
C:\dev\ONSLAUGHT2\Plane.cpp	19	0x004D19D0	CPlane__Init	0x004D1A02	0x004D1A04	ADJACENT	0	0x004D1A12	0x005490E0	CDXMemoryManager__Alloc
C:\dev\ONSLAUGHT2\Plane.cpp	19	0x005D4670	Unwind@005d4670	0x005D4670	0x005D4672	ADJACENT	0	0x005D467D	0x00449D40	OID__FreeObject_Callback
C:\dev\ONSLAUGHT2\Plane.cpp	20	0x004D19D0	CPlane__Init	0x004D1A31	0x004D1A33	ADJACENT	0	0x004D1A4F	0x005490E0	CDXMemoryManager__Alloc
C:\dev\ONSLAUGHT2\Plane.cpp	20	0x005D4686	Unwind@005d4686	0x005D4686	0x005D4688	ADJACENT	0	0x005D4693	0x00449D40	OID__FreeObject_Callback
C:\dev\ONSLAUGHT2\Plane.cpp	42	0x004D19D0	CPlane__Init	0x004D1B59	0x004D1B5B	ADJACENT	0	0x004D1B69	0x005490E0	CDXMemoryManager__Alloc
C:\dev\ONSLAUGHT2\Plane.cpp	42	0x005D469C	Unwind@005d469c	0x005D469C	0x005D469E	ADJACENT	0	0x005D46A9	0x00449D40	OID__FreeObject_Callback
C:\dev\ONSLAUGHT2\Platform.cpp	41	0x004D2580	Platform__AsyncSaveCareer	0x004D25BF	0x004D25C3	STACK_STABLE_GAP	1	0x004D25D0	0x005490E0	CDXMemoryManager__Alloc
C:\dev\ONSLAUGHT2\Player.cpp	58	0x004D28C0	CPlayer__GotoFPView	0x004D28E7	0x004D28E9	ADJACENT	0	0x004D28FE	0x005490E0	CDXMemoryManager__Alloc
C:\dev\ONSLAUGHT2\Player.cpp	58	0x005D4730	Unwind@005d4730	0x005D4730	0x005D4732	ADJACENT	0	0x005D473D	0x00449D40	OID__FreeObject_Callback
C:\dev\ONSLAUGHT2\Player.cpp	67	0x004D29C0	CPlayer__Goto3rdPersonView	0x004D29E0	0x004D29E2	ADJACENT	0	0x004D29F7	0x005490E0	CDXMemoryManager__Alloc
C:\dev\ONSLAUGHT2\Player.cpp	67	0x005D4780	Unwind@005d4780	0x005D4780	0x005D4782	ADJACENT	0	0x005D478D	0x00449D40	OID__FreeObject_Callback
C:\dev\ONSLAUGHT2\Player.cpp	160	0x004D2C10	CPlayer__GotoPanView	0x004D2C40	0x004D2C45	ADJACENT	0	0x004D2C5E	0x005490E0	CDXMemoryManager__Alloc
C:\dev\ONSLAUGHT2\Player.cpp	160	0x005D47A0	Unwind@005d47a0	0x005D47A0	0x005D47A5	ADJACENT	0	0x005D47B0	0x00449D40	OID__FreeObject_Callback
C:\dev\ONSLAUGHT2\Player.cpp	177	0x004D2C10	CPlayer__GotoPanView	0x004D2DDE	0x004D2DE3	ADJACENT	0	0x004D2DF1	0x005490E0	CDXMemoryManager__Alloc
C:\dev\ONSLAUGHT2\Player.cpp	181	0x004D2C10	CPlayer__GotoPanView	0x004D2D00	0x004D2D05	ADJACENT	0	0x004D2D13	0x005490E0	CDXMemoryManager__Alloc
C:\dev\ONSLAUGHT2\Player.cpp	182	0x004D2C10	CPlayer__GotoPanView	0x004D2D72	0x004D2D77	ADJACENT	0	0x004D2D85	0x005490E0	CDXMemoryManager__Alloc
C:\dev\ONSLAUGHT2\Player.cpp	185	0x004D2C10	CPlayer__GotoPanView	0x004D2E2C	0x004D2E31	ADJACENT	0	0x004D2E3F	0x005490E0	CDXMemoryManager__Alloc
C:\dev\ONSLAUGHT2\Player.cpp	186	0x004D2C10	CPlayer__GotoPanView	0x004D2E9E	0x004D2EA3	ADJACENT	0	0x004D2EB1	0x005490E0	CDXMemoryManager__Alloc
C:\dev\ONSLAUGHT2\Player.cpp	188	0x004D2C10	CPlayer__GotoPanView	0x004D2EEC	0x004D2EF1	ADJACENT	0	0x004D2EFF	0x005490E0	CDXMemoryManager__Alloc
C:\dev\ONSLAUGHT2\Player.cpp	188	0x005D47B9	Unwind@005d47b9	0x005D47B9	0x005D47BE	ADJACENT	0	0x005D47C9	0x00449D40	OID__FreeObject_Callback
C:\dev\ONSLAUGHT2\Player.cpp	190	0x004D2C10	CPlayer__GotoPanView	0x004D2F24	0x004D2F29	ADJACENT	0	0x004D2F41	0x005490E0	CDXMemoryManager__Alloc
C:\dev\ONSLAUGHT2\Player.cpp	190	0x005D47D2	Unwind@005d47d2	0x005D47D2	0x005D47D7	ADJACENT	0	0x005D47E2	0x00449D40	OID__FreeObject_Callback
C:\dev\ONSLAUGHT2\RadarWarningReceiver.cpp	65	0x004D66B0	CRadarWarningReceiver__Update	0x004D6814	0x004D6816	ADJACENT	0	0x004D6824	0x005490E0	CDXMemoryManager__Alloc
C:\dev\ONSLAUGHT2\RadarWarningReceiver.cpp	65	0x005D48A0	Unwind@005d48a0	0x005D48A0	0x005D48A2	ADJACENT	0	0x005D48AD	0x00449D40	OID__FreeObject_Callback
C:\dev\ONSLAUGHT2\ResourceAccumulator.cpp	768	0x004D7200	CResourceAccumulator__ReadResourceFile	0x004D72D9	0x004D72DE	ADJACENT	0	0x004D72EA	0x005490E0	CDXMemoryManager__Alloc
C:\dev\ONSLAUGHT2\ResourceAccumulator.cpp	816	0x004D7200	CResourceAccumulator__ReadResourceFile	0x004D7329	0x004D732E	ADJACENT	0	0x004D733F	0x005490E0	CDXMemoryManager__Alloc
C:\dev\ONSLAUGHT2\ResourceAccumulator.cpp	816	0x005D48D0	Unwind@005d48d0	0x005D48D0	0x005D48D5	ADJACENT	0	0x005D48E6	0x00449D40	OID__FreeObject_Callback
C:\dev\ONSLAUGHT2\Round.cpp	98	0x004D8410	CRound__Init	0x004D857D	0x004D857F	ADJACENT	0	0x004D858D	0x005490E0	CDXMemoryManager__Alloc
C:\dev\ONSLAUGHT2\Round.cpp	98	0x005D4970	Unwind@005d4970	0x005D4970	0x005D4972	ADJACENT	0	0x005D4980	0x00449D40	OID__FreeObject_Callback
C:\dev\ONSLAUGHT2\Round.cpp	108	0x004D8410	CRound__Init	0x004D8611	0x004D8613	ADJACENT	0	0x004D8621	0x005490E0	CDXMemoryManager__Alloc
C:\dev\ONSLAUGHT2\Round.cpp	108	0x005D4989	Unwind@005d4989	0x005D4989	0x005D498B	ADJACENT	0	0x005D4999	0x00449D40	OID__FreeObject_Callback
C:\dev\ONSLAUGHT2\Round.cpp	531	0x004D9910	VFuncSlot_00_004d9910	0x004D9B02	0x004D9B07	ADJACENT	0	0x004D9B15	0x005490E0	CDXMemoryManager__Alloc
C:\dev\ONSLAUGHT2\Round.cpp	531	0x005D49E8	Unwind@005d49e8	0x005D49E8	0x005D49ED	ADJACENT	0	0x005D49F8	0x00449D40	OID__FreeObject_Callback
C:\dev\ONSLAUGHT2\Round.cpp	541	0x004D9910	VFuncSlot_00_004d9910	0x004D9B62	0x004D9B67	ADJACENT	0	0x004D9B86	0x005490E0	CDXMemoryManager__Alloc
C:\dev\ONSLAUGHT2\RTCutscene.cpp	41	0x004DBD80	CRTCutscene__Init	0x004DBD95	0x004DBD9A	STACK_STABLE_GAP	1	0x004DBDAA	0x005490E0	CDXMemoryManager__Alloc
C:\dev\ONSLAUGHT2\RTCutscene.cpp	42	0x004DBD80	CRTCutscene__Init	0x004DBDB5	0x004DBDB7	ADJACENT	0	0x004DBDC7	0x005490E0	CDXMemoryManager__Alloc
C:\dev\ONSLAUGHT2\RTCutscene.cpp	50	0x004DBD80	CRTCutscene__Init	0x004DBDE2	0x004DBDE4	ADJACENT	0	0x004DBDFC	0x005490E0	CDXMemoryManager__Alloc
C:\dev\ONSLAUGHT2\rtmesh.cpp	90	0x004DC370	CRTMesh__Init	0x004DC568	0x004DC56A	ADJACENT	0	0x004DC58A	0x005490E0	CDXMemoryManager__Alloc
C:\dev\ONSLAUGHT2\rtmesh.cpp	117	0x004DC370	CRTMesh__Init	0x004DC721	0x004DC723	ADJACENT	0	0x004DC730	0x005490E0	CDXMemoryManager__Alloc
C:\dev\ONSLAUGHT2\rtmesh.cpp	118	0x004DC370	CRTMesh__Init	0x004DC73B	0x004DC73D	ADJACENT	0	0x004DC74D	0x005490E0	CDXMemoryManager__Alloc
C:\dev\ONSLAUGHT2\rtmesh.cpp	119	0x004DC370	CRTMesh__Init	0x004DC758	0x004DC75A	ADJACENT	0	0x004DC76A	0x005490E0	CDXMemoryManager__Alloc
C:\dev\ONSLAUGHT2\rtmesh.cpp	120	0x004DC370	CRTMesh__Init	0x004DC775	0x004DC777	ADJACENT	0	0x004DC787	0x005490E0	CDXMemoryManager__Alloc
C:\dev\ONSLAUGHT2\rtmesh.cpp	121	0x004DC370	CRTMesh__Init	0x004DC792	0x004DC794	ADJACENT	0	0x004DC7A4	0x005490E0	CDXMemoryManager__Alloc
C:\dev\ONSLAUGHT2\rtmesh.cpp	122	0x004DC370	CRTMesh__Init	0x004DC7AF	0x004DC7B1	ADJACENT	0	0x004DC7C1	0x005490E0	CDXMemoryManager__Alloc
C:\dev\ONSLAUGHT2\rtmesh.cpp	178	0x004DC370	CRTMesh__Init	0x004DC914	0x004DC919	ADJACENT	0	0x004DC927	0x005490E0	CDXMemoryManager__Alloc
C:\dev\ONSLAUGHT2\Sentinel.cpp	32	0x004DEA50	CSentinel__Init	0x004DEAD2	0x004DEAD4	ADJACENT	0	0x004DEAE2	0x005490E0	CDXMemoryManager__Alloc
C:\dev\ONSLAUGHT2\Sentinel.cpp	32	0x005D4B50	Unwind@005d4b50	0x005D4B50	0x005D4B52	ADJACENT	0	0x005D4B5D	0x00449D40	OID__FreeObject_Callback
C:\dev\ONSLAUGHT2\Sentinel.cpp	33	0x004DEA50	CSentinel__Init	0x004DEB12	0x004DEB14	ADJACENT	0	0x004DEB2C	0x005490E0	CDXMemoryManager__Alloc
C:\dev\ONSLAUGHT2\Sentinel.cpp	33	0x005D4B66	Unwind@005d4b66	0x005D4B66	0x005D4B68	ADJACENT	0	0x005D4B73	0x00449D40	OID__FreeObject_Callback
C:\dev\ONSLAUGHT2\Sentinel.cpp	34	0x004DEA50	CSentinel__Init	0x004DEB4D	0x004DEB4F	ADJACENT	0	0x004DEB67	0x005490E0	CDXMemoryManager__Alloc
C:\dev\ONSLAUGHT2\Sentinel.cpp	34	0x005D4B7C	Unwind@005d4b7c	0x005D4B7C	0x005D4B7E	ADJACENT	0	0x005D4B89	0x00449D40	OID__FreeObject_Callback
C:\dev\ONSLAUGHT2\SoundManager.cpp	81	0x004E00D0	CSoundManager__Init	0x004E014E	0x004E0150	ADJACENT	0	0x004E0161	0x005490E0	CDXMemoryManager__Alloc
C:\dev\ONSLAUGHT2\SoundManager.cpp	90	0x004E00D0	CSoundManager__Init	0x004E018C	0x004E018E	ADJACENT	0	0x004E019C	0x005490E0	CDXMemoryManager__Alloc
C:\dev\ONSLAUGHT2\SoundManager.cpp	90	0x005D4BF0	Unwind@005d4bf0	0x005D4BF0	0x005D4BF2	ADJACENT	0	0x005D4BFD	0x00449D40	OID__FreeObject_Callback
C:\dev\ONSLAUGHT2\SoundManager.cpp	1566	0x004E2530	CEffect__LoadSFXFile	0x004E2631	0x004E2636	ADJACENT	0	0x004E2647	0x005490E0	CDXMemoryManager__Alloc
C:\dev\ONSLAUGHT2\SpawnerThng.cpp	67	0x004E3010	CSpawnerThing__Init	0x004E313C	0x004E31AA	STACK_STABLE_GAP	23	0x004E31B7	0x005490E0	CDXMemoryManager__Alloc
C:\dev\ONSLAUGHT2\SphereTrigger.cpp	83	0x004E5700	CSphereTrigger__Hit	0x004E5791	0x004E5793	ADJACENT	0	0x004E57A1	0x005490E0	CDXMemoryManager__Alloc
C:\dev\ONSLAUGHT2\SphereTrigger.cpp	83	0x005D4CF0	Unwind@005d4cf0	0x005D4CF0	0x005D4CF2	ADJACENT	0	0x005D4CFD	0x00449D40	OID__FreeObject_Callback
C:\dev\ONSLAUGHT2\SPtrSet.cpp	137	0x004E59F0	CSPtrSet__Initialise	0x004E5A11	0x004E5A16	ADJACENT	0	0x004E5A2A	0x005490E0	CDXMemoryManager__Alloc
C:\dev\ONSLAUGHT2\SPtrSet.cpp	183	0x004E5A80	CSPtrSet__AddToHead	0x004E5ADB	0x004E5AE1	STACK_STABLE_GAP	1	0x004E5AF5	0x005490E0	CDXMemoryManager__Alloc
C:\dev\ONSLAUGHT2\SPtrSet.cpp	227	0x004E5B20	CSPtrSet__AddToTail	0x004E5B7B	0x004E5B81	STACK_STABLE_GAP	1	0x004E5B95	0x005490E0	CDXMemoryManager__Alloc
C:\dev\ONSLAUGHT2\SquadNormal.cpp	129	0x004E6DA0	CNormalSquad__VFunc_67_004e6da0	0x004E6E4A	0x004E6E52	STACK_STABLE_GAP	2	0x004E6EAA	0x005490E0	CDXMemoryManager__Alloc
C:\dev\ONSLAUGHT2\SquadNormal.cpp	129	0x005D4DD0	Unwind@005d4dd0	0x005D4DD0	0x005D4DD5	ADJACENT	0	0x005D4DE0	0x00449D40	OID__FreeObject_Callback
C:\dev\ONSLAUGHT2\SquadNormal.cpp	1079	0x004E8ED0	CNormalSquad__CreateIterator	0x004E8EE8	0x004E8EEF	STACK_STABLE_GAP	1	0x004E8EFD	0x005490E0	CDXMemoryManager__Alloc
C:\dev\ONSLAUGHT2\SquadNormal.cpp	1079	0x005D4E00	Unwind@005d4e00	0x005D4E00	0x005D4E05	ADJACENT	0	0x005D4E10	0x00449D40	OID__FreeObject_Callback
C:\dev\ONSLAUGHT2\SquadNormal.cpp	1163	0x004E91F0	CSquadNormal__SpawnMembers	0x004E9272	0x004E9277	ADJACENT	0	0x004E9288	0x005490E0	CDXMemoryManager__Alloc
C:\dev\ONSLAUGHT2\SquadNormal.cpp	1163	0x005D4E30	Unwind@005d4e30	0x005D4E30	0x005D4E35	ADJACENT	0	0x005D4E43	0x00449D40	OID__FreeObject_Callback
C:\dev\ONSLAUGHT2\SquadRelaxed.cpp	100	0x004EA780	CRelaxedSquad__VFunc_67_004ea780	0x004EA7A2	0x004EA7A4	ADJACENT	0	0x004EA7B2	0x005490E0	CDXMemoryManager__Alloc
C:\dev\ONSLAUGHT2\SquadRelaxed.cpp	160	0x004EA8D0	CRelaxedSquad__CreateIterator	0x004EA8E9	0x004EA8F0	STACK_STABLE_GAP	1	0x004EA8FE	0x005490E0	CDXMemoryManager__Alloc
C:\dev\ONSLAUGHT2\SquadRelaxed.cpp	160	0x005D4E60	Unwind@005d4e60	0x005D4E60	0x005D4E65	ADJACENT	0	0x005D4E70	0x00449D40	OID__FreeObject_Callback
C:\dev\ONSLAUGHT2\StaticShadows.cpp	193	0x004EBE40	CStaticShadows__UpdateLightVectorAndRebuild	0x004EBF3A	0x004EBF3F	ADJACENT	0	0x004EBF4D	0x005490E0	CDXMemoryManager__Alloc
C:\dev\ONSLAUGHT2\StaticShadows.cpp	394	0x004EC2F0	CStaticShadows__BuildShadowMaps	0x004EC33F	0x004EC344	ADJACENT	0	0x004EC36A	0x005490E0	CDXMemoryManager__Alloc
C:\dev\ONSLAUGHT2\StaticShadows.cpp	394	0x005D4EF0	Unwind@005d4ef0	0x005D4EF0	0x005D4EF5	ADJACENT	0	0x005D4F03	0x00449D40	OID__FreeObject_Callback
C:\dev\ONSLAUGHT2\StaticShadows.cpp	423	0x004EC2F0	CStaticShadows__BuildShadowMaps	0x004EC473	0x004EC47B	STACK_STABLE_GAP	1	0x004EC4A4	0x005490E0	CDXMemoryManager__Alloc
C:\dev\ONSLAUGHT2\StaticShadows.cpp	423	0x005D4F0C	Unwind@005d4f0c	0x005D4F0C	0x005D4F11	ADJACENT	0	0x005D4F1F	0x00449D40	OID__FreeObject_Callback
C:\dev\ONSLAUGHT2\StaticShadows.cpp	612	0x004EC2F0	CStaticShadows__BuildShadowMaps	0x004ED97D	0x004ED98D	STACK_STABLE_GAP	3	0x004ED9CC	0x005490E0	CDXMemoryManager__Alloc
C:\dev\ONSLAUGHT2\StaticShadows.cpp	623	0x004EC2F0	CStaticShadows__BuildShadowMaps	0x004EDA4B	0x004EDA50	ADJACENT	0	0x004EDA5C	0x005490E0	CDXMemoryManager__Alloc
C:\dev\ONSLAUGHT2\StaticShadows.cpp	839	0x004EE0F0	CStaticShadows__ApplyShadowsToGrid	0x004EE314	0x004EE319	ADJACENT	0	0x004EE32A	0x005490E0	CDXMemoryManager__Alloc
C:\dev\ONSLAUGHT2\StaticShadows.cpp	1074	0x004EE8F0	CStaticShadows__Load	0x004EE915	0x004EE91A	ADJACENT	0	0x004EE928	0x005490E0	CDXMemoryManager__Alloc
C:\dev\ONSLAUGHT2\StaticShadows.cpp	1085	0x004EE8F0	CStaticShadows__Load	0x004EE9A8	0x004EE9AD	ADJACENT	0	0x004EE9CA	0x005490E0	CDXMemoryManager__Alloc
C:\dev\ONSLAUGHT2\StaticShadows.cpp	1085	0x005D4F90	Unwind@005d4f90	0x005D4F90	0x005D4F95	ADJACENT	0	0x005D4FA0	0x00449D40	OID__FreeObject_Callback
C:\dev\ONSLAUGHT2\StaticShadows.cpp	1101	0x004EE8F0	CStaticShadows__Load	0x004EEA98	0x004EEAA4	STACK_STABLE_GAP	2	0x004EEAB1	0x005490E0	CDXMemoryManager__Alloc
C:\dev\ONSLAUGHT2\StaticShadows.cpp	1122	0x004EE8F0	CStaticShadows__Load	0x004EEAFB	0x004EEB00	ADJACENT	0	0x004EEB11	0x005490E0	CDXMemoryManager__Alloc
C:\dev\ONSLAUGHT2\Submarine.cpp	29	0x004EEC80	CSubmarine__Init	0x004EED1E	0x004EED20	ADJACENT	0	0x004EED2E	0x005490E0	CDXMemoryManager__Alloc
C:\dev\ONSLAUGHT2\Submarine.cpp	29	0x005D4FC0	Unwind@005d4fc0	0x005D4FC0	0x005D4FC2	ADJACENT	0	0x005D4FCD	0x00449D40	OID__FreeObject_Callback
C:\dev\ONSLAUGHT2\Submarine.cpp	30	0x004EEC80	CSubmarine__Init	0x004EED58	0x004EED5A	ADJACENT	0	0x004EED76	0x005490E0	CDXMemoryManager__Alloc
C:\dev\ONSLAUGHT2\Submarine.cpp	30	0x005D4FD6	Unwind@005d4fd6	0x005D4FD6	0x005D4FD8	ADJACENT	0	0x005D4FE3	0x00449D40	OID__FreeObject_Callback
C:\dev\ONSLAUGHT2\Tentacle.cpp	47	0x004F0760	CTentacle__CreateTentacleGuide	0x004F0777	0x004F077B	STACK_STABLE_GAP	1	0x004F078C	0x005490E0	CDXMemoryManager__Alloc
C:\dev\ONSLAUGHT2\Tentacle.cpp	47	0x005D5050	Unwind@005d5050	0x005D5050	0x005D5052	ADJACENT	0	0x005D505D	0x00449D40	OID__FreeObject_Callback
C:\dev\ONSLAUGHT2\Tentacle.cpp	53	0x004F07E0	CTentacle__CreateTentacleAI	0x004F07F8	0x004F07FC	STACK_STABLE_GAP	1	0x004F080A	0x005490E0	CDXMemoryManager__Alloc
C:\dev\ONSLAUGHT2\Tentacle.cpp	53	0x005D5070	Unwind@005d5070	0x005D5070	0x005D5072	ADJACENT	0	0x005D507D	0x00449D40	OID__FreeObject_Callback
C:\dev\ONSLAUGHT2\Tentacle.cpp	60	0x004F0860	CTentacle__CreateWarspiteAI	0x004F0878	0x004F087C	STACK_STABLE_GAP	1	0x004F088A	0x005490E0	CDXMemoryManager__Alloc
C:\dev\ONSLAUGHT2\Tentacle.cpp	60	0x005D5090	Unwind@005d5090	0x005D5090	0x005D5092	ADJACENT	0	0x005D509D	0x00449D40	OID__FreeObject_Callback
C:\dev\ONSLAUGHT2\text.cpp	128	0x004F21F0	CText__Init	0x004F232E	0x004F2335	STACK_STABLE_GAP	1	0x004F2342	0x005490E0	CDXMemoryManager__Alloc
C:\dev\ONSLAUGHT2\text.cpp	341	0x004F2660	CText__CopyFrom	0x004F2696	0x004F26B2	STACK_STABLE_GAP	8	0x004F26C2	0x005490E0	CDXMemoryManager__Alloc
C:\dev\ONSLAUGHT2\texture.cpp	152	0x004F27F0	CTexture__FindTexture	0x004F28DF	0x004F28E4	ADJACENT	0	0x004F28F0	0x005490E0	CDXMemoryManager__Alloc
C:\dev\ONSLAUGHT2\texture.cpp	152	0x005D5120	CTexture__FindTexture_Unwind	0x005D5120	0x005D5125	ADJACENT	0	0x005D5133	0x00449D40	OID__FreeObject_Callback
C:\dev\ONSLAUGHT2\tgaloader.cpp	119	0x004F2CE0	CTGALoader__Load	0x004F2F12	0x004F2F14	ADJACENT	0	0x004F2F27	0x005490E0	CDXMemoryManager__Alloc
C:\dev\ONSLAUGHT2\thing.cpp	310	0x004F39C0	CThing__InitCollisionSeekingThing	0x004F39D5	0x004F39DA	ADJACENT	0	0x004F39E8	0x005490E0	CDXMemoryManager__Alloc
C:\dev\ONSLAUGHT2\thing.cpp	625	0x004F4120	CComplexThing__SetName	0x004F4161	0x004F4168	STACK_STABLE_GAP	1	0x004F4178	0x005490E0	CDXMemoryManager__Alloc
C:\dev\ONSLAUGHT2\thing.cpp	665	0x004F4230	CComplexThing__SetScript	0x004F427C	0x004F4281	ADJACENT	0	0x004F428F	0x005490E0	CDXMemoryManager__Alloc
C:\dev\ONSLAUGHT2\thing.cpp	665	0x005D5220	Unwind@005d5220	0x005D5220	0x005D5225	ADJACENT	0	0x005D5230	0x00449D40	OID__FreeObject_Callback
C:\dev\ONSLAUGHT2\thing.cpp	767	0x004F44A0	CComplexThing__SetAnimMode	0x004F44C0	0x004F44C5	ADJACENT	0	0x004F44D3	0x005490E0	CDXMemoryManager__Alloc
C:\dev\ONSLAUGHT2\thing.cpp	767	0x005D5250	Unwind@005d5250	0x005D5250	0x005D5255	ADJACENT	0	0x005D5260	0x00449D40	OID__FreeObject_Callback
C:\dev\ONSLAUGHT2\ThunderHead.cpp	32	0x004F4730	CThunderHead__CreateLegMotion	0x004F4767	0x004F4769	ADJACENT	0	0x004F477A	0x005490E0	CDXMemoryManager__Alloc
C:\dev\ONSLAUGHT2\ThunderHead.cpp	32	0x005D5280	Unwind@005d5280	0x005D5280	0x005D5282	ADJACENT	0	0x005D528D	0x00449D40	OID__FreeObject_Callback
C:\dev\ONSLAUGHT2\ThunderHead.cpp	43	0x004F4830	CThunderHead__CreateWarspite	0x004F4847	0x004F484B	STACK_STABLE_GAP	1	0x004F4859	0x005490E0	CDXMemoryManager__Alloc
C:\dev\ONSLAUGHT2\ThunderHead.cpp	43	0x005D52A0	Unwind@005d52a0	0x005D52A0	0x005D52A2	ADJACENT	0	0x005D52AD	0x00449D40	OID__FreeObject_Callback
C:\dev\ONSLAUGHT2\ThunderHead.cpp	49	0x004F48A0	CThunderHead__CreateGuide	0x004F48B8	0x004F48BC	STACK_STABLE_GAP	1	0x004F48CA	0x005490E0	CDXMemoryManager__Alloc
C:\dev\ONSLAUGHT2\ThunderHead.cpp	49	0x005D52C0	Unwind@005d52c0	0x005D52C0	0x005D52C2	ADJACENT	0	0x005D52CD	0x00449D40	OID__FreeObject_Callback
C:\dev\ONSLAUGHT2\TokenArchive.cpp	312	0x004F57B0	CTokenArchive__ReadNextToken	0x004F5933	0x004F5943	STACK_STABLE_GAP	3	0x004F5958	0x005490E0	CDXMemoryManager__Alloc
C:\dev\ONSLAUGHT2\TokenArchive.cpp	362	0x004F57B0	CTokenArchive__ReadNextToken	0x004F59F5	0x004F59FA	ADJACENT	0	0x004F5A19	0x005490E0	CDXMemoryManager__Alloc
C:\dev\ONSLAUGHT2\TokenArchive.cpp	450	0x004F5BA0	CTokenArchive__ResolveReferences	0x004F5BC0	0x004F5BC5	ADJACENT	0	0x004F5BD9	0x005490E0	CDXMemoryManager__Alloc
C:\dev\ONSLAUGHT2\tree.cpp	143	0x004F6480	CTree__VFunc_35_004f6480	0x004F64A5	0x004F64AA	ADJACENT	0	0x004F64B8	0x005490E0	CDXMemoryManager__Alloc
C:\dev\ONSLAUGHT2\tree.cpp	143	0x005D5320	Unwind@005d5320	0x005D5320	0x005D5325	ADJACENT	0	0x005D5330	0x00449D40	OID__FreeObject_Callback
C:\dev\ONSLAUGHT2\tree.cpp	240	0x004F69B0	CTree__CreateFallingTree	0x004F69F0	0x004F69F7	STACK_STABLE_GAP	1	0x004F6A08	0x005490E0	CDXMemoryManager__Alloc
C:\dev\ONSLAUGHT2\tree.cpp	240	0x005D5350	Unwind@005d5350	0x005D5350	0x005D5355	ADJACENT	0	0x005D5360	0x00449D40	OID__FreeObject_Callback
C:\dev\ONSLAUGHT2\triangulate.cpp	6	0x004F7170	Triangulate__CreateQuadMesh	0x004F7176	0x004F717A	STACK_STABLE_GAP	1	0x004F7191	0x005490E0	CDXMemoryManager__Alloc
C:\dev\ONSLAUGHT2\triangulate.cpp	7	0x004F7170	Triangulate__CreateQuadMesh	0x004F71A8	0x004F71AA	ADJACENT	0	0x004F71BF	0x005490E0	CDXMemoryManager__Alloc
C:\dev\ONSLAUGHT2\Unit.cpp	192	0x004F86D0	CUnit__Init	0x004F8730	0x004F8735	ADJACENT	0	0x004F8746	0x005490E0	CDXMemoryManager__Alloc
C:\dev\ONSLAUGHT2\Unit.cpp	192	0x005D5500	Unwind@005d5500	0x005D5500	0x005D5505	ADJACENT	0	0x005D5510	0x00449D40	OID__FreeObject_Callback
C:\dev\ONSLAUGHT2\Unit.cpp	309	0x004F86D0	CUnit__Init	0x004F8BCC	0x004F8BD1	ADJACENT	0	0x004F8BDF	0x005490E0	CDXMemoryManager__Alloc
C:\dev\ONSLAUGHT2\Unit.cpp	313	0x004F86D0	CUnit__Init	0x004F8BFE	0x004F8C03	ADJACENT	0	0x004F8C14	0x005490E0	CDXMemoryManager__Alloc
C:\dev\ONSLAUGHT2\Unit.cpp	313	0x005D5519	Unwind@005d5519	0x005D5519	0x005D551E	ADJACENT	0	0x005D5529	0x00449D40	OID__FreeObject_Callback
C:\dev\ONSLAUGHT2\Unit.cpp	347	0x004F86D0	CUnit__Init	0x004F8DC5	0x004F8DCA	ADJACENT	0	0x004F8DD8	0x005490E0	CDXMemoryManager__Alloc
C:\dev\ONSLAUGHT2\Unit.cpp	347	0x005D5532	Unwind@005d5532	0x005D5532	0x005D5537	ADJACENT	0	0x005D5542	0x00449D40	OID__FreeObject_Callback
C:\dev\ONSLAUGHT2\Unit.cpp	356	0x004F86D0	CUnit__Init	0x004F8E84	0x004F8E89	ADJACENT	0	0x004F8E97	0x005490E0	CDXMemoryManager__Alloc
C:\dev\ONSLAUGHT2\Unit.cpp	356	0x005D554B	Unwind@005d554b	0x005D554B	0x005D5550	ADJACENT	0	0x005D555B	0x00449D40	OID__FreeObject_Callback
C:\dev\ONSLAUGHT2\Unit.cpp	367	0x004F86D0	CUnit__Init	0x004F8F48	0x004F8F4D	ADJACENT	0	0x004F8F5B	0x005490E0	CDXMemoryManager__Alloc
C:\dev\ONSLAUGHT2\Unit.cpp	367	0x005D5564	Unwind@005d5564	0x005D5564	0x005D5569	ADJACENT	0	0x005D5574	0x00449D40	OID__FreeObject_Callback
C:\dev\ONSLAUGHT2\Unit.cpp	1101	0x004F9A90	CUnit__ApplyDamage	0x004FA438	0x004FA43D	ADJACENT	0	0x004FA44B	0x005490E0	CDXMemoryManager__Alloc
C:\dev\ONSLAUGHT2\Unit.cpp	1101	0x005D5598	Unwind@005d5598	0x005D5598	0x005D559D	ADJACENT	0	0x005D55AB	0x00449D40	OID__FreeObject_Callback
C:\dev\ONSLAUGHT2\Unit.cpp	2160	0x004FC4E0	CUnit__UpdateTransform	0x004FC5AC	0x004FC5B1	ADJACENT	0	0x004FC5BF	0x005490E0	CDXMemoryManager__Alloc
C:\dev\ONSLAUGHT2\Unit.cpp	3099	0x004FE030	CUnit__TriggerEffect	0x004FE23D	0x004FE242	ADJACENT	0	0x004FE250	0x005490E0	CDXMemoryManager__Alloc
C:\dev\ONSLAUGHT2\Unit.cpp	3099	0x005D55C0	Unwind@005d55c0	0x005D55C0	0x005D55C5	ADJACENT	0	0x005D55D0	0x00449D40	OID__FreeObject_Callback
C:\dev\ONSLAUGHT2\vbuffer.cpp	83	0x005000C0	CVBuffer__Create	0x005000C7	0x005000CD	STACK_STABLE_GAP	1	0x005000F8	0x005490E0	CDXMemoryManager__Alloc
C:\dev\ONSLAUGHT2\vbuftexture.cpp	182	0x005005E0	CVBufTexture__ResizeVertexBuffer	0x0050062A	0x0050062F	ADJACENT	0	0x0050063D	0x005490E0	CDXMemoryManager__Alloc
C:\dev\ONSLAUGHT2\vbuftexture.cpp	182	0x005D5670	Unwind@005d5670	0x005D5670	0x005D5675	ADJACENT	0	0x005D5680	0x00449D40	OID__FreeObject_Callback
C:\dev\ONSLAUGHT2\vbuftexture.cpp	251	0x005007F0	CVBufTexture__ResizeIndexBuffer	0x00500838	0x0050083D	ADJACENT	0	0x0050084B	0x005490E0	CDXMemoryManager__Alloc
C:\dev\ONSLAUGHT2\vbuftexture.cpp	251	0x005D56A0	Unwind@005d56a0	0x005D56A0	0x005D56A5	ADJACENT	0	0x005D56B0	0x00449D40	OID__FreeObject_Callback
C:\dev\ONSLAUGHT2\vbuftexture.cpp	750	0x00501280	CVBufTexture__GetOrCreate	0x005012C6	0x005012CB	ADJACENT	0	0x005012D9	0x005490E0	CDXMemoryManager__Alloc
C:\dev\ONSLAUGHT2\VertexShader.cpp	701	0x00502060	CVertexShader__Create	0x00502135	0x0050213A	ADJACENT	0	0x00502148	0x005490E0	CDXMemoryManager__Alloc
C:\dev\ONSLAUGHT2\VertexShader.cpp	701	0x005D5710	Unwind@005d5710	0x005D5710	0x005D5715	ADJACENT	0	0x005D5720	0x00449D40	OID__FreeObject_Callback
C:\dev\ONSLAUGHT2\VertexShader.cpp	797	0x005022A0	CVertexShader__LoadFromFile	0x00502398	0x0050239D	ADJACENT	0	0x005023AA	0x005490E0	CDXMemoryManager__Alloc
C:\dev\ONSLAUGHT2\VertexShader.cpp	838	0x00502060	CVertexShader__Create	0x005021E1	0x005021F5	STACK_STABLE_GAP	7	0x00502214	0x005490E0	CDXMemoryManager__Alloc
C:\dev\ONSLAUGHT2\VertexShader.cpp	941	0x00502420	CVertexShader__CompileShader	0x00502600	0x00502605	ADJACENT	0	0x00502616	0x005490E0	CDXMemoryManager__Alloc
C:\dev\ONSLAUGHT2\VertexShader.cpp	996	0x00502420	CVertexShader__CompileShader	0x00502763	0x00502768	ADJACENT	0	0x00502778	0x005490E0	CDXMemoryManager__Alloc
C:\dev\ONSLAUGHT2\VertexShader.cpp	2458	0x00503F90	CVertexShader__Clone	0x00503FAF	0x00503FB4	ADJACENT	0	0x00503FC2	0x005490E0	CDXMemoryManager__Alloc
C:\dev\ONSLAUGHT2\VertexShader.cpp	2458	0x005D5740	Unwind@005d5740	0x005D5740	0x005D5745	ADJACENT	0	0x005D5753	0x00449D40	OID__FreeObject_Callback
C:\dev\ONSLAUGHT2\VertexShader.cpp	2502	0x00503F90	CVertexShader__Clone	0x0050402F	0x0050403A	STACK_STABLE_GAP	2	0x00504047	0x005490E0	CDXMemoryManager__Alloc
C:\dev\ONSLAUGHT2\VertexShader.cpp	2514	0x00503F90	CVertexShader__Clone	0x00504074	0x00504079	ADJACENT	0	0x0050408D	0x005490E0	CDXMemoryManager__Alloc
C:\dev\ONSLAUGHT2\VertexShader.cpp	2531	0x00503F90	CVertexShader__Clone	0x005040C8	0x005040CD	ADJACENT	0	0x005040E1	0x005490E0	CDXMemoryManager__Alloc
C:\dev\ONSLAUGHT2\VertexShader.cpp	2543	0x00503F90	CVertexShader__Clone	0x00504102	0x00504107	ADJACENT	0	0x0050411B	0x005490E0	CDXMemoryManager__Alloc
C:\dev\ONSLAUGHT2\VertexShader.cpp	2571	0x00503F90	CVertexShader__Clone	0x00504190	0x00504195	ADJACENT	0	0x005041A2	0x005490E0	CDXMemoryManager__Alloc
C:\dev\ONSLAUGHT2\VertexShader.cpp	2590	0x00503F90	CVertexShader__Clone	0x005041DA	0x005041DF	ADJACENT	0	0x005041F3	0x005490E0	CDXMemoryManager__Alloc
C:\dev\ONSLAUGHT2\VertexShader.cpp	2621	0x00503F90	CVertexShader__Clone	0x0050427C	0x00504282	STACK_STABLE_GAP	1	0x0050428F	0x005490E0	CDXMemoryManager__Alloc
C:\dev\ONSLAUGHT2\Warspite.cpp	10	0x00504460	CWarspite__Create	0x00504478	0x0050447C	STACK_STABLE_GAP	1	0x0050448A	0x005490E0	CDXMemoryManager__Alloc
C:\dev\ONSLAUGHT2\Warspite.cpp	10	0x005D5770	Unwind@005d5770	0x005D5770	0x005D5772	ADJACENT	0	0x005D577D	0x00449D40	OID__FreeObject_Callback
C:\dev\ONSLAUGHT2\WarspiteDome.cpp	25	0x005047E0	CWarspiteDome__Init	0x00504831	0x00504833	ADJACENT	0	0x00504841	0x005490E0	CDXMemoryManager__Alloc
C:\dev\ONSLAUGHT2\WarspiteDome.cpp	25	0x005D57C0	Unwind@005d57c0	0x005D57C0	0x005D57C2	ADJACENT	0	0x005D57CD	0x00449D40	OID__FreeObject_Callback
C:\dev\ONSLAUGHT2\WarspiteDome.cpp	26	0x005047E0	CWarspiteDome__Init	0x00504861	0x00504863	ADJACENT	0	0x0050487F	0x005490E0	CDXMemoryManager__Alloc
C:\dev\ONSLAUGHT2\WarspiteDome.cpp	26	0x005D57D6	Unwind@005d57d6	0x005D57D6	0x005D57D8	ADJACENT	0	0x005D57E3	0x00449D40	OID__FreeObject_Callback
C:\dev\ONSLAUGHT2\WarspiteDome.cpp	29	0x005047E0	CWarspiteDome__Init	0x005048D5	0x005048D7	ADJACENT	0	0x005048F8	0x005490E0	CDXMemoryManager__Alloc
C:\dev\ONSLAUGHT2\WarspiteDome.cpp	29	0x005D57EC	Unwind@005d57ec	0x005D57EC	0x005D57EE	ADJACENT	0	0x005D57F9	0x00449D40	OID__FreeObject_Callback
C:\dev\ONSLAUGHT2\wavread.cpp	61	0x00505210	WavRead__ReadMMIO	0x0050529F	0x005052A1	ADJACENT	0	0x005052AF	0x005490E0	CDXMemoryManager__Alloc
C:\dev\ONSLAUGHT2\wavread.cpp	75	0x00505210	WavRead__ReadMMIO	0x00505336	0x0050533D	STACK_STABLE_GAP	1	0x0050534D	0x005490E0	CDXMemoryManager__Alloc
C:\dev\ONSLAUGHT2\WaypointManager.cpp	26	0x00505960	CWaypoint__Load	0x0050597D	0x00505980	STACK_STABLE_GAP	1	0x0050598D	0x005490E0	CDXMemoryManager__Alloc
C:\dev\ONSLAUGHT2\WaypointManager.cpp	114	0x00505AE0	CWaypointManager__LoadWaypoints	0x00505B1B	0x00505B1D	ADJACENT	0	0x00505B2B	0x005490E0	CDXMemoryManager__Alloc
C:\dev\ONSLAUGHT2\WaypointManager.cpp	114	0x005D5860	CWaypointManager__LoadWaypoints_unwind	0x005D5860	0x005D5862	ADJACENT	0	0x005D586D	0x00449D40	OID__FreeObject_Callback
C:\dev\ONSLAUGHT2\world.cpp	192	0x0050AC70	CWorld__LoadScriptEvents	0x0050ACC1	0x0050ACC6	ADJACENT	0	0x0050ACD4	0x005490E0	CDXMemoryManager__Alloc
C:\dev\ONSLAUGHT2\world.cpp	192	0x005D5B70	Unwind@005d5b70	0x005D5B70	0x005D5B75	ADJACENT	0	0x005D5B80	0x00449D40	OID__FreeObject_Callback
C:\dev\ONSLAUGHT2\world.cpp	195	0x0050AC70	CWorld__LoadScriptEvents	0x0050ACF1	0x0050ACF6	ADJACENT	0	0x0050AD08	0x005490E0	CDXMemoryManager__Alloc
C:\dev\ONSLAUGHT2\world.cpp	195	0x005D5B89	Unwind@005d5b89	0x005D5B89	0x005D5B8E	ADJACENT	0	0x005D5B99	0x00449D40	OID__FreeObject_Callback
C:\dev\ONSLAUGHT2\world.cpp	197	0x0050AC70	CWorld__LoadScriptEvents	0x0050AD2B	0x0050AD30	ADJACENT	0	0x0050AD42	0x005490E0	CDXMemoryManager__Alloc
C:\dev\ONSLAUGHT2\world.cpp	644	0x0050B780	CWorld__DeserializeWorld	0x0050B7E0	0x0050B7E5	ADJACENT	0	0x0050B7F3	0x005490E0	CDXMemoryManager__Alloc
C:\dev\ONSLAUGHT2\world.cpp	644	0x005D5BF0	Unwind@005d5bf0	0x005D5BF0	0x005D5BF5	ADJACENT	0	0x005D5C00	0x00449D40	OID__FreeObject_Callback
C:\dev\ONSLAUGHT2\world.cpp	645	0x0050B780	CWorld__DeserializeWorld	0x0050B835	0x0050B83A	ADJACENT	0	0x0050B859	0x005490E0	CDXMemoryManager__Alloc
C:\dev\ONSLAUGHT2\world.cpp	646	0x0050B780	CWorld__DeserializeWorld	0x0050B85E	0x0050B863	ADJACENT	0	0x0050B879	0x005490E0	CDXMemoryManager__Alloc
C:\dev\ONSLAUGHT2\world.cpp	757	0x0050B9C0	CWorld__LoadWorld	0x0050BB03	0x0050BB08	ADJACENT	0	0x0050BB16	0x005490E0	CDXMemoryManager__Alloc
C:\dev\ONSLAUGHT2\world.cpp	757	0x005D5C60	Unwind@005d5c60	0x005D5C60	0x005D5C65	ADJACENT	0	0x005D5C73	0x00449D40	OID__FreeObject_Callback
C:\dev\ONSLAUGHT2\world.cpp	759	0x0050B9C0	CWorld__LoadWorld	0x0050BB81	0x0050BB86	ADJACENT	0	0x0050BB97	0x005490E0	CDXMemoryManager__Alloc
C:\dev\ONSLAUGHT2\world.cpp	761	0x0050B9C0	CWorld__LoadWorld	0x0050BBAA	0x0050BBAF	ADJACENT	0	0x0050BBC0	0x005490E0	CDXMemoryManager__Alloc
C:\dev\ONSLAUGHT2\world.cpp	1131	0x0050B9C0	CWorld__LoadWorld	0x0050CFD3	0x0050CFD8	ADJACENT	0	0x0050CFE6	0x005490E0	CDXMemoryManager__Alloc
C:\dev\ONSLAUGHT2\world.cpp	1157	0x0050B9C0	CWorld__LoadWorld	0x0050D030	0x0050D035	ADJACENT	0	0x0050D043	0x005490E0	CDXMemoryManager__Alloc
C:\dev\ONSLAUGHT2\world.cpp	1334	0x0050D580	CWorld__InitLODLists	0x0050D597	0x0050D59E	STACK_STABLE_GAP	1	0x0050D5AF	0x005490E0	CDXMemoryManager__Alloc
C:\dev\ONSLAUGHT2\world.cpp	1334	0x005D5CA0	Unwind@005d5ca0	0x005D5CA0	0x005D5CA5	ADJACENT	0	0x005D5CB0	0x00449D40	OID__FreeObject_Callback
C:\dev\ONSLAUGHT2\world.cpp	1335	0x0050D580	CWorld__InitLODLists	0x0050D5D4	0x0050D5D9	ADJACENT	0	0x0050D5F8	0x005490E0	CDXMemoryManager__Alloc
C:\dev\ONSLAUGHT2\world.cpp	1335	0x005D5CB9	Unwind@005d5cb9	0x005D5CB9	0x005D5CBE	ADJACENT	0	0x005D5CC9	0x00449D40	OID__FreeObject_Callback
C:\dev\ONSLAUGHT2\world.cpp	1336	0x0050D580	CWorld__InitLODLists	0x0050D61D	0x0050D622	ADJACENT	0	0x0050D641	0x005490E0	CDXMemoryManager__Alloc
C:\dev\ONSLAUGHT2\world.cpp	1336	0x005D5CD2	Unwind@005d5cd2	0x005D5CD2	0x005D5CD7	ADJACENT	0	0x005D5CE2	0x00449D40	OID__FreeObject_Callback
C:\dev\ONSLAUGHT2\WorldMeshList.cpp	46	0x0050D9E0	CWorldMeshList__Add	0x0050DB0A	0x0050DB0C	ADJACENT	0	0x0050DB1A	0x005490E0	CDXMemoryManager__Alloc
C:\dev\ONSLAUGHT2\WorldMeshList.cpp	46	0x005D5D00	Unwind@005d5d00	0x005D5D00	0x005D5D02	ADJACENT	0	0x005D5D0D	0x00449D40	OID__FreeObject_Callback
C:\dev\ONSLAUGHT2\WorldMeshList.h	17	0x0050D9E0	CWorldMeshList__Add	0x0050DB43	0x0050DB49	STACK_STABLE_GAP	2	0x0050DB56	0x005490E0	CDXMemoryManager__Alloc
C:\dev\ONSLAUGHT2\WorldPhysicsManager.cpp	75	0x0050DF80	CWorldPhysicsManager__CreateThingByType	0x0050E001	0x0050E003	ADJACENT	0	0x0050E014	0x005490E0	CDXMemoryManager__Alloc
C:\dev\ONSLAUGHT2\WorldPhysicsManager.cpp	75	0x005D5D20	Unwind@005d5d20	0x005D5D20	0x005D5D22	ADJACENT	0	0x005D5D2D	0x00449D40	OID__FreeObject_Callback
C:\dev\ONSLAUGHT2\WorldPhysicsManager.cpp	76	0x0050DF80	CWorldPhysicsManager__CreateThingByType	0x0050E051	0x0050E053	ADJACENT	0	0x0050E064	0x005490E0	CDXMemoryManager__Alloc
C:\dev\ONSLAUGHT2\WorldPhysicsManager.cpp	76	0x005D5D36	Unwind@005d5d36	0x005D5D36	0x005D5D38	ADJACENT	0	0x005D5D43	0x00449D40	OID__FreeObject_Callback
C:\dev\ONSLAUGHT2\WorldPhysicsManager.cpp	77	0x0050DF80	CWorldPhysicsManager__CreateThingByType	0x0050E0A5	0x0050E0A7	ADJACENT	0	0x0050E0B8	0x005490E0	CDXMemoryManager__Alloc
C:\dev\ONSLAUGHT2\WorldPhysicsManager.cpp	77	0x005D5D4C	Unwind@005d5d4c	0x005D5D4C	0x005D5D4E	ADJACENT	0	0x005D5D59	0x00449D40	OID__FreeObject_Callback
C:\dev\ONSLAUGHT2\WorldPhysicsManager.cpp	78	0x0050DF80	CWorldPhysicsManager__CreateThingByType	0x0050E0F9	0x0050E0FB	ADJACENT	0	0x0050E10C	0x005490E0	CDXMemoryManager__Alloc
C:\dev\ONSLAUGHT2\WorldPhysicsManager.cpp	78	0x005D5D62	Unwind@005d5d62	0x005D5D62	0x005D5D64	ADJACENT	0	0x005D5D6F	0x00449D40	OID__FreeObject_Callback
C:\dev\ONSLAUGHT2\WorldPhysicsManager.cpp	79	0x0050DF80	CWorldPhysicsManager__CreateThingByType	0x0050E14D	0x0050E14F	ADJACENT	0	0x0050E160	0x005490E0	CDXMemoryManager__Alloc
C:\dev\ONSLAUGHT2\WorldPhysicsManager.cpp	79	0x005D5D78	Unwind@005d5d78	0x005D5D78	0x005D5D7A	ADJACENT	0	0x005D5D85	0x00449D40	OID__FreeObject_Callback
C:\dev\ONSLAUGHT2\WorldPhysicsManager.cpp	80	0x0050DF80	CWorldPhysicsManager__CreateThingByType	0x0050E1B8	0x0050E1BA	ADJACENT	0	0x0050E1CB	0x005490E0	CDXMemoryManager__Alloc
C:\dev\ONSLAUGHT2\WorldPhysicsManager.cpp	80	0x005D5D96	Unwind@005d5d96	0x005D5D96	0x005D5D98	ADJACENT	0	0x005D5DA3	0x00449D40	OID__FreeObject_Callback
C:\dev\ONSLAUGHT2\WorldPhysicsManager.cpp	81	0x0050DF80	CWorldPhysicsManager__CreateThingByType	0x0050E20C	0x0050E20E	ADJACENT	0	0x0050E21F	0x005490E0	CDXMemoryManager__Alloc
C:\dev\ONSLAUGHT2\WorldPhysicsManager.cpp	81	0x005D5DAC	Unwind@005d5dac	0x005D5DAC	0x005D5DAE	ADJACENT	0	0x005D5DB9	0x00449D40	OID__FreeObject_Callback
C:\dev\ONSLAUGHT2\WorldPhysicsManager.cpp	82	0x0050DF80	CWorldPhysicsManager__CreateThingByType	0x0050E260	0x0050E262	ADJACENT	0	0x0050E273	0x005490E0	CDXMemoryManager__Alloc
C:\dev\ONSLAUGHT2\WorldPhysicsManager.cpp	82	0x005D5DC2	Unwind@005d5dc2	0x005D5DC2	0x005D5DC4	ADJACENT	0	0x005D5DCF	0x00449D40	OID__FreeObject_Callback
C:\dev\ONSLAUGHT2\WorldPhysicsManager.cpp	83	0x0050DF80	CWorldPhysicsManager__CreateThingByType	0x0050E2B4	0x0050E2B6	ADJACENT	0	0x0050E2C7	0x005490E0	CDXMemoryManager__Alloc
C:\dev\ONSLAUGHT2\WorldPhysicsManager.cpp	83	0x005D5DD8	Unwind@005d5dd8	0x005D5DD8	0x005D5DDA	ADJACENT	0	0x005D5DE5	0x00449D40	OID__FreeObject_Callback
C:\dev\ONSLAUGHT2\WorldPhysicsManager.cpp	85	0x0050DF80	CWorldPhysicsManager__CreateThingByType	0x0050E308	0x0050E30A	ADJACENT	0	0x0050E31B	0x005490E0	CDXMemoryManager__Alloc
C:\dev\ONSLAUGHT2\WorldPhysicsManager.cpp	85	0x005D5DEE	Unwind@005d5dee	0x005D5DEE	0x005D5DF0	ADJACENT	0	0x005D5DFB	0x00449D40	OID__FreeObject_Callback
C:\dev\ONSLAUGHT2\WorldPhysicsManager.cpp	86	0x0050DF80	CWorldPhysicsManager__CreateThingByType	0x0050E35C	0x0050E35E	ADJACENT	0	0x0050E36F	0x005490E0	CDXMemoryManager__Alloc
C:\dev\ONSLAUGHT2\WorldPhysicsManager.cpp	86	0x005D5E04	Unwind@005d5e04	0x005D5E04	0x005D5E06	ADJACENT	0	0x005D5E11	0x00449D40	OID__FreeObject_Callback
C:\dev\ONSLAUGHT2\WorldPhysicsManager.cpp	87	0x0050DF80	CWorldPhysicsManager__CreateThingByType	0x0050E3B0	0x0050E3B2	ADJACENT	0	0x0050E3C3	0x005490E0	CDXMemoryManager__Alloc
C:\dev\ONSLAUGHT2\WorldPhysicsManager.cpp	87	0x005D5E1A	Unwind@005d5e1a	0x005D5E1A	0x005D5E1C	ADJACENT	0	0x005D5E27	0x00449D40	OID__FreeObject_Callback
C:\dev\ONSLAUGHT2\WorldPhysicsManager.cpp	88	0x0050DF80	CWorldPhysicsManager__CreateThingByType	0x0050E404	0x0050E406	ADJACENT	0	0x0050E417	0x005490E0	CDXMemoryManager__Alloc
C:\dev\ONSLAUGHT2\WorldPhysicsManager.cpp	88	0x005D5E30	Unwind@005d5e30	0x005D5E30	0x005D5E32	ADJACENT	0	0x005D5E3D	0x00449D40	OID__FreeObject_Callback
C:\dev\ONSLAUGHT2\WorldPhysicsManager.cpp	89	0x0050DF80	CWorldPhysicsManager__CreateThingByType	0x0050E458	0x0050E45A	ADJACENT	0	0x0050E46B	0x005490E0	CDXMemoryManager__Alloc
C:\dev\ONSLAUGHT2\WorldPhysicsManager.cpp	89	0x005D5E46	Unwind@005d5e46	0x005D5E46	0x005D5E48	ADJACENT	0	0x005D5E53	0x00449D40	OID__FreeObject_Callback
C:\dev\ONSLAUGHT2\WorldPhysicsManager.cpp	90	0x0050DF80	CWorldPhysicsManager__CreateThingByType	0x0050E4AC	0x0050E4AE	ADJACENT	0	0x0050E4BF	0x005490E0	CDXMemoryManager__Alloc
C:\dev\ONSLAUGHT2\WorldPhysicsManager.cpp	90	0x005D5E5C	Unwind@005d5e5c	0x005D5E5C	0x005D5E5E	ADJACENT	0	0x005D5E69	0x00449D40	OID__FreeObject_Callback
C:\dev\ONSLAUGHT2\WorldPhysicsManager.cpp	91	0x0050DF80	CWorldPhysicsManager__CreateThingByType	0x0050E500	0x0050E502	ADJACENT	0	0x0050E513	0x005490E0	CDXMemoryManager__Alloc
C:\dev\ONSLAUGHT2\WorldPhysicsManager.cpp	91	0x005D5E72	Unwind@005d5e72	0x005D5E72	0x005D5E74	ADJACENT	0	0x005D5E7F	0x00449D40	OID__FreeObject_Callback
C:\dev\ONSLAUGHT2\WorldPhysicsManager.cpp	92	0x0050DF80	CWorldPhysicsManager__CreateThingByType	0x0050E554	0x0050E556	ADJACENT	0	0x0050E567	0x005490E0	CDXMemoryManager__Alloc
C:\dev\ONSLAUGHT2\WorldPhysicsManager.cpp	92	0x005D5E88	Unwind@005d5e88	0x005D5E88	0x005D5E8A	ADJACENT	0	0x005D5E95	0x00449D40	OID__FreeObject_Callback
C:\dev\ONSLAUGHT2\WorldPhysicsManager.cpp	93	0x0050DF80	CWorldPhysicsManager__CreateThingByType	0x0050E5A8	0x0050E5AA	ADJACENT	0	0x0050E5BB	0x005490E0	CDXMemoryManager__Alloc
C:\dev\ONSLAUGHT2\WorldPhysicsManager.cpp	93	0x005D5E9E	Unwind@005d5e9e	0x005D5E9E	0x005D5EA0	ADJACENT	0	0x005D5EAB	0x00449D40	OID__FreeObject_Callback
C:\dev\ONSLAUGHT2\WorldPhysicsManager.cpp	94	0x0050DF80	CWorldPhysicsManager__CreateThingByType	0x0050E5FC	0x0050E5FE	ADJACENT	0	0x0050E60F	0x005490E0	CDXMemoryManager__Alloc
C:\dev\ONSLAUGHT2\WorldPhysicsManager.cpp	94	0x005D5EB4	Unwind@005d5eb4	0x005D5EB4	0x005D5EB6	ADJACENT	0	0x005D5EC1	0x00449D40	OID__FreeObject_Callback
C:\dev\ONSLAUGHT2\WorldPhysicsManager.cpp	95	0x0050DF80	CWorldPhysicsManager__CreateThingByType	0x0050E650	0x0050E652	ADJACENT	0	0x0050E663	0x005490E0	CDXMemoryManager__Alloc
C:\dev\ONSLAUGHT2\WorldPhysicsManager.cpp	95	0x005D5ECA	Unwind@005d5eca	0x005D5ECA	0x005D5ECC	ADJACENT	0	0x005D5ED7	0x00449D40	OID__FreeObject_Callback
C:\dev\ONSLAUGHT2\WorldPhysicsManager.cpp	96	0x0050DF80	CWorldPhysicsManager__CreateThingByType	0x0050E6A4	0x0050E6A6	ADJACENT	0	0x0050E6B7	0x005490E0	CDXMemoryManager__Alloc
C:\dev\ONSLAUGHT2\WorldPhysicsManager.cpp	96	0x005D5EE0	Unwind@005d5ee0	0x005D5EE0	0x005D5EE2	ADJACENT	0	0x005D5EED	0x00449D40	OID__FreeObject_Callback
C:\dev\ONSLAUGHT2\WorldPhysicsManager.cpp	97	0x0050DF80	CWorldPhysicsManager__CreateThingByType	0x0050E6F8	0x0050E6FA	ADJACENT	0	0x0050E70B	0x005490E0	CDXMemoryManager__Alloc
C:\dev\ONSLAUGHT2\WorldPhysicsManager.cpp	97	0x005D5EF6	Unwind@005d5ef6	0x005D5EF6	0x005D5EF8	ADJACENT	0	0x005D5F03	0x00449D40	OID__FreeObject_Callback
C:\dev\ONSLAUGHT2\WorldPhysicsManager.cpp	98	0x0050DF80	CWorldPhysicsManager__CreateThingByType	0x0050E74C	0x0050E74E	ADJACENT	0	0x0050E75F	0x005490E0	CDXMemoryManager__Alloc
C:\dev\ONSLAUGHT2\WorldPhysicsManager.cpp	98	0x005D5F0C	Unwind@005d5f0c	0x005D5F0C	0x005D5F0E	ADJACENT	0	0x005D5F19	0x00449D40	OID__FreeObject_Callback
C:\dev\ONSLAUGHT2\WorldPhysicsManager.cpp	99	0x0050DF80	CWorldPhysicsManager__CreateThingByType	0x0050E7A0	0x0050E7A2	ADJACENT	0	0x0050E7B3	0x005490E0	CDXMemoryManager__Alloc
C:\dev\ONSLAUGHT2\WorldPhysicsManager.cpp	99	0x005D5F22	Unwind@005d5f22	0x005D5F22	0x005D5F24	ADJACENT	0	0x005D5F2F	0x00449D40	OID__FreeObject_Callback
C:\dev\ONSLAUGHT2\WorldPhysicsManager.cpp	145	0x0050F4B0	CWorldPhysicsManager__CreateSquad	0x0050F513	0x0050F518	ADJACENT	0	0x0050F529	0x005490E0	CDXMemoryManager__Alloc
C:\dev\ONSLAUGHT2\WorldPhysicsManager.cpp	145	0x005D61B0	Unwind@005d61b0	0x005D61B0	0x005D61B5	ADJACENT	0	0x005D61C0	0x00449D40	OID__FreeObject_Callback
C:\dev\ONSLAUGHT2\WorldPhysicsManager.cpp	149	0x0050F4B0	CWorldPhysicsManager__CreateSquad	0x0050F576	0x0050F57B	ADJACENT	0	0x0050F58C	0x005490E0	CDXMemoryManager__Alloc
C:\dev\ONSLAUGHT2\WorldPhysicsManager.cpp	149	0x005D61D1	Unwind@005d61d1	0x005D61D1	0x005D61D6	ADJACENT	0	0x005D61E1	0x00449D40	OID__FreeObject_Callback
C:\dev\ONSLAUGHT2\WorldPhysicsManager.cpp	196	0x0050F6D0	CWorldPhysicsManager__CreateWeaponByIndex	0x0050F74F	0x0050F754	ADJACENT	0	0x0050F765	0x005490E0	CDXMemoryManager__Alloc
C:\dev\ONSLAUGHT2\WorldPhysicsManager.cpp	196	0x005D6220	Unwind@005d6220	0x005D6220	0x005D6225	ADJACENT	0	0x005D6230	0x00449D40	OID__FreeObject_Callback
C:\dev\ONSLAUGHT2\WorldPhysicsManager.cpp	211	0x0050F7A0	CWorldPhysicsManager__CreateProjectile	0x0050F7DA	0x0050F7DF	ADJACENT	0	0x0050F7F0	0x005490E0	CDXMemoryManager__Alloc
C:\dev\ONSLAUGHT2\WorldPhysicsManager.cpp	211	0x005D6250	Unwind@005d6250	0x005D6250	0x005D6255	ADJACENT	0	0x005D6260	0x00449D40	OID__FreeObject_Callback
C:\dev\ONSLAUGHT2\WorldPhysicsManager.cpp	213	0x0050F7A0	CWorldPhysicsManager__CreateProjectile	0x0050F82F	0x0050F834	ADJACENT	0	0x0050F845	0x005490E0	CDXMemoryManager__Alloc
C:\dev\ONSLAUGHT2\WorldPhysicsManager.cpp	213	0x005D6269	Unwind@005d6269	0x005D6269	0x005D626E	ADJACENT	0	0x005D6279	0x00449D40	OID__FreeObject_Callback
C:\dev\ONSLAUGHT2\WorldPhysicsManager.cpp	230	0x0050F970	CWorldPhysicsManager__CreateSpawner	0x0050F9EF	0x0050F9F4	ADJACENT	0	0x0050FA05	0x005490E0	CDXMemoryManager__Alloc
C:\dev\ONSLAUGHT2\WorldPhysicsManager.cpp	230	0x005D62C0	Unwind@005d62c0	0x005D62C0	0x005D62C5	ADJACENT	0	0x005D62D0	0x00449D40	OID__FreeObject_Callback
C:\dev\ONSLAUGHT2\WorldPhysicsManager.cpp	247	0x0050FA40	CWorldPhysicsManager__CreateCharacter	0x0050FAD5	0x0050FADA	ADJACENT	0	0x0050FAEB	0x005490E0	CDXMemoryManager__Alloc
C:\dev\ONSLAUGHT2\WorldPhysicsManager.cpp	247	0x005D62F0	Unwind@005d62f0	0x005D62F0	0x005D62F5	ADJACENT	0	0x005D6300	0x00449D40	OID__FreeObject_Callback
C:\dev\ONSLAUGHT2\WorldPhysicsManager.cpp	249	0x0050FA40	CWorldPhysicsManager__CreateCharacter	0x0050FB79	0x0050FB7E	ADJACENT	0	0x0050FB8F	0x005490E0	CDXMemoryManager__Alloc
C:\dev\ONSLAUGHT2\WorldPhysicsManager.cpp	249	0x005D632D	Unwind@005d632d	0x005D632D	0x005D6332	ADJACENT	0	0x005D633D	0x00449D40	OID__FreeObject_Callback
C:\dev\ONSLAUGHT2\WorldPhysicsManager.cpp	251	0x0050FA40	CWorldPhysicsManager__CreateCharacter	0x0050FC0E	0x0050FC13	ADJACENT	0	0x0050FC24	0x005490E0	CDXMemoryManager__Alloc
C:\dev\ONSLAUGHT2\WorldPhysicsManager.cpp	251	0x005D636A	Unwind@005d636a	0x005D636A	0x005D636F	ADJACENT	0	0x005D637A	0x00449D40	OID__FreeObject_Callback
C:\dev\ONSLAUGHT2\WorldPhysicsManager.cpp	265	0x0050FF10	CWorldPhysicsManager__CreateExplosion	0x0050FF39	0x0050FF3E	ADJACENT	0	0x0050FF4F	0x005490E0	CDXMemoryManager__Alloc
C:\dev\ONSLAUGHT2\WorldPhysicsManager.cpp	265	0x005D6400	Unwind@005d6400	0x005D6400	0x005D6405	ADJACENT	0	0x005D6410	0x00449D40	OID__FreeObject_Callback
C:\dev\ONSLAUGHT2\WorldPhysicsManager.cpp	278	0x00510060	CWorldPhysicsManager__CreateEffect	0x00510089	0x0051008E	ADJACENT	0	0x0051009F	0x005490E0	CDXMemoryManager__Alloc
C:\dev\ONSLAUGHT2\WorldPhysicsManager.cpp	278	0x005D6450	Unwind@005d6450	0x005D6450	0x005D6455	ADJACENT	0	0x005D6460	0x00449D40	OID__FreeObject_Callback
C:\dev\ONSLAUGHT2\WorldPhysicsManager.cpp	292	0x00510150	CWorldPhysicsManager__CreateTrigger	0x00510179	0x0051017E	ADJACENT	0	0x0051018F	0x005490E0	CDXMemoryManager__Alloc
C:\dev\ONSLAUGHT2\WorldPhysicsManager.cpp	292	0x005D6480	Unwind@005d6480	0x005D6480	0x005D6485	ADJACENT	0	0x005D6490	0x00449D40	OID__FreeObject_Callback
C:\dev\ONSLAUGHT2\WorldPhysicsManager.cpp	301	0x005102A0	CWorldPhysicsManager__InitializeLists	0x005102B7	0x005102BC	ADJACENT	0	0x005102CA	0x005490E0	CDXMemoryManager__Alloc
C:\dev\ONSLAUGHT2\WorldPhysicsManager.cpp	301	0x005D64D0	Unwind@005d64d0	0x005D64D0	0x005D64D5	ADJACENT	0	0x005D64E0	0x00449D40	OID__FreeObject_Callback
C:\dev\ONSLAUGHT2\WorldPhysicsManager.cpp	302	0x005102A0	CWorldPhysicsManager__InitializeLists	0x005102ED	0x005102F2	ADJACENT	0	0x0051030D	0x005490E0	CDXMemoryManager__Alloc
C:\dev\ONSLAUGHT2\WorldPhysicsManager.cpp	302	0x005D64E9	Unwind@005d64e9	0x005D64E9	0x005D64EE	ADJACENT	0	0x005D64F9	0x00449D40	OID__FreeObject_Callback
C:\dev\ONSLAUGHT2\WorldPhysicsManager.cpp	303	0x005102A0	CWorldPhysicsManager__InitializeLists	0x0051032F	0x00510334	ADJACENT	0	0x0051034C	0x005490E0	CDXMemoryManager__Alloc
C:\dev\ONSLAUGHT2\WorldPhysicsManager.cpp	303	0x005D6502	Unwind@005d6502	0x005D6502	0x005D6507	ADJACENT	0	0x005D6512	0x00449D40	OID__FreeObject_Callback
C:\dev\ONSLAUGHT2\WorldPhysicsManager.cpp	304	0x005102A0	CWorldPhysicsManager__InitializeLists	0x0051036E	0x00510373	ADJACENT	0	0x0051038B	0x005490E0	CDXMemoryManager__Alloc
C:\dev\ONSLAUGHT2\WorldPhysicsManager.cpp	304	0x005D651B	Unwind@005d651b	0x005D651B	0x005D6520	ADJACENT	0	0x005D652B	0x00449D40	OID__FreeObject_Callback
C:\dev\ONSLAUGHT2\WorldPhysicsManager.cpp	305	0x005102A0	CWorldPhysicsManager__InitializeLists	0x005103AD	0x005103B2	ADJACENT	0	0x005103CA	0x005490E0	CDXMemoryManager__Alloc
C:\dev\ONSLAUGHT2\WorldPhysicsManager.cpp	305	0x005D6534	Unwind@005d6534	0x005D6534	0x005D6539	ADJACENT	0	0x005D6544	0x00449D40	OID__FreeObject_Callback
C:\dev\ONSLAUGHT2\WorldPhysicsManager.cpp	306	0x005102A0	CWorldPhysicsManager__InitializeLists	0x005103EC	0x005103F1	ADJACENT	0	0x00510409	0x005490E0	CDXMemoryManager__Alloc
C:\dev\ONSLAUGHT2\WorldPhysicsManager.cpp	306	0x005D654D	Unwind@005d654d	0x005D654D	0x005D6552	ADJACENT	0	0x005D655D	0x00449D40	OID__FreeObject_Callback
C:\dev\ONSLAUGHT2\WorldPhysicsManager.cpp	307	0x005102A0	CWorldPhysicsManager__InitializeLists	0x0051042B	0x00510430	ADJACENT	0	0x00510448	0x005490E0	CDXMemoryManager__Alloc
C:\dev\ONSLAUGHT2\WorldPhysicsManager.cpp	307	0x005D6566	Unwind@005d6566	0x005D6566	0x005D656B	ADJACENT	0	0x005D6576	0x00449D40	OID__FreeObject_Callback
C:\dev\ONSLAUGHT2\WorldPhysicsManager.cpp	308	0x005102A0	CWorldPhysicsManager__InitializeLists	0x0051046A	0x0051046F	ADJACENT	0	0x00510487	0x005490E0	CDXMemoryManager__Alloc
C:\dev\ONSLAUGHT2\WorldPhysicsManager.cpp	308	0x005D657F	Unwind@005d657f	0x005D657F	0x005D6584	ADJACENT	0	0x005D658F	0x00449D40	OID__FreeObject_Callback
C:\dev\ONSLAUGHT2\WorldPhysicsManager.cpp	309	0x005102A0	CWorldPhysicsManager__InitializeLists	0x005104A9	0x005104AE	ADJACENT	0	0x005104C6	0x005490E0	CDXMemoryManager__Alloc
C:\dev\ONSLAUGHT2\WorldPhysicsManager.cpp	309	0x005D6598	Unwind@005d6598	0x005D6598	0x005D659D	ADJACENT	0	0x005D65A8	0x00449D40	OID__FreeObject_Callback
C:\dev\ONSLAUGHT2\WorldPhysicsManager.cpp	707	0x00511900	CWorldPhysicsManager__AddComponentByName	0x00511905	0x0051190E	STACK_STABLE_GAP	1	0x0051191C	0x005490E0	CDXMemoryManager__Alloc
C:\dev\ONSLAUGHT2\WorldPhysicsManager.cpp	724	0x005119E0	CWorldPhysicsManager__AddWeaponByName	0x005119E5	0x005119EE	STACK_STABLE_GAP	1	0x005119FC	0x005490E0	CDXMemoryManager__Alloc
C:\dev\ONSLAUGHT2\WorldPhysicsManager.cpp	742	0x00511AD0	CWorldPhysicsManager__AddSpawnerByName	0x00511AD5	0x00511ADE	STACK_STABLE_GAP	1	0x00511AEC	0x005490E0	CDXMemoryManager__Alloc
C:\dev\ONSLAUGHT2\WorldPhysicsManager.h	193	0x004317A0	CHazardStatement__CreateAndRegisterByName	0x004317EF	0x004317F4	ADJACENT	0	0x00431803	0x005490E0	CDXMemoryManager__Alloc
C:\dev\ONSLAUGHT2\WorldPhysicsManager.h	228	0x0043C410	CHazardEffect__ApplyToHazardByName	0x0043C4B7	0x0043C4C0	STACK_STABLE_GAP	2	0x0043C4CD	0x005490E0	CDXMemoryManager__Alloc
C:\dev\ONSLAUGHT2\WorldPhysicsManager.h	241	0x0043C320	CHazardNoise__ApplyToHazardByName	0x0043C3C7	0x0043C3D0	STACK_STABLE_GAP	2	0x0043C3DD	0x005490E0	CDXMemoryManager__Alloc
C:\dev\ONSLAUGHT2\WorldPhysicsManager.h	265	0x00431350	CFeatureStatement__CreateAndRegisterByName	0x0043139F	0x004313A4	ADJACENT	0	0x004313B3	0x005490E0	CDXMemoryManager__Alloc
C:\dev\ONSLAUGHT2\WorldPhysicsManager.h	313	0x0043BE10	CFeatureMesh__ApplyToFeatureByName	0x0043BEC8	0x0043BED0	STACK_STABLE_GAP	1	0x0043BEDD	0x005490E0	CDXMemoryManager__Alloc
C:\dev\ONSLAUGHT2\WorldPhysicsManager.h	326	0x0043BF00	CFeatureNoise__ApplyToFeatureByName	0x0043BFA7	0x0043BFB0	STACK_STABLE_GAP	2	0x0043BFBD	0x005490E0	CDXMemoryManager__Alloc
C:\dev\ONSLAUGHT2\WorldPhysicsManager.h	357	0x00430510	CSpawnerData__CreateAndRegisterByName	0x0043056E	0x00430573	ADJACENT	0	0x00430581	0x005490E0	CDXMemoryManager__Alloc
C:\dev\ONSLAUGHT2\WorldPhysicsManager.h	404	0x00439E70	CSpawnerBasedOn__ApplyToSpawnerByName	0x0043A001	0x0043A009	STACK_STABLE_GAP	1	0x0043A016	0x005490E0	CDXMemoryManager__Alloc
C:\dev\ONSLAUGHT2\WorldPhysicsManager.h	404	0x0043A080	CSpawnerUnit__ApplyToSpawnerByName	0x0043A138	0x0043A140	STACK_STABLE_GAP	1	0x0043A14D	0x005490E0	CDXMemoryManager__Alloc
C:\dev\ONSLAUGHT2\WorldPhysicsManager.h	472	0x0042FFA0	CRoundData__CreateAndRegisterByName	0x0042FFFC	0x00430001	ADJACENT	0	0x0043000F	0x005490E0	CDXMemoryManager__Alloc
C:\dev\ONSLAUGHT2\WorldPhysicsManager.h	572	0x00437FE0	CPhysicsRoundValue__SetOwnedAuxStringAt0C	0x00438013	0x0043801B	STACK_STABLE_GAP	1	0x00438028	0x005490E0	CDXMemoryManager__Alloc
C:\dev\ONSLAUGHT2\WorldPhysicsManager.h	572	0x00439620	CRoundMesh__ApplyToRoundByName	0x004396D8	0x004396E0	STACK_STABLE_GAP	1	0x004396ED	0x005490E0	CDXMemoryManager__Alloc
C:\dev\ONSLAUGHT2\WorldPhysicsManager.h	585	0x00437D00	CRoundBasedOn__VFunc_1_00437d00	0x00437EBF	0x00437EC8	STACK_STABLE_GAP	2	0x00437ED5	0x005490E0	CDXMemoryManager__Alloc
C:\dev\ONSLAUGHT2\WorldPhysicsManager.h	585	0x00439710	CRoundEffect__ApplyToRoundByName	0x004397B7	0x004397C0	STACK_STABLE_GAP	2	0x004397CD	0x005490E0	CDXMemoryManager__Alloc
C:\dev\ONSLAUGHT2\WorldPhysicsManager.h	596	0x00437D00	CRoundBasedOn__VFunc_1_00437d00	0x00437F1A	0x00437F23	STACK_STABLE_GAP	2	0x00437F30	0x005490E0	CDXMemoryManager__Alloc
C:\dev\ONSLAUGHT2\WorldPhysicsManager.h	596	0x00439800	CRoundWaterEffect__ApplyToRoundByName	0x004398A7	0x004398B0	STACK_STABLE_GAP	2	0x004398BD	0x005490E0	CDXMemoryManager__Alloc
C:\dev\ONSLAUGHT2\WorldPhysicsManager.h	607	0x00438050	CPhysicsRoundValue__SetOwnedValueStringAt08	0x00438072	0x0043807B	STACK_STABLE_GAP	2	0x00438088	0x005490E0	CDXMemoryManager__Alloc
C:\dev\ONSLAUGHT2\WorldPhysicsManager.h	607	0x00439910	CRoundExplosion__ApplyToRoundByName	0x004399B7	0x004399C0	STACK_STABLE_GAP	2	0x004399CD	0x005490E0	CDXMemoryManager__Alloc
C:\dev\ONSLAUGHT2\WorldPhysicsManager.h	732	0x0042FA80	CWeaponModeStatement__Create	0x0042FAF5	0x0042FAFA	ADJACENT	0	0x0042FB08	0x005490E0	CDXMemoryManager__Alloc
C:\dev\ONSLAUGHT2\WorldPhysicsManager.h	836	0x00436410	CWeaponMuzzleEffect__ApplyToWeaponModeByName	0x004364B7	0x004364C0	STACK_STABLE_GAP	2	0x004364CD	0x005490E0	CDXMemoryManager__Alloc
C:\dev\ONSLAUGHT2\WorldPhysicsManager.h	847	0x00436320	CWeaponPreFireEffect__ApplyToWeaponModeByName	0x004363C7	0x004363D0	STACK_STABLE_GAP	2	0x004363DD	0x005490E0	CDXMemoryManager__Alloc
C:\dev\ONSLAUGHT2\WorldPhysicsManager.h	858	0x00436500	CWeaponClip__ApplyToWeaponModeByName	0x004365A7	0x004365B0	STACK_STABLE_GAP	2	0x004365BD	0x005490E0	CDXMemoryManager__Alloc
C:\dev\ONSLAUGHT2\WorldPhysicsManager.h	869	0x004371C0	CWeaponLaunchSound__ApplyToWeaponModeByName	0x00437267	0x00437270	STACK_STABLE_GAP	2	0x0043727D	0x005490E0	CDXMemoryManager__Alloc
C:\dev\ONSLAUGHT2\WorldPhysicsManager.h	880	0x004372B0	CWeaponPreFireSound__ApplyToWeaponModeByName	0x00437357	0x00437360	STACK_STABLE_GAP	2	0x0043736D	0x005490E0	CDXMemoryManager__Alloc
C:\dev\ONSLAUGHT2\WorldPhysicsManager.h	891	0x004373A0	CWeaponPostFireSound__ApplyToWeaponModeByName	0x00437447	0x00437450	STACK_STABLE_GAP	2	0x0043745D	0x005490E0	CDXMemoryManager__Alloc
C:\dev\ONSLAUGHT2\WorldPhysicsManager.h	997	0x00435A00	CWeaponLaunchSequence__VFunc_1_00435a00	0x00435AB5	0x00435ABA	ADJACENT	0	0x00435AC8	0x005490E0	CDXMemoryManager__Alloc
C:\dev\ONSLAUGHT2\WorldPhysicsManager.h	1029	0x00435B50	CWeaponLaunchAngle__VFunc_1_00435b50	0x00435C0E	0x00435C13	ADJACENT	0	0x00435C21	0x005490E0	CDXMemoryManager__Alloc
C:\dev\ONSLAUGHT2\WorldPhysicsManager.h	1136	0x0042F5F0	WeaponDefinition__CreateAndRegisterByName	0x0042F648	0x0042F64D	ADJACENT	0	0x0042F65B	0x005490E0	CDXMemoryManager__Alloc
C:\dev\ONSLAUGHT2\WorldPhysicsManager.h	1210	0x00434F20	CWeaponIconName__ApplyToWeaponByName	0x00434FD8	0x00434FE0	STACK_STABLE_GAP	1	0x00434FED	0x005490E0	CDXMemoryManager__Alloc
C:\dev\ONSLAUGHT2\WorldPhysicsManager.h	1244	0x004309E0	ExplosionDefinition__CreateAndRegisterByName	0x00430A38	0x00430A3D	ADJACENT	0	0x00430A4B	0x005490E0	CDXMemoryManager__Alloc
C:\dev\ONSLAUGHT2\WorldPhysicsManager.h	1310	0x0043ABD0	CExplosionBasedOn__ApplyToExplosionByName	0x0043AD05	0x0043AD0E	STACK_STABLE_GAP	2	0x0043AD1B	0x005490E0	CDXMemoryManager__Alloc
C:\dev\ONSLAUGHT2\WorldPhysicsManager.h	1310	0x0043AFC0	CExplosionAirEffect__ApplyToExplosionByName	0x0043B067	0x0043B070	STACK_STABLE_GAP	2	0x0043B07D	0x005490E0	CDXMemoryManager__Alloc
C:\dev\ONSLAUGHT2\WorldPhysicsManager.h	1321	0x0043ABD0	CExplosionBasedOn__ApplyToExplosionByName	0x0043ADBB	0x0043ADC4	STACK_STABLE_GAP	2	0x0043ADD1	0x005490E0	CDXMemoryManager__Alloc
C:\dev\ONSLAUGHT2\WorldPhysicsManager.h	1321	0x0043B1C0	CExplosionWaterEffect__ApplyToExplosionByName	0x0043B267	0x0043B270	STACK_STABLE_GAP	2	0x0043B27D	0x005490E0	CDXMemoryManager__Alloc
C:\dev\ONSLAUGHT2\WorldPhysicsManager.h	1332	0x0043ABD0	CExplosionBasedOn__ApplyToExplosionByName	0x0043AD60	0x0043AD69	STACK_STABLE_GAP	2	0x0043AD76	0x005490E0	CDXMemoryManager__Alloc
C:\dev\ONSLAUGHT2\WorldPhysicsManager.h	1332	0x0043B0B0	CExplosionGroundEffect__ApplyToExplosionByName	0x0043B157	0x0043B160	STACK_STABLE_GAP	2	0x0043B16D	0x005490E0	CDXMemoryManager__Alloc
C:\dev\ONSLAUGHT2\WorldPhysicsManager.h	1343	0x0043ABD0	CExplosionBasedOn__ApplyToExplosionByName	0x0043AE16	0x0043AE1F	STACK_STABLE_GAP	2	0x0043AE2C	0x005490E0	CDXMemoryManager__Alloc
C:\dev\ONSLAUGHT2\WorldPhysicsManager.h	1343	0x0043B2B0	CExplosionUnitEffect__ApplyToExplosionByName	0x0043B357	0x0043B360	STACK_STABLE_GAP	2	0x0043B36D	0x005490E0	CDXMemoryManager__Alloc
C:\dev\ONSLAUGHT2\WorldPhysicsManager.h	1354	0x0043AEA0	CExplosionBasedOn__CopySoundString28	0x0043AEC2	0x0043AECB	STACK_STABLE_GAP	2	0x0043AED8	0x005490E0	CDXMemoryManager__Alloc
C:\dev\ONSLAUGHT2\WorldPhysicsManager.h	1354	0x0043B790	CExplosionSound__ApplyToExplosionByName	0x0043B837	0x0043B840	STACK_STABLE_GAP	2	0x0043B84D	0x005490E0	CDXMemoryManager__Alloc
C:\dev\ONSLAUGHT2\WorldPhysicsManager.h	1365	0x0043AF10	CExplosionBasedOn__CopyWaterSoundString2C	0x0043AF32	0x0043AF3B	STACK_STABLE_GAP	2	0x0043AF48	0x005490E0	CDXMemoryManager__Alloc
C:\dev\ONSLAUGHT2\WorldPhysicsManager.h	1365	0x0043B880	CExplosionWaterSound__ApplyToExplosionByName	0x0043B927	0x0043B930	STACK_STABLE_GAP	2	0x0043B93D	0x005490E0	CDXMemoryManager__Alloc
C:\dev\ONSLAUGHT2\WorldPhysicsManager.h	1511	0x0042EFD0	CUnitAI__InitDefaults	0x0042EFF5	0x0042EFFD	STACK_STABLE_GAP	1	0x0042F013	0x005490E0	CDXMemoryManager__Alloc
C:\dev\ONSLAUGHT2\WorldPhysicsManager.h	1623	0x0042EE90	CUnitAI__CreateAndRegisterByName	0x0042EF21	0x0042EF26	ADJACENT	0	0x0042EF34	0x005490E0	CDXMemoryManager__Alloc
C:\dev\ONSLAUGHT2\WorldPhysicsManager.h	1623	0x00430E60	CComponent__CreateAndRegisterByName	0x00430EF1	0x00430EF6	ADJACENT	0	0x00430F04	0x005490E0	CDXMemoryManager__Alloc
C:\dev\ONSLAUGHT2\WorldPhysicsManager.h	1734	0x00433390	CComponentBasedOn__CopyFrom	0x004333CA	0x004333D3	STACK_STABLE_GAP	2	0x004333E0	0x005490E0	CDXMemoryManager__Alloc
C:\dev\ONSLAUGHT2\WorldPhysicsManager.h	1734	0x00433CE0	CUnitMesh__VFunc_1_00433ce0	0x00433D03	0x00433D0C	STACK_STABLE_GAP	2	0x00433D19	0x005490E0	CDXMemoryManager__Alloc
C:\dev\ONSLAUGHT2\WorldPhysicsManager.h	1734	0x0043D760	CComponentMesh__ApplyToComponentByName	0x0043D80A	0x0043D813	STACK_STABLE_GAP	2	0x0043D820	0x005490E0	CDXMemoryManager__Alloc
C:\dev\ONSLAUGHT2\WorldPhysicsManager.h	1755	0x00433390	CComponentBasedOn__CopyFrom	0x00433486	0x0043348F	STACK_STABLE_GAP	2	0x0043349C	0x005490E0	CDXMemoryManager__Alloc
C:\dev\ONSLAUGHT2\WorldPhysicsManager.h	1755	0x00433DF0	CUnitNoise__VFunc_1_00433df0	0x00433E16	0x00433E1F	STACK_STABLE_GAP	2	0x00433E2C	0x005490E0	CDXMemoryManager__Alloc
C:\dev\ONSLAUGHT2\WorldPhysicsManager.h	1755	0x0043DA90	CComponentNoise__ApplyToComponentByName	0x0043DB3D	0x0043DB46	STACK_STABLE_GAP	2	0x0043DB53	0x005490E0	CDXMemoryManager__Alloc
C:\dev\ONSLAUGHT2\WorldPhysicsManager.h	1767	0x00433390	CComponentBasedOn__CopyFrom	0x004334EA	0x004334F3	STACK_STABLE_GAP	2	0x00433500	0x005490E0	CDXMemoryManager__Alloc
C:\dev\ONSLAUGHT2\WorldPhysicsManager.h	1767	0x00433E60	CUnitSpawnNoise__VFunc_1_00433e60	0x00433E86	0x00433E8F	STACK_STABLE_GAP	2	0x00433E9C	0x005490E0	CDXMemoryManager__Alloc
C:\dev\ONSLAUGHT2\WorldPhysicsManager.h	1779	0x00433390	CComponentBasedOn__CopyFrom	0x0043376F	0x00433778	STACK_STABLE_GAP	2	0x00433785	0x005490E0	CDXMemoryManager__Alloc
C:\dev\ONSLAUGHT2\WorldPhysicsManager.h	1779	0x00433ED0	CUnitTrails__VFunc_1_00433ed0	0x00433EF6	0x00433EFF	STACK_STABLE_GAP	2	0x00433F0C	0x005490E0	CDXMemoryManager__Alloc
C:\dev\ONSLAUGHT2\WorldPhysicsManager.h	1791	0x00433390	CComponentBasedOn__CopyFrom	0x004337D3	0x004337DC	STACK_STABLE_GAP	2	0x004337E9	0x005490E0	CDXMemoryManager__Alloc
C:\dev\ONSLAUGHT2\WorldPhysicsManager.h	1791	0x00433F40	CUnitThrusters__VFunc_1_00433f40	0x00433F66	0x00433F6F	STACK_STABLE_GAP	2	0x00433F7C	0x005490E0	CDXMemoryManager__Alloc
C:\dev\ONSLAUGHT2\WorldPhysicsManager.h	1803	0x00433390	CComponentBasedOn__CopyFrom	0x00433837	0x00433840	STACK_STABLE_GAP	2	0x0043384D	0x005490E0	CDXMemoryManager__Alloc
C:\dev\ONSLAUGHT2\WorldPhysicsManager.h	1803	0x00433FB0	CUnitSmoke__VFunc_1_00433fb0	0x00433FD6	0x00433FDF	STACK_STABLE_GAP	2	0x00433FEC	0x005490E0	CDXMemoryManager__Alloc
C:\dev\ONSLAUGHT2\WorldPhysicsManager.h	1815	0x00433390	CComponentBasedOn__CopyFrom	0x00433963	0x0043396C	STACK_STABLE_GAP	2	0x00433979	0x005490E0	CDXMemoryManager__Alloc
C:\dev\ONSLAUGHT2\WorldPhysicsManager.h	1815	0x00434120	FUN_00434120	0x00434146	0x0043414F	STACK_STABLE_GAP	2	0x0043415C	0x005490E0	CDXMemoryManager__Alloc
C:\dev\ONSLAUGHT2\WorldPhysicsManager.h	1827	0x00433390	CComponentBasedOn__CopyFrom	0x0043389B	0x004338A4	STACK_STABLE_GAP	2	0x004338B1	0x005490E0	CDXMemoryManager__Alloc
C:\dev\ONSLAUGHT2\WorldPhysicsManager.h	1839	0x00433390	CComponentBasedOn__CopyFrom	0x004338FF	0x00433908	STACK_STABLE_GAP	2	0x00433915	0x005490E0	CDXMemoryManager__Alloc
C:\dev\ONSLAUGHT2\WorldPhysicsManager.h	1839	0x00434190	CUnitVent__VFunc_1_00434190	0x004341B6	0x004341BF	STACK_STABLE_GAP	2	0x004341CC	0x005490E0	CDXMemoryManager__Alloc
C:\dev\ONSLAUGHT2\WorldPhysicsManager.h	1839	0x0043D8F0	CComponentVent__ApplyToComponentByName	0x0043D99D	0x0043D9A6	STACK_STABLE_GAP	2	0x0043D9B3	0x005490E0	CDXMemoryManager__Alloc
C:\dev\ONSLAUGHT2\WorldPhysicsManager.h	1851	0x00433390	CComponentBasedOn__CopyFrom	0x00433A2B	0x00433A34	STACK_STABLE_GAP	2	0x00433A41	0x005490E0	CDXMemoryManager__Alloc
C:\dev\ONSLAUGHT2\WorldPhysicsManager.h	1851	0x00434200	CUnitAfterburner__VFunc_1_00434200	0x00434226	0x0043422F	STACK_STABLE_GAP	2	0x0043423C	0x005490E0	CDXMemoryManager__Alloc
C:\dev\ONSLAUGHT2\WorldPhysicsManager.h	1863	0x00433390	CComponentBasedOn__CopyFrom	0x00433548	0x00433551	STACK_STABLE_GAP	2	0x0043355E	0x005490E0	CDXMemoryManager__Alloc
C:\dev\ONSLAUGHT2\WorldPhysicsManager.h	1863	0x00434270	CUnitShieldEffect__VFunc_1_00434270	0x00434293	0x0043429C	STACK_STABLE_GAP	2	0x004342A9	0x005490E0	CDXMemoryManager__Alloc
C:\dev\ONSLAUGHT2\WorldPhysicsManager.h	1875	0x00433390	CComponentBasedOn__CopyFrom	0x00433A8F	0x00433A98	STACK_STABLE_GAP	2	0x00433AA5	0x005490E0	CDXMemoryManager__Alloc
C:\dev\ONSLAUGHT2\WorldPhysicsManager.h	1875	0x00434020	CUnitWaterWake__VFunc_1_00434020	0x00434046	0x0043404F	STACK_STABLE_GAP	2	0x0043405C	0x005490E0	CDXMemoryManager__Alloc
C:\dev\ONSLAUGHT2\WorldPhysicsManager.h	1887	0x00433390	CComponentBasedOn__CopyFrom	0x00433AF3	0x00433AFC	STACK_STABLE_GAP	2	0x00433B09	0x005490E0	CDXMemoryManager__Alloc
C:\dev\ONSLAUGHT2\WorldPhysicsManager.h	1887	0x00434090	CUnitGroundWake__VFunc_1_00434090	0x004340B6	0x004340BF	STACK_STABLE_GAP	2	0x004340CC	0x005490E0	CDXMemoryManager__Alloc
C:\dev\ONSLAUGHT2\WorldPhysicsManager.h	1899	0x00433390	CComponentBasedOn__CopyFrom	0x00433425	0x0043342E	STACK_STABLE_GAP	2	0x0043343B	0x005490E0	CDXMemoryManager__Alloc
C:\dev\ONSLAUGHT2\WorldPhysicsManager.h	1911	0x00433390	CComponentBasedOn__CopyFrom	0x004339C7	0x004339D0	STACK_STABLE_GAP	2	0x004339DD	0x005490E0	CDXMemoryManager__Alloc
C:\dev\ONSLAUGHT2\WorldPhysicsManager.h	1911	0x00433D80	CUnitActivationEffect__VFunc_1_00433d80	0x00433DA6	0x00433DAF	STACK_STABLE_GAP	2	0x00433DBC	0x005490E0	CDXMemoryManager__Alloc
C:\dev\ONSLAUGHT2\WorldPhysicsManager.h	2009	0x00433390	CComponentBasedOn__CopyFrom	0x00433BC1	0x00433BC6	ADJACENT	0	0x00433BD4	0x005490E0	CDXMemoryManager__Alloc
C:\dev\ONSLAUGHT2\WorldPhysicsManager.h	2020	0x00433390	CComponentBasedOn__CopyFrom	0x00433C18	0x00433C1D	ADJACENT	0	0x00433C2B	0x005490E0	CDXMemoryManager__Alloc
C:\dev\ONSLAUGHT2\WorldPhysicsManager.h	2031	0x00433390	CComponentBasedOn__CopyFrom	0x00433C72	0x00433C77	ADJACENT	0	0x00433C85	0x005490E0	CDXMemoryManager__Alloc
C:\dev\ONSLAUGHT2\WorldPhysicsManager.h	2382	0x0042FFA0	CRoundData__CreateAndRegisterByName	0x0042FFB8	0x0042FFBD	ADJACENT	0	0x0042FFCE	0x005490E0	CDXMemoryManager__Alloc
C:\dev\ONSLAUGHT2\WorldPhysicsManager.h	2382	0x005D1D20	Unwind@005d1d20	0x005D1D20	0x005D1D25	ADJACENT	0	0x005D1D30	0x00449D40	OID__FreeObject_Callback
C:\dev\ONSLAUGHT2\WorldPhysicsManager.h	2389	0x0042FA80	CWeaponModeStatement__Create	0x0042FA98	0x0042FA9D	ADJACENT	0	0x0042FAAE	0x005490E0	CDXMemoryManager__Alloc
C:\dev\ONSLAUGHT2\WorldPhysicsManager.h	2389	0x005D1CC0	Unwind@005d1cc0	0x005D1CC0	0x005D1CC5	ADJACENT	0	0x005D1CD0	0x00449D40	OID__FreeObject_Callback
C:\dev\ONSLAUGHT2\WorldPhysicsManager.h	2396	0x0042F5F0	WeaponDefinition__CreateAndRegisterByName	0x0042F608	0x0042F60D	ADJACENT	0	0x0042F61B	0x005490E0	CDXMemoryManager__Alloc
C:\dev\ONSLAUGHT2\WorldPhysicsManager.h	2396	0x005D1C70	Unwind@005d1c70	0x005D1C70	0x005D1C75	ADJACENT	0	0x005D1C80	0x00449D40	OID__FreeObject_Callback
C:\dev\ONSLAUGHT2\WorldPhysicsManager.h	2403	0x00430510	CSpawnerData__CreateAndRegisterByName	0x00430528	0x0043052D	ADJACENT	0	0x0043053B	0x005490E0	CDXMemoryManager__Alloc
C:\dev\ONSLAUGHT2\WorldPhysicsManager.h	2403	0x005D1D70	Unwind@005d1d70	0x005D1D70	0x005D1D75	ADJACENT	0	0x005D1D80	0x00449D40	OID__FreeObject_Callback
C:\dev\ONSLAUGHT2\WorldPhysicsManager.h	2410	0x004309E0	ExplosionDefinition__CreateAndRegisterByName	0x004309F8	0x004309FD	ADJACENT	0	0x00430A0B	0x005490E0	CDXMemoryManager__Alloc
C:\dev\ONSLAUGHT2\WorldPhysicsManager.h	2410	0x005D1DC0	Unwind@005d1dc0	0x005D1DC0	0x005D1DC5	ADJACENT	0	0x005D1DD0	0x00449D40	OID__FreeObject_Callback
C:\dev\ONSLAUGHT2\WorldPhysicsManager.h	2417	0x0042EE90	CUnitAI__CreateAndRegisterByName	0x0042EEA7	0x0042EEAC	ADJACENT	0	0x0042EEBD	0x005490E0	CDXMemoryManager__Alloc
C:\dev\ONSLAUGHT2\WorldPhysicsManager.h	2417	0x005D1C00	Unwind@005d1c00	0x005D1C00	0x005D1C05	ADJACENT	0	0x005D1C10	0x00449D40	OID__FreeObject_Callback
C:\dev\ONSLAUGHT2\WorldPhysicsManager.h	2424	0x00430E60	CComponent__CreateAndRegisterByName	0x00430E77	0x00430E7C	ADJACENT	0	0x00430E8D	0x005490E0	CDXMemoryManager__Alloc
C:\dev\ONSLAUGHT2\WorldPhysicsManager.h	2424	0x005D1E10	Unwind@005d1e10	0x005D1E10	0x005D1E15	ADJACENT	0	0x005D1E20	0x00449D40	OID__FreeObject_Callback
C:\dev\ONSLAUGHT2\WorldPhysicsManager.h	2431	0x00431350	CFeatureStatement__CreateAndRegisterByName	0x00431368	0x0043136D	ADJACENT	0	0x0043137B	0x005490E0	CDXMemoryManager__Alloc
C:\dev\ONSLAUGHT2\WorldPhysicsManager.h	2431	0x005D1E80	Unwind@005d1e80	0x005D1E80	0x005D1E85	ADJACENT	0	0x005D1E90	0x00449D40	OID__FreeObject_Callback
C:\dev\ONSLAUGHT2\WorldPhysicsManager.h	2438	0x004317A0	CHazardStatement__CreateAndRegisterByName	0x004317B8	0x004317BD	ADJACENT	0	0x004317CB	0x005490E0	CDXMemoryManager__Alloc
C:\dev\ONSLAUGHT2\WorldPhysicsManager.h	2438	0x005D1ED0	Unwind@005d1ed0	0x005D1ED0	0x005D1ED5	ADJACENT	0	0x005D1EE0	0x00449D40	OID__FreeObject_Callback
C:\dev\ONSLAUGHT2\XBOXAsyncCache.cpp	29	0x00539CA0	CXBOXAsyncCache__LoadAsync	0x00539CCE	0x00539CD0	ADJACENT	0	0x00539CE1	0x005490E0	CDXMemoryManager__Alloc
C:\dev\ONSLAUGHT2\XBOXAsyncCache.cpp	29	0x005D7610	Unwind@005d7610	0x005D7610	0x005D7612	ADJACENT	0	0x005D761D	0x00449D40	OID__FreeObject_Callback
