stable_key	source_file	source_line	function	signature	source_commit	target_branch	source_anchor	source_excerpt	source_algorithm	fields_constants	source_side_effects	initial_readiness	retail_classification	retail_va	retail_analog	retail_evidence	retail_reason	retail_falsifier	rebuild_disposition	rebuild_owner	reuse_disposition	predecessor_artifacts
d3dapp.h:180:CD3DApplication::ConfirmDevice:ConfirmDevice(D3DCAPS8*,DWORD,D3DFORMAT)	d3dapp.h	180	CD3DApplication::ConfirmDevice	ConfirmDevice(D3DCAPS8*,DWORD,D3DFORMAT)	5352a81cdb838b145a57f7febc5d9fc4b0129ebb	_DIRECTX and !EDITORBUILD2 base selected by PCLTShell	virtual HRESULT ConfirmDevice(D3DCAPS8*,DWORD,D3DFORMAT)   { return S_OK; }	virtual HRESULT ConfirmDevice(D3DCAPS8*,DWORD,D3DFORMAT)   { return S_OK; }	Return S_OK unconditionally without touching source-visible state.	D3DCAPS8;D3DFORMAT;S_OK	Read-only or no-op at this source definition; no source-visible mutation.	SOURCE_ONLY_BOUNDED_NO_MATCH	NO_MATCH_FOUND			pinned source;reverse-engineering/binary-analysis/ghidra-function-name-table-2026-08-17.tsv;reverse-engineering/binary-analysis/function-c1-closure-2026-08-11.tsv;promoted semantic tables;bounded owner aliases	Simple inline/header body has no named or promoted semantic target after direct and bounded-owner-alias search; candidate bounded NO_MATCH only, not binary absence. W5 cold recheck preserved an empty VA after current name-table, closure, W008/W009, promoted shell semantics, and bounded method-alias review.	A line/signature-specific pristine body, ABI/vtable placement, caller/xref chain, or controlled runtime witness that resolves this exact definition falsifies the bounded no-match.	BACKEND_REPLACED_BY_GODOT	rebuild/OnslaughtRebuild.Godot	EXTENDED	local-lab/hermes-kanban-campaign-2026-08-22/source-first-expansion/partition.tsv@bc36791975f43d5da6b584727df3eb7d29402e18c550dd3d96e01bba0c301fde;pinned source;reverse-engineering/binary-analysis/ghidra-function-name-table-2026-08-17.tsv;reverse-engineering/binary-analysis/function-c1-closure-2026-08-11.tsv;promoted semantic tables;bounded owner aliases
d3dapp.h:181:CD3DApplication::OneTimeSceneInit:OneTimeSceneInit()	d3dapp.h	181	CD3DApplication::OneTimeSceneInit	OneTimeSceneInit()	5352a81cdb838b145a57f7febc5d9fc4b0129ebb	_DIRECTX and !EDITORBUILD2 base selected by PCLTShell	virtual HRESULT OneTimeSceneInit()                         { return S_OK; }	virtual HRESULT OneTimeSceneInit()                         { return S_OK; }	Return S_OK unconditionally without touching source-visible state.	S_OK	Read-only or no-op at this source definition; no source-visible mutation.	SOURCE_ONLY_BOUNDED_NO_MATCH	NO_MATCH_FOUND			pinned source;reverse-engineering/binary-analysis/ghidra-function-name-table-2026-08-17.tsv;reverse-engineering/binary-analysis/function-c1-closure-2026-08-11.tsv;promoted semantic tables;bounded owner aliases	Simple inline/header body has no named or promoted semantic target after direct and bounded-owner-alias search; candidate bounded NO_MATCH only, not binary absence. W5 cold recheck preserved an empty VA after current name-table, closure, W008/W009, promoted shell semantics, and bounded method-alias review.	A line/signature-specific pristine body, ABI/vtable placement, caller/xref chain, or controlled runtime witness that resolves this exact definition falsifies the bounded no-match.	BACKEND_REPLACED_BY_GODOT	rebuild/OnslaughtRebuild.Godot	EXTENDED	local-lab/hermes-kanban-campaign-2026-08-22/source-first-expansion/partition.tsv@bc36791975f43d5da6b584727df3eb7d29402e18c550dd3d96e01bba0c301fde;pinned source;reverse-engineering/binary-analysis/ghidra-function-name-table-2026-08-17.tsv;reverse-engineering/binary-analysis/function-c1-closure-2026-08-11.tsv;promoted semantic tables;bounded owner aliases
d3dapp.h:182:CD3DApplication::InitDeviceObjects:InitDeviceObjects()	d3dapp.h	182	CD3DApplication::InitDeviceObjects	InitDeviceObjects()	5352a81cdb838b145a57f7febc5d9fc4b0129ebb	_DIRECTX and !EDITORBUILD2 base selected by PCLTShell	virtual HRESULT InitDeviceObjects()                        { return S_OK; }	virtual HRESULT InitDeviceObjects()                        { return S_OK; }	Return S_OK unconditionally without touching source-visible state.	S_OK	Read-only or no-op at this source definition; no source-visible mutation.	SOURCE_ONLY_BOUNDED_NO_MATCH	NO_MATCH_FOUND			pinned source;reverse-engineering/binary-analysis/ghidra-function-name-table-2026-08-17.tsv;reverse-engineering/binary-analysis/function-c1-closure-2026-08-11.tsv;promoted semantic tables;bounded owner aliases	Simple inline/header body has no named or promoted semantic target after direct and bounded-owner-alias search; candidate bounded NO_MATCH only, not binary absence. W5 cold recheck preserved an empty VA after current name-table, closure, W008/W009, promoted shell semantics, and bounded method-alias review.	A line/signature-specific pristine body, ABI/vtable placement, caller/xref chain, or controlled runtime witness that resolves this exact definition falsifies the bounded no-match.	BACKEND_REPLACED_BY_GODOT	rebuild/OnslaughtRebuild.Godot	EXTENDED	local-lab/hermes-kanban-campaign-2026-08-22/source-first-expansion/partition.tsv@bc36791975f43d5da6b584727df3eb7d29402e18c550dd3d96e01bba0c301fde;pinned source;reverse-engineering/binary-analysis/ghidra-function-name-table-2026-08-17.tsv;reverse-engineering/binary-analysis/function-c1-closure-2026-08-11.tsv;promoted semantic tables;bounded owner aliases
d3dapp.h:183:CD3DApplication::RestoreDeviceObjects:RestoreDeviceObjects()	d3dapp.h	183	CD3DApplication::RestoreDeviceObjects	RestoreDeviceObjects()	5352a81cdb838b145a57f7febc5d9fc4b0129ebb	_DIRECTX and !EDITORBUILD2 base selected by PCLTShell	virtual HRESULT RestoreDeviceObjects()                     { return S_OK; }	virtual HRESULT RestoreDeviceObjects()                     { return S_OK; }	Return S_OK unconditionally without touching source-visible state.	S_OK	Read-only or no-op at this source definition; no source-visible mutation.	SOURCE_ONLY_BOUNDED_NO_MATCH	NO_MATCH_FOUND			pinned source;reverse-engineering/binary-analysis/ghidra-function-name-table-2026-08-17.tsv;reverse-engineering/binary-analysis/function-c1-closure-2026-08-11.tsv;promoted semantic tables;bounded owner aliases	Simple inline/header body has no named or promoted semantic target after direct and bounded-owner-alias search; candidate bounded NO_MATCH only, not binary absence. W5 cold recheck preserved an empty VA after current name-table, closure, W008/W009, promoted shell semantics, and bounded method-alias review.	A line/signature-specific pristine body, ABI/vtable placement, caller/xref chain, or controlled runtime witness that resolves this exact definition falsifies the bounded no-match.	BACKEND_REPLACED_BY_GODOT	rebuild/OnslaughtRebuild.Godot	EXTENDED	local-lab/hermes-kanban-campaign-2026-08-22/source-first-expansion/partition.tsv@bc36791975f43d5da6b584727df3eb7d29402e18c550dd3d96e01bba0c301fde;pinned source;reverse-engineering/binary-analysis/ghidra-function-name-table-2026-08-17.tsv;reverse-engineering/binary-analysis/function-c1-closure-2026-08-11.tsv;promoted semantic tables;bounded owner aliases
d3dapp.h:184:CD3DApplication::FrameMove:FrameMove()	d3dapp.h	184	CD3DApplication::FrameMove	FrameMove()	5352a81cdb838b145a57f7febc5d9fc4b0129ebb	_DIRECTX and !EDITORBUILD2 base selected by PCLTShell	virtual HRESULT FrameMove()                                { return S_OK; }	virtual HRESULT FrameMove()                                { return S_OK; }	Return S_OK unconditionally without touching source-visible state.	S_OK	Read-only or no-op at this source definition; no source-visible mutation.	SOURCE_ONLY_BOUNDED_NO_MATCH	NO_MATCH_FOUND			pinned source;reverse-engineering/binary-analysis/ghidra-function-name-table-2026-08-17.tsv;reverse-engineering/binary-analysis/function-c1-closure-2026-08-11.tsv;promoted semantic tables;bounded owner aliases	Simple inline/header body has no named or promoted semantic target after direct and bounded-owner-alias search; candidate bounded NO_MATCH only, not binary absence. W5 cold recheck preserved an empty VA after current name-table, closure, W008/W009, promoted shell semantics, and bounded method-alias review.	A line/signature-specific pristine body, ABI/vtable placement, caller/xref chain, or controlled runtime witness that resolves this exact definition falsifies the bounded no-match.	BACKEND_REPLACED_BY_GODOT	rebuild/OnslaughtRebuild.Godot	EXTENDED	local-lab/hermes-kanban-campaign-2026-08-22/source-first-expansion/partition.tsv@bc36791975f43d5da6b584727df3eb7d29402e18c550dd3d96e01bba0c301fde;pinned source;reverse-engineering/binary-analysis/ghidra-function-name-table-2026-08-17.tsv;reverse-engineering/binary-analysis/function-c1-closure-2026-08-11.tsv;promoted semantic tables;bounded owner aliases
d3dapp.h:185:CD3DApplication::Render:Render()	d3dapp.h	185	CD3DApplication::Render	Render()	5352a81cdb838b145a57f7febc5d9fc4b0129ebb	_DIRECTX and !EDITORBUILD2 base selected by PCLTShell	virtual HRESULT Render()                                   { return S_OK; }	virtual HRESULT Render()                                   { return S_OK; }	Return S_OK unconditionally without touching source-visible state.	S_OK	Read-only or no-op at this source definition; no source-visible mutation.	SOURCE_ONLY_BOUNDED_NO_MATCH	NO_MATCH_FOUND			pinned source;reverse-engineering/binary-analysis/ghidra-function-name-table-2026-08-17.tsv;reverse-engineering/binary-analysis/function-c1-closure-2026-08-11.tsv;promoted semantic tables;bounded owner aliases	Simple inline/header body has no named or promoted semantic target after direct and bounded-owner-alias search; candidate bounded NO_MATCH only, not binary absence. W5 cold recheck preserved an empty VA after current name-table, closure, W008/W009, promoted shell semantics, and bounded method-alias review.	A line/signature-specific pristine body, ABI/vtable placement, caller/xref chain, or controlled runtime witness that resolves this exact definition falsifies the bounded no-match.	BACKEND_REPLACED_BY_GODOT	rebuild/OnslaughtRebuild.Godot	EXTENDED	local-lab/hermes-kanban-campaign-2026-08-22/source-first-expansion/partition.tsv@bc36791975f43d5da6b584727df3eb7d29402e18c550dd3d96e01bba0c301fde;pinned source;reverse-engineering/binary-analysis/ghidra-function-name-table-2026-08-17.tsv;reverse-engineering/binary-analysis/function-c1-closure-2026-08-11.tsv;promoted semantic tables;bounded owner aliases
d3dapp.h:186:CD3DApplication::InvalidateDeviceObjects:InvalidateDeviceObjects()	d3dapp.h	186	CD3DApplication::InvalidateDeviceObjects	InvalidateDeviceObjects()	5352a81cdb838b145a57f7febc5d9fc4b0129ebb	_DIRECTX and !EDITORBUILD2 base selected by PCLTShell	virtual HRESULT InvalidateDeviceObjects()                  { return S_OK; }	virtual HRESULT InvalidateDeviceObjects()                  { return S_OK; }	Return S_OK unconditionally without touching source-visible state.	S_OK	Read-only or no-op at this source definition; no source-visible mutation.	SOURCE_ONLY_BOUNDED_NO_MATCH	NO_MATCH_FOUND			pinned source;reverse-engineering/binary-analysis/ghidra-function-name-table-2026-08-17.tsv;reverse-engineering/binary-analysis/function-c1-closure-2026-08-11.tsv;promoted semantic tables;bounded owner aliases	Simple inline/header body has no named or promoted semantic target after direct and bounded-owner-alias search; candidate bounded NO_MATCH only, not binary absence. W5 cold recheck preserved an empty VA after current name-table, closure, W008/W009, promoted shell semantics, and bounded method-alias review.	A line/signature-specific pristine body, ABI/vtable placement, caller/xref chain, or controlled runtime witness that resolves this exact definition falsifies the bounded no-match.	BACKEND_REPLACED_BY_GODOT	rebuild/OnslaughtRebuild.Godot	EXTENDED	local-lab/hermes-kanban-campaign-2026-08-22/source-first-expansion/partition.tsv@bc36791975f43d5da6b584727df3eb7d29402e18c550dd3d96e01bba0c301fde;pinned source;reverse-engineering/binary-analysis/ghidra-function-name-table-2026-08-17.tsv;reverse-engineering/binary-analysis/function-c1-closure-2026-08-11.tsv;promoted semantic tables;bounded owner aliases
d3dapp.h:187:CD3DApplication::DeleteDeviceObjects:DeleteDeviceObjects()	d3dapp.h	187	CD3DApplication::DeleteDeviceObjects	DeleteDeviceObjects()	5352a81cdb838b145a57f7febc5d9fc4b0129ebb	_DIRECTX and !EDITORBUILD2 base selected by PCLTShell	virtual HRESULT DeleteDeviceObjects()                      { return S_OK; }	virtual HRESULT DeleteDeviceObjects()                      { return S_OK; }	Return S_OK unconditionally without touching source-visible state.	S_OK	Read-only or no-op at this source definition; no source-visible mutation.	SOURCE_ONLY_BOUNDED_NO_MATCH	NO_MATCH_FOUND			pinned source;reverse-engineering/binary-analysis/ghidra-function-name-table-2026-08-17.tsv;reverse-engineering/binary-analysis/function-c1-closure-2026-08-11.tsv;promoted semantic tables;bounded owner aliases	Simple inline/header body has no named or promoted semantic target after direct and bounded-owner-alias search; candidate bounded NO_MATCH only, not binary absence. W5 cold recheck preserved an empty VA after current name-table, closure, W008/W009, promoted shell semantics, and bounded method-alias review.	A line/signature-specific pristine body, ABI/vtable placement, caller/xref chain, or controlled runtime witness that resolves this exact definition falsifies the bounded no-match.	BACKEND_REPLACED_BY_GODOT	rebuild/OnslaughtRebuild.Godot	EXTENDED	local-lab/hermes-kanban-campaign-2026-08-22/source-first-expansion/partition.tsv@bc36791975f43d5da6b584727df3eb7d29402e18c550dd3d96e01bba0c301fde;pinned source;reverse-engineering/binary-analysis/ghidra-function-name-table-2026-08-17.tsv;reverse-engineering/binary-analysis/function-c1-closure-2026-08-11.tsv;promoted semantic tables;bounded owner aliases
d3dapp.h:188:CD3DApplication::FinalCleanup:FinalCleanup()	d3dapp.h	188	CD3DApplication::FinalCleanup	FinalCleanup()	5352a81cdb838b145a57f7febc5d9fc4b0129ebb	_DIRECTX and !EDITORBUILD2 base selected by PCLTShell	virtual HRESULT FinalCleanup()                             { return S_OK; }	virtual HRESULT FinalCleanup()                             { return S_OK; }	Return S_OK unconditionally without touching source-visible state.	S_OK	Read-only or no-op at this source definition; no source-visible mutation.	SOURCE_ONLY_BOUNDED_NO_MATCH	NO_MATCH_FOUND			pinned source;reverse-engineering/binary-analysis/ghidra-function-name-table-2026-08-17.tsv;reverse-engineering/binary-analysis/function-c1-closure-2026-08-11.tsv;promoted semantic tables;bounded owner aliases	Simple inline/header body has no named or promoted semantic target after direct and bounded-owner-alias search; candidate bounded NO_MATCH only, not binary absence. W5 cold recheck preserved an empty VA after current name-table, closure, W008/W009, promoted shell semantics, and bounded method-alias review.	A line/signature-specific pristine body, ABI/vtable placement, caller/xref chain, or controlled runtime witness that resolves this exact definition falsifies the bounded no-match.	BACKEND_REPLACED_BY_GODOT	rebuild/OnslaughtRebuild.Godot	EXTENDED	local-lab/hermes-kanban-campaign-2026-08-22/source-first-expansion/partition.tsv@bc36791975f43d5da6b584727df3eb7d29402e18c550dd3d96e01bba0c301fde;pinned source;reverse-engineering/binary-analysis/ghidra-function-name-table-2026-08-17.tsv;reverse-engineering/binary-analysis/function-c1-closure-2026-08-11.tsv;promoted semantic tables;bounded owner aliases
d3dapp.h:200:CD3DApplication::GetHWnd:GetHWnd()	d3dapp.h	200	CD3DApplication::GetHWnd	GetHWnd()	5352a81cdb838b145a57f7febc5d9fc4b0129ebb	_DIRECTX and !EDITORBUILD2 base selected by PCLTShell	"HWND	GetHWnd() {return m_hWnd;};"	"HWND	GetHWnd() {return m_hWnd;};"	Return the source expression `m_hWnd`.	m_hWnd	Read-only or no-op at this source definition; no source-visible mutation.	SOURCE_ONLY_BOUNDED_NO_MATCH	NO_MATCH_FOUND			pinned source;reverse-engineering/binary-analysis/ghidra-function-name-table-2026-08-17.tsv;reverse-engineering/binary-analysis/function-c1-closure-2026-08-11.tsv;promoted semantic tables;bounded owner aliases	Simple inline/header body has no named or promoted semantic target after direct and bounded-owner-alias search; candidate bounded NO_MATCH only, not binary absence. W5 cold recheck preserved an empty VA after current name-table, closure, W008/W009, promoted shell semantics, and bounded method-alias review.	A line/signature-specific pristine body, ABI/vtable placement, caller/xref chain, or controlled runtime witness that resolves this exact definition falsifies the bounded no-match.	BACKEND_REPLACED_BY_GODOT	rebuild/OnslaughtRebuild.Godot	EXTENDED	local-lab/hermes-kanban-campaign-2026-08-22/source-first-expansion/partition.tsv@bc36791975f43d5da6b584727df3eb7d29402e18c550dd3d96e01bba0c301fde;pinned source;reverse-engineering/binary-analysis/ghidra-function-name-table-2026-08-17.tsv;reverse-engineering/binary-analysis/function-c1-closure-2026-08-11.tsv;promoted semantic tables;bounded owner aliases
d3dapp.h:202:CD3DApplication::ForceToWindow:ForceToWindow()	d3dapp.h	202	CD3DApplication::ForceToWindow	ForceToWindow()	5352a81cdb838b145a57f7febc5d9fc4b0129ebb	_DIRECTX and !EDITORBUILD2 base selected by PCLTShell	"void	ForceToWindow() { if (!m_bWindowed) ToggleFullscreen(); };"	"void	ForceToWindow() { if (!m_bWindowed) ToggleFullscreen(); };"	If the shell is not windowed, request the base fullscreen toggle; otherwise do nothing.	m_bWindowed	May call ToggleFullscreen when m_bWindowed is false.	SOURCE_ONLY_BOUNDED_NO_MATCH	NO_MATCH_FOUND			pinned source;reverse-engineering/binary-analysis/ghidra-function-name-table-2026-08-17.tsv;reverse-engineering/binary-analysis/function-c1-closure-2026-08-11.tsv;promoted semantic tables;bounded owner aliases	Simple inline/header body has no named or promoted semantic target after direct and bounded-owner-alias search; candidate bounded NO_MATCH only, not binary absence. W5 cold recheck preserved an empty VA after current name-table, closure, W008/W009, promoted shell semantics, and bounded method-alias review.	A line/signature-specific pristine body, ABI/vtable placement, caller/xref chain, or controlled runtime witness that resolves this exact definition falsifies the bounded no-match.	BACKEND_REPLACED_BY_GODOT	rebuild/OnslaughtRebuild.Godot	EXTENDED	local-lab/hermes-kanban-campaign-2026-08-22/source-first-expansion/partition.tsv@bc36791975f43d5da6b584727df3eb7d29402e18c550dd3d96e01bba0c301fde;pinned source;reverse-engineering/binary-analysis/ghidra-function-name-table-2026-08-17.tsv;reverse-engineering/binary-analysis/function-c1-closure-2026-08-11.tsv;promoted semantic tables;bounded owner aliases
DXEngine.cpp:1166:Vert::FVF:FVF()	DXEngine.cpp	1166	Vert::FVF	FVF()	5352a81cdb838b145a57f7febc5d9fc4b0129ebb	TARGET == XBOX block at DXEngine.cpp:1124-1260; not selected by the PC specimen	"static	ULONG	FVF() { return D3DFVF_XYZRHW | D3DFVF_DIFFUSE| D3DFVF_TEX1; };"	"struct	Vert / { / float	X, Y, Z, RHW; / D3DCOLOR C; / float	U, V; / static	ULONG	FVF() { return D3DFVF_XYZRHW | D3DFVF_DIFFUSE| D3DFVF_TEX1; };"	Return the Xbox screen-quad FVF bitwise union XYZRHW | DIFFUSE | TEX1.	D3DCOLOR;D3DFVF_XYZRHW;D3DFVF_DIFFUSE;D3DFVF_TEX1	Read-only or no-op at this source definition; no source-visible mutation.	EXTERNAL_PROOF_REQUIRED	NOT_IN_RETAIL			references/Onslaught/engine.h;references/Onslaught/ltshell.h;references/Onslaught/DXEngine.cpp;reverse-engineering/source-code/stuart-source-synthesis.md;reverse-engineering/binary-analysis/ghidra-function-name-table-2026-08-17.tsv;reverse-engineering/binary-analysis/function-c1-closure-2026-08-11.tsv	The local Vert::FVF definition is inside the TARGET == XBOX block beginning at DXEngine.cpp:1124.	A retail vtable/source-path/build-flag witness proving this exact alternate definition was selected falsifies the target exclusion.	NOT_SELECTED_TARGET	No rebuild owner; excluded source branch	EXTENDED	local-lab/hermes-kanban-campaign-2026-08-22/source-first-expansion/partition.tsv@bc36791975f43d5da6b584727df3eb7d29402e18c550dd3d96e01bba0c301fde;references/Onslaught/engine.h;references/Onslaught/ltshell.h;references/Onslaught/DXEngine.cpp;reverse-engineering/source-code/stuart-source-synthesis.md;reverse-engineering/binary-analysis/ghidra-function-name-table-2026-08-17.tsv;reverse-engineering/binary-analysis/function-c1-closure-2026-08-11.tsv
DXEngine.h:60:CDXEngine::GetScreenTexture:*GetScreenTexture()	DXEngine.h	60	CDXEngine::GetScreenTexture	*GetScreenTexture()	5352a81cdb838b145a57f7febc5d9fc4b0129ebb	_DIRECTX selected CDXEngine	"class CTEXTURE		*GetScreenTexture() { return mScreenTexture; };"	"class CTEXTURE		*GetScreenTexture() { return mScreenTexture; };"	Return the source expression `mScreenTexture`.	mScreenTexture	Read-only or no-op at this source definition; no source-visible mutation.	SOURCE_ONLY_BOUNDED_NO_MATCH	NO_MATCH_FOUND			pinned source;reverse-engineering/binary-analysis/ghidra-function-name-table-2026-08-17.tsv;reverse-engineering/binary-analysis/function-c1-closure-2026-08-11.tsv;promoted semantic tables;bounded owner aliases	Simple inline/header body has no named or promoted semantic target after direct and bounded-owner-alias search; candidate bounded NO_MATCH only, not binary absence. W5 cold recheck preserved an empty VA after current name-table, closure, W008/W009, promoted shell semantics, and bounded method-alias review.	A line/signature-specific pristine body, ABI/vtable placement, caller/xref chain, or controlled runtime witness that resolves this exact definition falsifies the bounded no-match.	BACKEND_REPLACED_BY_GODOT	rebuild/OnslaughtRebuild.Godot	EXTENDED	local-lab/hermes-kanban-campaign-2026-08-22/source-first-expansion/partition.tsv@bc36791975f43d5da6b584727df3eb7d29402e18c550dd3d96e01bba0c301fde;pinned source;reverse-engineering/binary-analysis/ghidra-function-name-table-2026-08-17.tsv;reverse-engineering/binary-analysis/function-c1-closure-2026-08-11.tsv;promoted semantic tables;bounded owner aliases
DXEngine.h:61:CDXEngine::TriggerScreenCapture:TriggerScreenCapture()	DXEngine.h	61	CDXEngine::TriggerScreenCapture	TriggerScreenCapture()	5352a81cdb838b145a57f7febc5d9fc4b0129ebb	_DIRECTX selected CDXEngine	"void				TriggerScreenCapture() { mCaptureScreen=true; mCaptureAreaTop=0; mCaptureAreaBottom=1000; };"	"void				TriggerScreenCapture() { mCaptureScreen=true; mCaptureAreaTop=0; mCaptureAreaBottom=1000; };"	Arm screen capture and store the source-selected top and bottom capture bounds.	mCaptureScreen;mCaptureAreaTop;mCaptureAreaBottom;0;1000	Mutates only the fields or delegated target shown in the exact source excerpt.	SOURCE_ONLY_BOUNDED_NO_MATCH	NO_MATCH_FOUND			pinned source;reverse-engineering/binary-analysis/ghidra-function-name-table-2026-08-17.tsv;reverse-engineering/binary-analysis/function-c1-closure-2026-08-11.tsv;promoted semantic tables;bounded owner aliases	Simple inline/header body has no named or promoted semantic target after direct and bounded-owner-alias search; candidate bounded NO_MATCH only, not binary absence. W5 cold recheck preserved an empty VA after current name-table, closure, W008/W009, promoted shell semantics, and bounded method-alias review.	A line/signature-specific pristine body, ABI/vtable placement, caller/xref chain, or controlled runtime witness that resolves this exact definition falsifies the bounded no-match.	BACKEND_REPLACED_BY_GODOT	rebuild/OnslaughtRebuild.Godot	EXTENDED	local-lab/hermes-kanban-campaign-2026-08-22/source-first-expansion/partition.tsv@bc36791975f43d5da6b584727df3eb7d29402e18c550dd3d96e01bba0c301fde;pinned source;reverse-engineering/binary-analysis/ghidra-function-name-table-2026-08-17.tsv;reverse-engineering/binary-analysis/function-c1-closure-2026-08-11.tsv;promoted semantic tables;bounded owner aliases
DXEngine.h:62:CDXEngine::TriggerPartialScreenCapture:TriggerPartialScreenCapture(int top,int bottom)	DXEngine.h	62	CDXEngine::TriggerPartialScreenCapture	TriggerPartialScreenCapture(int top,int bottom)	5352a81cdb838b145a57f7febc5d9fc4b0129ebb	_DIRECTX selected CDXEngine	"void				TriggerPartialScreenCapture(int top,int bottom) { mCaptureScreen=true; mCaptureAreaTop=top; mCaptureAreaBottom=bottom; };"	"void				TriggerPartialScreenCapture(int top,int bottom) { mCaptureScreen=true; mCaptureAreaTop=top; mCaptureAreaBottom=bottom; };"	Arm screen capture and store the source-selected top and bottom capture bounds.	mCaptureScreen;mCaptureAreaTop;mCaptureAreaBottom	Mutates only the fields or delegated target shown in the exact source excerpt.	SOURCE_ONLY_BOUNDED_NO_MATCH	NO_MATCH_FOUND			pinned source;reverse-engineering/binary-analysis/ghidra-function-name-table-2026-08-17.tsv;reverse-engineering/binary-analysis/function-c1-closure-2026-08-11.tsv;promoted semantic tables;bounded owner aliases	Simple inline/header body has no named or promoted semantic target after direct and bounded-owner-alias search; candidate bounded NO_MATCH only, not binary absence. W5 cold recheck preserved an empty VA after current name-table, closure, W008/W009, promoted shell semantics, and bounded method-alias review.	A line/signature-specific pristine body, ABI/vtable placement, caller/xref chain, or controlled runtime witness that resolves this exact definition falsifies the bounded no-match.	BACKEND_REPLACED_BY_GODOT	rebuild/OnslaughtRebuild.Godot	EXTENDED	local-lab/hermes-kanban-campaign-2026-08-22/source-first-expansion/partition.tsv@bc36791975f43d5da6b584727df3eb7d29402e18c550dd3d96e01bba0c301fde;pinned source;reverse-engineering/binary-analysis/ghidra-function-name-table-2026-08-17.tsv;reverse-engineering/binary-analysis/function-c1-closure-2026-08-11.tsv;promoted semantic tables;bounded owner aliases
DXEngine.h:69:CDXEngine::GetOutlineTexture:* GetOutlineTexture()	DXEngine.h	69	CDXEngine::GetOutlineTexture	* GetOutlineTexture()	5352a81cdb838b145a57f7febc5d9fc4b0129ebb	_DIRECTX selected CDXEngine	"CTEXTURE*			GetOutlineTexture() { return mTexOutline; }"	"CTEXTURE*			GetOutlineTexture() { return mTexOutline; }"	Return the source expression `mTexOutline`.	mTexOutline	Read-only or no-op at this source definition; no source-visible mutation.	SOURCE_ONLY_BOUNDED_NO_MATCH	NO_MATCH_FOUND			pinned source;reverse-engineering/binary-analysis/ghidra-function-name-table-2026-08-17.tsv;reverse-engineering/binary-analysis/function-c1-closure-2026-08-11.tsv;promoted semantic tables;bounded owner aliases	Simple inline/header body has no named or promoted semantic target after direct and bounded-owner-alias search; candidate bounded NO_MATCH only, not binary absence. W5 cold recheck preserved an empty VA after current name-table, closure, W008/W009, promoted shell semantics, and bounded method-alias review.	A line/signature-specific pristine body, ABI/vtable placement, caller/xref chain, or controlled runtime witness that resolves this exact definition falsifies the bounded no-match.	BACKEND_REPLACED_BY_GODOT	rebuild/OnslaughtRebuild.Godot	EXTENDED	local-lab/hermes-kanban-campaign-2026-08-22/source-first-expansion/partition.tsv@bc36791975f43d5da6b584727df3eb7d29402e18c550dd3d96e01bba0c301fde;pinned source;reverse-engineering/binary-analysis/ghidra-function-name-table-2026-08-17.tsv;reverse-engineering/binary-analysis/function-c1-closure-2026-08-11.tsv;promoted semantic tables;bounded owner aliases
DXEngine.h:70:CDXEngine::GetOpaqueTexture:* GetOpaqueTexture()	DXEngine.h	70	CDXEngine::GetOpaqueTexture	* GetOpaqueTexture()	5352a81cdb838b145a57f7febc5d9fc4b0129ebb	_DIRECTX selected CDXEngine	"CTEXTURE*			GetOpaqueTexture()	{ return mTexOpaque ; }"	"CTEXTURE*			GetOpaqueTexture()	{ return mTexOpaque ; }"	Return the source expression `mTexOpaque`.	mTexOpaque	Read-only or no-op at this source definition; no source-visible mutation.	SOURCE_ONLY_BOUNDED_NO_MATCH	NO_MATCH_FOUND			pinned source;reverse-engineering/binary-analysis/ghidra-function-name-table-2026-08-17.tsv;reverse-engineering/binary-analysis/function-c1-closure-2026-08-11.tsv;promoted semantic tables;bounded owner aliases	Simple inline/header body has no named or promoted semantic target after direct and bounded-owner-alias search; candidate bounded NO_MATCH only, not binary absence. W5 cold recheck preserved an empty VA after current name-table, closure, W008/W009, promoted shell semantics, and bounded method-alias review.	A line/signature-specific pristine body, ABI/vtable placement, caller/xref chain, or controlled runtime witness that resolves this exact definition falsifies the bounded no-match.	BACKEND_REPLACED_BY_GODOT	rebuild/OnslaughtRebuild.Godot	EXTENDED	local-lab/hermes-kanban-campaign-2026-08-22/source-first-expansion/partition.tsv@bc36791975f43d5da6b584727df3eb7d29402e18c550dd3d96e01bba0c301fde;pinned source;reverse-engineering/binary-analysis/ghidra-function-name-table-2026-08-17.tsv;reverse-engineering/binary-analysis/function-c1-closure-2026-08-11.tsv;promoted semantic tables;bounded owner aliases
DXEngine.h:83:CDXEngine::SetDefaultMaterial:SetDefaultMaterial()	DXEngine.h	83	CDXEngine::SetDefaultMaterial	SetDefaultMaterial()	5352a81cdb838b145a57f7febc5d9fc4b0129ebb	_DIRECTX selected CDXEngine	"void				SetDefaultMaterial() {}        // do nothing."	"void				SetDefaultMaterial() {}        // do nothing."	Perform no operation and return no value.	none explicit	Read-only or no-op at this source definition; no source-visible mutation.	SOURCE_ONLY_BOUNDED_NO_MATCH	NO_MATCH_FOUND			pinned source;reverse-engineering/binary-analysis/ghidra-function-name-table-2026-08-17.tsv;reverse-engineering/binary-analysis/function-c1-closure-2026-08-11.tsv;promoted semantic tables;bounded owner aliases	Simple inline/header body has no named or promoted semantic target after direct and bounded-owner-alias search; candidate bounded NO_MATCH only, not binary absence. W5 cold recheck preserved an empty VA after current name-table, closure, W008/W009, promoted shell semantics, and bounded method-alias review.	A line/signature-specific pristine body, ABI/vtable placement, caller/xref chain, or controlled runtime witness that resolves this exact definition falsifies the bounded no-match.	BACKEND_REPLACED_BY_GODOT	rebuild/OnslaughtRebuild.Godot	EXTENDED	local-lab/hermes-kanban-campaign-2026-08-22/source-first-expansion/partition.tsv@bc36791975f43d5da6b584727df3eb7d29402e18c550dd3d96e01bba0c301fde;pinned source;reverse-engineering/binary-analysis/ghidra-function-name-table-2026-08-17.tsv;reverse-engineering/binary-analysis/function-c1-closure-2026-08-11.tsv;promoted semantic tables;bounded owner aliases
EditorD3DApp.h:178:CEditorD3DApp::ConfirmDevice:ConfirmDevice(D3DCAPS8*,DWORD,D3DFORMAT)	EditorD3DApp.h	178	CEditorD3DApp::ConfirmDevice	ConfirmDevice(D3DCAPS8*,DWORD,D3DFORMAT)	5352a81cdb838b145a57f7febc5d9fc4b0129ebb	EDITORBUILD2 alternate base; not selected by the retail player shell	virtual HRESULT ConfirmDevice(D3DCAPS8*,DWORD,D3DFORMAT)   { return S_OK; }	virtual HRESULT ConfirmDevice(D3DCAPS8*,DWORD,D3DFORMAT)   { return S_OK; }	Return S_OK unconditionally without touching source-visible state.	D3DCAPS8;D3DFORMAT;S_OK	Read-only or no-op at this source definition; no source-visible mutation.	SOURCE_ONLY_BOUNDED_NO_MATCH	NOT_IN_RETAIL			references/Onslaught/engine.h;references/Onslaught/ltshell.h;references/Onslaught/DXEngine.cpp;reverse-engineering/source-code/stuart-source-synthesis.md;reverse-engineering/binary-analysis/ghidra-function-name-table-2026-08-17.tsv;reverse-engineering/binary-analysis/function-c1-closure-2026-08-11.tsv	PCLTShell chooses CEditorD3DApp only under EDITORBUILD2; the retail player shell selects CD3DApplication.	A retail vtable/source-path/build-flag witness proving this exact alternate definition was selected falsifies the target exclusion.	NOT_SELECTED_TARGET	No rebuild owner; excluded source branch	EXTENDED	local-lab/hermes-kanban-campaign-2026-08-22/source-first-expansion/partition.tsv@bc36791975f43d5da6b584727df3eb7d29402e18c550dd3d96e01bba0c301fde;references/Onslaught/engine.h;references/Onslaught/ltshell.h;references/Onslaught/DXEngine.cpp;reverse-engineering/source-code/stuart-source-synthesis.md;reverse-engineering/binary-analysis/ghidra-function-name-table-2026-08-17.tsv;reverse-engineering/binary-analysis/function-c1-closure-2026-08-11.tsv
EditorD3DApp.h:179:CEditorD3DApp::OneTimeSceneInit:OneTimeSceneInit()	EditorD3DApp.h	179	CEditorD3DApp::OneTimeSceneInit	OneTimeSceneInit()	5352a81cdb838b145a57f7febc5d9fc4b0129ebb	EDITORBUILD2 alternate base; not selected by the retail player shell	virtual HRESULT OneTimeSceneInit()                         { return S_OK; }	virtual HRESULT OneTimeSceneInit()                         { return S_OK; }	Return S_OK unconditionally without touching source-visible state.	S_OK	Read-only or no-op at this source definition; no source-visible mutation.	SOURCE_ONLY_BOUNDED_NO_MATCH	NOT_IN_RETAIL			references/Onslaught/engine.h;references/Onslaught/ltshell.h;references/Onslaught/DXEngine.cpp;reverse-engineering/source-code/stuart-source-synthesis.md;reverse-engineering/binary-analysis/ghidra-function-name-table-2026-08-17.tsv;reverse-engineering/binary-analysis/function-c1-closure-2026-08-11.tsv	PCLTShell chooses CEditorD3DApp only under EDITORBUILD2; the retail player shell selects CD3DApplication.	A retail vtable/source-path/build-flag witness proving this exact alternate definition was selected falsifies the target exclusion.	NOT_SELECTED_TARGET	No rebuild owner; excluded source branch	EXTENDED	local-lab/hermes-kanban-campaign-2026-08-22/source-first-expansion/partition.tsv@bc36791975f43d5da6b584727df3eb7d29402e18c550dd3d96e01bba0c301fde;references/Onslaught/engine.h;references/Onslaught/ltshell.h;references/Onslaught/DXEngine.cpp;reverse-engineering/source-code/stuart-source-synthesis.md;reverse-engineering/binary-analysis/ghidra-function-name-table-2026-08-17.tsv;reverse-engineering/binary-analysis/function-c1-closure-2026-08-11.tsv
EditorD3DApp.h:180:CEditorD3DApp::InitDeviceObjects:InitDeviceObjects()	EditorD3DApp.h	180	CEditorD3DApp::InitDeviceObjects	InitDeviceObjects()	5352a81cdb838b145a57f7febc5d9fc4b0129ebb	EDITORBUILD2 alternate base; not selected by the retail player shell	virtual HRESULT InitDeviceObjects()                        { return S_OK; }	virtual HRESULT InitDeviceObjects()                        { return S_OK; }	Return S_OK unconditionally without touching source-visible state.	S_OK	Read-only or no-op at this source definition; no source-visible mutation.	SOURCE_ONLY_BOUNDED_NO_MATCH	NOT_IN_RETAIL			references/Onslaught/engine.h;references/Onslaught/ltshell.h;references/Onslaught/DXEngine.cpp;reverse-engineering/source-code/stuart-source-synthesis.md;reverse-engineering/binary-analysis/ghidra-function-name-table-2026-08-17.tsv;reverse-engineering/binary-analysis/function-c1-closure-2026-08-11.tsv	PCLTShell chooses CEditorD3DApp only under EDITORBUILD2; the retail player shell selects CD3DApplication.	A retail vtable/source-path/build-flag witness proving this exact alternate definition was selected falsifies the target exclusion.	NOT_SELECTED_TARGET	No rebuild owner; excluded source branch	EXTENDED	local-lab/hermes-kanban-campaign-2026-08-22/source-first-expansion/partition.tsv@bc36791975f43d5da6b584727df3eb7d29402e18c550dd3d96e01bba0c301fde;references/Onslaught/engine.h;references/Onslaught/ltshell.h;references/Onslaught/DXEngine.cpp;reverse-engineering/source-code/stuart-source-synthesis.md;reverse-engineering/binary-analysis/ghidra-function-name-table-2026-08-17.tsv;reverse-engineering/binary-analysis/function-c1-closure-2026-08-11.tsv
EditorD3DApp.h:181:CEditorD3DApp::RestoreDeviceObjects:RestoreDeviceObjects()	EditorD3DApp.h	181	CEditorD3DApp::RestoreDeviceObjects	RestoreDeviceObjects()	5352a81cdb838b145a57f7febc5d9fc4b0129ebb	EDITORBUILD2 alternate base; not selected by the retail player shell	virtual HRESULT RestoreDeviceObjects()                     { return S_OK; }	virtual HRESULT RestoreDeviceObjects()                     { return S_OK; }	Return S_OK unconditionally without touching source-visible state.	S_OK	Read-only or no-op at this source definition; no source-visible mutation.	SOURCE_ONLY_BOUNDED_NO_MATCH	NOT_IN_RETAIL			references/Onslaught/engine.h;references/Onslaught/ltshell.h;references/Onslaught/DXEngine.cpp;reverse-engineering/source-code/stuart-source-synthesis.md;reverse-engineering/binary-analysis/ghidra-function-name-table-2026-08-17.tsv;reverse-engineering/binary-analysis/function-c1-closure-2026-08-11.tsv	PCLTShell chooses CEditorD3DApp only under EDITORBUILD2; the retail player shell selects CD3DApplication.	A retail vtable/source-path/build-flag witness proving this exact alternate definition was selected falsifies the target exclusion.	NOT_SELECTED_TARGET	No rebuild owner; excluded source branch	EXTENDED	local-lab/hermes-kanban-campaign-2026-08-22/source-first-expansion/partition.tsv@bc36791975f43d5da6b584727df3eb7d29402e18c550dd3d96e01bba0c301fde;references/Onslaught/engine.h;references/Onslaught/ltshell.h;references/Onslaught/DXEngine.cpp;reverse-engineering/source-code/stuart-source-synthesis.md;reverse-engineering/binary-analysis/ghidra-function-name-table-2026-08-17.tsv;reverse-engineering/binary-analysis/function-c1-closure-2026-08-11.tsv
EditorD3DApp.h:182:CEditorD3DApp::FrameMove:FrameMove()	EditorD3DApp.h	182	CEditorD3DApp::FrameMove	FrameMove()	5352a81cdb838b145a57f7febc5d9fc4b0129ebb	EDITORBUILD2 alternate base; not selected by the retail player shell	virtual HRESULT FrameMove()                                { return S_OK; }	virtual HRESULT FrameMove()                                { return S_OK; }	Return S_OK unconditionally without touching source-visible state.	S_OK	Read-only or no-op at this source definition; no source-visible mutation.	SOURCE_ONLY_BOUNDED_NO_MATCH	NOT_IN_RETAIL			references/Onslaught/engine.h;references/Onslaught/ltshell.h;references/Onslaught/DXEngine.cpp;reverse-engineering/source-code/stuart-source-synthesis.md;reverse-engineering/binary-analysis/ghidra-function-name-table-2026-08-17.tsv;reverse-engineering/binary-analysis/function-c1-closure-2026-08-11.tsv	PCLTShell chooses CEditorD3DApp only under EDITORBUILD2; the retail player shell selects CD3DApplication.	A retail vtable/source-path/build-flag witness proving this exact alternate definition was selected falsifies the target exclusion.	NOT_SELECTED_TARGET	No rebuild owner; excluded source branch	EXTENDED	local-lab/hermes-kanban-campaign-2026-08-22/source-first-expansion/partition.tsv@bc36791975f43d5da6b584727df3eb7d29402e18c550dd3d96e01bba0c301fde;references/Onslaught/engine.h;references/Onslaught/ltshell.h;references/Onslaught/DXEngine.cpp;reverse-engineering/source-code/stuart-source-synthesis.md;reverse-engineering/binary-analysis/ghidra-function-name-table-2026-08-17.tsv;reverse-engineering/binary-analysis/function-c1-closure-2026-08-11.tsv
EditorD3DApp.h:183:CEditorD3DApp::Render:Render()	EditorD3DApp.h	183	CEditorD3DApp::Render	Render()	5352a81cdb838b145a57f7febc5d9fc4b0129ebb	EDITORBUILD2 alternate base; not selected by the retail player shell	virtual HRESULT Render()                                   { return S_OK; }	virtual HRESULT Render()                                   { return S_OK; }	Return S_OK unconditionally without touching source-visible state.	S_OK	Read-only or no-op at this source definition; no source-visible mutation.	SOURCE_ONLY_BOUNDED_NO_MATCH	NOT_IN_RETAIL			references/Onslaught/engine.h;references/Onslaught/ltshell.h;references/Onslaught/DXEngine.cpp;reverse-engineering/source-code/stuart-source-synthesis.md;reverse-engineering/binary-analysis/ghidra-function-name-table-2026-08-17.tsv;reverse-engineering/binary-analysis/function-c1-closure-2026-08-11.tsv	PCLTShell chooses CEditorD3DApp only under EDITORBUILD2; the retail player shell selects CD3DApplication.	A retail vtable/source-path/build-flag witness proving this exact alternate definition was selected falsifies the target exclusion.	NOT_SELECTED_TARGET	No rebuild owner; excluded source branch	EXTENDED	local-lab/hermes-kanban-campaign-2026-08-22/source-first-expansion/partition.tsv@bc36791975f43d5da6b584727df3eb7d29402e18c550dd3d96e01bba0c301fde;references/Onslaught/engine.h;references/Onslaught/ltshell.h;references/Onslaught/DXEngine.cpp;reverse-engineering/source-code/stuart-source-synthesis.md;reverse-engineering/binary-analysis/ghidra-function-name-table-2026-08-17.tsv;reverse-engineering/binary-analysis/function-c1-closure-2026-08-11.tsv
EditorD3DApp.h:184:CEditorD3DApp::InvalidateDeviceObjects:InvalidateDeviceObjects()	EditorD3DApp.h	184	CEditorD3DApp::InvalidateDeviceObjects	InvalidateDeviceObjects()	5352a81cdb838b145a57f7febc5d9fc4b0129ebb	EDITORBUILD2 alternate base; not selected by the retail player shell	virtual HRESULT InvalidateDeviceObjects()                  { return S_OK; }	virtual HRESULT InvalidateDeviceObjects()                  { return S_OK; }	Return S_OK unconditionally without touching source-visible state.	S_OK	Read-only or no-op at this source definition; no source-visible mutation.	SOURCE_ONLY_BOUNDED_NO_MATCH	NOT_IN_RETAIL			references/Onslaught/engine.h;references/Onslaught/ltshell.h;references/Onslaught/DXEngine.cpp;reverse-engineering/source-code/stuart-source-synthesis.md;reverse-engineering/binary-analysis/ghidra-function-name-table-2026-08-17.tsv;reverse-engineering/binary-analysis/function-c1-closure-2026-08-11.tsv	PCLTShell chooses CEditorD3DApp only under EDITORBUILD2; the retail player shell selects CD3DApplication.	A retail vtable/source-path/build-flag witness proving this exact alternate definition was selected falsifies the target exclusion.	NOT_SELECTED_TARGET	No rebuild owner; excluded source branch	EXTENDED	local-lab/hermes-kanban-campaign-2026-08-22/source-first-expansion/partition.tsv@bc36791975f43d5da6b584727df3eb7d29402e18c550dd3d96e01bba0c301fde;references/Onslaught/engine.h;references/Onslaught/ltshell.h;references/Onslaught/DXEngine.cpp;reverse-engineering/source-code/stuart-source-synthesis.md;reverse-engineering/binary-analysis/ghidra-function-name-table-2026-08-17.tsv;reverse-engineering/binary-analysis/function-c1-closure-2026-08-11.tsv
EditorD3DApp.h:185:CEditorD3DApp::DeleteDeviceObjects:DeleteDeviceObjects()	EditorD3DApp.h	185	CEditorD3DApp::DeleteDeviceObjects	DeleteDeviceObjects()	5352a81cdb838b145a57f7febc5d9fc4b0129ebb	EDITORBUILD2 alternate base; not selected by the retail player shell	virtual HRESULT DeleteDeviceObjects()                      { return S_OK; }	virtual HRESULT DeleteDeviceObjects()                      { return S_OK; }	Return S_OK unconditionally without touching source-visible state.	S_OK	Read-only or no-op at this source definition; no source-visible mutation.	SOURCE_ONLY_BOUNDED_NO_MATCH	NOT_IN_RETAIL			references/Onslaught/engine.h;references/Onslaught/ltshell.h;references/Onslaught/DXEngine.cpp;reverse-engineering/source-code/stuart-source-synthesis.md;reverse-engineering/binary-analysis/ghidra-function-name-table-2026-08-17.tsv;reverse-engineering/binary-analysis/function-c1-closure-2026-08-11.tsv	PCLTShell chooses CEditorD3DApp only under EDITORBUILD2; the retail player shell selects CD3DApplication.	A retail vtable/source-path/build-flag witness proving this exact alternate definition was selected falsifies the target exclusion.	NOT_SELECTED_TARGET	No rebuild owner; excluded source branch	EXTENDED	local-lab/hermes-kanban-campaign-2026-08-22/source-first-expansion/partition.tsv@bc36791975f43d5da6b584727df3eb7d29402e18c550dd3d96e01bba0c301fde;references/Onslaught/engine.h;references/Onslaught/ltshell.h;references/Onslaught/DXEngine.cpp;reverse-engineering/source-code/stuart-source-synthesis.md;reverse-engineering/binary-analysis/ghidra-function-name-table-2026-08-17.tsv;reverse-engineering/binary-analysis/function-c1-closure-2026-08-11.tsv
EditorD3DApp.h:186:CEditorD3DApp::FinalCleanup:FinalCleanup()	EditorD3DApp.h	186	CEditorD3DApp::FinalCleanup	FinalCleanup()	5352a81cdb838b145a57f7febc5d9fc4b0129ebb	EDITORBUILD2 alternate base; not selected by the retail player shell	virtual HRESULT FinalCleanup()                             { return S_OK; }	virtual HRESULT FinalCleanup()                             { return S_OK; }	Return S_OK unconditionally without touching source-visible state.	S_OK	Read-only or no-op at this source definition; no source-visible mutation.	SOURCE_ONLY_BOUNDED_NO_MATCH	NOT_IN_RETAIL			references/Onslaught/engine.h;references/Onslaught/ltshell.h;references/Onslaught/DXEngine.cpp;reverse-engineering/source-code/stuart-source-synthesis.md;reverse-engineering/binary-analysis/ghidra-function-name-table-2026-08-17.tsv;reverse-engineering/binary-analysis/function-c1-closure-2026-08-11.tsv	PCLTShell chooses CEditorD3DApp only under EDITORBUILD2; the retail player shell selects CD3DApplication.	A retail vtable/source-path/build-flag witness proving this exact alternate definition was selected falsifies the target exclusion.	NOT_SELECTED_TARGET	No rebuild owner; excluded source branch	EXTENDED	local-lab/hermes-kanban-campaign-2026-08-22/source-first-expansion/partition.tsv@bc36791975f43d5da6b584727df3eb7d29402e18c550dd3d96e01bba0c301fde;references/Onslaught/engine.h;references/Onslaught/ltshell.h;references/Onslaught/DXEngine.cpp;reverse-engineering/source-code/stuart-source-synthesis.md;reverse-engineering/binary-analysis/ghidra-function-name-table-2026-08-17.tsv;reverse-engineering/binary-analysis/function-c1-closure-2026-08-11.tsv
EditorD3DApp.h:198:CEditorD3DApp::GetHWnd:GetHWnd()	EditorD3DApp.h	198	CEditorD3DApp::GetHWnd	GetHWnd()	5352a81cdb838b145a57f7febc5d9fc4b0129ebb	EDITORBUILD2 alternate base; not selected by the retail player shell	"HWND	GetHWnd() {return m_hWnd;};"	"HWND	GetHWnd() {return m_hWnd;};"	Return the source expression `m_hWnd`.	m_hWnd	Read-only or no-op at this source definition; no source-visible mutation.	SOURCE_ONLY_BOUNDED_NO_MATCH	NOT_IN_RETAIL			references/Onslaught/engine.h;references/Onslaught/ltshell.h;references/Onslaught/DXEngine.cpp;reverse-engineering/source-code/stuart-source-synthesis.md;reverse-engineering/binary-analysis/ghidra-function-name-table-2026-08-17.tsv;reverse-engineering/binary-analysis/function-c1-closure-2026-08-11.tsv	PCLTShell chooses CEditorD3DApp only under EDITORBUILD2; the retail player shell selects CD3DApplication.	A retail vtable/source-path/build-flag witness proving this exact alternate definition was selected falsifies the target exclusion.	NOT_SELECTED_TARGET	No rebuild owner; excluded source branch	EXTENDED	local-lab/hermes-kanban-campaign-2026-08-22/source-first-expansion/partition.tsv@bc36791975f43d5da6b584727df3eb7d29402e18c550dd3d96e01bba0c301fde;references/Onslaught/engine.h;references/Onslaught/ltshell.h;references/Onslaught/DXEngine.cpp;reverse-engineering/source-code/stuart-source-synthesis.md;reverse-engineering/binary-analysis/ghidra-function-name-table-2026-08-17.tsv;reverse-engineering/binary-analysis/function-c1-closure-2026-08-11.tsv
EditorD3DApp.h:199:CEditorD3DApp::SetHWnd:SetHWnd(HWND hwnd)	EditorD3DApp.h	199	CEditorD3DApp::SetHWnd	SetHWnd(HWND hwnd)	5352a81cdb838b145a57f7febc5d9fc4b0129ebb	EDITORBUILD2 alternate base; not selected by the retail player shell	"void	SetHWnd(HWND hwnd) {m_hWnd = hwnd;};"	"void	SetHWnd(HWND hwnd) {m_hWnd = hwnd;};"	Execute the exact inline state transition `m_hWnd = hwnd;`.	m_hWnd	Mutates only the fields or delegated target shown in the exact source excerpt.	SOURCE_ONLY_BOUNDED_NO_MATCH	NOT_IN_RETAIL			references/Onslaught/engine.h;references/Onslaught/ltshell.h;references/Onslaught/DXEngine.cpp;reverse-engineering/source-code/stuart-source-synthesis.md;reverse-engineering/binary-analysis/ghidra-function-name-table-2026-08-17.tsv;reverse-engineering/binary-analysis/function-c1-closure-2026-08-11.tsv	PCLTShell chooses CEditorD3DApp only under EDITORBUILD2; the retail player shell selects CD3DApplication.	A retail vtable/source-path/build-flag witness proving this exact alternate definition was selected falsifies the target exclusion.	NOT_SELECTED_TARGET	No rebuild owner; excluded source branch	EXTENDED	local-lab/hermes-kanban-campaign-2026-08-22/source-first-expansion/partition.tsv@bc36791975f43d5da6b584727df3eb7d29402e18c550dd3d96e01bba0c301fde;references/Onslaught/engine.h;references/Onslaught/ltshell.h;references/Onslaught/DXEngine.cpp;reverse-engineering/source-code/stuart-source-synthesis.md;reverse-engineering/binary-analysis/ghidra-function-name-table-2026-08-17.tsv;reverse-engineering/binary-analysis/function-c1-closure-2026-08-11.tsv
engine.h:83:CEngine::ShutdownRestartLoop:ShutdownRestartLoop()	engine.h	83	CEngine::ShutdownRestartLoop	ShutdownRestartLoop()	5352a81cdb838b145a57f7febc5d9fc4b0129ebb	common engine definition selected by the active backend	void ShutdownRestartLoop() {}	void ShutdownRestartLoop() {}	Perform no operation and return no value.	none explicit	Read-only or no-op at this source definition; no source-visible mutation.	SOURCE_ONLY_BOUNDED_NO_MATCH	NO_MATCH_FOUND			pinned source;reverse-engineering/binary-analysis/ghidra-function-name-table-2026-08-17.tsv;reverse-engineering/binary-analysis/function-c1-closure-2026-08-11.tsv;promoted semantic tables;bounded owner aliases	Simple inline/header body has no named or promoted semantic target after direct and bounded-owner-alias search; candidate bounded NO_MATCH only, not binary absence. W5 cold recheck preserved an empty VA after current name-table, closure, W008/W009, promoted shell semantics, and bounded method-alias review.	A line/signature-specific pristine body, ABI/vtable placement, caller/xref chain, or controlled runtime witness that resolves this exact definition falsifies the bounded no-match.	PORT_CANDIDATE	rebuild/OnslaughtRebuild.Core or rebuild/OnslaughtRebuild.Godot by side-effect boundary	EXTENDED	local-lab/hermes-kanban-campaign-2026-08-22/source-first-expansion/partition.tsv@bc36791975f43d5da6b584727df3eb7d29402e18c550dd3d96e01bba0c301fde;pinned source;reverse-engineering/binary-analysis/ghidra-function-name-table-2026-08-17.tsv;reverse-engineering/binary-analysis/function-c1-closure-2026-08-11.tsv;promoted semantic tables;bounded owner aliases
engine.h:116:CEngine::GetDefaultMesh:*GetDefaultMesh()	engine.h	116	CEngine::GetDefaultMesh	*GetDefaultMesh()	5352a81cdb838b145a57f7febc5d9fc4b0129ebb	common engine definition selected by the active backend	"CMESH		*GetDefaultMesh()		{mDefaultMesh->AddRef(); return mDefaultMesh;};"	"CMESH		*GetDefaultMesh()		{mDefaultMesh->AddRef(); return mDefaultMesh;};"	Return the source expression `mDefaultMesh`.	mDefaultMesh	May call the delegated object shown in the source excerpt; no other mutation is claimed.	SOURCE_ONLY_BOUNDED_NO_MATCH	NO_MATCH_FOUND			pinned source;reverse-engineering/binary-analysis/ghidra-function-name-table-2026-08-17.tsv;reverse-engineering/binary-analysis/function-c1-closure-2026-08-11.tsv;promoted semantic tables;bounded owner aliases	Simple inline/header body has no named or promoted semantic target after direct and bounded-owner-alias search; candidate bounded NO_MATCH only, not binary absence. W5 cold recheck preserved an empty VA after current name-table, closure, W008/W009, promoted shell semantics, and bounded method-alias review.	A line/signature-specific pristine body, ABI/vtable placement, caller/xref chain, or controlled runtime witness that resolves this exact definition falsifies the bounded no-match.	PORT_CANDIDATE	rebuild/OnslaughtRebuild.Core or rebuild/OnslaughtRebuild.Godot by side-effect boundary	EXTENDED	local-lab/hermes-kanban-campaign-2026-08-22/source-first-expansion/partition.tsv@bc36791975f43d5da6b584727df3eb7d29402e18c550dd3d96e01bba0c301fde;pinned source;reverse-engineering/binary-analysis/ghidra-function-name-table-2026-08-17.tsv;reverse-engineering/binary-analysis/function-c1-closure-2026-08-11.tsv;promoted semantic tables;bounded owner aliases
engine.h:117:CEngine::GetGlobalMesh:*GetGlobalMesh(SINT num)	engine.h	117	CEngine::GetGlobalMesh	*GetGlobalMesh(SINT num)	5352a81cdb838b145a57f7febc5d9fc4b0129ebb	common engine definition selected by the active backend	"CMESH		*GetGlobalMesh(SINT num){mGlobalMeshes[num]->AddRef(); return mGlobalMeshes[num];};"	"CMESH		*GetGlobalMesh(SINT num){mGlobalMeshes[num]->AddRef(); return mGlobalMeshes[num];};"	Return the source expression `mGlobalMeshes[num]`.	mGlobalMeshes	May call the delegated object shown in the source excerpt; no other mutation is claimed.	SOURCE_ONLY_BOUNDED_NO_MATCH	NO_MATCH_FOUND			pinned source;reverse-engineering/binary-analysis/ghidra-function-name-table-2026-08-17.tsv;reverse-engineering/binary-analysis/function-c1-closure-2026-08-11.tsv;promoted semantic tables;bounded owner aliases	Simple inline/header body has no named or promoted semantic target after direct and bounded-owner-alias search; candidate bounded NO_MATCH only, not binary absence. W5 cold recheck preserved an empty VA after current name-table, closure, W008/W009, promoted shell semantics, and bounded method-alias review.	A line/signature-specific pristine body, ABI/vtable placement, caller/xref chain, or controlled runtime witness that resolves this exact definition falsifies the bounded no-match.	PORT_CANDIDATE	rebuild/OnslaughtRebuild.Core or rebuild/OnslaughtRebuild.Godot by side-effect boundary	EXTENDED	local-lab/hermes-kanban-campaign-2026-08-22/source-first-expansion/partition.tsv@bc36791975f43d5da6b584727df3eb7d29402e18c550dd3d96e01bba0c301fde;pinned source;reverse-engineering/binary-analysis/ghidra-function-name-table-2026-08-17.tsv;reverse-engineering/binary-analysis/function-c1-closure-2026-08-11.tsv;promoted semantic tables;bounded owner aliases
engine.h:119:CEngine::GetCamera:*GetCamera()	engine.h	119	CEngine::GetCamera	*GetCamera()	5352a81cdb838b145a57f7febc5d9fc4b0129ebb	common engine definition selected by the active backend	"CCamera		*GetCamera()			{ /*ASSERT(mCamera[mCurrentViewpoint]);*/ return mCamera[mCurrentViewpoint];	}"	"CCamera		*GetCamera()			{ /*ASSERT(mCamera[mCurrentViewpoint]);*/ return mCamera[mCurrentViewpoint];	}"	Return the source expression `mCamera[mCurrentViewpoint]`.	mCamera;mCurrentViewpoint	Read-only or no-op at this source definition; no source-visible mutation.	SOURCE_ONLY_BOUNDED_NO_MATCH	NO_MATCH_FOUND			pinned source;reverse-engineering/binary-analysis/ghidra-function-name-table-2026-08-17.tsv;reverse-engineering/binary-analysis/function-c1-closure-2026-08-11.tsv;promoted semantic tables;bounded owner aliases	Simple inline/header body has no named or promoted semantic target after direct and bounded-owner-alias search; candidate bounded NO_MATCH only, not binary absence. W5 cold recheck preserved an empty VA after current name-table, closure, W008/W009, promoted shell semantics, and bounded method-alias review.	A line/signature-specific pristine body, ABI/vtable placement, caller/xref chain, or controlled runtime witness that resolves this exact definition falsifies the bounded no-match.	PORT_CANDIDATE	rebuild/OnslaughtRebuild.Core or rebuild/OnslaughtRebuild.Godot by side-effect boundary	EXTENDED	local-lab/hermes-kanban-campaign-2026-08-22/source-first-expansion/partition.tsv@bc36791975f43d5da6b584727df3eb7d29402e18c550dd3d96e01bba0c301fde;pinned source;reverse-engineering/binary-analysis/ghidra-function-name-table-2026-08-17.tsv;reverse-engineering/binary-analysis/function-c1-closure-2026-08-11.tsv;promoted semantic tables;bounded owner aliases
engine.h:120:CEngine::SetCamera:SetCamera(CCamera *c)	engine.h	120	CEngine::SetCamera	SetCamera(CCamera *c)	5352a81cdb838b145a57f7febc5d9fc4b0129ebb	common engine definition selected by the active backend	"void		SetCamera(CCamera *c)	{ mCamera[mCurrentViewpoint] = c;}  // JCL - sorry!"	"void		SetCamera(CCamera *c)	{ mCamera[mCurrentViewpoint] = c;}  // JCL - sorry!"	Execute the exact inline state transition `mCamera[mCurrentViewpoint] = c;`.	mCamera;mCurrentViewpoint	Mutates only the fields or delegated target shown in the exact source excerpt.	SOURCE_ONLY_BOUNDED_NO_MATCH	NO_MATCH_FOUND			pinned source;reverse-engineering/binary-analysis/ghidra-function-name-table-2026-08-17.tsv;reverse-engineering/binary-analysis/function-c1-closure-2026-08-11.tsv;promoted semantic tables;bounded owner aliases	Simple inline/header body has no named or promoted semantic target after direct and bounded-owner-alias search; candidate bounded NO_MATCH only, not binary absence. W5 cold recheck preserved an empty VA after current name-table, closure, W008/W009, promoted shell semantics, and bounded method-alias review.	A line/signature-specific pristine body, ABI/vtable placement, caller/xref chain, or controlled runtime witness that resolves this exact definition falsifies the bounded no-match.	PORT_CANDIDATE	rebuild/OnslaughtRebuild.Core or rebuild/OnslaughtRebuild.Godot by side-effect boundary	EXTENDED	local-lab/hermes-kanban-campaign-2026-08-22/source-first-expansion/partition.tsv@bc36791975f43d5da6b584727df3eb7d29402e18c550dd3d96e01bba0c301fde;pinned source;reverse-engineering/binary-analysis/ghidra-function-name-table-2026-08-17.tsv;reverse-engineering/binary-analysis/function-c1-closure-2026-08-11.tsv;promoted semantic tables;bounded owner aliases
engine.h:122:CEngine::ToggleDebugDraw:ToggleDebugDraw(ULONG num)	engine.h	122	CEngine::ToggleDebugDraw	ToggleDebugDraw(ULONG num)	5352a81cdb838b145a57f7febc5d9fc4b0129ebb	common engine definition selected by the active backend	"void				ToggleDebugDraw(ULONG num) { if (mDrawDebugStuff & num) mDrawDebugStuff &=(~num) ; else"	"void				ToggleDebugDraw(ULONG num) { if (mDrawDebugStuff & num) mDrawDebugStuff &=(~num) ; else / mDrawDebugStuff |= num ;}"	Toggle the requested debug-draw bit: clear it when already set, otherwise set it.	mDrawDebugStuff	Mutates only the fields or delegated target shown in the exact source excerpt.	EXTERNAL_PROOF_REQUIRED	NO_MATCH_FOUND			pinned source;reverse-engineering/binary-analysis/ghidra-function-name-table-2026-08-17.tsv;reverse-engineering/binary-analysis/function-c1-closure-2026-08-11.tsv;promoted semantic tables;bounded owner aliases	Multi-line/header body has no proven tracked target; inspect compiler emission/folding, callers, and ABI before classifying. W5 cold recheck preserved an empty VA after current name-table, closure, W008/W009, promoted shell semantics, and bounded method-alias review.	A line/signature-specific pristine body, ABI/vtable placement, caller/xref chain, or controlled runtime witness that resolves this exact definition falsifies the bounded no-match.	PORT_CANDIDATE	rebuild/OnslaughtRebuild.Core or rebuild/OnslaughtRebuild.Godot by side-effect boundary	EXTENDED	local-lab/hermes-kanban-campaign-2026-08-22/source-first-expansion/partition.tsv@bc36791975f43d5da6b584727df3eb7d29402e18c550dd3d96e01bba0c301fde;pinned source;reverse-engineering/binary-analysis/ghidra-function-name-table-2026-08-17.tsv;reverse-engineering/binary-analysis/function-c1-closure-2026-08-11.tsv;promoted semantic tables;bounded owner aliases
engine.h:125:CEngine::GetHitEffectTexture:*GetHitEffectTexture()	engine.h	125	CEngine::GetHitEffectTexture	*GetHitEffectTexture()	5352a81cdb838b145a57f7febc5d9fc4b0129ebb	common engine definition selected by the active backend	"class CTEXTURE	*GetHitEffectTexture() { return(mHitEffectTexture); };"	"class CTEXTURE	*GetHitEffectTexture() { return(mHitEffectTexture); };"	Execute the exact source body `return(mHitEffectTexture);`; no behavior beyond this line/signature is inferred.	mHitEffectTexture	Read-only or no-op at this source definition; no source-visible mutation.	SOURCE_ONLY_BOUNDED_NO_MATCH	NO_MATCH_FOUND			pinned source;reverse-engineering/binary-analysis/ghidra-function-name-table-2026-08-17.tsv;reverse-engineering/binary-analysis/function-c1-closure-2026-08-11.tsv;promoted semantic tables;bounded owner aliases	Simple inline/header body has no named or promoted semantic target after direct and bounded-owner-alias search; candidate bounded NO_MATCH only, not binary absence. W5 cold recheck preserved an empty VA after current name-table, closure, W008/W009, promoted shell semantics, and bounded method-alias review.	A line/signature-specific pristine body, ABI/vtable placement, caller/xref chain, or controlled runtime witness that resolves this exact definition falsifies the bounded no-match.	PORT_CANDIDATE	rebuild/OnslaughtRebuild.Core or rebuild/OnslaughtRebuild.Godot by side-effect boundary	EXTENDED	local-lab/hermes-kanban-campaign-2026-08-22/source-first-expansion/partition.tsv@bc36791975f43d5da6b584727df3eb7d29402e18c550dd3d96e01bba0c301fde;pinned source;reverse-engineering/binary-analysis/ghidra-function-name-table-2026-08-17.tsv;reverse-engineering/binary-analysis/function-c1-closure-2026-08-11.tsv;promoted semantic tables;bounded owner aliases
engine.h:126:CEngine::GetCloakTexture:*GetCloakTexture()	engine.h	126	CEngine::GetCloakTexture	*GetCloakTexture()	5352a81cdb838b145a57f7febc5d9fc4b0129ebb	common engine definition selected by the active backend	"class CTEXTURE	*GetCloakTexture() { return(mCloakTexture); };"	"class CTEXTURE	*GetCloakTexture() { return(mCloakTexture); };"	Execute the exact source body `return(mCloakTexture);`; no behavior beyond this line/signature is inferred.	mCloakTexture	Read-only or no-op at this source definition; no source-visible mutation.	SOURCE_ONLY_BOUNDED_NO_MATCH	NO_MATCH_FOUND			pinned source;reverse-engineering/binary-analysis/ghidra-function-name-table-2026-08-17.tsv;reverse-engineering/binary-analysis/function-c1-closure-2026-08-11.tsv;promoted semantic tables;bounded owner aliases	Simple inline/header body has no named or promoted semantic target after direct and bounded-owner-alias search; candidate bounded NO_MATCH only, not binary absence. W5 cold recheck preserved an empty VA after current name-table, closure, W008/W009, promoted shell semantics, and bounded method-alias review.	A line/signature-specific pristine body, ABI/vtable placement, caller/xref chain, or controlled runtime witness that resolves this exact definition falsifies the bounded no-match.	PORT_CANDIDATE	rebuild/OnslaughtRebuild.Core or rebuild/OnslaughtRebuild.Godot by side-effect boundary	EXTENDED	local-lab/hermes-kanban-campaign-2026-08-22/source-first-expansion/partition.tsv@bc36791975f43d5da6b584727df3eb7d29402e18c550dd3d96e01bba0c301fde;pinned source;reverse-engineering/binary-analysis/ghidra-function-name-table-2026-08-17.tsv;reverse-engineering/binary-analysis/function-c1-closure-2026-08-11.tsv;promoted semantic tables;bounded owner aliases
engine.h:128:CEngine::ToggleParticles:ToggleParticles()	engine.h	128	CEngine::ToggleParticles	ToggleParticles()	5352a81cdb838b145a57f7febc5d9fc4b0129ebb	common engine definition selected by the active backend	"void		ToggleParticles() {mDebugNoParticles = !mDebugNoParticles;};"	"void		ToggleParticles() {mDebugNoParticles = !mDebugNoParticles;};"	Execute the exact inline state transition `mDebugNoParticles = !mDebugNoParticles;`.	mDebugNoParticles	Mutates only the fields or delegated target shown in the exact source excerpt.	SOURCE_ONLY_BOUNDED_NO_MATCH	NO_MATCH_FOUND			pinned source;reverse-engineering/binary-analysis/ghidra-function-name-table-2026-08-17.tsv;reverse-engineering/binary-analysis/function-c1-closure-2026-08-11.tsv;promoted semantic tables;bounded owner aliases	Simple inline/header body has no named or promoted semantic target after direct and bounded-owner-alias search; candidate bounded NO_MATCH only, not binary absence. W5 cold recheck preserved an empty VA after current name-table, closure, W008/W009, promoted shell semantics, and bounded method-alias review.	A line/signature-specific pristine body, ABI/vtable placement, caller/xref chain, or controlled runtime witness that resolves this exact definition falsifies the bounded no-match.	PORT_CANDIDATE	rebuild/OnslaughtRebuild.Core or rebuild/OnslaughtRebuild.Godot by side-effect boundary	EXTENDED	local-lab/hermes-kanban-campaign-2026-08-22/source-first-expansion/partition.tsv@bc36791975f43d5da6b584727df3eb7d29402e18c550dd3d96e01bba0c301fde;pinned source;reverse-engineering/binary-analysis/ghidra-function-name-table-2026-08-17.tsv;reverse-engineering/binary-analysis/function-c1-closure-2026-08-11.tsv;promoted semantic tables;bounded owner aliases
engine.h:129:CEngine::DebugNoParticles:DebugNoParticles()	engine.h	129	CEngine::DebugNoParticles	DebugNoParticles()	5352a81cdb838b145a57f7febc5d9fc4b0129ebb	common engine definition selected by the active backend	"BOOL		DebugNoParticles() {return mDebugNoParticles;};"	"BOOL		DebugNoParticles() {return mDebugNoParticles;};"	Return the source expression `mDebugNoParticles`.	mDebugNoParticles	Read-only or no-op at this source definition; no source-visible mutation.	SOURCE_ONLY_BOUNDED_NO_MATCH	NO_MATCH_FOUND			pinned source;reverse-engineering/binary-analysis/ghidra-function-name-table-2026-08-17.tsv;reverse-engineering/binary-analysis/function-c1-closure-2026-08-11.tsv;promoted semantic tables;bounded owner aliases	Simple inline/header body has no named or promoted semantic target after direct and bounded-owner-alias search; candidate bounded NO_MATCH only, not binary absence. W5 cold recheck preserved an empty VA after current name-table, closure, W008/W009, promoted shell semantics, and bounded method-alias review.	A line/signature-specific pristine body, ABI/vtable placement, caller/xref chain, or controlled runtime witness that resolves this exact definition falsifies the bounded no-match.	PORT_CANDIDATE	rebuild/OnslaughtRebuild.Core or rebuild/OnslaughtRebuild.Godot by side-effect boundary	EXTENDED	local-lab/hermes-kanban-campaign-2026-08-22/source-first-expansion/partition.tsv@bc36791975f43d5da6b584727df3eb7d29402e18c550dd3d96e01bba0c301fde;pinned source;reverse-engineering/binary-analysis/ghidra-function-name-table-2026-08-17.tsv;reverse-engineering/binary-analysis/function-c1-closure-2026-08-11.tsv;promoted semantic tables;bounded owner aliases
engine.h:131:CEngine::GetDrawDebugStuff:GetDrawDebugStuff()	engine.h	131	CEngine::GetDrawDebugStuff	GetDrawDebugStuff()	5352a81cdb838b145a57f7febc5d9fc4b0129ebb	common engine definition selected by the active backend	"ULONG		GetDrawDebugStuff() { return mDrawDebugStuff; }"	"ULONG		GetDrawDebugStuff() { return mDrawDebugStuff; }"	Return the source expression `mDrawDebugStuff`.	mDrawDebugStuff	Read-only or no-op at this source definition; no source-visible mutation.	SOURCE_ONLY_BOUNDED_NO_MATCH	NO_MATCH_FOUND			pinned source;reverse-engineering/binary-analysis/ghidra-function-name-table-2026-08-17.tsv;reverse-engineering/binary-analysis/function-c1-closure-2026-08-11.tsv;promoted semantic tables;bounded owner aliases	Simple inline/header body has no named or promoted semantic target after direct and bounded-owner-alias search; candidate bounded NO_MATCH only, not binary absence. W5 cold recheck preserved an empty VA after current name-table, closure, W008/W009, promoted shell semantics, and bounded method-alias review.	A line/signature-specific pristine body, ABI/vtable placement, caller/xref chain, or controlled runtime witness that resolves this exact definition falsifies the bounded no-match.	PORT_CANDIDATE	rebuild/OnslaughtRebuild.Core or rebuild/OnslaughtRebuild.Godot by side-effect boundary	EXTENDED	local-lab/hermes-kanban-campaign-2026-08-22/source-first-expansion/partition.tsv@bc36791975f43d5da6b584727df3eb7d29402e18c550dd3d96e01bba0c301fde;pinned source;reverse-engineering/binary-analysis/ghidra-function-name-table-2026-08-17.tsv;reverse-engineering/binary-analysis/function-c1-closure-2026-08-11.tsv;promoted semantic tables;bounded owner aliases
engine.h:135:CEngine::GetNearZ:GetNearZ()	engine.h	135	CEngine::GetNearZ	GetNearZ()	5352a81cdb838b145a57f7febc5d9fc4b0129ebb	common engine definition selected by the active backend	"float		GetNearZ() { return mNearZ; }"	"float		GetNearZ() { return mNearZ; }"	Return the source expression `mNearZ`.	mNearZ	Read-only or no-op at this source definition; no source-visible mutation.	SOURCE_ONLY_BOUNDED_NO_MATCH	NO_MATCH_FOUND			pinned source;reverse-engineering/binary-analysis/ghidra-function-name-table-2026-08-17.tsv;reverse-engineering/binary-analysis/function-c1-closure-2026-08-11.tsv;promoted semantic tables;bounded owner aliases	Simple inline/header body has no named or promoted semantic target after direct and bounded-owner-alias search; candidate bounded NO_MATCH only, not binary absence. W5 cold recheck preserved an empty VA after current name-table, closure, W008/W009, promoted shell semantics, and bounded method-alias review.	A line/signature-specific pristine body, ABI/vtable placement, caller/xref chain, or controlled runtime witness that resolves this exact definition falsifies the bounded no-match.	PARTIAL_LAW_PRESENT	rebuild/OnslaughtRebuild.Core;rebuild/OnslaughtRebuild.Godot	EXTENDED	local-lab/hermes-kanban-campaign-2026-08-22/source-first-expansion/partition.tsv@bc36791975f43d5da6b584727df3eb7d29402e18c550dd3d96e01bba0c301fde;pinned source;reverse-engineering/binary-analysis/ghidra-function-name-table-2026-08-17.tsv;reverse-engineering/binary-analysis/function-c1-closure-2026-08-11.tsv;promoted semantic tables;bounded owner aliases
engine.h:136:CEngine::GetFarZ:GetFarZ()	engine.h	136	CEngine::GetFarZ	GetFarZ()	5352a81cdb838b145a57f7febc5d9fc4b0129ebb	common engine definition selected by the active backend	"float		GetFarZ() { return mFarZ; }"	"float		GetFarZ() { return mFarZ; }"	Return the source expression `mFarZ`.	mFarZ	Read-only or no-op at this source definition; no source-visible mutation.	SOURCE_ONLY_BOUNDED_NO_MATCH	NO_MATCH_FOUND			pinned source;reverse-engineering/binary-analysis/ghidra-function-name-table-2026-08-17.tsv;reverse-engineering/binary-analysis/function-c1-closure-2026-08-11.tsv;promoted semantic tables;bounded owner aliases	Simple inline/header body has no named or promoted semantic target after direct and bounded-owner-alias search; candidate bounded NO_MATCH only, not binary absence. W5 cold recheck preserved an empty VA after current name-table, closure, W008/W009, promoted shell semantics, and bounded method-alias review.	A line/signature-specific pristine body, ABI/vtable placement, caller/xref chain, or controlled runtime witness that resolves this exact definition falsifies the bounded no-match.	PARTIAL_LAW_PRESENT	rebuild/OnslaughtRebuild.Core;rebuild/OnslaughtRebuild.Godot	EXTENDED	local-lab/hermes-kanban-campaign-2026-08-22/source-first-expansion/partition.tsv@bc36791975f43d5da6b584727df3eb7d29402e18c550dd3d96e01bba0c301fde;pinned source;reverse-engineering/binary-analysis/ghidra-function-name-table-2026-08-17.tsv;reverse-engineering/binary-analysis/function-c1-closure-2026-08-11.tsv;promoted semantic tables;bounded owner aliases
engine.h:137:CEngine::SetNearZ:SetNearZ( const float aNearZ )	engine.h	137	CEngine::SetNearZ	SetNearZ( const float aNearZ )	5352a81cdb838b145a57f7febc5d9fc4b0129ebb	common engine definition selected by the active backend	"void		SetNearZ( const float aNearZ ) { mNearZ = aNearZ; }"	"void		SetNearZ( const float aNearZ ) { mNearZ = aNearZ; }"	Execute the exact inline state transition `mNearZ = aNearZ;`.	mNearZ	Mutates only the fields or delegated target shown in the exact source excerpt.	SOURCE_ONLY_BOUNDED_NO_MATCH	NO_MATCH_FOUND			pinned source;reverse-engineering/binary-analysis/ghidra-function-name-table-2026-08-17.tsv;reverse-engineering/binary-analysis/function-c1-closure-2026-08-11.tsv;promoted semantic tables;bounded owner aliases	Simple inline/header body has no named or promoted semantic target after direct and bounded-owner-alias search; candidate bounded NO_MATCH only, not binary absence. W5 cold recheck preserved an empty VA after current name-table, closure, W008/W009, promoted shell semantics, and bounded method-alias review.	A line/signature-specific pristine body, ABI/vtable placement, caller/xref chain, or controlled runtime witness that resolves this exact definition falsifies the bounded no-match.	PARTIAL_LAW_PRESENT	rebuild/OnslaughtRebuild.Core;rebuild/OnslaughtRebuild.Godot	EXTENDED	local-lab/hermes-kanban-campaign-2026-08-22/source-first-expansion/partition.tsv@bc36791975f43d5da6b584727df3eb7d29402e18c550dd3d96e01bba0c301fde;pinned source;reverse-engineering/binary-analysis/ghidra-function-name-table-2026-08-17.tsv;reverse-engineering/binary-analysis/function-c1-closure-2026-08-11.tsv;promoted semantic tables;bounded owner aliases
engine.h:138:CEngine::SetFarZ:SetFarZ( const float aFarZ )	engine.h	138	CEngine::SetFarZ	SetFarZ( const float aFarZ )	5352a81cdb838b145a57f7febc5d9fc4b0129ebb	common engine definition selected by the active backend	"void		SetFarZ( const float aFarZ ) { mFarZ = aFarZ; }"	"void		SetFarZ( const float aFarZ ) { mFarZ = aFarZ; }"	Execute the exact inline state transition `mFarZ = aFarZ;`.	mFarZ	Mutates only the fields or delegated target shown in the exact source excerpt.	SOURCE_ONLY_BOUNDED_NO_MATCH	NO_MATCH_FOUND			pinned source;reverse-engineering/binary-analysis/ghidra-function-name-table-2026-08-17.tsv;reverse-engineering/binary-analysis/function-c1-closure-2026-08-11.tsv;promoted semantic tables;bounded owner aliases	Simple inline/header body has no named or promoted semantic target after direct and bounded-owner-alias search; candidate bounded NO_MATCH only, not binary absence. W5 cold recheck preserved an empty VA after current name-table, closure, W008/W009, promoted shell semantics, and bounded method-alias review.	A line/signature-specific pristine body, ABI/vtable placement, caller/xref chain, or controlled runtime witness that resolves this exact definition falsifies the bounded no-match.	PARTIAL_LAW_PRESENT	rebuild/OnslaughtRebuild.Core;rebuild/OnslaughtRebuild.Godot	EXTENDED	local-lab/hermes-kanban-campaign-2026-08-22/source-first-expansion/partition.tsv@bc36791975f43d5da6b584727df3eb7d29402e18c550dd3d96e01bba0c301fde;pinned source;reverse-engineering/binary-analysis/ghidra-function-name-table-2026-08-17.tsv;reverse-engineering/binary-analysis/function-c1-closure-2026-08-11.tsv;promoted semantic tables;bounded owner aliases
engine.h:140:CEngine::SetCurrentViewport:SetCurrentViewport(CViewport *vp)	engine.h	140	CEngine::SetCurrentViewport	SetCurrentViewport(CViewport *vp)	5352a81cdb838b145a57f7febc5d9fc4b0129ebb	common engine definition selected by the active backend	"void				SetCurrentViewport(CViewport *vp) { mCurrentViewport=*vp; };"	"void				SetCurrentViewport(CViewport *vp) { mCurrentViewport=*vp; };"	Execute the exact inline state transition `mCurrentViewport=*vp;`.	mCurrentViewport	Mutates only the fields or delegated target shown in the exact source excerpt.	SOURCE_ONLY_BOUNDED_NO_MATCH	NO_MATCH_FOUND			pinned source;reverse-engineering/binary-analysis/ghidra-function-name-table-2026-08-17.tsv;reverse-engineering/binary-analysis/function-c1-closure-2026-08-11.tsv;promoted semantic tables;bounded owner aliases	Simple inline/header body has no named or promoted semantic target after direct and bounded-owner-alias search; candidate bounded NO_MATCH only, not binary absence. W5 cold recheck preserved an empty VA after current name-table, closure, W008/W009, promoted shell semantics, and bounded method-alias review.	A line/signature-specific pristine body, ABI/vtable placement, caller/xref chain, or controlled runtime witness that resolves this exact definition falsifies the bounded no-match.	PARTIAL_LAW_PRESENT	rebuild/OnslaughtRebuild.Core;rebuild/OnslaughtRebuild.Godot	EXTENDED	local-lab/hermes-kanban-campaign-2026-08-22/source-first-expansion/partition.tsv@bc36791975f43d5da6b584727df3eb7d29402e18c550dd3d96e01bba0c301fde;pinned source;reverse-engineering/binary-analysis/ghidra-function-name-table-2026-08-17.tsv;reverse-engineering/binary-analysis/function-c1-closure-2026-08-11.tsv;promoted semantic tables;bounded owner aliases
engine.h:141:CEngine::GetCurrentViewport:GetCurrentViewport()	engine.h	141	CEngine::GetCurrentViewport	GetCurrentViewport()	5352a81cdb838b145a57f7febc5d9fc4b0129ebb	common engine definition selected by the active backend	"CViewport			GetCurrentViewport()		{ return mCurrentViewport; };"	"CViewport			GetCurrentViewport()		{ return mCurrentViewport; };"	Return the source expression `mCurrentViewport`.	mCurrentViewport	Read-only or no-op at this source definition; no source-visible mutation.	SOURCE_ONLY_BOUNDED_NO_MATCH	NO_MATCH_FOUND			pinned source;reverse-engineering/binary-analysis/ghidra-function-name-table-2026-08-17.tsv;reverse-engineering/binary-analysis/function-c1-closure-2026-08-11.tsv;promoted semantic tables;bounded owner aliases	Simple inline/header body has no named or promoted semantic target after direct and bounded-owner-alias search; candidate bounded NO_MATCH only, not binary absence. W5 cold recheck preserved an empty VA after current name-table, closure, W008/W009, promoted shell semantics, and bounded method-alias review.	A line/signature-specific pristine body, ABI/vtable placement, caller/xref chain, or controlled runtime witness that resolves this exact definition falsifies the bounded no-match.	PARTIAL_LAW_PRESENT	rebuild/OnslaughtRebuild.Core;rebuild/OnslaughtRebuild.Godot	EXTENDED	local-lab/hermes-kanban-campaign-2026-08-22/source-first-expansion/partition.tsv@bc36791975f43d5da6b584727df3eb7d29402e18c550dd3d96e01bba0c301fde;pinned source;reverse-engineering/binary-analysis/ghidra-function-name-table-2026-08-17.tsv;reverse-engineering/binary-analysis/function-c1-closure-2026-08-11.tsv;promoted semantic tables;bounded owner aliases
engine.h:142:CEngine::GetCurrentViewportWidth:GetCurrentViewportWidth()	engine.h	142	CEngine::GetCurrentViewportWidth	GetCurrentViewportWidth()	5352a81cdb838b145a57f7febc5d9fc4b0129ebb	common engine definition selected by the active backend	"int					GetCurrentViewportWidth()	{ return mCurrentViewport.Width; };"	"int					GetCurrentViewportWidth()	{ return mCurrentViewport.Width; };"	Return the source expression `mCurrentViewport.Width`.	mCurrentViewport	Read-only or no-op at this source definition; no source-visible mutation.	SOURCE_ONLY_BOUNDED_NO_MATCH	NO_MATCH_FOUND			pinned source;reverse-engineering/binary-analysis/ghidra-function-name-table-2026-08-17.tsv;reverse-engineering/binary-analysis/function-c1-closure-2026-08-11.tsv;promoted semantic tables;bounded owner aliases	Simple inline/header body has no named or promoted semantic target after direct and bounded-owner-alias search; candidate bounded NO_MATCH only, not binary absence. W5 cold recheck preserved an empty VA after current name-table, closure, W008/W009, promoted shell semantics, and bounded method-alias review.	A line/signature-specific pristine body, ABI/vtable placement, caller/xref chain, or controlled runtime witness that resolves this exact definition falsifies the bounded no-match.	PARTIAL_LAW_PRESENT	rebuild/OnslaughtRebuild.Core;rebuild/OnslaughtRebuild.Godot	EXTENDED	local-lab/hermes-kanban-campaign-2026-08-22/source-first-expansion/partition.tsv@bc36791975f43d5da6b584727df3eb7d29402e18c550dd3d96e01bba0c301fde;pinned source;reverse-engineering/binary-analysis/ghidra-function-name-table-2026-08-17.tsv;reverse-engineering/binary-analysis/function-c1-closure-2026-08-11.tsv;promoted semantic tables;bounded owner aliases
engine.h:143:CEngine::GetCurrentViewportHeight:GetCurrentViewportHeight()	engine.h	143	CEngine::GetCurrentViewportHeight	GetCurrentViewportHeight()	5352a81cdb838b145a57f7febc5d9fc4b0129ebb	common engine definition selected by the active backend	"int					GetCurrentViewportHeight()	{ return mCurrentViewport.Height; };"	"int					GetCurrentViewportHeight()	{ return mCurrentViewport.Height; };"	Return the source expression `mCurrentViewport.Height`.	mCurrentViewport	Read-only or no-op at this source definition; no source-visible mutation.	SOURCE_ONLY_BOUNDED_NO_MATCH	NO_MATCH_FOUND			pinned source;reverse-engineering/binary-analysis/ghidra-function-name-table-2026-08-17.tsv;reverse-engineering/binary-analysis/function-c1-closure-2026-08-11.tsv;promoted semantic tables;bounded owner aliases	Simple inline/header body has no named or promoted semantic target after direct and bounded-owner-alias search; candidate bounded NO_MATCH only, not binary absence. W5 cold recheck preserved an empty VA after current name-table, closure, W008/W009, promoted shell semantics, and bounded method-alias review.	A line/signature-specific pristine body, ABI/vtable placement, caller/xref chain, or controlled runtime witness that resolves this exact definition falsifies the bounded no-match.	PARTIAL_LAW_PRESENT	rebuild/OnslaughtRebuild.Core;rebuild/OnslaughtRebuild.Godot	EXTENDED	local-lab/hermes-kanban-campaign-2026-08-22/source-first-expansion/partition.tsv@bc36791975f43d5da6b584727df3eb7d29402e18c550dd3d96e01bba0c301fde;pinned source;reverse-engineering/binary-analysis/ghidra-function-name-table-2026-08-17.tsv;reverse-engineering/binary-analysis/function-c1-closure-2026-08-11.tsv;promoted semantic tables;bounded owner aliases
engine.h:144:CEngine::GetCurrentViewportX:GetCurrentViewportX()	engine.h	144	CEngine::GetCurrentViewportX	GetCurrentViewportX()	5352a81cdb838b145a57f7febc5d9fc4b0129ebb	common engine definition selected by the active backend	"int					GetCurrentViewportX()		{ return mCurrentViewport.X; };"	"int					GetCurrentViewportX()		{ return mCurrentViewport.X; };"	Return the source expression `mCurrentViewport.X`.	mCurrentViewport	Read-only or no-op at this source definition; no source-visible mutation.	SOURCE_ONLY_BOUNDED_NO_MATCH	NO_MATCH_FOUND			pinned source;reverse-engineering/binary-analysis/ghidra-function-name-table-2026-08-17.tsv;reverse-engineering/binary-analysis/function-c1-closure-2026-08-11.tsv;promoted semantic tables;bounded owner aliases	Simple inline/header body has no named or promoted semantic target after direct and bounded-owner-alias search; candidate bounded NO_MATCH only, not binary absence. W5 cold recheck preserved an empty VA after current name-table, closure, W008/W009, promoted shell semantics, and bounded method-alias review.	A line/signature-specific pristine body, ABI/vtable placement, caller/xref chain, or controlled runtime witness that resolves this exact definition falsifies the bounded no-match.	PARTIAL_LAW_PRESENT	rebuild/OnslaughtRebuild.Core;rebuild/OnslaughtRebuild.Godot	EXTENDED	local-lab/hermes-kanban-campaign-2026-08-22/source-first-expansion/partition.tsv@bc36791975f43d5da6b584727df3eb7d29402e18c550dd3d96e01bba0c301fde;pinned source;reverse-engineering/binary-analysis/ghidra-function-name-table-2026-08-17.tsv;reverse-engineering/binary-analysis/function-c1-closure-2026-08-11.tsv;promoted semantic tables;bounded owner aliases
engine.h:145:CEngine::GetCurrentViewportY:GetCurrentViewportY()	engine.h	145	CEngine::GetCurrentViewportY	GetCurrentViewportY()	5352a81cdb838b145a57f7febc5d9fc4b0129ebb	common engine definition selected by the active backend	"int					GetCurrentViewportY()		{ return mCurrentViewport.Y; };"	"int					GetCurrentViewportY()		{ return mCurrentViewport.Y; };"	Return the source expression `mCurrentViewport.Y`.	mCurrentViewport	Read-only or no-op at this source definition; no source-visible mutation.	SOURCE_ONLY_BOUNDED_NO_MATCH	NO_MATCH_FOUND			pinned source;reverse-engineering/binary-analysis/ghidra-function-name-table-2026-08-17.tsv;reverse-engineering/binary-analysis/function-c1-closure-2026-08-11.tsv;promoted semantic tables;bounded owner aliases	Simple inline/header body has no named or promoted semantic target after direct and bounded-owner-alias search; candidate bounded NO_MATCH only, not binary absence. W5 cold recheck preserved an empty VA after current name-table, closure, W008/W009, promoted shell semantics, and bounded method-alias review.	A line/signature-specific pristine body, ABI/vtable placement, caller/xref chain, or controlled runtime witness that resolves this exact definition falsifies the bounded no-match.	PARTIAL_LAW_PRESENT	rebuild/OnslaughtRebuild.Core;rebuild/OnslaughtRebuild.Godot	EXTENDED	local-lab/hermes-kanban-campaign-2026-08-22/source-first-expansion/partition.tsv@bc36791975f43d5da6b584727df3eb7d29402e18c550dd3d96e01bba0c301fde;pinned source;reverse-engineering/binary-analysis/ghidra-function-name-table-2026-08-17.tsv;reverse-engineering/binary-analysis/function-c1-closure-2026-08-11.tsv;promoted semantic tables;bounded owner aliases
engine.h:147:CEngine::GetCameraForViewpoint:*GetCameraForViewpoint(int n)	engine.h	147	CEngine::GetCameraForViewpoint	*GetCameraForViewpoint(int n)	5352a81cdb838b145a57f7febc5d9fc4b0129ebb	common engine definition selected by the active backend	"CCamera				*GetCameraForViewpoint(int n) { return mCamera[n]; }"	"CCamera				*GetCameraForViewpoint(int n) { return mCamera[n]; }"	Return the source expression `mCamera[n]`.	mCamera	Read-only or no-op at this source definition; no source-visible mutation.	SOURCE_ONLY_BOUNDED_NO_MATCH	NO_MATCH_FOUND			pinned source;reverse-engineering/binary-analysis/ghidra-function-name-table-2026-08-17.tsv;reverse-engineering/binary-analysis/function-c1-closure-2026-08-11.tsv;promoted semantic tables;bounded owner aliases	Simple inline/header body has no named or promoted semantic target after direct and bounded-owner-alias search; candidate bounded NO_MATCH only, not binary absence. W5 cold recheck preserved an empty VA after current name-table, closure, W008/W009, promoted shell semantics, and bounded method-alias review.	A line/signature-specific pristine body, ABI/vtable placement, caller/xref chain, or controlled runtime witness that resolves this exact definition falsifies the bounded no-match.	PARTIAL_LAW_PRESENT	rebuild/OnslaughtRebuild.Core;rebuild/OnslaughtRebuild.Godot	EXTENDED	local-lab/hermes-kanban-campaign-2026-08-22/source-first-expansion/partition.tsv@bc36791975f43d5da6b584727df3eb7d29402e18c550dd3d96e01bba0c301fde;pinned source;reverse-engineering/binary-analysis/ghidra-function-name-table-2026-08-17.tsv;reverse-engineering/binary-analysis/function-c1-closure-2026-08-11.tsv;promoted semantic tables;bounded owner aliases
engine.h:148:CEngine::GetPlayerForViewpoint:*GetPlayerForViewpoint(int n)	engine.h	148	CEngine::GetPlayerForViewpoint	*GetPlayerForViewpoint(int n)	5352a81cdb838b145a57f7febc5d9fc4b0129ebb	common engine definition selected by the active backend	"CPlayer				*GetPlayerForViewpoint(int n) { return mPlayer[n]; }"	"CPlayer				*GetPlayerForViewpoint(int n) { return mPlayer[n]; }"	Return the source expression `mPlayer[n]`.	mPlayer	Read-only or no-op at this source definition; no source-visible mutation.	SOURCE_ONLY_BOUNDED_NO_MATCH	NO_MATCH_FOUND			pinned source;reverse-engineering/binary-analysis/ghidra-function-name-table-2026-08-17.tsv;reverse-engineering/binary-analysis/function-c1-closure-2026-08-11.tsv;promoted semantic tables;bounded owner aliases	Simple inline/header body has no named or promoted semantic target after direct and bounded-owner-alias search; candidate bounded NO_MATCH only, not binary absence. W5 cold recheck preserved an empty VA after current name-table, closure, W008/W009, promoted shell semantics, and bounded method-alias review.	A line/signature-specific pristine body, ABI/vtable placement, caller/xref chain, or controlled runtime witness that resolves this exact definition falsifies the bounded no-match.	PARTIAL_LAW_PRESENT	rebuild/OnslaughtRebuild.Core;rebuild/OnslaughtRebuild.Godot	EXTENDED	local-lab/hermes-kanban-campaign-2026-08-22/source-first-expansion/partition.tsv@bc36791975f43d5da6b584727df3eb7d29402e18c550dd3d96e01bba0c301fde;pinned source;reverse-engineering/binary-analysis/ghidra-function-name-table-2026-08-17.tsv;reverse-engineering/binary-analysis/function-c1-closure-2026-08-11.tsv;promoted semantic tables;bounded owner aliases
engine.h:149:CEngine::GetViewportForViewpoint:*GetViewportForViewpoint(int n)	engine.h	149	CEngine::GetViewportForViewpoint	*GetViewportForViewpoint(int n)	5352a81cdb838b145a57f7febc5d9fc4b0129ebb	common engine definition selected by the active backend	"CViewport			*GetViewportForViewpoint(int n) { return &mViewport[n]; }"	"CViewport			*GetViewportForViewpoint(int n) { return &mViewport[n]; }"	Return the source expression `&mViewport[n]`.	mViewport	Read-only or no-op at this source definition; no source-visible mutation.	SOURCE_ONLY_BOUNDED_NO_MATCH	NO_MATCH_FOUND			pinned source;reverse-engineering/binary-analysis/ghidra-function-name-table-2026-08-17.tsv;reverse-engineering/binary-analysis/function-c1-closure-2026-08-11.tsv;promoted semantic tables;bounded owner aliases	Simple inline/header body has no named or promoted semantic target after direct and bounded-owner-alias search; candidate bounded NO_MATCH only, not binary absence. W5 cold recheck preserved an empty VA after current name-table, closure, W008/W009, promoted shell semantics, and bounded method-alias review.	A line/signature-specific pristine body, ABI/vtable placement, caller/xref chain, or controlled runtime witness that resolves this exact definition falsifies the bounded no-match.	PARTIAL_LAW_PRESENT	rebuild/OnslaughtRebuild.Core;rebuild/OnslaughtRebuild.Godot	EXTENDED	local-lab/hermes-kanban-campaign-2026-08-22/source-first-expansion/partition.tsv@bc36791975f43d5da6b584727df3eb7d29402e18c550dd3d96e01bba0c301fde;pinned source;reverse-engineering/binary-analysis/ghidra-function-name-table-2026-08-17.tsv;reverse-engineering/binary-analysis/function-c1-closure-2026-08-11.tsv;promoted semantic tables;bounded owner aliases
engine.h:150:CEngine::GetNumViewpoints:GetNumViewpoints()	engine.h	150	CEngine::GetNumViewpoints	GetNumViewpoints()	5352a81cdb838b145a57f7febc5d9fc4b0129ebb	common engine definition selected by the active backend	"int					GetNumViewpoints() { return mViewpoints; }"	"int					GetNumViewpoints() { return mViewpoints; }"	Return the source expression `mViewpoints`.	mViewpoints	Read-only or no-op at this source definition; no source-visible mutation.	SOURCE_ONLY_BOUNDED_NO_MATCH	NO_MATCH_FOUND			pinned source;reverse-engineering/binary-analysis/ghidra-function-name-table-2026-08-17.tsv;reverse-engineering/binary-analysis/function-c1-closure-2026-08-11.tsv;promoted semantic tables;bounded owner aliases	Simple inline/header body has no named or promoted semantic target after direct and bounded-owner-alias search; candidate bounded NO_MATCH only, not binary absence. W5 cold recheck preserved an empty VA after current name-table, closure, W008/W009, promoted shell semantics, and bounded method-alias review.	A line/signature-specific pristine body, ABI/vtable placement, caller/xref chain, or controlled runtime witness that resolves this exact definition falsifies the bounded no-match.	PARTIAL_LAW_PRESENT	rebuild/OnslaughtRebuild.Core;rebuild/OnslaughtRebuild.Godot	EXTENDED	local-lab/hermes-kanban-campaign-2026-08-22/source-first-expansion/partition.tsv@bc36791975f43d5da6b584727df3eb7d29402e18c550dd3d96e01bba0c301fde;pinned source;reverse-engineering/binary-analysis/ghidra-function-name-table-2026-08-17.tsv;reverse-engineering/binary-analysis/function-c1-closure-2026-08-11.tsv;promoted semantic tables;bounded owner aliases
engine.h:158:CEngine::GetHitEffectFactorR:GetHitEffectFactorR()	engine.h	158	CEngine::GetHitEffectFactorR	GetHitEffectFactorR()	5352a81cdb838b145a57f7febc5d9fc4b0129ebb	common engine definition selected by the active backend	"int					GetHitEffectFactorR() { return mHitEffectFactorR; };"	"int					GetHitEffectFactorR() { return mHitEffectFactorR; };"	Return the source expression `mHitEffectFactorR`.	mHitEffectFactorR	Read-only or no-op at this source definition; no source-visible mutation.	SOURCE_ONLY_BOUNDED_NO_MATCH	NO_MATCH_FOUND			pinned source;reverse-engineering/binary-analysis/ghidra-function-name-table-2026-08-17.tsv;reverse-engineering/binary-analysis/function-c1-closure-2026-08-11.tsv;promoted semantic tables;bounded owner aliases	Simple inline/header body has no named or promoted semantic target after direct and bounded-owner-alias search; candidate bounded NO_MATCH only, not binary absence. W5 cold recheck preserved an empty VA after current name-table, closure, W008/W009, promoted shell semantics, and bounded method-alias review.	A line/signature-specific pristine body, ABI/vtable placement, caller/xref chain, or controlled runtime witness that resolves this exact definition falsifies the bounded no-match.	PORT_CANDIDATE	rebuild/OnslaughtRebuild.Core or rebuild/OnslaughtRebuild.Godot by side-effect boundary	EXTENDED	local-lab/hermes-kanban-campaign-2026-08-22/source-first-expansion/partition.tsv@bc36791975f43d5da6b584727df3eb7d29402e18c550dd3d96e01bba0c301fde;pinned source;reverse-engineering/binary-analysis/ghidra-function-name-table-2026-08-17.tsv;reverse-engineering/binary-analysis/function-c1-closure-2026-08-11.tsv;promoted semantic tables;bounded owner aliases
engine.h:159:CEngine::GetHitEffectFactorG:GetHitEffectFactorG()	engine.h	159	CEngine::GetHitEffectFactorG	GetHitEffectFactorG()	5352a81cdb838b145a57f7febc5d9fc4b0129ebb	common engine definition selected by the active backend	"int					GetHitEffectFactorG() { return mHitEffectFactorG; };"	"int					GetHitEffectFactorG() { return mHitEffectFactorG; };"	Return the source expression `mHitEffectFactorG`.	mHitEffectFactorG	Read-only or no-op at this source definition; no source-visible mutation.	SOURCE_ONLY_BOUNDED_NO_MATCH	NO_MATCH_FOUND			pinned source;reverse-engineering/binary-analysis/ghidra-function-name-table-2026-08-17.tsv;reverse-engineering/binary-analysis/function-c1-closure-2026-08-11.tsv;promoted semantic tables;bounded owner aliases	Simple inline/header body has no named or promoted semantic target after direct and bounded-owner-alias search; candidate bounded NO_MATCH only, not binary absence. W5 cold recheck preserved an empty VA after current name-table, closure, W008/W009, promoted shell semantics, and bounded method-alias review.	A line/signature-specific pristine body, ABI/vtable placement, caller/xref chain, or controlled runtime witness that resolves this exact definition falsifies the bounded no-match.	PORT_CANDIDATE	rebuild/OnslaughtRebuild.Core or rebuild/OnslaughtRebuild.Godot by side-effect boundary	EXTENDED	local-lab/hermes-kanban-campaign-2026-08-22/source-first-expansion/partition.tsv@bc36791975f43d5da6b584727df3eb7d29402e18c550dd3d96e01bba0c301fde;pinned source;reverse-engineering/binary-analysis/ghidra-function-name-table-2026-08-17.tsv;reverse-engineering/binary-analysis/function-c1-closure-2026-08-11.tsv;promoted semantic tables;bounded owner aliases
engine.h:160:CEngine::GetHitEffectFactorB:GetHitEffectFactorB()	engine.h	160	CEngine::GetHitEffectFactorB	GetHitEffectFactorB()	5352a81cdb838b145a57f7febc5d9fc4b0129ebb	common engine definition selected by the active backend	"int					GetHitEffectFactorB() { return mHitEffectFactorB; };"	"int					GetHitEffectFactorB() { return mHitEffectFactorB; };"	Return the source expression `mHitEffectFactorB`.	mHitEffectFactorB	Read-only or no-op at this source definition; no source-visible mutation.	SOURCE_ONLY_BOUNDED_NO_MATCH	NO_MATCH_FOUND			pinned source;reverse-engineering/binary-analysis/ghidra-function-name-table-2026-08-17.tsv;reverse-engineering/binary-analysis/function-c1-closure-2026-08-11.tsv;promoted semantic tables;bounded owner aliases	Simple inline/header body has no named or promoted semantic target after direct and bounded-owner-alias search; candidate bounded NO_MATCH only, not binary absence. W5 cold recheck preserved an empty VA after current name-table, closure, W008/W009, promoted shell semantics, and bounded method-alias review.	A line/signature-specific pristine body, ABI/vtable placement, caller/xref chain, or controlled runtime witness that resolves this exact definition falsifies the bounded no-match.	PORT_CANDIDATE	rebuild/OnslaughtRebuild.Core or rebuild/OnslaughtRebuild.Godot by side-effect boundary	EXTENDED	local-lab/hermes-kanban-campaign-2026-08-22/source-first-expansion/partition.tsv@bc36791975f43d5da6b584727df3eb7d29402e18c550dd3d96e01bba0c301fde;pinned source;reverse-engineering/binary-analysis/ghidra-function-name-table-2026-08-17.tsv;reverse-engineering/binary-analysis/function-c1-closure-2026-08-11.tsv;promoted semantic tables;bounded owner aliases
engine.h:162:CEngine::GetLandscape:*GetLandscape()	engine.h	162	CEngine::GetLandscape	*GetLandscape()	5352a81cdb838b145a57f7febc5d9fc4b0129ebb	common engine definition selected by the active backend	"CLANDSCAPE			*GetLandscape() { return mLandscape; };"	"CLANDSCAPE			*GetLandscape() { return mLandscape; };"	Return the source expression `mLandscape`.	mLandscape	Read-only or no-op at this source definition; no source-visible mutation.	SOURCE_ONLY_BOUNDED_NO_MATCH	NO_MATCH_FOUND			pinned source;reverse-engineering/binary-analysis/ghidra-function-name-table-2026-08-17.tsv;reverse-engineering/binary-analysis/function-c1-closure-2026-08-11.tsv;promoted semantic tables;bounded owner aliases	Simple inline/header body has no named or promoted semantic target after direct and bounded-owner-alias search; candidate bounded NO_MATCH only, not binary absence. W5 cold recheck preserved an empty VA after current name-table, closure, W008/W009, promoted shell semantics, and bounded method-alias review.	A line/signature-specific pristine body, ABI/vtable placement, caller/xref chain, or controlled runtime witness that resolves this exact definition falsifies the bounded no-match.	PORT_CANDIDATE	rebuild/OnslaughtRebuild.Core or rebuild/OnslaughtRebuild.Godot by side-effect boundary	EXTENDED	local-lab/hermes-kanban-campaign-2026-08-22/source-first-expansion/partition.tsv@bc36791975f43d5da6b584727df3eb7d29402e18c550dd3d96e01bba0c301fde;pinned source;reverse-engineering/binary-analysis/ghidra-function-name-table-2026-08-17.tsv;reverse-engineering/binary-analysis/function-c1-closure-2026-08-11.tsv;promoted semantic tables;bounded owner aliases
engine.h:171:CEngine::GetMapTex:* GetMapTex()	engine.h	171	CEngine::GetMapTex	* GetMapTex()	5352a81cdb838b145a57f7febc5d9fc4b0129ebb	common engine definition selected by the active backend	"class	CMapTex*	GetMapTex() { return mMapTexs; }"	"class	CMapTex*	GetMapTex() { return mMapTexs; }"	Return the source expression `mMapTexs`.	mMapTexs	Read-only or no-op at this source definition; no source-visible mutation.	SOURCE_ONLY_BOUNDED_NO_MATCH	NO_MATCH_FOUND			pinned source;reverse-engineering/binary-analysis/ghidra-function-name-table-2026-08-17.tsv;reverse-engineering/binary-analysis/function-c1-closure-2026-08-11.tsv;promoted semantic tables;bounded owner aliases	Simple inline/header body has no named or promoted semantic target after direct and bounded-owner-alias search; candidate bounded NO_MATCH only, not binary absence. W5 cold recheck preserved an empty VA after current name-table, closure, W008/W009, promoted shell semantics, and bounded method-alias review.	A line/signature-specific pristine body, ABI/vtable placement, caller/xref chain, or controlled runtime witness that resolves this exact definition falsifies the bounded no-match.	PORT_CANDIDATE	rebuild/OnslaughtRebuild.Core or rebuild/OnslaughtRebuild.Godot by side-effect boundary	EXTENDED	local-lab/hermes-kanban-campaign-2026-08-22/source-first-expansion/partition.tsv@bc36791975f43d5da6b584727df3eb7d29402e18c550dd3d96e01bba0c301fde;pinned source;reverse-engineering/binary-analysis/ghidra-function-name-table-2026-08-17.tsv;reverse-engineering/binary-analysis/function-c1-closure-2026-08-11.tsv;promoted semantic tables;bounded owner aliases
engine.h:180:CEngine::AddDamage:AddDamage(float x, float y, int size)	engine.h	180	CEngine::AddDamage	AddDamage(float x, float y, int size)	5352a81cdb838b145a57f7febc5d9fc4b0129ebb	common engine definition selected by the active backend	"void				AddDamage(float x, float y, int size) { GetLandscape()->AddDamage(x, y, size);	}"	"void				AddDamage(float x, float y, int size) { GetLandscape()->AddDamage(x, y, size);	}"	Delegate the damage stamp to the current landscape, preserving the source sign of size.	none explicit	May call the delegated object shown in the source excerpt; no other mutation is claimed.	SOURCE_ONLY_BOUNDED_NO_MATCH	NO_MATCH_FOUND			pinned source;reverse-engineering/binary-analysis/ghidra-function-name-table-2026-08-17.tsv;reverse-engineering/binary-analysis/function-c1-closure-2026-08-11.tsv;promoted semantic tables;bounded owner aliases	Simple inline/header body has no named or promoted semantic target after direct and bounded-owner-alias search; candidate bounded NO_MATCH only, not binary absence. W5 cold recheck preserved an empty VA after current name-table, closure, W008/W009, promoted shell semantics, and bounded method-alias review.	A line/signature-specific pristine body, ABI/vtable placement, caller/xref chain, or controlled runtime witness that resolves this exact definition falsifies the bounded no-match.	PORT_CANDIDATE	rebuild/OnslaughtRebuild.Core or rebuild/OnslaughtRebuild.Godot by side-effect boundary	EXTENDED	local-lab/hermes-kanban-campaign-2026-08-22/source-first-expansion/partition.tsv@bc36791975f43d5da6b584727df3eb7d29402e18c550dd3d96e01bba0c301fde;pinned source;reverse-engineering/binary-analysis/ghidra-function-name-table-2026-08-17.tsv;reverse-engineering/binary-analysis/function-c1-closure-2026-08-11.tsv;promoted semantic tables;bounded owner aliases
engine.h:181:CEngine::RemoveDamage:RemoveDamage(float x, float y, int size)	engine.h	181	CEngine::RemoveDamage	RemoveDamage(float x, float y, int size)	5352a81cdb838b145a57f7febc5d9fc4b0129ebb	common engine definition selected by the active backend	"void				RemoveDamage(float x, float y, int size) { GetLandscape()->AddDamage(x, y, -size);	} // note: size flipped on remove"	"void				RemoveDamage(float x, float y, int size) { GetLandscape()->AddDamage(x, y, -size);	} // note: size flipped on remove"	Delegate the damage stamp to the current landscape, preserving the source sign of size.	none explicit	May call the delegated object shown in the source excerpt; no other mutation is claimed.	SOURCE_ONLY_BOUNDED_NO_MATCH	NO_MATCH_FOUND			pinned source;reverse-engineering/binary-analysis/ghidra-function-name-table-2026-08-17.tsv;reverse-engineering/binary-analysis/function-c1-closure-2026-08-11.tsv;promoted semantic tables;bounded owner aliases	Simple inline/header body has no named or promoted semantic target after direct and bounded-owner-alias search; candidate bounded NO_MATCH only, not binary absence. W5 cold recheck preserved an empty VA after current name-table, closure, W008/W009, promoted shell semantics, and bounded method-alias review.	A line/signature-specific pristine body, ABI/vtable placement, caller/xref chain, or controlled runtime witness that resolves this exact definition falsifies the bounded no-match.	PORT_CANDIDATE	rebuild/OnslaughtRebuild.Core or rebuild/OnslaughtRebuild.Godot by side-effect boundary	EXTENDED	local-lab/hermes-kanban-campaign-2026-08-22/source-first-expansion/partition.tsv@bc36791975f43d5da6b584727df3eb7d29402e18c550dd3d96e01bba0c301fde;pinned source;reverse-engineering/binary-analysis/ghidra-function-name-table-2026-08-17.tsv;reverse-engineering/binary-analysis/function-c1-closure-2026-08-11.tsv;promoted semantic tables;bounded owner aliases
engine.h:182:CEngine::LockCurrentDamage:LockCurrentDamage()	engine.h	182	CEngine::LockCurrentDamage	LockCurrentDamage()	5352a81cdb838b145a57f7febc5d9fc4b0129ebb	common engine definition selected by the active backend	"void				LockCurrentDamage() { GetLandscape()->LockCurrentDamage();	}"	"void				LockCurrentDamage() { GetLandscape()->LockCurrentDamage();	}"	Delegate current-damage locking to the landscape.	none explicit	May call the delegated object shown in the source excerpt; no other mutation is claimed.	SOURCE_ONLY_BOUNDED_NO_MATCH	NO_MATCH_FOUND			pinned source;reverse-engineering/binary-analysis/ghidra-function-name-table-2026-08-17.tsv;reverse-engineering/binary-analysis/function-c1-closure-2026-08-11.tsv;promoted semantic tables;bounded owner aliases	Simple inline/header body has no named or promoted semantic target after direct and bounded-owner-alias search; candidate bounded NO_MATCH only, not binary absence. W5 cold recheck preserved an empty VA after current name-table, closure, W008/W009, promoted shell semantics, and bounded method-alias review.	A line/signature-specific pristine body, ABI/vtable placement, caller/xref chain, or controlled runtime witness that resolves this exact definition falsifies the bounded no-match.	PORT_CANDIDATE	rebuild/OnslaughtRebuild.Core or rebuild/OnslaughtRebuild.Godot by side-effect boundary	EXTENDED	local-lab/hermes-kanban-campaign-2026-08-22/source-first-expansion/partition.tsv@bc36791975f43d5da6b584727df3eb7d29402e18c550dd3d96e01bba0c301fde;pinned source;reverse-engineering/binary-analysis/ghidra-function-name-table-2026-08-17.tsv;reverse-engineering/binary-analysis/function-c1-closure-2026-08-11.tsv;promoted semantic tables;bounded owner aliases
engine.h:198:CEngine::ToggleHudAlphaMode:ToggleHudAlphaMode()	engine.h	198	CEngine::ToggleHudAlphaMode	ToggleHudAlphaMode()	5352a81cdb838b145a57f7febc5d9fc4b0129ebb	common engine definition selected by the active backend	"void				ToggleHudAlphaMode() { mHudAditive = !mHudAditive; }"	"void				ToggleHudAlphaMode() { mHudAditive = !mHudAditive; }"	Execute the exact inline state transition `mHudAditive = !mHudAditive;`.	mHudAditive	Mutates only the fields or delegated target shown in the exact source excerpt.	SOURCE_ONLY_BOUNDED_NO_MATCH	NO_MATCH_FOUND			pinned source;reverse-engineering/binary-analysis/ghidra-function-name-table-2026-08-17.tsv;reverse-engineering/binary-analysis/function-c1-closure-2026-08-11.tsv;promoted semantic tables;bounded owner aliases	Simple inline/header body has no named or promoted semantic target after direct and bounded-owner-alias search; candidate bounded NO_MATCH only, not binary absence. W5 cold recheck preserved an empty VA after current name-table, closure, W008/W009, promoted shell semantics, and bounded method-alias review.	A line/signature-specific pristine body, ABI/vtable placement, caller/xref chain, or controlled runtime witness that resolves this exact definition falsifies the bounded no-match.	PORT_CANDIDATE	rebuild/OnslaughtRebuild.Core or rebuild/OnslaughtRebuild.Godot by side-effect boundary	EXTENDED	local-lab/hermes-kanban-campaign-2026-08-22/source-first-expansion/partition.tsv@bc36791975f43d5da6b584727df3eb7d29402e18c550dd3d96e01bba0c301fde;pinned source;reverse-engineering/binary-analysis/ghidra-function-name-table-2026-08-17.tsv;reverse-engineering/binary-analysis/function-c1-closure-2026-08-11.tsv;promoted semantic tables;bounded owner aliases
engine.h:199:CEngine::HudAditive:HudAditive()	engine.h	199	CEngine::HudAditive	HudAditive()	5352a81cdb838b145a57f7febc5d9fc4b0129ebb	common engine definition selected by the active backend	"BOOL				HudAditive()		{ return mHudAditive; }"	"BOOL				HudAditive()		{ return mHudAditive; }"	Return the source expression `mHudAditive`.	mHudAditive	Read-only or no-op at this source definition; no source-visible mutation.	SOURCE_ONLY_BOUNDED_NO_MATCH	NO_MATCH_FOUND			pinned source;reverse-engineering/binary-analysis/ghidra-function-name-table-2026-08-17.tsv;reverse-engineering/binary-analysis/function-c1-closure-2026-08-11.tsv;promoted semantic tables;bounded owner aliases	Simple inline/header body has no named or promoted semantic target after direct and bounded-owner-alias search; candidate bounded NO_MATCH only, not binary absence. W5 cold recheck preserved an empty VA after current name-table, closure, W008/W009, promoted shell semantics, and bounded method-alias review.	A line/signature-specific pristine body, ABI/vtable placement, caller/xref chain, or controlled runtime witness that resolves this exact definition falsifies the bounded no-match.	PORT_CANDIDATE	rebuild/OnslaughtRebuild.Core or rebuild/OnslaughtRebuild.Godot by side-effect boundary	EXTENDED	local-lab/hermes-kanban-campaign-2026-08-22/source-first-expansion/partition.tsv@bc36791975f43d5da6b584727df3eb7d29402e18c550dd3d96e01bba0c301fde;pinned source;reverse-engineering/binary-analysis/ghidra-function-name-table-2026-08-17.tsv;reverse-engineering/binary-analysis/function-c1-closure-2026-08-11.tsv;promoted semantic tables;bounded owner aliases
engine.h:201:CEngine::GetLights:*GetLights()	engine.h	201	CEngine::GetLights	*GetLights()	5352a81cdb838b145a57f7febc5d9fc4b0129ebb	common engine definition selected by the active backend	"class CLightManager	*GetLights() { return(mLights); };"	"class CLightManager	*GetLights() { return(mLights); };"	Execute the exact source body `return(mLights);`; no behavior beyond this line/signature is inferred.	mLights	Read-only or no-op at this source definition; no source-visible mutation.	SOURCE_ONLY_BOUNDED_NO_MATCH	NO_MATCH_FOUND			pinned source;reverse-engineering/binary-analysis/ghidra-function-name-table-2026-08-17.tsv;reverse-engineering/binary-analysis/function-c1-closure-2026-08-11.tsv;promoted semantic tables;bounded owner aliases	Simple inline/header body has no named or promoted semantic target after direct and bounded-owner-alias search; candidate bounded NO_MATCH only, not binary absence. W5 cold recheck preserved an empty VA after current name-table, closure, W008/W009, promoted shell semantics, and bounded method-alias review.	A line/signature-specific pristine body, ABI/vtable placement, caller/xref chain, or controlled runtime witness that resolves this exact definition falsifies the bounded no-match.	PORT_CANDIDATE	rebuild/OnslaughtRebuild.Core or rebuild/OnslaughtRebuild.Godot by side-effect boundary	EXTENDED	local-lab/hermes-kanban-campaign-2026-08-22/source-first-expansion/partition.tsv@bc36791975f43d5da6b584727df3eb7d29402e18c550dd3d96e01bba0c301fde;pinned source;reverse-engineering/binary-analysis/ghidra-function-name-table-2026-08-17.tsv;reverse-engineering/binary-analysis/function-c1-closure-2026-08-11.tsv;promoted semantic tables;bounded owner aliases
engine.h:205:CEngine::GetHilightTexture:* GetHilightTexture()	engine.h	205	CEngine::GetHilightTexture	* GetHilightTexture()	5352a81cdb838b145a57f7febc5d9fc4b0129ebb	common engine definition selected by the active backend	"class CTEXTURE*		GetHilightTexture() {return mHilightTexture;};"	"class CTEXTURE*		GetHilightTexture() {return mHilightTexture;};"	Return the source expression `mHilightTexture`.	mHilightTexture	Read-only or no-op at this source definition; no source-visible mutation.	SOURCE_ONLY_BOUNDED_NO_MATCH	NO_MATCH_FOUND			pinned source;reverse-engineering/binary-analysis/ghidra-function-name-table-2026-08-17.tsv;reverse-engineering/binary-analysis/function-c1-closure-2026-08-11.tsv;promoted semantic tables;bounded owner aliases	Simple inline/header body has no named or promoted semantic target after direct and bounded-owner-alias search; candidate bounded NO_MATCH only, not binary absence. W5 cold recheck preserved an empty VA after current name-table, closure, W008/W009, promoted shell semantics, and bounded method-alias review.	A line/signature-specific pristine body, ABI/vtable placement, caller/xref chain, or controlled runtime witness that resolves this exact definition falsifies the bounded no-match.	PORT_CANDIDATE	rebuild/OnslaughtRebuild.Core or rebuild/OnslaughtRebuild.Godot by side-effect boundary	EXTENDED	local-lab/hermes-kanban-campaign-2026-08-22/source-first-expansion/partition.tsv@bc36791975f43d5da6b584727df3eb7d29402e18c550dd3d96e01bba0c301fde;pinned source;reverse-engineering/binary-analysis/ghidra-function-name-table-2026-08-17.tsv;reverse-engineering/binary-analysis/function-c1-closure-2026-08-11.tsv;promoted semantic tables;bounded owner aliases
engine.h:213:CEngine::LandscapeNavDisplay:LandscapeNavDisplay(BOOL onoff)	engine.h	213	CEngine::LandscapeNavDisplay	LandscapeNavDisplay(BOOL onoff)	5352a81cdb838b145a57f7febc5d9fc4b0129ebb	common engine definition selected by the active backend	"void				LandscapeNavDisplay(BOOL onoff) {mNavDisplay=onoff;};"	"void				LandscapeNavDisplay(BOOL onoff) {mNavDisplay=onoff;};"	Execute the exact inline state transition `mNavDisplay=onoff;`.	mNavDisplay	Mutates only the fields or delegated target shown in the exact source excerpt.	SOURCE_ONLY_BOUNDED_NO_MATCH	NO_MATCH_FOUND			pinned source;reverse-engineering/binary-analysis/ghidra-function-name-table-2026-08-17.tsv;reverse-engineering/binary-analysis/function-c1-closure-2026-08-11.tsv;promoted semantic tables;bounded owner aliases	Simple inline/header body has no named or promoted semantic target after direct and bounded-owner-alias search; candidate bounded NO_MATCH only, not binary absence. W5 cold recheck preserved an empty VA after current name-table, closure, W008/W009, promoted shell semantics, and bounded method-alias review.	A line/signature-specific pristine body, ABI/vtable placement, caller/xref chain, or controlled runtime witness that resolves this exact definition falsifies the bounded no-match.	PORT_CANDIDATE	rebuild/OnslaughtRebuild.Core or rebuild/OnslaughtRebuild.Godot by side-effect boundary	EXTENDED	local-lab/hermes-kanban-campaign-2026-08-22/source-first-expansion/partition.tsv@bc36791975f43d5da6b584727df3eb7d29402e18c550dd3d96e01bba0c301fde;pinned source;reverse-engineering/binary-analysis/ghidra-function-name-table-2026-08-17.tsv;reverse-engineering/binary-analysis/function-c1-closure-2026-08-11.tsv;promoted semantic tables;bounded owner aliases
engine.h:214:CEngine::GetNavDisplayMODE:GetNavDisplayMODE()	engine.h	214	CEngine::GetNavDisplayMODE	GetNavDisplayMODE()	5352a81cdb838b145a57f7febc5d9fc4b0129ebb	common engine definition selected by the active backend	"BOOL				GetNavDisplayMODE() { return mNavDisplay;};"	"BOOL				GetNavDisplayMODE() { return mNavDisplay;};"	Return the source expression `mNavDisplay`.	mNavDisplay	Read-only or no-op at this source definition; no source-visible mutation.	SOURCE_ONLY_BOUNDED_NO_MATCH	NO_MATCH_FOUND			pinned source;reverse-engineering/binary-analysis/ghidra-function-name-table-2026-08-17.tsv;reverse-engineering/binary-analysis/function-c1-closure-2026-08-11.tsv;promoted semantic tables;bounded owner aliases	Simple inline/header body has no named or promoted semantic target after direct and bounded-owner-alias search; candidate bounded NO_MATCH only, not binary absence. W5 cold recheck preserved an empty VA after current name-table, closure, W008/W009, promoted shell semantics, and bounded method-alias review.	A line/signature-specific pristine body, ABI/vtable placement, caller/xref chain, or controlled runtime witness that resolves this exact definition falsifies the bounded no-match.	PORT_CANDIDATE	rebuild/OnslaughtRebuild.Core or rebuild/OnslaughtRebuild.Godot by side-effect boundary	EXTENDED	local-lab/hermes-kanban-campaign-2026-08-22/source-first-expansion/partition.tsv@bc36791975f43d5da6b584727df3eb7d29402e18c550dd3d96e01bba0c301fde;pinned source;reverse-engineering/binary-analysis/ghidra-function-name-table-2026-08-17.tsv;reverse-engineering/binary-analysis/function-c1-closure-2026-08-11.tsv;promoted semantic tables;bounded owner aliases
ltshell.cpp:774:PCLTShell::PCLTShell:PCLTShell::PCLTShell()	ltshell.cpp	774	PCLTShell::PCLTShell	PCLTShell::PCLTShell()	5352a81cdb838b145a57f7febc5d9fc4b0129ebb	PC/_DIRECTX shell and platform	PCLTShell::PCLTShell()	"PCLTShell::PCLTShell() / :PCLTShellSUPERTYPE() / { / pDI					= NULL; / for (int i=0;i<MAX_JOYPADS;i++) / { / pJoystick[i]	= NULL; / mRumbleInitialised[i] = FALSE; / mJoyState[i]=NULL; / mOldJoyState[i]=NULL; / } / mRumbleEnabled		= TRUE; / m_strWindowTitle    = ToTCHAR(""Battle Engine Aquila""); / m_bUseDepthBuffer   = TRUE; / //    m_DepthBufferFormat = D3DFMT_UNKNOWN_D16; / m_bWindowed		= FALSE; / mJoypads=0; / m_bTextureCompressionDisabled = FALSE; / }"	Construct the base shell, null DirectInput/joystick and joy-state pointers for four pads, clear rumble-initialised flags, enable rumble and depth buffering, set the Battle Engine Aquila title, force fullscreen, clear joypad count, and enable texture compression.	pDI;pJoystick;mRumbleInitialised;mJoyState;mOldJoyState;mRumbleEnabled;m_strWindowTitle;m_bUseDepthBuffer;m_DepthBufferFormat;m_bWindowed;mJoypads;m_bTextureCompressionDisabled;NULL;0;MAX_JOYPADS;FALSE;TRUE;D3DFMT_UNKNOWN_D16	Initialises shell, input, rumble, window, and texture-compression fields; performs the base constructor call.	NAMED_RETAIL_ANALOG_PRECISE_TARGET	SOURCE_ANALOG	0x00512670	PCLTShell__ctor	reverse-engineering/binary-analysis/ghidra-fullpass-findings/W008/adversarial/B15.md;reverse-engineering/binary-analysis/pcltshell-vtable-semantics-2026-08-11.tsv	The W008 cold read and promoted shell table agree on base initialisation, the PCLTShell vtable, field clears, and the Battle Engine Aquila title copy; source-body byte equality and complete adjacent method recovery remain unclaimed.	A pristine body/ABI readback that contradicts the named bounded role, or a stronger source identity that owns this VA, falsifies this analog.	HOST_BACKEND_REPLACED	rebuild/OnslaughtRebuild.Godot	EXTENDED	local-lab/hermes-kanban-campaign-2026-08-22/source-first-expansion/partition.tsv@bc36791975f43d5da6b584727df3eb7d29402e18c550dd3d96e01bba0c301fde;reverse-engineering/binary-analysis/ghidra-fullpass-findings/W008/adversarial/B15.md;reverse-engineering/binary-analysis/pcltshell-vtable-semantics-2026-08-11.tsv
ltshell.h:125:PCLTShell::GetMouseX:GetMouseX()	ltshell.h	125	PCLTShell::GetMouseX	GetMouseX()	5352a81cdb838b145a57f7febc5d9fc4b0129ebb	PC/_DIRECTX shell and platform	"int						GetMouseX() { return mMouseX; };"	"int						GetMouseX() { return mMouseX; };"	Return the source expression `mMouseX`.	mMouseX	Read-only or no-op at this source definition; no source-visible mutation.	SOURCE_ONLY_BOUNDED_NO_MATCH	NO_MATCH_FOUND			pinned source;reverse-engineering/binary-analysis/ghidra-function-name-table-2026-08-17.tsv;reverse-engineering/binary-analysis/function-c1-closure-2026-08-11.tsv;promoted semantic tables;bounded owner aliases	Simple inline/header body has no named or promoted semantic target after direct and bounded-owner-alias search; candidate bounded NO_MATCH only, not binary absence. W5 cold recheck preserved an empty VA after current name-table, closure, W008/W009, promoted shell semantics, and bounded method-alias review.	A line/signature-specific pristine body, ABI/vtable placement, caller/xref chain, or controlled runtime witness that resolves this exact definition falsifies the bounded no-match.	HOST_BACKEND_REPLACED	rebuild/OnslaughtRebuild.Godot	EXTENDED	local-lab/hermes-kanban-campaign-2026-08-22/source-first-expansion/partition.tsv@bc36791975f43d5da6b584727df3eb7d29402e18c550dd3d96e01bba0c301fde;pinned source;reverse-engineering/binary-analysis/ghidra-function-name-table-2026-08-17.tsv;reverse-engineering/binary-analysis/function-c1-closure-2026-08-11.tsv;promoted semantic tables;bounded owner aliases
ltshell.h:126:PCLTShell::GetMouseY:GetMouseY()	ltshell.h	126	PCLTShell::GetMouseY	GetMouseY()	5352a81cdb838b145a57f7febc5d9fc4b0129ebb	PC/_DIRECTX shell and platform	"int						GetMouseY() { return mMouseY; };"	"int						GetMouseY() { return mMouseY; };"	Return the source expression `mMouseY`.	mMouseY	Read-only or no-op at this source definition; no source-visible mutation.	SOURCE_ONLY_BOUNDED_NO_MATCH	NO_MATCH_FOUND			pinned source;reverse-engineering/binary-analysis/ghidra-function-name-table-2026-08-17.tsv;reverse-engineering/binary-analysis/function-c1-closure-2026-08-11.tsv;promoted semantic tables;bounded owner aliases	Simple inline/header body has no named or promoted semantic target after direct and bounded-owner-alias search; candidate bounded NO_MATCH only, not binary absence. W5 cold recheck preserved an empty VA after current name-table, closure, W008/W009, promoted shell semantics, and bounded method-alias review.	A line/signature-specific pristine body, ABI/vtable placement, caller/xref chain, or controlled runtime witness that resolves this exact definition falsifies the bounded no-match.	HOST_BACKEND_REPLACED	rebuild/OnslaughtRebuild.Godot	EXTENDED	local-lab/hermes-kanban-campaign-2026-08-22/source-first-expansion/partition.tsv@bc36791975f43d5da6b584727df3eb7d29402e18c550dd3d96e01bba0c301fde;pinned source;reverse-engineering/binary-analysis/ghidra-function-name-table-2026-08-17.tsv;reverse-engineering/binary-analysis/function-c1-closure-2026-08-11.tsv;promoted semantic tables;bounded owner aliases
ltshell.h:127:PCLTShell::GetMouseLButton:GetMouseLButton()	ltshell.h	127	PCLTShell::GetMouseLButton	GetMouseLButton()	5352a81cdb838b145a57f7febc5d9fc4b0129ebb	PC/_DIRECTX shell and platform	"bool					GetMouseLButton() { return ((mMouseButtons & MK_LBUTTON)==MK_LBUTTON); };"	"bool					GetMouseLButton() { return ((mMouseButtons & MK_LBUTTON)==MK_LBUTTON); };"	Return the source expression `(mMouseButtons & MK_LBUTTON)==MK_LBUTTON`.	mMouseButtons;MK_LBUTTON	Read-only or no-op at this source definition; no source-visible mutation.	SOURCE_ONLY_BOUNDED_NO_MATCH	NO_MATCH_FOUND			pinned source;reverse-engineering/binary-analysis/ghidra-function-name-table-2026-08-17.tsv;reverse-engineering/binary-analysis/function-c1-closure-2026-08-11.tsv;promoted semantic tables;bounded owner aliases	Simple inline/header body has no named or promoted semantic target after direct and bounded-owner-alias search; candidate bounded NO_MATCH only, not binary absence. W5 cold recheck preserved an empty VA after current name-table, closure, W008/W009, promoted shell semantics, and bounded method-alias review.	A line/signature-specific pristine body, ABI/vtable placement, caller/xref chain, or controlled runtime witness that resolves this exact definition falsifies the bounded no-match.	HOST_BACKEND_REPLACED	rebuild/OnslaughtRebuild.Godot	EXTENDED	local-lab/hermes-kanban-campaign-2026-08-22/source-first-expansion/partition.tsv@bc36791975f43d5da6b584727df3eb7d29402e18c550dd3d96e01bba0c301fde;pinned source;reverse-engineering/binary-analysis/ghidra-function-name-table-2026-08-17.tsv;reverse-engineering/binary-analysis/function-c1-closure-2026-08-11.tsv;promoted semantic tables;bounded owner aliases
ltshell.h:128:PCLTShell::GetMouseMButton:GetMouseMButton()	ltshell.h	128	PCLTShell::GetMouseMButton	GetMouseMButton()	5352a81cdb838b145a57f7febc5d9fc4b0129ebb	PC/_DIRECTX shell and platform	"bool					GetMouseMButton() { return ((mMouseButtons & MK_MBUTTON)==MK_MBUTTON); };"	"bool					GetMouseMButton() { return ((mMouseButtons & MK_MBUTTON)==MK_MBUTTON); };"	Return the source expression `(mMouseButtons & MK_MBUTTON)==MK_MBUTTON`.	mMouseButtons;MK_MBUTTON	Read-only or no-op at this source definition; no source-visible mutation.	SOURCE_ONLY_BOUNDED_NO_MATCH	NO_MATCH_FOUND			pinned source;reverse-engineering/binary-analysis/ghidra-function-name-table-2026-08-17.tsv;reverse-engineering/binary-analysis/function-c1-closure-2026-08-11.tsv;promoted semantic tables;bounded owner aliases	Simple inline/header body has no named or promoted semantic target after direct and bounded-owner-alias search; candidate bounded NO_MATCH only, not binary absence. W5 cold recheck preserved an empty VA after current name-table, closure, W008/W009, promoted shell semantics, and bounded method-alias review.	A line/signature-specific pristine body, ABI/vtable placement, caller/xref chain, or controlled runtime witness that resolves this exact definition falsifies the bounded no-match.	HOST_BACKEND_REPLACED	rebuild/OnslaughtRebuild.Godot	EXTENDED	local-lab/hermes-kanban-campaign-2026-08-22/source-first-expansion/partition.tsv@bc36791975f43d5da6b584727df3eb7d29402e18c550dd3d96e01bba0c301fde;pinned source;reverse-engineering/binary-analysis/ghidra-function-name-table-2026-08-17.tsv;reverse-engineering/binary-analysis/function-c1-closure-2026-08-11.tsv;promoted semantic tables;bounded owner aliases
ltshell.h:129:PCLTShell::GetMouseRButton:GetMouseRButton()	ltshell.h	129	PCLTShell::GetMouseRButton	GetMouseRButton()	5352a81cdb838b145a57f7febc5d9fc4b0129ebb	PC/_DIRECTX shell and platform	"bool					GetMouseRButton() { return ((mMouseButtons & MK_RBUTTON)==MK_RBUTTON); };"	"bool					GetMouseRButton() { return ((mMouseButtons & MK_RBUTTON)==MK_RBUTTON); };"	Return the source expression `(mMouseButtons & MK_RBUTTON)==MK_RBUTTON`.	mMouseButtons;MK_RBUTTON	Read-only or no-op at this source definition; no source-visible mutation.	SOURCE_ONLY_BOUNDED_NO_MATCH	NO_MATCH_FOUND			pinned source;reverse-engineering/binary-analysis/ghidra-function-name-table-2026-08-17.tsv;reverse-engineering/binary-analysis/function-c1-closure-2026-08-11.tsv;promoted semantic tables;bounded owner aliases	Simple inline/header body has no named or promoted semantic target after direct and bounded-owner-alias search; candidate bounded NO_MATCH only, not binary absence. W5 cold recheck preserved an empty VA after current name-table, closure, W008/W009, promoted shell semantics, and bounded method-alias review.	A line/signature-specific pristine body, ABI/vtable placement, caller/xref chain, or controlled runtime witness that resolves this exact definition falsifies the bounded no-match.	HOST_BACKEND_REPLACED	rebuild/OnslaughtRebuild.Godot	EXTENDED	local-lab/hermes-kanban-campaign-2026-08-22/source-first-expansion/partition.tsv@bc36791975f43d5da6b584727df3eb7d29402e18c550dd3d96e01bba0c301fde;pinned source;reverse-engineering/binary-analysis/ghidra-function-name-table-2026-08-17.tsv;reverse-engineering/binary-analysis/function-c1-closure-2026-08-11.tsv;promoted semantic tables;bounded owner aliases
ltshell.h:130:PCLTShell::ClearD3DErrorCount:ClearD3DErrorCount()	ltshell.h	130	PCLTShell::ClearD3DErrorCount	ClearD3DErrorCount()	5352a81cdb838b145a57f7febc5d9fc4b0129ebb	PC/_DIRECTX shell and platform	"void					ClearD3DErrorCount() { mD3DErrorCount = 0;	}"	"void					ClearD3DErrorCount() { mD3DErrorCount = 0;	}"	Execute the exact inline state transition `mD3DErrorCount = 0;`.	mD3DErrorCount;0	Mutates only the fields or delegated target shown in the exact source excerpt.	SOURCE_ONLY_BOUNDED_NO_MATCH	NO_MATCH_FOUND			pinned source;reverse-engineering/binary-analysis/ghidra-function-name-table-2026-08-17.tsv;reverse-engineering/binary-analysis/function-c1-closure-2026-08-11.tsv;promoted semantic tables;bounded owner aliases	Simple inline/header body has no named or promoted semantic target after direct and bounded-owner-alias search; candidate bounded NO_MATCH only, not binary absence. W5 cold recheck preserved an empty VA after current name-table, closure, W008/W009, promoted shell semantics, and bounded method-alias review.	A line/signature-specific pristine body, ABI/vtable placement, caller/xref chain, or controlled runtime witness that resolves this exact definition falsifies the bounded no-match.	HOST_BACKEND_REPLACED	rebuild/OnslaughtRebuild.Godot	EXTENDED	local-lab/hermes-kanban-campaign-2026-08-22/source-first-expansion/partition.tsv@bc36791975f43d5da6b584727df3eb7d29402e18c550dd3d96e01bba0c301fde;pinned source;reverse-engineering/binary-analysis/ghidra-function-name-table-2026-08-17.tsv;reverse-engineering/binary-analysis/function-c1-closure-2026-08-11.tsv;promoted semantic tables;bounded owner aliases
ltshell.h:139:PCLTShell::MsgInfo:MsgInfo()	ltshell.h	139	PCLTShell::MsgInfo	MsgInfo()	5352a81cdb838b145a57f7febc5d9fc4b0129ebb	PC/_DIRECTX shell and platform	"int		MsgInfo()		{return (INT)mMsg.wParam;}"	"int		MsgInfo()		{return (INT)mMsg.wParam;}"	Return the source expression `(INT)mMsg.wParam`.	mMsg	Read-only or no-op at this source definition; no source-visible mutation.	SOURCE_ONLY_BOUNDED_NO_MATCH	NO_MATCH_FOUND			pinned source;reverse-engineering/binary-analysis/ghidra-function-name-table-2026-08-17.tsv;reverse-engineering/binary-analysis/function-c1-closure-2026-08-11.tsv;promoted semantic tables;bounded owner aliases	Simple inline/header body has no named or promoted semantic target after direct and bounded-owner-alias search; candidate bounded NO_MATCH only, not binary absence. W5 cold recheck preserved an empty VA after current name-table, closure, W008/W009, promoted shell semantics, and bounded method-alias review.	A line/signature-specific pristine body, ABI/vtable placement, caller/xref chain, or controlled runtime witness that resolves this exact definition falsifies the bounded no-match.	HOST_BACKEND_REPLACED	rebuild/OnslaughtRebuild.Godot	EXTENDED	local-lab/hermes-kanban-campaign-2026-08-22/source-first-expansion/partition.tsv@bc36791975f43d5da6b584727df3eb7d29402e18c550dd3d96e01bba0c301fde;pinned source;reverse-engineering/binary-analysis/ghidra-function-name-table-2026-08-17.tsv;reverse-engineering/binary-analysis/function-c1-closure-2026-08-11.tsv;promoted semantic tables;bounded owner aliases
ltshell.h:140:PCLTShell::WantsToQuit:WantsToQuit()	ltshell.h	140	PCLTShell::WantsToQuit	WantsToQuit()	5352a81cdb838b145a57f7febc5d9fc4b0129ebb	PC/_DIRECTX shell and platform	"BOOL	WantsToQuit()	{return (WM_QUIT == mMsg.message);}"	"BOOL	WantsToQuit()	{return (WM_QUIT == mMsg.message);}"	Return the source expression `WM_QUIT == mMsg.message`.	mMsg	Read-only or no-op at this source definition; no source-visible mutation.	SOURCE_ONLY_BOUNDED_NO_MATCH	NO_MATCH_FOUND			pinned source;reverse-engineering/binary-analysis/ghidra-function-name-table-2026-08-17.tsv;reverse-engineering/binary-analysis/function-c1-closure-2026-08-11.tsv;promoted semantic tables;bounded owner aliases	Simple inline/header body has no named or promoted semantic target after direct and bounded-owner-alias search; candidate bounded NO_MATCH only, not binary absence. W5 cold recheck preserved an empty VA after current name-table, closure, W008/W009, promoted shell semantics, and bounded method-alias review.	A line/signature-specific pristine body, ABI/vtable placement, caller/xref chain, or controlled runtime witness that resolves this exact definition falsifies the bounded no-match.	HOST_BACKEND_REPLACED	rebuild/OnslaughtRebuild.Godot	EXTENDED	local-lab/hermes-kanban-campaign-2026-08-22/source-first-expansion/partition.tsv@bc36791975f43d5da6b584727df3eb7d29402e18c550dd3d96e01bba0c301fde;pinned source;reverse-engineering/binary-analysis/ghidra-function-name-table-2026-08-17.tsv;reverse-engineering/binary-analysis/function-c1-closure-2026-08-11.tsv;promoted semantic tables;bounded owner aliases
ltshell.h:141:PCLTShell::IWantToQuit:IWantToQuit()	ltshell.h	141	PCLTShell::IWantToQuit	IWantToQuit()	5352a81cdb838b145a57f7febc5d9fc4b0129ebb	PC/_DIRECTX shell and platform	"void	IWantToQuit()	{SendMessage( LT.GetHWnd(), WM_CLOSE, 0, 0 );}"	"void	IWantToQuit()	{SendMessage( LT.GetHWnd(), WM_CLOSE, 0, 0 );}"	Execute the exact source body `SendMessage( LT.GetHWnd(), WM_CLOSE, 0, 0 );`; no behavior beyond this line/signature is inferred.	0	Read-only or no-op at this source definition; no source-visible mutation.	SOURCE_ONLY_BOUNDED_NO_MATCH	NO_MATCH_FOUND			pinned source;reverse-engineering/binary-analysis/ghidra-function-name-table-2026-08-17.tsv;reverse-engineering/binary-analysis/function-c1-closure-2026-08-11.tsv;promoted semantic tables;bounded owner aliases	Simple inline/header body has no named or promoted semantic target after direct and bounded-owner-alias search; candidate bounded NO_MATCH only, not binary absence. W5 cold recheck preserved an empty VA after current name-table, closure, W008/W009, promoted shell semantics, and bounded method-alias review.	A line/signature-specific pristine body, ABI/vtable placement, caller/xref chain, or controlled runtime witness that resolves this exact definition falsifies the bounded no-match.	HOST_BACKEND_REPLACED	rebuild/OnslaughtRebuild.Godot	EXTENDED	local-lab/hermes-kanban-campaign-2026-08-22/source-first-expansion/partition.tsv@bc36791975f43d5da6b584727df3eb7d29402e18c550dd3d96e01bba0c301fde;pinned source;reverse-engineering/binary-analysis/ghidra-function-name-table-2026-08-17.tsv;reverse-engineering/binary-analysis/function-c1-closure-2026-08-11.tsv;promoted semantic tables;bounded owner aliases
ltshell.h:151:PCLTShell::SmallTexturesDisabled:SmallTexturesDisabled()	ltshell.h	151	PCLTShell::SmallTexturesDisabled	SmallTexturesDisabled()	5352a81cdb838b145a57f7febc5d9fc4b0129ebb	PC/_DIRECTX shell and platform	"BOOL	SmallTexturesDisabled() {return m_bSmallTexturesDisabled;}"	"BOOL	SmallTexturesDisabled() {return m_bSmallTexturesDisabled;}"	Return the source expression `m_bSmallTexturesDisabled`.	m_bSmallTexturesDisabled	Read-only or no-op at this source definition; no source-visible mutation.	SOURCE_ONLY_BOUNDED_NO_MATCH	NO_MATCH_FOUND			pinned source;reverse-engineering/binary-analysis/ghidra-function-name-table-2026-08-17.tsv;reverse-engineering/binary-analysis/function-c1-closure-2026-08-11.tsv;promoted semantic tables;bounded owner aliases	Simple inline/header body has no named or promoted semantic target after direct and bounded-owner-alias search; candidate bounded NO_MATCH only, not binary absence. W5 cold recheck preserved an empty VA after current name-table, closure, W008/W009, promoted shell semantics, and bounded method-alias review.	A line/signature-specific pristine body, ABI/vtable placement, caller/xref chain, or controlled runtime witness that resolves this exact definition falsifies the bounded no-match.	HOST_BACKEND_REPLACED	rebuild/OnslaughtRebuild.Godot	EXTENDED	local-lab/hermes-kanban-campaign-2026-08-22/source-first-expansion/partition.tsv@bc36791975f43d5da6b584727df3eb7d29402e18c550dd3d96e01bba0c301fde;pinned source;reverse-engineering/binary-analysis/ghidra-function-name-table-2026-08-17.tsv;reverse-engineering/binary-analysis/function-c1-closure-2026-08-11.tsv;promoted semantic tables;bounded owner aliases
ltshell.h:158:PCLTShell::TextureCompressionDisabled:TextureCompressionDisabled()	ltshell.h	158	PCLTShell::TextureCompressionDisabled	TextureCompressionDisabled()	5352a81cdb838b145a57f7febc5d9fc4b0129ebb	PC/_DIRECTX shell and platform	"BOOL	TextureCompressionDisabled() {return m_bTextureCompressionDisabled;}"	"BOOL	TextureCompressionDisabled() {return m_bTextureCompressionDisabled;}"	Return the source expression `m_bTextureCompressionDisabled`.	m_bTextureCompressionDisabled	Read-only or no-op at this source definition; no source-visible mutation.	SOURCE_ONLY_BOUNDED_NO_MATCH	NO_MATCH_FOUND			pinned source;reverse-engineering/binary-analysis/ghidra-function-name-table-2026-08-17.tsv;reverse-engineering/binary-analysis/function-c1-closure-2026-08-11.tsv;promoted semantic tables;bounded owner aliases	Simple inline/header body has no named or promoted semantic target after direct and bounded-owner-alias search; candidate bounded NO_MATCH only, not binary absence. W5 cold recheck preserved an empty VA after current name-table, closure, W008/W009, promoted shell semantics, and bounded method-alias review.	A line/signature-specific pristine body, ABI/vtable placement, caller/xref chain, or controlled runtime witness that resolves this exact definition falsifies the bounded no-match.	HOST_BACKEND_REPLACED	rebuild/OnslaughtRebuild.Godot	EXTENDED	local-lab/hermes-kanban-campaign-2026-08-22/source-first-expansion/partition.tsv@bc36791975f43d5da6b584727df3eb7d29402e18c550dd3d96e01bba0c301fde;pinned source;reverse-engineering/binary-analysis/ghidra-function-name-table-2026-08-17.tsv;reverse-engineering/binary-analysis/function-c1-closure-2026-08-11.tsv;promoted semantic tables;bounded owner aliases
ltshell.h:163:PCLTShell::D3DActive:D3DActive()	ltshell.h	163	PCLTShell::D3DActive	D3DActive()	5352a81cdb838b145a57f7febc5d9fc4b0129ebb	PC/_DIRECTX shell and platform	"BOOL					D3DActive() { return mD3DActive;};"	"BOOL					D3DActive() { return mD3DActive;};"	Return the source expression `mD3DActive`.	mD3DActive	Read-only or no-op at this source definition; no source-visible mutation.	SOURCE_ONLY_BOUNDED_NO_MATCH	NO_MATCH_FOUND			pinned source;reverse-engineering/binary-analysis/ghidra-function-name-table-2026-08-17.tsv;reverse-engineering/binary-analysis/function-c1-closure-2026-08-11.tsv;promoted semantic tables;bounded owner aliases	Simple inline/header body has no named or promoted semantic target after direct and bounded-owner-alias search; candidate bounded NO_MATCH only, not binary absence. W5 cold recheck preserved an empty VA after current name-table, closure, W008/W009, promoted shell semantics, and bounded method-alias review.	A line/signature-specific pristine body, ABI/vtable placement, caller/xref chain, or controlled runtime witness that resolves this exact definition falsifies the bounded no-match.	HOST_BACKEND_REPLACED	rebuild/OnslaughtRebuild.Godot	EXTENDED	local-lab/hermes-kanban-campaign-2026-08-22/source-first-expansion/partition.tsv@bc36791975f43d5da6b584727df3eb7d29402e18c550dd3d96e01bba0c301fde;pinned source;reverse-engineering/binary-analysis/ghidra-function-name-table-2026-08-17.tsv;reverse-engineering/binary-analysis/function-c1-closure-2026-08-11.tsv;promoted semantic tables;bounded owner aliases
ltshell.h:168:PCLTShell::DeviceForD3DXTextureLoad:DeviceForD3DXTextureLoad()	ltshell.h	168	PCLTShell::DeviceForD3DXTextureLoad	DeviceForD3DXTextureLoad()	5352a81cdb838b145a57f7febc5d9fc4b0129ebb	PC/_DIRECTX shell and platform	"LPDIRECT3DDEVICE8		DeviceForD3DXTextureLoad() { return m_pd3dDevice;};	// will go when we encapsulate texture load, we'll probably remove D3DX at that point too..."	"LPDIRECT3DDEVICE8		DeviceForD3DXTextureLoad() { return m_pd3dDevice;};	// will go when we encapsulate texture load, we'll probably remove D3DX at that point too..."	Return the source expression `m_pd3dDevice`.	m_pd3dDevice;D3DX	Read-only or no-op at this source definition; no source-visible mutation.	SOURCE_ONLY_BOUNDED_NO_MATCH	NO_MATCH_FOUND			pinned source;reverse-engineering/binary-analysis/ghidra-function-name-table-2026-08-17.tsv;reverse-engineering/binary-analysis/function-c1-closure-2026-08-11.tsv;promoted semantic tables;bounded owner aliases	Simple inline/header body has no named or promoted semantic target after direct and bounded-owner-alias search; candidate bounded NO_MATCH only, not binary absence. W5 cold recheck preserved an empty VA after current name-table, closure, W008/W009, promoted shell semantics, and bounded method-alias review.	A line/signature-specific pristine body, ABI/vtable placement, caller/xref chain, or controlled runtime witness that resolves this exact definition falsifies the bounded no-match.	HOST_BACKEND_REPLACED	rebuild/OnslaughtRebuild.Godot	EXTENDED	local-lab/hermes-kanban-campaign-2026-08-22/source-first-expansion/partition.tsv@bc36791975f43d5da6b584727df3eb7d29402e18c550dd3d96e01bba0c301fde;pinned source;reverse-engineering/binary-analysis/ghidra-function-name-table-2026-08-17.tsv;reverse-engineering/binary-analysis/function-c1-closure-2026-08-11.tsv;promoted semantic tables;bounded owner aliases
ltshell.h:169:PCLTShell::GetDevice:GetDevice()	ltshell.h	169	PCLTShell::GetDevice	GetDevice()	5352a81cdb838b145a57f7febc5d9fc4b0129ebb	PC/_DIRECTX shell and platform	"LPDIRECT3DDEVICE8		GetDevice() { return m_pd3dDevice;}; // Needed to match XBox"	"LPDIRECT3DDEVICE8		GetDevice() { return m_pd3dDevice;}; // Needed to match XBox"	Return the source expression `m_pd3dDevice`.	m_pd3dDevice	Read-only or no-op at this source definition; no source-visible mutation.	SOURCE_ONLY_BOUNDED_NO_MATCH	NO_MATCH_FOUND			pinned source;reverse-engineering/binary-analysis/ghidra-function-name-table-2026-08-17.tsv;reverse-engineering/binary-analysis/function-c1-closure-2026-08-11.tsv;promoted semantic tables;bounded owner aliases	Simple inline/header body has no named or promoted semantic target after direct and bounded-owner-alias search; candidate bounded NO_MATCH only, not binary absence. W5 cold recheck preserved an empty VA after current name-table, closure, W008/W009, promoted shell semantics, and bounded method-alias review.	A line/signature-specific pristine body, ABI/vtable placement, caller/xref chain, or controlled runtime witness that resolves this exact definition falsifies the bounded no-match.	HOST_BACKEND_REPLACED	rebuild/OnslaughtRebuild.Godot	EXTENDED	local-lab/hermes-kanban-campaign-2026-08-22/source-first-expansion/partition.tsv@bc36791975f43d5da6b584727df3eb7d29402e18c550dd3d96e01bba0c301fde;pinned source;reverse-engineering/binary-analysis/ghidra-function-name-table-2026-08-17.tsv;reverse-engineering/binary-analysis/function-c1-closure-2026-08-11.tsv;promoted semantic tables;bounded owner aliases
ltshell.h:175:PCLTShell::SRS:SRS(D3DRENDERSTATETYPE state, DWORD value)	ltshell.h	175	PCLTShell::SRS	SRS(D3DRENDERSTATETYPE state, DWORD value)	5352a81cdb838b145a57f7febc5d9fc4b0129ebb	PC/_DIRECTX shell and platform	"void	SRS(D3DRENDERSTATETYPE state, DWORD value) {"	"void	SRS(D3DRENDERSTATETYPE state, DWORD value) { / //ASSERT(mNotRI[state]); / DWORD* t=&mRenderStates[state]; / //	ASSERT(state<N_RENDERSTATES); / //	ASSERT(state>=0); / //	ASSERT(*t!=INVALID_STATE); / if(*t!=value) m_pd3dDevice->SetRenderState(state,*t=value); / }"	Compare the requested render state against the cached slot; call SetRenderState and update the cache only when the value changed.	mNotRI;mRenderStates;m_pd3dDevice;D3DRENDERSTATETYPE;0	May update one render-state cache entry and dispatch one device SetRenderState call.	EXTERNAL_PROOF_REQUIRED	SOURCE_ANALOG	0x00513bc0	RenderState_Set	reverse-engineering/binary-analysis/ghidra-fullpass-findings/W009/primary/A01.md;reverse-engineering/ghidra-functions.md	Bounded method alias: both paths compare a cached render-state value before dispatch, but retail uses a D3D9 device slot and a global cache rather than the retained D3D8 member fields.	A pristine body/ABI readback that contradicts the named bounded role, or a stronger source identity that owns this VA, falsifies this analog.	HOST_BACKEND_REPLACED	rebuild/OnslaughtRebuild.Godot	EXTENDED	local-lab/hermes-kanban-campaign-2026-08-22/source-first-expansion/partition.tsv@bc36791975f43d5da6b584727df3eb7d29402e18c550dd3d96e01bba0c301fde;reverse-engineering/binary-analysis/ghidra-fullpass-findings/W009/primary/A01.md;reverse-engineering/ghidra-functions.md
ltshell.h:183:PCLTShell::RI_SRS:RI_SRS(D3DRENDERSTATETYPE state, DWORD value)	ltshell.h	183	PCLTShell::RI_SRS	RI_SRS(D3DRENDERSTATETYPE state, DWORD value)	5352a81cdb838b145a57f7febc5d9fc4b0129ebb	PC/_DIRECTX shell and platform	"void	RI_SRS(D3DRENDERSTATETYPE state, DWORD value) {"	"void	RI_SRS(D3DRENDERSTATETYPE state, DWORD value) { / DWORD* t=&mRenderStates[state]; / //	ASSERT(state<N_RENDERSTATES); / //	ASSERT(state>=0); / //	ASSERT(*t!=INVALID_STATE); / if(*t!=value) m_pd3dDevice->SetRenderState(state,*t=value); / }"	Repeat the cached SetRenderState path used by SRS; despite the RI_ name, this retained body also suppresses equal values.	mRenderStates;m_pd3dDevice;D3DRENDERSTATETYPE;0	May update one render-state cache entry and dispatch one device SetRenderState call.	EXTERNAL_PROOF_REQUIRED	NO_MATCH_FOUND			pinned source;reverse-engineering/binary-analysis/ghidra-function-name-table-2026-08-17.tsv;reverse-engineering/binary-analysis/function-c1-closure-2026-08-11.tsv;promoted semantic tables;bounded owner aliases	Multi-line/header body has no proven tracked target; inspect compiler emission/folding, callers, and ABI before classifying. W5 cold recheck preserved an empty VA after current name-table, closure, W008/W009, promoted shell semantics, and bounded method-alias review.	A line/signature-specific pristine body, ABI/vtable placement, caller/xref chain, or controlled runtime witness that resolves this exact definition falsifies the bounded no-match.	HOST_BACKEND_REPLACED	rebuild/OnslaughtRebuild.Godot	EXTENDED	local-lab/hermes-kanban-campaign-2026-08-22/source-first-expansion/partition.tsv@bc36791975f43d5da6b584727df3eb7d29402e18c550dd3d96e01bba0c301fde;pinned source;reverse-engineering/binary-analysis/ghidra-function-name-table-2026-08-17.tsv;reverse-engineering/binary-analysis/function-c1-closure-2026-08-11.tsv;promoted semantic tables;bounded owner aliases
ltshell.h:190:PCLTShell::STS:STS(DWORD stage, D3DTEXTURESTAGESTATETYPE type, DWORD val)	ltshell.h	190	PCLTShell::STS	STS(DWORD stage, D3DTEXTURESTAGESTATETYPE type, DWORD val)	5352a81cdb838b145a57f7febc5d9fc4b0129ebb	PC/_DIRECTX shell and platform	"void	STS(DWORD stage, D3DTEXTURESTAGESTATETYPE type, DWORD val) {"	"void	STS(DWORD stage, D3DTEXTURESTAGESTATETYPE type, DWORD val) { / //					ASSERT(type<N_TEXTURESTAGESTATES); / //					ASSERT(type>=0); / //					ASSERT(stage<4); / //					ASSERT(stage>=0); / DWORD* t=&mTextureStageStates[stage][type]; / //					ASSERT(*t!=INVALID_STATE); / if(*t!=val) m_pd3dDevice->SetTextureStageState(stage, type, *t=val); / }"	Compare one texture-stage state cache entry; call SetTextureStageState and update the cache only on change.	mTextureStageStates;m_pd3dDevice;D3DTEXTURESTAGESTATETYPE;0;4	May update one texture-stage cache entry and dispatch one device SetTextureStageState call.	EXTERNAL_PROOF_REQUIRED	SOURCE_ANALOG	0x00513820	D3DStateCache__SetStateCached	reverse-engineering/binary-analysis/ghidra-fullpass-findings/W009/primary/A01.md;reverse-engineering/ghidra-functions.md	Bounded STS alias: source and retail both cache by stage/state and dispatch only on change; retail's measured D3D9 SetTextureStageState slot and cache layout differ from the D3D8 source.	A pristine body/ABI readback that contradicts the named bounded role, or a stronger source identity that owns this VA, falsifies this analog.	HOST_BACKEND_REPLACED	rebuild/OnslaughtRebuild.Godot	EXTENDED	local-lab/hermes-kanban-campaign-2026-08-22/source-first-expansion/partition.tsv@bc36791975f43d5da6b584727df3eb7d29402e18c550dd3d96e01bba0c301fde;reverse-engineering/binary-analysis/ghidra-fullpass-findings/W009/primary/A01.md;reverse-engineering/ghidra-functions.md
ltshell.h:201:PCLTShell::ForceRS:ForceRS(D3DRENDERSTATETYPE state, DWORD value)	ltshell.h	201	PCLTShell::ForceRS	ForceRS(D3DRENDERSTATETYPE state, DWORD value)	5352a81cdb838b145a57f7febc5d9fc4b0129ebb	LT_DEBUG definition; retail LT_DEBUG selection is unresolved	"void	ForceRS(D3DRENDERSTATETYPE state, DWORD value) { m_pd3dDevice->SetRenderState(state,mRenderStates[state]=value); mRenderStates2[state]=value;}"	"void	ForceRS(D3DRENDERSTATETYPE state, DWORD value) { m_pd3dDevice->SetRenderState(state,mRenderStates[state]=value); mRenderStates2[state]=value;}"	LT_DEBUG ForceRS writes the device and primary/secondary debug mirrors unconditionally.	m_pd3dDevice;mRenderStates;mRenderStates2;D3DRENDERSTATETYPE	Always writes the render-state cache, debug mirror, and device state.	AMBIGUOUS_OVERLOAD_MACRO_NONFUNCTION	NO_MATCH_FOUND			pinned AST inventory	Same file/function label has multiple line/signature definitions; do not collapse overloads or conditional bodies. W5 cold recheck preserved an empty VA after current name-table, closure, W008/W009, promoted shell semantics, and bounded method-alias review.	A line/signature-specific pristine body, ABI/vtable placement, caller/xref chain, or controlled runtime witness that resolves this exact definition falsifies the bounded no-match.	HOST_BACKEND_REPLACED	rebuild/OnslaughtRebuild.Godot	EXTENDED	local-lab/hermes-kanban-campaign-2026-08-22/source-first-expansion/partition.tsv@bc36791975f43d5da6b584727df3eb7d29402e18c550dd3d96e01bba0c301fde;pinned AST inventory
ltshell.h:202:PCLTShell::ForceTS:ForceTS(DWORD stage, D3DTEXTURESTAGESTATETYPE type, DWORD val)	ltshell.h	202	PCLTShell::ForceTS	ForceTS(DWORD stage, D3DTEXTURESTAGESTATETYPE type, DWORD val)	5352a81cdb838b145a57f7febc5d9fc4b0129ebb	LT_DEBUG definition; retail LT_DEBUG selection is unresolved	"void	ForceTS(DWORD stage, D3DTEXTURESTAGESTATETYPE type, DWORD val) { m_pd3dDevice->SetTextureStageState(stage, type,mTextureStageStates[stage][type]=val);mTextureStageStates2[stage][type]=val;}"	"void	ForceTS(DWORD stage, D3DTEXTURESTAGESTATETYPE type, DWORD val) { m_pd3dDevice->SetTextureStageState(stage, type,mTextureStageStates[stage][type]=val);mTextureStageStates2[stage][type]=val;}"	LT_DEBUG ForceTS writes the device and both texture-stage debug mirrors unconditionally.	m_pd3dDevice;mTextureStageStates;mTextureStageStates2;D3DTEXTURESTAGESTATETYPE	Always writes the texture-stage cache, debug mirror, and device state.	AMBIGUOUS_OVERLOAD_MACRO_NONFUNCTION	NO_MATCH_FOUND			pinned AST inventory	Same file/function label has multiple line/signature definitions; do not collapse overloads or conditional bodies. W5 cold recheck preserved an empty VA after current name-table, closure, W008/W009, promoted shell semantics, and bounded method-alias review.	A line/signature-specific pristine body, ABI/vtable placement, caller/xref chain, or controlled runtime witness that resolves this exact definition falsifies the bounded no-match.	HOST_BACKEND_REPLACED	rebuild/OnslaughtRebuild.Godot	EXTENDED	local-lab/hermes-kanban-campaign-2026-08-22/source-first-expansion/partition.tsv@bc36791975f43d5da6b584727df3eb7d29402e18c550dd3d96e01bba0c301fde;pinned AST inventory
ltshell.h:204:PCLTShell::ForceRS:ForceRS(D3DRENDERSTATETYPE state, DWORD value)	ltshell.h	204	PCLTShell::ForceRS	ForceRS(D3DRENDERSTATETYPE state, DWORD value)	5352a81cdb838b145a57f7febc5d9fc4b0129ebb	non-LT_DEBUG definition; selected only when LT_DEBUG is absent	"void	ForceRS(D3DRENDERSTATETYPE state, DWORD value) { m_pd3dDevice->SetRenderState(state,mRenderStates[state]=value);}"	"void	ForceRS(D3DRENDERSTATETYPE state, DWORD value) { m_pd3dDevice->SetRenderState(state,mRenderStates[state]=value);}"	Release ForceRS writes the device and primary render-state cache unconditionally.	m_pd3dDevice;mRenderStates;D3DRENDERSTATETYPE	Always writes the render-state cache and device state.	AMBIGUOUS_OVERLOAD_MACRO_NONFUNCTION	SOURCE_ANALOG	0x00513c20	RenderState_SetRaw	reverse-engineering/binary-analysis/ghidra-fullpass-findings/W009/primary/A01.md;reverse-engineering/binary-analysis/ghidra-function-name-table-2026-08-17.tsv	The selected non-LT_DEBUG source branch unconditionally writes the render-state cache and device; retail has the same raw-setter envelope through its D3D9 slot, without proving source-body equality.	A pristine body/ABI readback that contradicts the named bounded role, or a stronger source identity that owns this VA, falsifies this analog.	HOST_BACKEND_REPLACED	rebuild/OnslaughtRebuild.Godot	EXTENDED	local-lab/hermes-kanban-campaign-2026-08-22/source-first-expansion/partition.tsv@bc36791975f43d5da6b584727df3eb7d29402e18c550dd3d96e01bba0c301fde;reverse-engineering/binary-analysis/ghidra-fullpass-findings/W009/primary/A01.md;reverse-engineering/binary-analysis/ghidra-function-name-table-2026-08-17.tsv
ltshell.h:205:PCLTShell::ForceTS:ForceTS(DWORD stage, D3DTEXTURESTAGESTATETYPE type, DWORD val)	ltshell.h	205	PCLTShell::ForceTS	ForceTS(DWORD stage, D3DTEXTURESTAGESTATETYPE type, DWORD val)	5352a81cdb838b145a57f7febc5d9fc4b0129ebb	non-LT_DEBUG definition; selected only when LT_DEBUG is absent	"void	ForceTS(DWORD stage, D3DTEXTURESTAGESTATETYPE type, DWORD val) { m_pd3dDevice->SetTextureStageState(stage, type,mTextureStageStates[stage][type]=val);}"	"void	ForceTS(DWORD stage, D3DTEXTURESTAGESTATETYPE type, DWORD val) { m_pd3dDevice->SetTextureStageState(stage, type,mTextureStageStates[stage][type]=val);}"	Release ForceTS writes the device and primary texture-stage cache unconditionally.	m_pd3dDevice;mTextureStageStates;D3DTEXTURESTAGESTATETYPE	Always writes the texture-stage cache and device state.	AMBIGUOUS_OVERLOAD_MACRO_NONFUNCTION	SOURCE_ANALOG	0x00513870	D3DStateCache__SetStateRaw	reverse-engineering/binary-analysis/ghidra-fullpass-findings/W009/primary/A01.md;reverse-engineering/ghidra-functions.md	The selected non-LT_DEBUG ForceTS branch is a raw stage-state write; retail's measured D3D9 SetTextureStageState helper has the same force-write envelope but a different API/cache layout.	A pristine body/ABI readback that contradicts the named bounded role, or a stronger source identity that owns this VA, falsifies this analog.	HOST_BACKEND_REPLACED	rebuild/OnslaughtRebuild.Godot	EXTENDED	local-lab/hermes-kanban-campaign-2026-08-22/source-first-expansion/partition.tsv@bc36791975f43d5da6b584727df3eb7d29402e18c550dd3d96e01bba0c301fde;reverse-engineering/binary-analysis/ghidra-fullpass-findings/W009/primary/A01.md;reverse-engineering/ghidra-functions.md
ltshell.h:208:PCLTShell::SRS_Ret:SRS_Ret(D3DRENDERSTATETYPE state, DWORD value)	ltshell.h	208	PCLTShell::SRS_Ret	SRS_Ret(D3DRENDERSTATETYPE state, DWORD value)	5352a81cdb838b145a57f7febc5d9fc4b0129ebb	PC/_DIRECTX shell and platform	"HRESULT	SRS_Ret(D3DRENDERSTATETYPE state, DWORD value) {"	"HRESULT	SRS_Ret(D3DRENDERSTATETYPE state, DWORD value) { / DWORD* t=&mRenderStates[state]; / if(*t==value) return S_OK; / else / { / HRESULT hr=m_pd3dDevice->SetRenderState(state, value); / if(!FAILED(hr)) / { / *t=value; / } / return hr; / } / }"	Return S_OK when the cached render state already matches; otherwise call SetRenderState, cache only a non-failed result, and return the HRESULT.	mRenderStates;m_pd3dDevice;D3DRENDERSTATETYPE;S_OK	On cache miss, may call the device and update the cache only after a non-failed HRESULT.	EXTERNAL_PROOF_REQUIRED	NO_MATCH_FOUND			pinned source;reverse-engineering/binary-analysis/ghidra-function-name-table-2026-08-17.tsv;reverse-engineering/binary-analysis/function-c1-closure-2026-08-11.tsv;promoted semantic tables;bounded owner aliases	Multi-line/header body has no proven tracked target; inspect compiler emission/folding, callers, and ABI before classifying. W5 cold recheck preserved an empty VA after current name-table, closure, W008/W009, promoted shell semantics, and bounded method-alias review.	A line/signature-specific pristine body, ABI/vtable placement, caller/xref chain, or controlled runtime witness that resolves this exact definition falsifies the bounded no-match.	HOST_BACKEND_REPLACED	rebuild/OnslaughtRebuild.Godot	EXTENDED	local-lab/hermes-kanban-campaign-2026-08-22/source-first-expansion/partition.tsv@bc36791975f43d5da6b584727df3eb7d29402e18c550dd3d96e01bba0c301fde;pinned source;reverse-engineering/binary-analysis/ghidra-function-name-table-2026-08-17.tsv;reverse-engineering/binary-analysis/function-c1-closure-2026-08-11.tsv;promoted semantic tables;bounded owner aliases
ltshell.h:221:PCLTShell::D3D_SetTexture:D3D_SetTexture(  UINT Name, IDirect3DBaseTexture8* pTexture)	ltshell.h	221	PCLTShell::D3D_SetTexture	D3D_SetTexture(  UINT Name, IDirect3DBaseTexture8* pTexture)	5352a81cdb838b145a57f7febc5d9fc4b0129ebb	PC/_DIRECTX shell and platform	"void	D3D_SetTexture(  UINT Name, IDirect3DBaseTexture8* pTexture)				{ IDirect3DBaseTexture8** t=&mCurrentTextures[Name]; if(*t!=pTexture) m_pd3dDevice->SetTexture( Name, *t=pTexture);}"	"void	D3D_SetTexture(  UINT Name, IDirect3DBaseTexture8* pTexture)				{ IDirect3DBaseTexture8** t=&mCurrentTextures[Name]; if(*t!=pTexture) m_pd3dDevice->SetTexture( Name, *t=pTexture);}"	Suppress duplicate SetTexture calls by comparing and updating the cached texture pointer for the requested stage.	pTexture;mCurrentTextures;m_pd3dDevice	On pointer change, updates one cached texture and calls the device.	SOURCE_ONLY_BOUNDED_NO_MATCH	SOURCE_ANALOG	0x00513a50	retail cached SetTexture helper (current false label CEngine__SetRenderStateCached)	reverse-engineering/ghidra-functions.md;reverse-engineering/delta.md;reverse-engineering/binary-analysis/function-c1-closure-2026-08-11.tsv	The source avoids duplicate SetTexture calls with an eight-slot pointer cache. Retail does the same through D3D9 slot +0x104; the tracked current label is explicitly known false, so only the measured cached-SetTexture role is claimed.	A pristine body/ABI readback that contradicts the named bounded role, or a stronger source identity that owns this VA, falsifies this analog.	HOST_BACKEND_REPLACED	rebuild/OnslaughtRebuild.Godot	EXTENDED	local-lab/hermes-kanban-campaign-2026-08-22/source-first-expansion/partition.tsv@bc36791975f43d5da6b584727df3eb7d29402e18c550dd3d96e01bba0c301fde;reverse-engineering/ghidra-functions.md;reverse-engineering/delta.md;reverse-engineering/binary-analysis/function-c1-closure-2026-08-11.tsv
ltshell.h:222:PCLTShell::D3D_SetVertexShader:D3D_SetVertexShader( DWORD Handle)	ltshell.h	222	PCLTShell::D3D_SetVertexShader	D3D_SetVertexShader( DWORD Handle)	5352a81cdb838b145a57f7febc5d9fc4b0129ebb	PC/_DIRECTX shell and platform	"void	D3D_SetVertexShader( DWORD Handle)											{ if(Handle!=mLastVertexShader) m_pd3dDevice->SetVertexShader( mLastVertexShader = Handle);}"	"void	D3D_SetVertexShader( DWORD Handle)											{ if(Handle!=mLastVertexShader) m_pd3dDevice->SetVertexShader( mLastVertexShader = Handle);}"	Suppress duplicate SetVertexShader calls by comparing and updating the last shader handle.	mLastVertexShader;m_pd3dDevice	On handle change, updates the cached shader handle and calls the device.	SOURCE_ONLY_BOUNDED_NO_MATCH	SOURCE_ANALOG	0x00513e90	CEngine__SetVertexShaderHandleCached	reverse-engineering/binary-analysis/ghidra-fullpass-findings/W009/primary/A02.md;reverse-engineering/binary-analysis/ghidra-fullpass-findings/W009/adversarial/B02.md;reverse-engineering/binary-analysis/function-c1-closure-2026-08-11.tsv	Bounded name/body-role alias: both paths suppress duplicate vertex-shader-handle dispatch; the retail D3D9 ABI and cache ownership are not equated to the D3D8 source.	A pristine body/ABI readback that contradicts the named bounded role, or a stronger source identity that owns this VA, falsifies this analog.	HOST_BACKEND_REPLACED	rebuild/OnslaughtRebuild.Godot	EXTENDED	local-lab/hermes-kanban-campaign-2026-08-22/source-first-expansion/partition.tsv@bc36791975f43d5da6b584727df3eb7d29402e18c550dd3d96e01bba0c301fde;reverse-engineering/binary-analysis/ghidra-fullpass-findings/W009/primary/A02.md;reverse-engineering/binary-analysis/ghidra-fullpass-findings/W009/adversarial/B02.md;reverse-engineering/binary-analysis/function-c1-closure-2026-08-11.tsv
ltshell.h:240:PCLTShell::D3D_CreateCubeTexture:D3D_CreateCubeTexture(  UINT EdgeLength, UINT Levels, DWORD Usage, D3DFORMAT Format, D3DPOOL Pool, IDirect3DCubeTexture8** ppCubeTexture)	ltshell.h	240	PCLTShell::D3D_CreateCubeTexture	D3D_CreateCubeTexture(  UINT EdgeLength, UINT Levels, DWORD Usage, D3DFORMAT Format, D3DPOOL Pool, IDirect3DCubeTexture8** ppCubeTexture)	5352a81cdb838b145a57f7febc5d9fc4b0129ebb	PC/_DIRECTX shell and platform	HRESULT D3D_CreateCubeTexture(  UINT EdgeLength, UINT Levels, DWORD Usage,	"HRESULT D3D_CreateCubeTexture(  UINT EdgeLength, UINT Levels, DWORD Usage, / D3DFORMAT Format, D3DPOOL Pool, IDirect3DCubeTexture8** ppCubeTexture)			{ SANITY_CHECK_AND_RETURN(m_pd3dDevice->CreateCubeTexture( EdgeLength, Levels, Usage, Format, Pool, ppCubeTexture));};"	Forward cube-texture creation to the D3D8 device and return its HRESULT.	m_pd3dDevice;D3DFORMAT;D3DPOOL	Calls the D3D device; output texture and device state are owned by that API.	EXTERNAL_PROOF_REQUIRED	NO_MATCH_FOUND			pinned source;reverse-engineering/binary-analysis/ghidra-function-name-table-2026-08-17.tsv;reverse-engineering/binary-analysis/function-c1-closure-2026-08-11.tsv;promoted semantic tables;bounded owner aliases	Multi-line/header body has no proven tracked target; inspect compiler emission/folding, callers, and ABI before classifying. W5 cold recheck preserved an empty VA after current name-table, closure, W008/W009, promoted shell semantics, and bounded method-alias review.	A line/signature-specific pristine body, ABI/vtable placement, caller/xref chain, or controlled runtime witness that resolves this exact definition falsifies the bounded no-match.	HOST_BACKEND_REPLACED	rebuild/OnslaughtRebuild.Godot	EXTENDED	local-lab/hermes-kanban-campaign-2026-08-22/source-first-expansion/partition.tsv@bc36791975f43d5da6b584727df3eb7d29402e18c550dd3d96e01bba0c301fde;pinned source;reverse-engineering/binary-analysis/ghidra-function-name-table-2026-08-17.tsv;reverse-engineering/binary-analysis/function-c1-closure-2026-08-11.tsv;promoted semantic tables;bounded owner aliases
ltshell.h:243:PCLTShell::D3D_ReleaseTexture:D3D_ReleaseTexture(IDirect3DTexture8* pTexture, void *pData)	ltshell.h	243	PCLTShell::D3D_ReleaseTexture	D3D_ReleaseTexture(IDirect3DTexture8* pTexture, void *pData)	5352a81cdb838b145a57f7febc5d9fc4b0129ebb	PC/_DIRECTX shell and platform	"int D3D_ReleaseTexture(IDirect3DTexture8* pTexture, void *pData)					{ return pTexture->Release();}"	"int D3D_ReleaseTexture(IDirect3DTexture8* pTexture, void *pData)					{ return pTexture->Release();}"	Return the source expression `pTexture->Release()`.	pTexture	May call the delegated object shown in the source excerpt; no other mutation is claimed.	SOURCE_ONLY_BOUNDED_NO_MATCH	NO_MATCH_FOUND			pinned source;reverse-engineering/binary-analysis/ghidra-function-name-table-2026-08-17.tsv;reverse-engineering/binary-analysis/function-c1-closure-2026-08-11.tsv;promoted semantic tables;bounded owner aliases	Simple inline/header body has no named or promoted semantic target after direct and bounded-owner-alias search; candidate bounded NO_MATCH only, not binary absence. W5 cold recheck preserved an empty VA after current name-table, closure, W008/W009, promoted shell semantics, and bounded method-alias review.	A line/signature-specific pristine body, ABI/vtable placement, caller/xref chain, or controlled runtime witness that resolves this exact definition falsifies the bounded no-match.	HOST_BACKEND_REPLACED	rebuild/OnslaughtRebuild.Godot	EXTENDED	local-lab/hermes-kanban-campaign-2026-08-22/source-first-expansion/partition.tsv@bc36791975f43d5da6b584727df3eb7d29402e18c550dd3d96e01bba0c301fde;pinned source;reverse-engineering/binary-analysis/ghidra-function-name-table-2026-08-17.tsv;reverse-engineering/binary-analysis/function-c1-closure-2026-08-11.tsv;promoted semantic tables;bounded owner aliases
ltshell.h:258:PCLTShell::D3D_SetGammaRamp:D3D_SetGammaRamp(DWORD flags,CONST D3DGAMMARAMP *pRamp)	ltshell.h	258	PCLTShell::D3D_SetGammaRamp	D3D_SetGammaRamp(DWORD flags,CONST D3DGAMMARAMP *pRamp)	5352a81cdb838b145a57f7febc5d9fc4b0129ebb	PC/_DIRECTX shell and platform	"void D3D_SetGammaRamp(DWORD flags,CONST D3DGAMMARAMP *pRamp)						{ m_pd3dDevice->SetGammaRamp(flags,pRamp);}"	"void D3D_SetGammaRamp(DWORD flags,CONST D3DGAMMARAMP *pRamp)						{ m_pd3dDevice->SetGammaRamp(flags,pRamp);}"	Execute the exact source body `m_pd3dDevice->SetGammaRamp(flags,pRamp);`; no behavior beyond this line/signature is inferred.	m_pd3dDevice;D3DGAMMARAMP	May call the delegated object shown in the source excerpt; no other mutation is claimed.	SOURCE_ONLY_BOUNDED_NO_MATCH	NO_MATCH_FOUND			pinned source;reverse-engineering/binary-analysis/ghidra-function-name-table-2026-08-17.tsv;reverse-engineering/binary-analysis/function-c1-closure-2026-08-11.tsv;promoted semantic tables;bounded owner aliases	Simple inline/header body has no named or promoted semantic target after direct and bounded-owner-alias search; candidate bounded NO_MATCH only, not binary absence. W5 cold recheck preserved an empty VA after current name-table, closure, W008/W009, promoted shell semantics, and bounded method-alias review.	A line/signature-specific pristine body, ABI/vtable placement, caller/xref chain, or controlled runtime witness that resolves this exact definition falsifies the bounded no-match.	HOST_BACKEND_REPLACED	rebuild/OnslaughtRebuild.Godot	EXTENDED	local-lab/hermes-kanban-campaign-2026-08-22/source-first-expansion/partition.tsv@bc36791975f43d5da6b584727df3eb7d29402e18c550dd3d96e01bba0c301fde;pinned source;reverse-engineering/binary-analysis/ghidra-function-name-table-2026-08-17.tsv;reverse-engineering/binary-analysis/function-c1-closure-2026-08-11.tsv;promoted semantic tables;bounded owner aliases
ltshell.h:259:PCLTShell::D3D_GetGammaRamp:D3D_GetGammaRamp(D3DGAMMARAMP *pRamp)	ltshell.h	259	PCLTShell::D3D_GetGammaRamp	D3D_GetGammaRamp(D3DGAMMARAMP *pRamp)	5352a81cdb838b145a57f7febc5d9fc4b0129ebb	PC/_DIRECTX shell and platform	"void D3D_GetGammaRamp(D3DGAMMARAMP *pRamp)											{ m_pd3dDevice->GetGammaRamp(pRamp);}"	"void D3D_GetGammaRamp(D3DGAMMARAMP *pRamp)											{ m_pd3dDevice->GetGammaRamp(pRamp);}"	Execute the exact source body `m_pd3dDevice->GetGammaRamp(pRamp);`; no behavior beyond this line/signature is inferred.	m_pd3dDevice;D3DGAMMARAMP	May call the delegated object shown in the source excerpt; no other mutation is claimed.	SOURCE_ONLY_BOUNDED_NO_MATCH	NO_MATCH_FOUND			pinned source;reverse-engineering/binary-analysis/ghidra-function-name-table-2026-08-17.tsv;reverse-engineering/binary-analysis/function-c1-closure-2026-08-11.tsv;promoted semantic tables;bounded owner aliases	Simple inline/header body has no named or promoted semantic target after direct and bounded-owner-alias search; candidate bounded NO_MATCH only, not binary absence. W5 cold recheck preserved an empty VA after current name-table, closure, W008/W009, promoted shell semantics, and bounded method-alias review.	A line/signature-specific pristine body, ABI/vtable placement, caller/xref chain, or controlled runtime witness that resolves this exact definition falsifies the bounded no-match.	HOST_BACKEND_REPLACED	rebuild/OnslaughtRebuild.Godot	EXTENDED	local-lab/hermes-kanban-campaign-2026-08-22/source-first-expansion/partition.tsv@bc36791975f43d5da6b584727df3eb7d29402e18c550dd3d96e01bba0c301fde;pinned source;reverse-engineering/binary-analysis/ghidra-function-name-table-2026-08-17.tsv;reverse-engineering/binary-analysis/function-c1-closure-2026-08-11.tsv;promoted semantic tables;bounded owner aliases
ltshell.h:291:PCLTShell::xKeyOn:xKeyOn(int c)	ltshell.h	291	PCLTShell::xKeyOn	xKeyOn(int c)	5352a81cdb838b145a57f7febc5d9fc4b0129ebb	PC/_DIRECTX shell and platform	"BYTE					xKeyOn(int c) { return KeyDown[c]; };"	"BYTE					xKeyOn(int c) { return KeyDown[c]; };"	Return the held-key byte at the requested key index.	KeyDown	Read-only or no-op at this source definition; no source-visible mutation.	SOURCE_ONLY_BOUNDED_NO_MATCH	SOURCE_ANALOG	0x00515970	PlatformInput__GetKeyOn	reverse-engineering/binary-analysis/ghidra-fullpass-findings/W009/primary/A04.md;reverse-engineering/binary-analysis/function-c1-closure-2026-08-11.tsv	Source and retail both return the held-key table byte indexed by the requested key; table ownership and runtime repeat policy remain outside the static agreement.	A pristine body/ABI readback that contradicts the named bounded role, or a stronger source identity that owns this VA, falsifies this analog.	PARTIAL_LAW_PRESENT	rebuild/OnslaughtRebuild.Client;rebuild/OnslaughtRebuild.Godot	EXTENDED	local-lab/hermes-kanban-campaign-2026-08-22/source-first-expansion/partition.tsv@bc36791975f43d5da6b584727df3eb7d29402e18c550dd3d96e01bba0c301fde;reverse-engineering/binary-analysis/ghidra-fullpass-findings/W009/primary/A04.md;reverse-engineering/binary-analysis/function-c1-closure-2026-08-11.tsv
ltshell.h:292:PCLTShell::xKeyOnce:xKeyOnce(int c)	ltshell.h	292	PCLTShell::xKeyOnce	xKeyOnce(int c)	5352a81cdb838b145a57f7febc5d9fc4b0129ebb	PC/_DIRECTX shell and platform	"BYTE					xKeyOnce(int c) { BYTE a=KeyWasDown[c]; KeyWasDown[c]=0; return a; };"	"BYTE					xKeyOnce(int c) { BYTE a=KeyWasDown[c]; KeyWasDown[c]=0; return a; };"	Read the one-shot key byte, clear that table entry, and return the prior byte.	KeyWasDown;0	Clears one KeyWasDown entry after reading it.	SOURCE_ONLY_BOUNDED_NO_MATCH	SOURCE_ANALOG	0x00515980	PlatformInput__ConsumeKeyOnce	reverse-engineering/binary-analysis/ghidra-fullpass-findings/W009/primary/A04.md;reverse-engineering/binary-analysis/function-c1-closure-2026-08-11.tsv	Source and retail both read and clear a one-shot key table entry. Retail queue/repeat behavior beyond that local consume-and-clear shape remains unresolved.	A pristine body/ABI readback that contradicts the named bounded role, or a stronger source identity that owns this VA, falsifies this analog.	PARTIAL_LAW_PRESENT	rebuild/OnslaughtRebuild.Client;rebuild/OnslaughtRebuild.Godot	EXTENDED	local-lab/hermes-kanban-campaign-2026-08-22/source-first-expansion/partition.tsv@bc36791975f43d5da6b584727df3eb7d29402e18c550dd3d96e01bba0c301fde;reverse-engineering/binary-analysis/ghidra-fullpass-findings/W009/primary/A04.md;reverse-engineering/binary-analysis/function-c1-closure-2026-08-11.tsv
ltshell.h:295:PCLTShell::AddDeviceObject:AddDeviceObject(DeviceObject* devob)	ltshell.h	295	PCLTShell::AddDeviceObject	AddDeviceObject(DeviceObject* devob)	5352a81cdb838b145a57f7febc5d9fc4b0129ebb	PC/_DIRECTX shell and platform	"void					AddDeviceObject(DeviceObject* devob)			{ devob->mNext=mDeviceObjects; mDeviceObjects=devob;};"	"void					AddDeviceObject(DeviceObject* devob)			{ devob->mNext=mDeviceObjects; mDeviceObjects=devob;};"	Prepend a DeviceObject to the shell's singly linked device-object list.	mNext;mDeviceObjects	Mutates devob->mNext and the mDeviceObjects list head.	SOURCE_ONLY_BOUNDED_NO_MATCH	NO_MATCH_FOUND			pinned source;reverse-engineering/binary-analysis/ghidra-function-name-table-2026-08-17.tsv;reverse-engineering/binary-analysis/function-c1-closure-2026-08-11.tsv;promoted semantic tables;bounded owner aliases	Simple inline/header body has no named or promoted semantic target after direct and bounded-owner-alias search; candidate bounded NO_MATCH only, not binary absence. W5 cold recheck preserved an empty VA after current name-table, closure, W008/W009, promoted shell semantics, and bounded method-alias review.	A line/signature-specific pristine body, ABI/vtable placement, caller/xref chain, or controlled runtime witness that resolves this exact definition falsifies the bounded no-match.	HOST_BACKEND_REPLACED	rebuild/OnslaughtRebuild.Godot	EXTENDED	local-lab/hermes-kanban-campaign-2026-08-22/source-first-expansion/partition.tsv@bc36791975f43d5da6b584727df3eb7d29402e18c550dd3d96e01bba0c301fde;pinned source;reverse-engineering/binary-analysis/ghidra-function-name-table-2026-08-17.tsv;reverse-engineering/binary-analysis/function-c1-closure-2026-08-11.tsv;promoted semantic tables;bounded owner aliases
ltshell.h:306:PCLTShell::JoyState:* JoyState(int padnumber)	ltshell.h	306	PCLTShell::JoyState	* JoyState(int padnumber)	5352a81cdb838b145a57f7febc5d9fc4b0129ebb	PC/_DIRECTX shell and platform	"DIJOYSTATE2*			JoyState(int padnumber) { return mJoyState[padnumber]; };"	"DIJOYSTATE2*			JoyState(int padnumber) { return mJoyState[padnumber]; };"	Return the source expression `mJoyState[padnumber]`.	mJoyState	Read-only or no-op at this source definition; no source-visible mutation.	SOURCE_ONLY_BOUNDED_NO_MATCH	NO_MATCH_FOUND			pinned source;reverse-engineering/binary-analysis/ghidra-function-name-table-2026-08-17.tsv;reverse-engineering/binary-analysis/function-c1-closure-2026-08-11.tsv;promoted semantic tables;bounded owner aliases	Simple inline/header body has no named or promoted semantic target after direct and bounded-owner-alias search; candidate bounded NO_MATCH only, not binary absence. W5 cold recheck preserved an empty VA after current name-table, closure, W008/W009, promoted shell semantics, and bounded method-alias review.	A line/signature-specific pristine body, ABI/vtable placement, caller/xref chain, or controlled runtime witness that resolves this exact definition falsifies the bounded no-match.	HOST_BACKEND_REPLACED	rebuild/OnslaughtRebuild.Godot	EXTENDED	local-lab/hermes-kanban-campaign-2026-08-22/source-first-expansion/partition.tsv@bc36791975f43d5da6b584727df3eb7d29402e18c550dd3d96e01bba0c301fde;pinned source;reverse-engineering/binary-analysis/ghidra-function-name-table-2026-08-17.tsv;reverse-engineering/binary-analysis/function-c1-closure-2026-08-11.tsv;promoted semantic tables;bounded owner aliases
ltshell.h:307:PCLTShell::OldJoyState:* OldJoyState(int padnumber)	ltshell.h	307	PCLTShell::OldJoyState	* OldJoyState(int padnumber)	5352a81cdb838b145a57f7febc5d9fc4b0129ebb	PC/_DIRECTX shell and platform	"DIJOYSTATE2*			OldJoyState(int padnumber) { return mOldJoyState[padnumber]; };"	"DIJOYSTATE2*			OldJoyState(int padnumber) { return mOldJoyState[padnumber]; };"	Return the source expression `mOldJoyState[padnumber]`.	mOldJoyState	Read-only or no-op at this source definition; no source-visible mutation.	SOURCE_ONLY_BOUNDED_NO_MATCH	NO_MATCH_FOUND			pinned source;reverse-engineering/binary-analysis/ghidra-function-name-table-2026-08-17.tsv;reverse-engineering/binary-analysis/function-c1-closure-2026-08-11.tsv;promoted semantic tables;bounded owner aliases	Simple inline/header body has no named or promoted semantic target after direct and bounded-owner-alias search; candidate bounded NO_MATCH only, not binary absence. W5 cold recheck preserved an empty VA after current name-table, closure, W008/W009, promoted shell semantics, and bounded method-alias review.	A line/signature-specific pristine body, ABI/vtable placement, caller/xref chain, or controlled runtime witness that resolves this exact definition falsifies the bounded no-match.	HOST_BACKEND_REPLACED	rebuild/OnslaughtRebuild.Godot	EXTENDED	local-lab/hermes-kanban-campaign-2026-08-22/source-first-expansion/partition.tsv@bc36791975f43d5da6b584727df3eb7d29402e18c550dd3d96e01bba0c301fde;pinned source;reverse-engineering/binary-analysis/ghidra-function-name-table-2026-08-17.tsv;reverse-engineering/binary-analysis/function-c1-closure-2026-08-11.tsv;promoted semantic tables;bounded owner aliases
ltshell.h:310:PCLTShell::JoyButtonOnce:JoyButtonOnce(int padnumber, int button)	ltshell.h	310	PCLTShell::JoyButtonOnce	JoyButtonOnce(int padnumber, int button)	5352a81cdb838b145a57f7febc5d9fc4b0129ebb	PC/_DIRECTX shell and platform	"BOOL					JoyButtonOnce(int padnumber, int button) {	if ((!OldJoyState(padnumber)->rgbButtons[button]) &&"	"BOOL					JoyButtonOnce(int padnumber, int button) {	if ((!OldJoyState(padnumber)->rgbButtons[button]) && / JoyState(padnumber)->rgbButtons[button]) / { return TRUE ; } else return FALSE ; }"	Return true only on a joystick-button rising edge: old clear and current set.	TRUE;FALSE	May call the delegated object shown in the source excerpt; no other mutation is claimed.	EXTERNAL_PROOF_REQUIRED	NO_MATCH_FOUND			pinned source;reverse-engineering/binary-analysis/ghidra-function-name-table-2026-08-17.tsv;reverse-engineering/binary-analysis/function-c1-closure-2026-08-11.tsv;promoted semantic tables;bounded owner aliases	Multi-line/header body has no proven tracked target; inspect compiler emission/folding, callers, and ABI before classifying. W5 cold recheck preserved an empty VA after current name-table, closure, W008/W009, promoted shell semantics, and bounded method-alias review.	A line/signature-specific pristine body, ABI/vtable placement, caller/xref chain, or controlled runtime witness that resolves this exact definition falsifies the bounded no-match.	PARTIAL_LAW_PRESENT	rebuild/OnslaughtRebuild.Client;rebuild/OnslaughtRebuild.Godot	EXTENDED	local-lab/hermes-kanban-campaign-2026-08-22/source-first-expansion/partition.tsv@bc36791975f43d5da6b584727df3eb7d29402e18c550dd3d96e01bba0c301fde;pinned source;reverse-engineering/binary-analysis/ghidra-function-name-table-2026-08-17.tsv;reverse-engineering/binary-analysis/function-c1-closure-2026-08-11.tsv;promoted semantic tables;bounded owner aliases
ltshell.h:314:PCLTShell::JoyButtonOn:JoyButtonOn(int padnumber, int button)	ltshell.h	314	PCLTShell::JoyButtonOn	JoyButtonOn(int padnumber, int button)	5352a81cdb838b145a57f7febc5d9fc4b0129ebb	PC/_DIRECTX shell and platform	"BOOL					JoyButtonOn(int padnumber, int button) {	if (JoyState(padnumber)->rgbButtons[button])"	"BOOL					JoyButtonOn(int padnumber, int button) {	if (JoyState(padnumber)->rgbButtons[button]) / { return TRUE ; } else return FALSE ; }"	Return true while the current joystick button byte is set.	TRUE;FALSE	May call the delegated object shown in the source excerpt; no other mutation is claimed.	EXTERNAL_PROOF_REQUIRED	NO_MATCH_FOUND			pinned source;reverse-engineering/binary-analysis/ghidra-function-name-table-2026-08-17.tsv;reverse-engineering/binary-analysis/function-c1-closure-2026-08-11.tsv;promoted semantic tables;bounded owner aliases	Multi-line/header body has no proven tracked target; inspect compiler emission/folding, callers, and ABI before classifying. W5 cold recheck preserved an empty VA after current name-table, closure, W008/W009, promoted shell semantics, and bounded method-alias review.	A line/signature-specific pristine body, ABI/vtable placement, caller/xref chain, or controlled runtime witness that resolves this exact definition falsifies the bounded no-match.	PARTIAL_LAW_PRESENT	rebuild/OnslaughtRebuild.Client;rebuild/OnslaughtRebuild.Godot	EXTENDED	local-lab/hermes-kanban-campaign-2026-08-22/source-first-expansion/partition.tsv@bc36791975f43d5da6b584727df3eb7d29402e18c550dd3d96e01bba0c301fde;pinned source;reverse-engineering/binary-analysis/ghidra-function-name-table-2026-08-17.tsv;reverse-engineering/binary-analysis/function-c1-closure-2026-08-11.tsv;promoted semantic tables;bounded owner aliases
ltshell.h:317:PCLTShell::JoyButtonRelease:JoyButtonRelease(int padnumber, int button)	ltshell.h	317	PCLTShell::JoyButtonRelease	JoyButtonRelease(int padnumber, int button)	5352a81cdb838b145a57f7febc5d9fc4b0129ebb	PC/_DIRECTX shell and platform	"BOOL					JoyButtonRelease(int padnumber, int button) {	if ((OldJoyState(padnumber)->rgbButtons[button]) &&"	"BOOL					JoyButtonRelease(int padnumber, int button) {	if ((OldJoyState(padnumber)->rgbButtons[button]) && / JoyState(padnumber)->rgbButtons[button] == FALSE) / { return TRUE ; } else return FALSE ; }"	Return true only on a joystick-button falling edge: old set and current clear.	FALSE;TRUE	May call the delegated object shown in the source excerpt; no other mutation is claimed.	EXTERNAL_PROOF_REQUIRED	NO_MATCH_FOUND			pinned source;reverse-engineering/binary-analysis/ghidra-function-name-table-2026-08-17.tsv;reverse-engineering/binary-analysis/function-c1-closure-2026-08-11.tsv;promoted semantic tables;bounded owner aliases	Multi-line/header body has no proven tracked target; inspect compiler emission/folding, callers, and ABI before classifying. W5 cold recheck preserved an empty VA after current name-table, closure, W008/W009, promoted shell semantics, and bounded method-alias review.	A line/signature-specific pristine body, ABI/vtable placement, caller/xref chain, or controlled runtime witness that resolves this exact definition falsifies the bounded no-match.	PARTIAL_LAW_PRESENT	rebuild/OnslaughtRebuild.Client;rebuild/OnslaughtRebuild.Godot	EXTENDED	local-lab/hermes-kanban-campaign-2026-08-22/source-first-expansion/partition.tsv@bc36791975f43d5da6b584727df3eb7d29402e18c550dd3d96e01bba0c301fde;pinned source;reverse-engineering/binary-analysis/ghidra-function-name-table-2026-08-17.tsv;reverse-engineering/binary-analysis/function-c1-closure-2026-08-11.tsv;promoted semantic tables;bounded owner aliases
ltshell.h:323:PCLTShell::Running:Running()	ltshell.h	323	PCLTShell::Running	Running()	5352a81cdb838b145a57f7febc5d9fc4b0129ebb	PC/_DIRECTX shell and platform	"bool					Running()					{ return mRunning; }"	"bool					Running()					{ return mRunning; }"	Return the source expression `mRunning`.	mRunning	Read-only or no-op at this source definition; no source-visible mutation.	SOURCE_ONLY_BOUNDED_NO_MATCH	NO_MATCH_FOUND			pinned source;reverse-engineering/binary-analysis/ghidra-function-name-table-2026-08-17.tsv;reverse-engineering/binary-analysis/function-c1-closure-2026-08-11.tsv;promoted semantic tables;bounded owner aliases	Simple inline/header body has no named or promoted semantic target after direct and bounded-owner-alias search; candidate bounded NO_MATCH only, not binary absence. W5 cold recheck preserved an empty VA after current name-table, closure, W008/W009, promoted shell semantics, and bounded method-alias review.	A line/signature-specific pristine body, ABI/vtable placement, caller/xref chain, or controlled runtime witness that resolves this exact definition falsifies the bounded no-match.	PARTIAL_LAW_PRESENT	rebuild/OnslaughtRebuild.Client;rebuild/OnslaughtRebuild.Godot	EXTENDED	local-lab/hermes-kanban-campaign-2026-08-22/source-first-expansion/partition.tsv@bc36791975f43d5da6b584727df3eb7d29402e18c550dd3d96e01bba0c301fde;pinned source;reverse-engineering/binary-analysis/ghidra-function-name-table-2026-08-17.tsv;reverse-engineering/binary-analysis/function-c1-closure-2026-08-11.tsv;promoted semantic tables;bounded owner aliases
ltshell.h:324:PCLTShell::SetRunning:SetRunning(bool inRunning)	ltshell.h	324	PCLTShell::SetRunning	SetRunning(bool inRunning)	5352a81cdb838b145a57f7febc5d9fc4b0129ebb	PC/_DIRECTX shell and platform	"void					SetRunning(bool inRunning)	{ mRunning=inRunning; }"	"void					SetRunning(bool inRunning)	{ mRunning=inRunning; }"	Execute the exact inline state transition `mRunning=inRunning;`.	mRunning	Mutates only the fields or delegated target shown in the exact source excerpt.	SOURCE_ONLY_BOUNDED_NO_MATCH	NO_MATCH_FOUND			pinned source;reverse-engineering/binary-analysis/ghidra-function-name-table-2026-08-17.tsv;reverse-engineering/binary-analysis/function-c1-closure-2026-08-11.tsv;promoted semantic tables;bounded owner aliases	Simple inline/header body has no named or promoted semantic target after direct and bounded-owner-alias search; candidate bounded NO_MATCH only, not binary absence. W5 cold recheck preserved an empty VA after current name-table, closure, W008/W009, promoted shell semantics, and bounded method-alias review.	A line/signature-specific pristine body, ABI/vtable placement, caller/xref chain, or controlled runtime witness that resolves this exact definition falsifies the bounded no-match.	PARTIAL_LAW_PRESENT	rebuild/OnslaughtRebuild.Client;rebuild/OnslaughtRebuild.Godot	EXTENDED	local-lab/hermes-kanban-campaign-2026-08-22/source-first-expansion/partition.tsv@bc36791975f43d5da6b584727df3eb7d29402e18c550dd3d96e01bba0c301fde;pinned source;reverse-engineering/binary-analysis/ghidra-function-name-table-2026-08-17.tsv;reverse-engineering/binary-analysis/function-c1-closure-2026-08-11.tsv;promoted semantic tables;bounded owner aliases
ltshell.h:326:PCLTShell::GetWindowWidth:GetWindowWidth()	ltshell.h	326	PCLTShell::GetWindowWidth	GetWindowWidth()	5352a81cdb838b145a57f7febc5d9fc4b0129ebb	PC/_DIRECTX shell and platform	"int						GetWindowWidth() { return m_d3dpp.BackBufferWidth; }"	"int						GetWindowWidth() { return m_d3dpp.BackBufferWidth; }"	Return the source expression `m_d3dpp.BackBufferWidth`.	m_d3dpp	Read-only or no-op at this source definition; no source-visible mutation.	SOURCE_ONLY_BOUNDED_NO_MATCH	NO_MATCH_FOUND			pinned source;reverse-engineering/binary-analysis/ghidra-function-name-table-2026-08-17.tsv;reverse-engineering/binary-analysis/function-c1-closure-2026-08-11.tsv;promoted semantic tables;bounded owner aliases	Simple inline/header body has no named or promoted semantic target after direct and bounded-owner-alias search; candidate bounded NO_MATCH only, not binary absence. W5 cold recheck preserved an empty VA after current name-table, closure, W008/W009, promoted shell semantics, and bounded method-alias review.	A line/signature-specific pristine body, ABI/vtable placement, caller/xref chain, or controlled runtime witness that resolves this exact definition falsifies the bounded no-match.	PARTIAL_LAW_PRESENT	rebuild/OnslaughtRebuild.Client;rebuild/OnslaughtRebuild.Godot	EXTENDED	local-lab/hermes-kanban-campaign-2026-08-22/source-first-expansion/partition.tsv@bc36791975f43d5da6b584727df3eb7d29402e18c550dd3d96e01bba0c301fde;pinned source;reverse-engineering/binary-analysis/ghidra-function-name-table-2026-08-17.tsv;reverse-engineering/binary-analysis/function-c1-closure-2026-08-11.tsv;promoted semantic tables;bounded owner aliases
ltshell.h:327:PCLTShell::GetWindowHeight:GetWindowHeight()	ltshell.h	327	PCLTShell::GetWindowHeight	GetWindowHeight()	5352a81cdb838b145a57f7febc5d9fc4b0129ebb	PC/_DIRECTX shell and platform	"int						GetWindowHeight() { return m_d3dpp.BackBufferHeight; }"	"int						GetWindowHeight() { return m_d3dpp.BackBufferHeight; }"	Return the source expression `m_d3dpp.BackBufferHeight`.	m_d3dpp	Read-only or no-op at this source definition; no source-visible mutation.	SOURCE_ONLY_BOUNDED_NO_MATCH	NO_MATCH_FOUND			pinned source;reverse-engineering/binary-analysis/ghidra-function-name-table-2026-08-17.tsv;reverse-engineering/binary-analysis/function-c1-closure-2026-08-11.tsv;promoted semantic tables;bounded owner aliases	Simple inline/header body has no named or promoted semantic target after direct and bounded-owner-alias search; candidate bounded NO_MATCH only, not binary absence. W5 cold recheck preserved an empty VA after current name-table, closure, W008/W009, promoted shell semantics, and bounded method-alias review.	A line/signature-specific pristine body, ABI/vtable placement, caller/xref chain, or controlled runtime witness that resolves this exact definition falsifies the bounded no-match.	PARTIAL_LAW_PRESENT	rebuild/OnslaughtRebuild.Client;rebuild/OnslaughtRebuild.Godot	EXTENDED	local-lab/hermes-kanban-campaign-2026-08-22/source-first-expansion/partition.tsv@bc36791975f43d5da6b584727df3eb7d29402e18c550dd3d96e01bba0c301fde;pinned source;reverse-engineering/binary-analysis/ghidra-function-name-table-2026-08-17.tsv;reverse-engineering/binary-analysis/function-c1-closure-2026-08-11.tsv;promoted semantic tables;bounded owner aliases
PCEngine.h:48:CPCEngine::GetSky:* GetSky()	PCEngine.h	48	CPCEngine::GetSky	* GetSky()	5352a81cdb838b145a57f7febc5d9fc4b0129ebb	legacy CPCEngine alternate; engine.h:229-232 selects CDXEngine under _DIRECTX	"class	CPCSky*		GetSky() { return mSky; }"	"class	CPCSky*		GetSky() { return mSky; }"	Return the source expression `mSky`.	mSky	Read-only or no-op at this source definition; no source-visible mutation.	AMBIGUOUS_OVERLOAD_MACRO_NONFUNCTION	NOT_IN_RETAIL			references/Onslaught/engine.h;references/Onslaught/ltshell.h;references/Onslaught/DXEngine.cpp;reverse-engineering/source-code/stuart-source-synthesis.md;reverse-engineering/binary-analysis/ghidra-function-name-table-2026-08-17.tsv;reverse-engineering/binary-analysis/function-c1-closure-2026-08-11.tsv	engine.h:229-232 selects CDXEngine under _DIRECTX; the legacy CPCEngine alternate is not the active retail/source backend.	A retail vtable/source-path/build-flag witness proving this exact alternate definition was selected falsifies the target exclusion.	NOT_SELECTED_TARGET	No rebuild owner; excluded source branch	EXTENDED	local-lab/hermes-kanban-campaign-2026-08-22/source-first-expansion/partition.tsv@bc36791975f43d5da6b584727df3eb7d29402e18c550dd3d96e01bba0c301fde;references/Onslaught/engine.h;references/Onslaught/ltshell.h;references/Onslaught/DXEngine.cpp;reverse-engineering/source-code/stuart-source-synthesis.md;reverse-engineering/binary-analysis/ghidra-function-name-table-2026-08-17.tsv;reverse-engineering/binary-analysis/function-c1-closure-2026-08-11.tsv
PCEngine.h:50:CPCEngine::GetSky:* GetSky()	PCEngine.h	50	CPCEngine::GetSky	* GetSky()	5352a81cdb838b145a57f7febc5d9fc4b0129ebb	legacy CPCEngine alternate; engine.h:229-232 selects CDXEngine under _DIRECTX	"class	CXBOXSky*	GetSky() { return mSky; }"	"class	CXBOXSky*	GetSky() { return mSky; }"	Return the source expression `mSky`.	mSky	Read-only or no-op at this source definition; no source-visible mutation.	AMBIGUOUS_OVERLOAD_MACRO_NONFUNCTION	NOT_IN_RETAIL			references/Onslaught/engine.h;references/Onslaught/ltshell.h;references/Onslaught/DXEngine.cpp;reverse-engineering/source-code/stuart-source-synthesis.md;reverse-engineering/binary-analysis/ghidra-function-name-table-2026-08-17.tsv;reverse-engineering/binary-analysis/function-c1-closure-2026-08-11.tsv	engine.h:229-232 selects CDXEngine under _DIRECTX; the legacy CPCEngine alternate is not the active retail/source backend.	A retail vtable/source-path/build-flag witness proving this exact alternate definition was selected falsifies the target exclusion.	NOT_SELECTED_TARGET	No rebuild owner; excluded source branch	EXTENDED	local-lab/hermes-kanban-campaign-2026-08-22/source-first-expansion/partition.tsv@bc36791975f43d5da6b584727df3eb7d29402e18c550dd3d96e01bba0c301fde;references/Onslaught/engine.h;references/Onslaught/ltshell.h;references/Onslaught/DXEngine.cpp;reverse-engineering/source-code/stuart-source-synthesis.md;reverse-engineering/binary-analysis/ghidra-function-name-table-2026-08-17.tsv;reverse-engineering/binary-analysis/function-c1-closure-2026-08-11.tsv
PCEngine.h:53:CPCEngine::GetDefaultTexture:*GetDefaultTexture()	PCEngine.h	53	CPCEngine::GetDefaultTexture	*GetDefaultTexture()	5352a81cdb838b145a57f7febc5d9fc4b0129ebb	legacy CPCEngine alternate; engine.h:229-232 selects CDXEngine under _DIRECTX	"class CTEXTURE		*GetDefaultTexture()	{return mDefaultTexture;}; //###"	"class CTEXTURE		*GetDefaultTexture()	{return mDefaultTexture;}; //###"	Return the source expression `mDefaultTexture`.	mDefaultTexture	Read-only or no-op at this source definition; no source-visible mutation.	SOURCE_ONLY_BOUNDED_NO_MATCH	NOT_IN_RETAIL			references/Onslaught/engine.h;references/Onslaught/ltshell.h;references/Onslaught/DXEngine.cpp;reverse-engineering/source-code/stuart-source-synthesis.md;reverse-engineering/binary-analysis/ghidra-function-name-table-2026-08-17.tsv;reverse-engineering/binary-analysis/function-c1-closure-2026-08-11.tsv	engine.h:229-232 selects CDXEngine under _DIRECTX; the legacy CPCEngine alternate is not the active retail/source backend.	A retail vtable/source-path/build-flag witness proving this exact alternate definition was selected falsifies the target exclusion.	NOT_SELECTED_TARGET	No rebuild owner; excluded source branch	EXTENDED	local-lab/hermes-kanban-campaign-2026-08-22/source-first-expansion/partition.tsv@bc36791975f43d5da6b584727df3eb7d29402e18c550dd3d96e01bba0c301fde;references/Onslaught/engine.h;references/Onslaught/ltshell.h;references/Onslaught/DXEngine.cpp;reverse-engineering/source-code/stuart-source-synthesis.md;reverse-engineering/binary-analysis/ghidra-function-name-table-2026-08-17.tsv;reverse-engineering/binary-analysis/function-c1-closure-2026-08-11.tsv
PCEngine.h:55:CPCEngine::GetScreenTexture:*GetScreenTexture()	PCEngine.h	55	CPCEngine::GetScreenTexture	*GetScreenTexture()	5352a81cdb838b145a57f7febc5d9fc4b0129ebb	legacy CPCEngine alternate; engine.h:229-232 selects CDXEngine under _DIRECTX	"class CTEXTURE		*GetScreenTexture() { return mScreenTexture; };"	"class CTEXTURE		*GetScreenTexture() { return mScreenTexture; };"	Return the source expression `mScreenTexture`.	mScreenTexture	Read-only or no-op at this source definition; no source-visible mutation.	SOURCE_ONLY_BOUNDED_NO_MATCH	NOT_IN_RETAIL			references/Onslaught/engine.h;references/Onslaught/ltshell.h;references/Onslaught/DXEngine.cpp;reverse-engineering/source-code/stuart-source-synthesis.md;reverse-engineering/binary-analysis/ghidra-function-name-table-2026-08-17.tsv;reverse-engineering/binary-analysis/function-c1-closure-2026-08-11.tsv	engine.h:229-232 selects CDXEngine under _DIRECTX; the legacy CPCEngine alternate is not the active retail/source backend.	A retail vtable/source-path/build-flag witness proving this exact alternate definition was selected falsifies the target exclusion.	NOT_SELECTED_TARGET	No rebuild owner; excluded source branch	EXTENDED	local-lab/hermes-kanban-campaign-2026-08-22/source-first-expansion/partition.tsv@bc36791975f43d5da6b584727df3eb7d29402e18c550dd3d96e01bba0c301fde;references/Onslaught/engine.h;references/Onslaught/ltshell.h;references/Onslaught/DXEngine.cpp;reverse-engineering/source-code/stuart-source-synthesis.md;reverse-engineering/binary-analysis/ghidra-function-name-table-2026-08-17.tsv;reverse-engineering/binary-analysis/function-c1-closure-2026-08-11.tsv
PCEngine.h:56:CPCEngine::TriggerScreenCapture:TriggerScreenCapture()	PCEngine.h	56	CPCEngine::TriggerScreenCapture	TriggerScreenCapture()	5352a81cdb838b145a57f7febc5d9fc4b0129ebb	legacy CPCEngine alternate; engine.h:229-232 selects CDXEngine under _DIRECTX	"void				TriggerScreenCapture() { mCaptureScreen=true; mCaptureAreaTop=0; mCaptureAreaBottom=1000; };"	"void				TriggerScreenCapture() { mCaptureScreen=true; mCaptureAreaTop=0; mCaptureAreaBottom=1000; };"	Arm screen capture and store the source-selected top and bottom capture bounds.	mCaptureScreen;mCaptureAreaTop;mCaptureAreaBottom;0;1000	Mutates only the fields or delegated target shown in the exact source excerpt.	SOURCE_ONLY_BOUNDED_NO_MATCH	NOT_IN_RETAIL			references/Onslaught/engine.h;references/Onslaught/ltshell.h;references/Onslaught/DXEngine.cpp;reverse-engineering/source-code/stuart-source-synthesis.md;reverse-engineering/binary-analysis/ghidra-function-name-table-2026-08-17.tsv;reverse-engineering/binary-analysis/function-c1-closure-2026-08-11.tsv	engine.h:229-232 selects CDXEngine under _DIRECTX; the legacy CPCEngine alternate is not the active retail/source backend.	A retail vtable/source-path/build-flag witness proving this exact alternate definition was selected falsifies the target exclusion.	NOT_SELECTED_TARGET	No rebuild owner; excluded source branch	EXTENDED	local-lab/hermes-kanban-campaign-2026-08-22/source-first-expansion/partition.tsv@bc36791975f43d5da6b584727df3eb7d29402e18c550dd3d96e01bba0c301fde;references/Onslaught/engine.h;references/Onslaught/ltshell.h;references/Onslaught/DXEngine.cpp;reverse-engineering/source-code/stuart-source-synthesis.md;reverse-engineering/binary-analysis/ghidra-function-name-table-2026-08-17.tsv;reverse-engineering/binary-analysis/function-c1-closure-2026-08-11.tsv
PCEngine.h:57:CPCEngine::TriggerPartialScreenCapture:TriggerPartialScreenCapture(int top,int bottom)	PCEngine.h	57	CPCEngine::TriggerPartialScreenCapture	TriggerPartialScreenCapture(int top,int bottom)	5352a81cdb838b145a57f7febc5d9fc4b0129ebb	legacy CPCEngine alternate; engine.h:229-232 selects CDXEngine under _DIRECTX	"void				TriggerPartialScreenCapture(int top,int bottom) { mCaptureScreen=true; mCaptureAreaTop=top; mCaptureAreaBottom=bottom; };"	"void				TriggerPartialScreenCapture(int top,int bottom) { mCaptureScreen=true; mCaptureAreaTop=top; mCaptureAreaBottom=bottom; };"	Arm screen capture and store the source-selected top and bottom capture bounds.	mCaptureScreen;mCaptureAreaTop;mCaptureAreaBottom	Mutates only the fields or delegated target shown in the exact source excerpt.	SOURCE_ONLY_BOUNDED_NO_MATCH	NOT_IN_RETAIL			references/Onslaught/engine.h;references/Onslaught/ltshell.h;references/Onslaught/DXEngine.cpp;reverse-engineering/source-code/stuart-source-synthesis.md;reverse-engineering/binary-analysis/ghidra-function-name-table-2026-08-17.tsv;reverse-engineering/binary-analysis/function-c1-closure-2026-08-11.tsv	engine.h:229-232 selects CDXEngine under _DIRECTX; the legacy CPCEngine alternate is not the active retail/source backend.	A retail vtable/source-path/build-flag witness proving this exact alternate definition was selected falsifies the target exclusion.	NOT_SELECTED_TARGET	No rebuild owner; excluded source branch	EXTENDED	local-lab/hermes-kanban-campaign-2026-08-22/source-first-expansion/partition.tsv@bc36791975f43d5da6b584727df3eb7d29402e18c550dd3d96e01bba0c301fde;references/Onslaught/engine.h;references/Onslaught/ltshell.h;references/Onslaught/DXEngine.cpp;reverse-engineering/source-code/stuart-source-synthesis.md;reverse-engineering/binary-analysis/ghidra-function-name-table-2026-08-17.tsv;reverse-engineering/binary-analysis/function-c1-closure-2026-08-11.tsv
PCEngine.h:64:CPCEngine::ToggleHudAlphaMode:ToggleHudAlphaMode()	PCEngine.h	64	CPCEngine::ToggleHudAlphaMode	ToggleHudAlphaMode()	5352a81cdb838b145a57f7febc5d9fc4b0129ebb	legacy CPCEngine alternate; engine.h:229-232 selects CDXEngine under _DIRECTX	"void				ToggleHudAlphaMode() { mHudAditive = !mHudAditive; }"	"void				ToggleHudAlphaMode() { mHudAditive = !mHudAditive; }"	Execute the exact inline state transition `mHudAditive = !mHudAditive;`.	mHudAditive	Mutates only the fields or delegated target shown in the exact source excerpt.	SOURCE_ONLY_BOUNDED_NO_MATCH	NOT_IN_RETAIL			references/Onslaught/engine.h;references/Onslaught/ltshell.h;references/Onslaught/DXEngine.cpp;reverse-engineering/source-code/stuart-source-synthesis.md;reverse-engineering/binary-analysis/ghidra-function-name-table-2026-08-17.tsv;reverse-engineering/binary-analysis/function-c1-closure-2026-08-11.tsv	engine.h:229-232 selects CDXEngine under _DIRECTX; the legacy CPCEngine alternate is not the active retail/source backend.	A retail vtable/source-path/build-flag witness proving this exact alternate definition was selected falsifies the target exclusion.	NOT_SELECTED_TARGET	No rebuild owner; excluded source branch	EXTENDED	local-lab/hermes-kanban-campaign-2026-08-22/source-first-expansion/partition.tsv@bc36791975f43d5da6b584727df3eb7d29402e18c550dd3d96e01bba0c301fde;references/Onslaught/engine.h;references/Onslaught/ltshell.h;references/Onslaught/DXEngine.cpp;reverse-engineering/source-code/stuart-source-synthesis.md;reverse-engineering/binary-analysis/ghidra-function-name-table-2026-08-17.tsv;reverse-engineering/binary-analysis/function-c1-closure-2026-08-11.tsv
PCEngine.h:65:CPCEngine::HudAditive:HudAditive()	PCEngine.h	65	CPCEngine::HudAditive	HudAditive()	5352a81cdb838b145a57f7febc5d9fc4b0129ebb	legacy CPCEngine alternate; engine.h:229-232 selects CDXEngine under _DIRECTX	"BOOL				HudAditive()		{ return mHudAditive; }"	"BOOL				HudAditive()		{ return mHudAditive; }"	Return the source expression `mHudAditive`.	mHudAditive	Read-only or no-op at this source definition; no source-visible mutation.	SOURCE_ONLY_BOUNDED_NO_MATCH	NOT_IN_RETAIL			references/Onslaught/engine.h;references/Onslaught/ltshell.h;references/Onslaught/DXEngine.cpp;reverse-engineering/source-code/stuart-source-synthesis.md;reverse-engineering/binary-analysis/ghidra-function-name-table-2026-08-17.tsv;reverse-engineering/binary-analysis/function-c1-closure-2026-08-11.tsv	engine.h:229-232 selects CDXEngine under _DIRECTX; the legacy CPCEngine alternate is not the active retail/source backend.	A retail vtable/source-path/build-flag witness proving this exact alternate definition was selected falsifies the target exclusion.	NOT_SELECTED_TARGET	No rebuild owner; excluded source branch	EXTENDED	local-lab/hermes-kanban-campaign-2026-08-22/source-first-expansion/partition.tsv@bc36791975f43d5da6b584727df3eb7d29402e18c550dd3d96e01bba0c301fde;references/Onslaught/engine.h;references/Onslaught/ltshell.h;references/Onslaught/DXEngine.cpp;reverse-engineering/source-code/stuart-source-synthesis.md;reverse-engineering/binary-analysis/ghidra-function-name-table-2026-08-17.tsv;reverse-engineering/binary-analysis/function-c1-closure-2026-08-11.tsv
PCEngine.h:67:CPCEngine::GetOutlineTexture:* GetOutlineTexture()	PCEngine.h	67	CPCEngine::GetOutlineTexture	* GetOutlineTexture()	5352a81cdb838b145a57f7febc5d9fc4b0129ebb	legacy CPCEngine alternate; engine.h:229-232 selects CDXEngine under _DIRECTX	"CTEXTURE*			GetOutlineTexture() { return mTexOutline; }"	"CTEXTURE*			GetOutlineTexture() { return mTexOutline; }"	Return the source expression `mTexOutline`.	mTexOutline	Read-only or no-op at this source definition; no source-visible mutation.	SOURCE_ONLY_BOUNDED_NO_MATCH	NOT_IN_RETAIL			references/Onslaught/engine.h;references/Onslaught/ltshell.h;references/Onslaught/DXEngine.cpp;reverse-engineering/source-code/stuart-source-synthesis.md;reverse-engineering/binary-analysis/ghidra-function-name-table-2026-08-17.tsv;reverse-engineering/binary-analysis/function-c1-closure-2026-08-11.tsv	engine.h:229-232 selects CDXEngine under _DIRECTX; the legacy CPCEngine alternate is not the active retail/source backend.	A retail vtable/source-path/build-flag witness proving this exact alternate definition was selected falsifies the target exclusion.	NOT_SELECTED_TARGET	No rebuild owner; excluded source branch	EXTENDED	local-lab/hermes-kanban-campaign-2026-08-22/source-first-expansion/partition.tsv@bc36791975f43d5da6b584727df3eb7d29402e18c550dd3d96e01bba0c301fde;references/Onslaught/engine.h;references/Onslaught/ltshell.h;references/Onslaught/DXEngine.cpp;reverse-engineering/source-code/stuart-source-synthesis.md;reverse-engineering/binary-analysis/ghidra-function-name-table-2026-08-17.tsv;reverse-engineering/binary-analysis/function-c1-closure-2026-08-11.tsv
PCEngine.h:68:CPCEngine::GetOpaqueTexture:* GetOpaqueTexture()	PCEngine.h	68	CPCEngine::GetOpaqueTexture	* GetOpaqueTexture()	5352a81cdb838b145a57f7febc5d9fc4b0129ebb	legacy CPCEngine alternate; engine.h:229-232 selects CDXEngine under _DIRECTX	"CTEXTURE*			GetOpaqueTexture()	{ return mTexOpaque ; }"	"CTEXTURE*			GetOpaqueTexture()	{ return mTexOpaque ; }"	Return the source expression `mTexOpaque`.	mTexOpaque	Read-only or no-op at this source definition; no source-visible mutation.	SOURCE_ONLY_BOUNDED_NO_MATCH	NOT_IN_RETAIL			references/Onslaught/engine.h;references/Onslaught/ltshell.h;references/Onslaught/DXEngine.cpp;reverse-engineering/source-code/stuart-source-synthesis.md;reverse-engineering/binary-analysis/ghidra-function-name-table-2026-08-17.tsv;reverse-engineering/binary-analysis/function-c1-closure-2026-08-11.tsv	engine.h:229-232 selects CDXEngine under _DIRECTX; the legacy CPCEngine alternate is not the active retail/source backend.	A retail vtable/source-path/build-flag witness proving this exact alternate definition was selected falsifies the target exclusion.	NOT_SELECTED_TARGET	No rebuild owner; excluded source branch	EXTENDED	local-lab/hermes-kanban-campaign-2026-08-22/source-first-expansion/partition.tsv@bc36791975f43d5da6b584727df3eb7d29402e18c550dd3d96e01bba0c301fde;references/Onslaught/engine.h;references/Onslaught/ltshell.h;references/Onslaught/DXEngine.cpp;reverse-engineering/source-code/stuart-source-synthesis.md;reverse-engineering/binary-analysis/ghidra-function-name-table-2026-08-17.tsv;reverse-engineering/binary-analysis/function-c1-closure-2026-08-11.tsv
PCEngine.h:97:CPCEngine::GetWaterTexture:* GetWaterTexture()	PCEngine.h	97	CPCEngine::GetWaterTexture	* GetWaterTexture()	5352a81cdb838b145a57f7febc5d9fc4b0129ebb	legacy CPCEngine alternate; engine.h:229-232 selects CDXEngine under _DIRECTX	"CTEXTURE*			GetWaterTexture() { return mWater->GetTexture();}"	"CTEXTURE*			GetWaterTexture() { return mWater->GetTexture();}"	Return the source expression `mWater->GetTexture()`.	mWater	May call the delegated object shown in the source excerpt; no other mutation is claimed.	SOURCE_ONLY_BOUNDED_NO_MATCH	NOT_IN_RETAIL			references/Onslaught/engine.h;references/Onslaught/ltshell.h;references/Onslaught/DXEngine.cpp;reverse-engineering/source-code/stuart-source-synthesis.md;reverse-engineering/binary-analysis/ghidra-function-name-table-2026-08-17.tsv;reverse-engineering/binary-analysis/function-c1-closure-2026-08-11.tsv	engine.h:229-232 selects CDXEngine under _DIRECTX; the legacy CPCEngine alternate is not the active retail/source backend.	A retail vtable/source-path/build-flag witness proving this exact alternate definition was selected falsifies the target exclusion.	NOT_SELECTED_TARGET	No rebuild owner; excluded source branch	EXTENDED	local-lab/hermes-kanban-campaign-2026-08-22/source-first-expansion/partition.tsv@bc36791975f43d5da6b584727df3eb7d29402e18c550dd3d96e01bba0c301fde;references/Onslaught/engine.h;references/Onslaught/ltshell.h;references/Onslaught/DXEngine.cpp;reverse-engineering/source-code/stuart-source-synthesis.md;reverse-engineering/binary-analysis/ghidra-function-name-table-2026-08-17.tsv;reverse-engineering/binary-analysis/function-c1-closure-2026-08-11.tsv
PCPlatform.h:103:CPCPlatform::SetGeforce3:SetGeforce3(BOOL f)	PCPlatform.h	103	CPCPlatform::SetGeforce3	SetGeforce3(BOOL f)	5352a81cdb838b145a57f7febc5d9fc4b0129ebb	PC/_DIRECTX shell and platform	"void		SetGeforce3(BOOL f) { mGeforce3=f; };"	"void		SetGeforce3(BOOL f) { mGeforce3=f; };"	Execute the exact inline state transition `mGeforce3=f;`.	mGeforce3	Mutates only the fields or delegated target shown in the exact source excerpt.	SOURCE_ONLY_BOUNDED_NO_MATCH	NO_MATCH_FOUND			pinned source;reverse-engineering/binary-analysis/ghidra-function-name-table-2026-08-17.tsv;reverse-engineering/binary-analysis/function-c1-closure-2026-08-11.tsv;promoted semantic tables;bounded owner aliases	Simple inline/header body has no named or promoted semantic target after direct and bounded-owner-alias search; candidate bounded NO_MATCH only, not binary absence. W5 cold recheck preserved an empty VA after current name-table, closure, W008/W009, promoted shell semantics, and bounded method-alias review.	A line/signature-specific pristine body, ABI/vtable placement, caller/xref chain, or controlled runtime witness that resolves this exact definition falsifies the bounded no-match.	HOST_BACKEND_REPLACED	rebuild/OnslaughtRebuild.Client;rebuild/OnslaughtRebuild.Godot	EXTENDED	local-lab/hermes-kanban-campaign-2026-08-22/source-first-expansion/partition.tsv@bc36791975f43d5da6b584727df3eb7d29402e18c550dd3d96e01bba0c301fde;pinned source;reverse-engineering/binary-analysis/ghidra-function-name-table-2026-08-17.tsv;reverse-engineering/binary-analysis/function-c1-closure-2026-08-11.tsv;promoted semantic tables;bounded owner aliases
PCPlatform.h:104:CPCPlatform::IsGeforce3:IsGeforce3()	PCPlatform.h	104	CPCPlatform::IsGeforce3	IsGeforce3()	5352a81cdb838b145a57f7febc5d9fc4b0129ebb	PC/_DIRECTX shell and platform	"BOOL		IsGeforce3() { return(mGeforce3); };"	"BOOL		IsGeforce3() { return(mGeforce3); };"	Execute the exact source body `return(mGeforce3);`; no behavior beyond this line/signature is inferred.	mGeforce3	Read-only or no-op at this source definition; no source-visible mutation.	SOURCE_ONLY_BOUNDED_NO_MATCH	NO_MATCH_FOUND			pinned source;reverse-engineering/binary-analysis/ghidra-function-name-table-2026-08-17.tsv;reverse-engineering/binary-analysis/function-c1-closure-2026-08-11.tsv;promoted semantic tables;bounded owner aliases	Simple inline/header body has no named or promoted semantic target after direct and bounded-owner-alias search; candidate bounded NO_MATCH only, not binary absence. W5 cold recheck preserved an empty VA after current name-table, closure, W008/W009, promoted shell semantics, and bounded method-alias review.	A line/signature-specific pristine body, ABI/vtable placement, caller/xref chain, or controlled runtime witness that resolves this exact definition falsifies the bounded no-match.	HOST_BACKEND_REPLACED	rebuild/OnslaughtRebuild.Client;rebuild/OnslaughtRebuild.Godot	EXTENDED	local-lab/hermes-kanban-campaign-2026-08-22/source-first-expansion/partition.tsv@bc36791975f43d5da6b584727df3eb7d29402e18c550dd3d96e01bba0c301fde;pinned source;reverse-engineering/binary-analysis/ghidra-function-name-table-2026-08-17.tsv;reverse-engineering/binary-analysis/function-c1-closure-2026-08-11.tsv;promoted semantic tables;bounded owner aliases
PCPlatform.h:106:CPCPlatform::SetMemorySize:SetMemorySize(long size)	PCPlatform.h	106	CPCPlatform::SetMemorySize	SetMemorySize(long size)	5352a81cdb838b145a57f7febc5d9fc4b0129ebb	PC/_DIRECTX shell and platform	"void		SetMemorySize(long size) { mMemorySize=size; };"	"void		SetMemorySize(long size) { mMemorySize=size; };"	Execute the exact inline state transition `mMemorySize=size;`.	mMemorySize	Mutates only the fields or delegated target shown in the exact source excerpt.	SOURCE_ONLY_BOUNDED_NO_MATCH	NO_MATCH_FOUND			pinned source;reverse-engineering/binary-analysis/ghidra-function-name-table-2026-08-17.tsv;reverse-engineering/binary-analysis/function-c1-closure-2026-08-11.tsv;promoted semantic tables;bounded owner aliases	Simple inline/header body has no named or promoted semantic target after direct and bounded-owner-alias search; candidate bounded NO_MATCH only, not binary absence. W5 cold recheck preserved an empty VA after current name-table, closure, W008/W009, promoted shell semantics, and bounded method-alias review.	A line/signature-specific pristine body, ABI/vtable placement, caller/xref chain, or controlled runtime witness that resolves this exact definition falsifies the bounded no-match.	HOST_BACKEND_REPLACED	rebuild/OnslaughtRebuild.Client;rebuild/OnslaughtRebuild.Godot	EXTENDED	local-lab/hermes-kanban-campaign-2026-08-22/source-first-expansion/partition.tsv@bc36791975f43d5da6b584727df3eb7d29402e18c550dd3d96e01bba0c301fde;pinned source;reverse-engineering/binary-analysis/ghidra-function-name-table-2026-08-17.tsv;reverse-engineering/binary-analysis/function-c1-closure-2026-08-11.tsv;promoted semantic tables;bounded owner aliases
PCPlatform.h:107:CPCPlatform::GetMemorySize:GetMemorySize()	PCPlatform.h	107	CPCPlatform::GetMemorySize	GetMemorySize()	5352a81cdb838b145a57f7febc5d9fc4b0129ebb	PC/_DIRECTX shell and platform	"long		GetMemorySize() { return(mMemorySize);	};"	"long		GetMemorySize() { return(mMemorySize);	};"	Execute the exact source body `return(mMemorySize);`; no behavior beyond this line/signature is inferred.	mMemorySize	Read-only or no-op at this source definition; no source-visible mutation.	SOURCE_ONLY_BOUNDED_NO_MATCH	NO_MATCH_FOUND			pinned source;reverse-engineering/binary-analysis/ghidra-function-name-table-2026-08-17.tsv;reverse-engineering/binary-analysis/function-c1-closure-2026-08-11.tsv;promoted semantic tables;bounded owner aliases	Simple inline/header body has no named or promoted semantic target after direct and bounded-owner-alias search; candidate bounded NO_MATCH only, not binary absence. W5 cold recheck preserved an empty VA after current name-table, closure, W008/W009, promoted shell semantics, and bounded method-alias review.	A line/signature-specific pristine body, ABI/vtable placement, caller/xref chain, or controlled runtime witness that resolves this exact definition falsifies the bounded no-match.	HOST_BACKEND_REPLACED	rebuild/OnslaughtRebuild.Client;rebuild/OnslaughtRebuild.Godot	EXTENDED	local-lab/hermes-kanban-campaign-2026-08-22/source-first-expansion/partition.tsv@bc36791975f43d5da6b584727df3eb7d29402e18c550dd3d96e01bba0c301fde;pinned source;reverse-engineering/binary-analysis/ghidra-function-name-table-2026-08-17.tsv;reverse-engineering/binary-analysis/function-c1-closure-2026-08-11.tsv;promoted semantic tables;bounded owner aliases
PCPlatform.h:119:CPCPlatform::Font:* Font()	PCPlatform.h	119	CPCPlatform::Font	* Font()	5352a81cdb838b145a57f7febc5d9fc4b0129ebb	PC/_DIRECTX shell and platform	"CBITMAPFONT*			Font() { return mFont; };"	"CBITMAPFONT*			Font() { return mFont; };"	Return the source expression `mFont`.	mFont	Read-only or no-op at this source definition; no source-visible mutation.	AMBIGUOUS_OVERLOAD_MACRO_NONFUNCTION	NO_MATCH_FOUND			pinned AST inventory + current crosswalk	Same qualified source function is defined at another file/line (typically a selected preprocessor branch); determine build membership first. W5 cold recheck preserved an empty VA after current name-table, closure, W008/W009, promoted shell semantics, and bounded method-alias review.	A line/signature-specific pristine body, ABI/vtable placement, caller/xref chain, or controlled runtime witness that resolves this exact definition falsifies the bounded no-match.	HOST_BACKEND_REPLACED	rebuild/OnslaughtRebuild.Client;rebuild/OnslaughtRebuild.Godot	EXTENDED	local-lab/hermes-kanban-campaign-2026-08-22/source-first-expansion/partition.tsv@bc36791975f43d5da6b584727df3eb7d29402e18c550dd3d96e01bba0c301fde;pinned AST inventory + current crosswalk
PCPlatform.h:120:CPCPlatform::DebugFont:* DebugFont()	PCPlatform.h	120	CPCPlatform::DebugFont	* DebugFont()	5352a81cdb838b145a57f7febc5d9fc4b0129ebb	PC/_DIRECTX shell and platform	"CBITMAPFONT*			DebugFont() { return mDebugFont; };"	"CBITMAPFONT*			DebugFont() { return mDebugFont; };"	Return the source expression `mDebugFont`.	mDebugFont	Read-only or no-op at this source definition; no source-visible mutation.	SOURCE_ONLY_BOUNDED_NO_MATCH	NO_MATCH_FOUND			pinned source;reverse-engineering/binary-analysis/ghidra-function-name-table-2026-08-17.tsv;reverse-engineering/binary-analysis/function-c1-closure-2026-08-11.tsv;promoted semantic tables;bounded owner aliases	Simple inline/header body has no named or promoted semantic target after direct and bounded-owner-alias search; candidate bounded NO_MATCH only, not binary absence. W5 cold recheck preserved an empty VA after current name-table, closure, W008/W009, promoted shell semantics, and bounded method-alias review.	A line/signature-specific pristine body, ABI/vtable placement, caller/xref chain, or controlled runtime witness that resolves this exact definition falsifies the bounded no-match.	HOST_BACKEND_REPLACED	rebuild/OnslaughtRebuild.Client;rebuild/OnslaughtRebuild.Godot	EXTENDED	local-lab/hermes-kanban-campaign-2026-08-22/source-first-expansion/partition.tsv@bc36791975f43d5da6b584727df3eb7d29402e18c550dd3d96e01bba0c301fde;pinned source;reverse-engineering/binary-analysis/ghidra-function-name-table-2026-08-17.tsv;reverse-engineering/binary-analysis/function-c1-closure-2026-08-11.tsv;promoted semantic tables;bounded owner aliases
PCPlatform.h:121:CPCPlatform::SmallFont:* SmallFont()	PCPlatform.h	121	CPCPlatform::SmallFont	* SmallFont()	5352a81cdb838b145a57f7febc5d9fc4b0129ebb	PC/_DIRECTX shell and platform	"CBITMAPFONT*			SmallFont() { return mSmallFont ; };"	"CBITMAPFONT*			SmallFont() { return mSmallFont ; };"	Return the source expression `mSmallFont`.	mSmallFont	Read-only or no-op at this source definition; no source-visible mutation.	SOURCE_ONLY_BOUNDED_NO_MATCH	NO_MATCH_FOUND			pinned source;reverse-engineering/binary-analysis/ghidra-function-name-table-2026-08-17.tsv;reverse-engineering/binary-analysis/function-c1-closure-2026-08-11.tsv;promoted semantic tables;bounded owner aliases	Simple inline/header body has no named or promoted semantic target after direct and bounded-owner-alias search; candidate bounded NO_MATCH only, not binary absence. W5 cold recheck preserved an empty VA after current name-table, closure, W008/W009, promoted shell semantics, and bounded method-alias review.	A line/signature-specific pristine body, ABI/vtable placement, caller/xref chain, or controlled runtime witness that resolves this exact definition falsifies the bounded no-match.	HOST_BACKEND_REPLACED	rebuild/OnslaughtRebuild.Client;rebuild/OnslaughtRebuild.Godot	EXTENDED	local-lab/hermes-kanban-campaign-2026-08-22/source-first-expansion/partition.tsv@bc36791975f43d5da6b584727df3eb7d29402e18c550dd3d96e01bba0c301fde;pinned source;reverse-engineering/binary-analysis/ghidra-function-name-table-2026-08-17.tsv;reverse-engineering/binary-analysis/function-c1-closure-2026-08-11.tsv;promoted semantic tables;bounded owner aliases
PCPlatform.h:122:CPCPlatform::TitleFont:* TitleFont()	PCPlatform.h	122	CPCPlatform::TitleFont	* TitleFont()	5352a81cdb838b145a57f7febc5d9fc4b0129ebb	PC/_DIRECTX shell and platform	"CBITMAPFONT*			TitleFont() { return mTitleFont ; };"	"CBITMAPFONT*			TitleFont() { return mTitleFont ; };"	Return the source expression `mTitleFont`.	mTitleFont	Read-only or no-op at this source definition; no source-visible mutation.	SOURCE_ONLY_BOUNDED_NO_MATCH	NO_MATCH_FOUND			pinned source;reverse-engineering/binary-analysis/ghidra-function-name-table-2026-08-17.tsv;reverse-engineering/binary-analysis/function-c1-closure-2026-08-11.tsv;promoted semantic tables;bounded owner aliases	Simple inline/header body has no named or promoted semantic target after direct and bounded-owner-alias search; candidate bounded NO_MATCH only, not binary absence. W5 cold recheck preserved an empty VA after current name-table, closure, W008/W009, promoted shell semantics, and bounded method-alias review.	A line/signature-specific pristine body, ABI/vtable placement, caller/xref chain, or controlled runtime witness that resolves this exact definition falsifies the bounded no-match.	HOST_BACKEND_REPLACED	rebuild/OnslaughtRebuild.Client;rebuild/OnslaughtRebuild.Godot	EXTENDED	local-lab/hermes-kanban-campaign-2026-08-22/source-first-expansion/partition.tsv@bc36791975f43d5da6b584727df3eb7d29402e18c550dd3d96e01bba0c301fde;pinned source;reverse-engineering/binary-analysis/ghidra-function-name-table-2026-08-17.tsv;reverse-engineering/binary-analysis/function-c1-closure-2026-08-11.tsv;promoted semantic tables;bounded owner aliases
ResourceAccumulator.h:77:CResourceAccumulator::GetResourceID:GetResourceID()	ResourceAccumulator.h	77	CResourceAccumulator::GetResourceID	GetResourceID()	5352a81cdb838b145a57f7febc5d9fc4b0129ebb	common runtime declarations; RESBUILDER-only methods are outside this row set	UINT GetResourceID() { return(mResourceID++); };	UINT GetResourceID() { return(mResourceID++); };	Execute the exact inline state transition `return(mResourceID++);`.	mResourceID	Mutates only the fields or delegated target shown in the exact source excerpt.	SOURCE_ONLY_BOUNDED_NO_MATCH	NO_MATCH_FOUND			pinned source;reverse-engineering/binary-analysis/ghidra-function-name-table-2026-08-17.tsv;reverse-engineering/binary-analysis/function-c1-closure-2026-08-11.tsv;promoted semantic tables;bounded owner aliases	Simple inline/header body has no named or promoted semantic target after direct and bounded-owner-alias search; candidate bounded NO_MATCH only, not binary absence. W5 cold recheck preserved an empty VA after current name-table, closure, W008/W009, promoted shell semantics, and bounded method-alias review.	A line/signature-specific pristine body, ABI/vtable placement, caller/xref chain, or controlled runtime witness that resolves this exact definition falsifies the bounded no-match.	MATERIALIZER_ANALOG_ONLY	rebuild/tools/materialize_retail_assets.py	EXTENDED	local-lab/hermes-kanban-campaign-2026-08-22/source-first-expansion/partition.tsv@bc36791975f43d5da6b584727df3eb7d29402e18c550dd3d96e01bba0c301fde;pinned source;reverse-engineering/binary-analysis/ghidra-function-name-table-2026-08-17.tsv;reverse-engineering/binary-analysis/function-c1-closure-2026-08-11.tsv;promoted semantic tables;bounded owner aliases
ResourceAccumulator.h:79:CResourceAccumulator::GetTargetPlatform:GetTargetPlatform()	ResourceAccumulator.h	79	CResourceAccumulator::GetTargetPlatform	GetTargetPlatform()	5352a81cdb838b145a57f7febc5d9fc4b0129ebb	common runtime declarations; RESBUILDER-only methods are outside this row set	int GetTargetPlatform() { return(mTarget); };	int GetTargetPlatform() { return(mTarget); };	Execute the exact source body `return(mTarget);`; no behavior beyond this line/signature is inferred.	mTarget	Read-only or no-op at this source definition; no source-visible mutation.	SOURCE_ONLY_BOUNDED_NO_MATCH	NO_MATCH_FOUND			pinned source;reverse-engineering/binary-analysis/ghidra-function-name-table-2026-08-17.tsv;reverse-engineering/binary-analysis/function-c1-closure-2026-08-11.tsv;promoted semantic tables;bounded owner aliases	Simple inline/header body has no named or promoted semantic target after direct and bounded-owner-alias search; candidate bounded NO_MATCH only, not binary absence. W5 cold recheck preserved an empty VA after current name-table, closure, W008/W009, promoted shell semantics, and bounded method-alias review.	A line/signature-specific pristine body, ABI/vtable placement, caller/xref chain, or controlled runtime witness that resolves this exact definition falsifies the bounded no-match.	MATERIALIZER_ANALOG_ONLY	rebuild/tools/materialize_retail_assets.py	EXTENDED	local-lab/hermes-kanban-campaign-2026-08-22/source-first-expansion/partition.tsv@bc36791975f43d5da6b584727df3eb7d29402e18c550dd3d96e01bba0c301fde;pinned source;reverse-engineering/binary-analysis/ghidra-function-name-table-2026-08-17.tsv;reverse-engineering/binary-analysis/function-c1-closure-2026-08-11.tsv;promoted semantic tables;bounded owner aliases
ResourceAccumulator.h:81:CResourceAccumulator::GetTargetLevel:GetTargetLevel()	ResourceAccumulator.h	81	CResourceAccumulator::GetTargetLevel	GetTargetLevel()	5352a81cdb838b145a57f7febc5d9fc4b0129ebb	common runtime declarations; RESBUILDER-only methods are outside this row set	"int	GetTargetLevel() { return(mTargetLevel); };"	"int	GetTargetLevel() { return(mTargetLevel); };"	Execute the exact source body `return(mTargetLevel);`; no behavior beyond this line/signature is inferred.	mTargetLevel	Read-only or no-op at this source definition; no source-visible mutation.	SOURCE_ONLY_BOUNDED_NO_MATCH	NO_MATCH_FOUND			pinned source;reverse-engineering/binary-analysis/ghidra-function-name-table-2026-08-17.tsv;reverse-engineering/binary-analysis/function-c1-closure-2026-08-11.tsv;promoted semantic tables;bounded owner aliases	Simple inline/header body has no named or promoted semantic target after direct and bounded-owner-alias search; candidate bounded NO_MATCH only, not binary absence. W5 cold recheck preserved an empty VA after current name-table, closure, W008/W009, promoted shell semantics, and bounded method-alias review.	A line/signature-specific pristine body, ABI/vtable placement, caller/xref chain, or controlled runtime witness that resolves this exact definition falsifies the bounded no-match.	MATERIALIZER_ANALOG_ONLY	rebuild/tools/materialize_retail_assets.py	EXTENDED	local-lab/hermes-kanban-campaign-2026-08-22/source-first-expansion/partition.tsv@bc36791975f43d5da6b584727df3eb7d29402e18c550dd3d96e01bba0c301fde;pinned source;reverse-engineering/binary-analysis/ghidra-function-name-table-2026-08-17.tsv;reverse-engineering/binary-analysis/function-c1-closure-2026-08-11.tsv;promoted semantic tables;bounded owner aliases
ResourceAccumulator.h:85:CResourceAccumulator::GetResourceFileHandle:GetResourceFileHandle()	ResourceAccumulator.h	85	CResourceAccumulator::GetResourceFileHandle	GetResourceFileHandle()	5352a81cdb838b145a57f7febc5d9fc4b0129ebb	common runtime declarations; RESBUILDER-only methods are outside this row set	static int GetResourceFileHandle() { return(mResourceFileHandle); };	static int GetResourceFileHandle() { return(mResourceFileHandle); };	Execute the exact source body `return(mResourceFileHandle);`; no behavior beyond this line/signature is inferred.	mResourceFileHandle	Read-only or no-op at this source definition; no source-visible mutation.	SOURCE_ONLY_BOUNDED_NO_MATCH	NO_MATCH_FOUND			pinned source;reverse-engineering/binary-analysis/ghidra-function-name-table-2026-08-17.tsv;reverse-engineering/binary-analysis/function-c1-closure-2026-08-11.tsv;promoted semantic tables;bounded owner aliases	Simple inline/header body has no named or promoted semantic target after direct and bounded-owner-alias search; candidate bounded NO_MATCH only, not binary absence. W5 cold recheck preserved an empty VA after current name-table, closure, W008/W009, promoted shell semantics, and bounded method-alias review.	A line/signature-specific pristine body, ABI/vtable placement, caller/xref chain, or controlled runtime witness that resolves this exact definition falsifies the bounded no-match.	MATERIALIZER_ANALOG_ONLY	rebuild/tools/materialize_retail_assets.py	EXTENDED	local-lab/hermes-kanban-campaign-2026-08-22/source-first-expansion/partition.tsv@bc36791975f43d5da6b584727df3eb7d29402e18c550dd3d96e01bba0c301fde;pinned source;reverse-engineering/binary-analysis/ghidra-function-name-table-2026-08-17.tsv;reverse-engineering/binary-analysis/function-c1-closure-2026-08-11.tsv;promoted semantic tables;bounded owner aliases
ResourceAccumulator.h:86:CResourceAccumulator::GetMasterPageFileHandle:GetMasterPageFileHandle()	ResourceAccumulator.h	86	CResourceAccumulator::GetMasterPageFileHandle	GetMasterPageFileHandle()	5352a81cdb838b145a57f7febc5d9fc4b0129ebb	common runtime declarations; RESBUILDER-only methods are outside this row set	static int GetMasterPageFileHandle() { return(mMasterPageFileHandle); };	static int GetMasterPageFileHandle() { return(mMasterPageFileHandle); };	Execute the exact source body `return(mMasterPageFileHandle);`; no behavior beyond this line/signature is inferred.	mMasterPageFileHandle	Read-only or no-op at this source definition; no source-visible mutation.	SOURCE_ONLY_BOUNDED_NO_MATCH	NO_MATCH_FOUND			pinned source;reverse-engineering/binary-analysis/ghidra-function-name-table-2026-08-17.tsv;reverse-engineering/binary-analysis/function-c1-closure-2026-08-11.tsv;promoted semantic tables;bounded owner aliases	Simple inline/header body has no named or promoted semantic target after direct and bounded-owner-alias search; candidate bounded NO_MATCH only, not binary absence. W5 cold recheck preserved an empty VA after current name-table, closure, W008/W009, promoted shell semantics, and bounded method-alias review.	A line/signature-specific pristine body, ABI/vtable placement, caller/xref chain, or controlled runtime witness that resolves this exact definition falsifies the bounded no-match.	MATERIALIZER_ANALOG_ONLY	rebuild/tools/materialize_retail_assets.py	EXTENDED	local-lab/hermes-kanban-campaign-2026-08-22/source-first-expansion/partition.tsv@bc36791975f43d5da6b584727df3eb7d29402e18c550dd3d96e01bba0c301fde;pinned source;reverse-engineering/binary-analysis/ghidra-function-name-table-2026-08-17.tsv;reverse-engineering/binary-analysis/function-c1-closure-2026-08-11.tsv;promoted semantic tables;bounded owner aliases
ResourceAccumulator.h:87:CResourceAccumulator::GetResourceFileName:*GetResourceFileName()	ResourceAccumulator.h	87	CResourceAccumulator::GetResourceFileName	*GetResourceFileName()	5352a81cdb838b145a57f7febc5d9fc4b0129ebb	common runtime declarations; RESBUILDER-only methods are outside this row set	static char *GetResourceFileName() { return(mResourceFileName); };	static char *GetResourceFileName() { return(mResourceFileName); };	Execute the exact source body `return(mResourceFileName);`; no behavior beyond this line/signature is inferred.	mResourceFileName	Read-only or no-op at this source definition; no source-visible mutation.	SOURCE_ONLY_BOUNDED_NO_MATCH	NO_MATCH_FOUND		0x004d6f70:CResourceAccumulator__GetResourceFilename	reverse-engineering/binary-analysis/ghidra-fullpass-findings/W006/adversarial/B15.md	Current 0x004d6f70 CResourceAccumulator__GetResourceFilename is a cdecl three-argument path builder per W006/adversarial/B15, not the inline member-pointer accessor; keep a bounded no-match candidate. W5 cold recheck preserved an empty VA after current name-table, closure, W008/W009, promoted shell semantics, and bounded method-alias review.	A line/signature-specific pristine body, ABI/vtable placement, caller/xref chain, or controlled runtime witness that resolves this exact definition falsifies the bounded no-match.	MATERIALIZER_ANALOG_ONLY	rebuild/tools/materialize_retail_assets.py	EXTENDED	local-lab/hermes-kanban-campaign-2026-08-22/source-first-expansion/partition.tsv@bc36791975f43d5da6b584727df3eb7d29402e18c550dd3d96e01bba0c301fde;reverse-engineering/binary-analysis/ghidra-fullpass-findings/W006/adversarial/B15.md
ResourceAccumulator.h:89:CResourceAccumulator::GetLastGameLevelLoaded:GetLastGameLevelLoaded()	ResourceAccumulator.h	89	CResourceAccumulator::GetLastGameLevelLoaded	GetLastGameLevelLoaded()	5352a81cdb838b145a57f7febc5d9fc4b0129ebb	common runtime declarations; RESBUILDER-only methods are outside this row set	"static SINT		GetLastGameLevelLoaded()			{ return mLastGameLevelLoaded; } // this ignores loading of loading or base resources."	"static SINT		GetLastGameLevelLoaded()			{ return mLastGameLevelLoaded; } // this ignores loading of loading or base resources."	Return the source expression `mLastGameLevelLoaded`.	mLastGameLevelLoaded	Read-only or no-op at this source definition; no source-visible mutation.	SOURCE_ONLY_BOUNDED_NO_MATCH	NO_MATCH_FOUND			pinned source;reverse-engineering/binary-analysis/ghidra-function-name-table-2026-08-17.tsv;reverse-engineering/binary-analysis/function-c1-closure-2026-08-11.tsv;promoted semantic tables;bounded owner aliases	Simple inline/header body has no named or promoted semantic target after direct and bounded-owner-alias search; candidate bounded NO_MATCH only, not binary absence. W5 cold recheck preserved an empty VA after current name-table, closure, W008/W009, promoted shell semantics, and bounded method-alias review.	A line/signature-specific pristine body, ABI/vtable placement, caller/xref chain, or controlled runtime witness that resolves this exact definition falsifies the bounded no-match.	MATERIALIZER_ANALOG_ONLY	rebuild/tools/materialize_retail_assets.py	EXTENDED	local-lab/hermes-kanban-campaign-2026-08-22/source-first-expansion/partition.tsv@bc36791975f43d5da6b584727df3eb7d29402e18c550dd3d96e01bba0c301fde;pinned source;reverse-engineering/binary-analysis/ghidra-function-name-table-2026-08-17.tsv;reverse-engineering/binary-analysis/function-c1-closure-2026-08-11.tsv;promoted semantic tables;bounded owner aliases
ResourceAccumulator.h:91:CResourceAccumulator::GetOutputPageFile:*GetOutputPageFile()	ResourceAccumulator.h	91	CResourceAccumulator::GetOutputPageFile	*GetOutputPageFile()	5352a81cdb838b145a57f7febc5d9fc4b0129ebb	common runtime declarations; RESBUILDER-only methods are outside this row set	class CChunker *GetOutputPageFile() { return(mPageFile); };	class CChunker *GetOutputPageFile() { return(mPageFile); };	Execute the exact source body `return(mPageFile);`; no behavior beyond this line/signature is inferred.	mPageFile	Read-only or no-op at this source definition; no source-visible mutation.	SOURCE_ONLY_BOUNDED_NO_MATCH	NO_MATCH_FOUND			pinned source;reverse-engineering/binary-analysis/ghidra-function-name-table-2026-08-17.tsv;reverse-engineering/binary-analysis/function-c1-closure-2026-08-11.tsv;promoted semantic tables;bounded owner aliases	Simple inline/header body has no named or promoted semantic target after direct and bounded-owner-alias search; candidate bounded NO_MATCH only, not binary absence. W5 cold recheck preserved an empty VA after current name-table, closure, W008/W009, promoted shell semantics, and bounded method-alias review.	A line/signature-specific pristine body, ABI/vtable placement, caller/xref chain, or controlled runtime witness that resolves this exact definition falsifies the bounded no-match.	MATERIALIZER_ANALOG_ONLY	rebuild/tools/materialize_retail_assets.py	EXTENDED	local-lab/hermes-kanban-campaign-2026-08-22/source-first-expansion/partition.tsv@bc36791975f43d5da6b584727df3eb7d29402e18c550dd3d96e01bba0c301fde;pinned source;reverse-engineering/binary-analysis/ghidra-function-name-table-2026-08-17.tsv;reverse-engineering/binary-analysis/function-c1-closure-2026-08-11.tsv;promoted semantic tables;bounded owner aliases
