stable_key	status	retail_classification	retail_va	retail_analog	evidence	boundary	falsifier
d3dapp.h:180:CD3DApplication::ConfirmDevice:ConfirmDevice(D3DCAPS8*,DWORD,D3DFORMAT)	SOURCE_ONLY	NO_MATCH_FOUND			pinned source;reverse-engineering/binary-analysis/ghidra-function-name-table-2026-08-17.tsv;reverse-engineering/binary-analysis/function-c1-closure-2026-08-11.tsv;promoted semantic tables;bounded owner aliases	Simple inline/header body has no named or promoted semantic target after direct and bounded-owner-alias search; candidate bounded NO_MATCH only, not binary absence. W5 cold recheck preserved an empty VA after current name-table, closure, W008/W009, promoted shell semantics, and bounded method-alias review.	A line/signature-specific pristine body, ABI/vtable placement, caller/xref chain, or controlled runtime witness that resolves this exact definition falsifies the bounded no-match.
d3dapp.h:181:CD3DApplication::OneTimeSceneInit:OneTimeSceneInit()	SOURCE_ONLY	NO_MATCH_FOUND			pinned source;reverse-engineering/binary-analysis/ghidra-function-name-table-2026-08-17.tsv;reverse-engineering/binary-analysis/function-c1-closure-2026-08-11.tsv;promoted semantic tables;bounded owner aliases	Simple inline/header body has no named or promoted semantic target after direct and bounded-owner-alias search; candidate bounded NO_MATCH only, not binary absence. W5 cold recheck preserved an empty VA after current name-table, closure, W008/W009, promoted shell semantics, and bounded method-alias review.	A line/signature-specific pristine body, ABI/vtable placement, caller/xref chain, or controlled runtime witness that resolves this exact definition falsifies the bounded no-match.
d3dapp.h:182:CD3DApplication::InitDeviceObjects:InitDeviceObjects()	SOURCE_ONLY	NO_MATCH_FOUND			pinned source;reverse-engineering/binary-analysis/ghidra-function-name-table-2026-08-17.tsv;reverse-engineering/binary-analysis/function-c1-closure-2026-08-11.tsv;promoted semantic tables;bounded owner aliases	Simple inline/header body has no named or promoted semantic target after direct and bounded-owner-alias search; candidate bounded NO_MATCH only, not binary absence. W5 cold recheck preserved an empty VA after current name-table, closure, W008/W009, promoted shell semantics, and bounded method-alias review.	A line/signature-specific pristine body, ABI/vtable placement, caller/xref chain, or controlled runtime witness that resolves this exact definition falsifies the bounded no-match.
d3dapp.h:183:CD3DApplication::RestoreDeviceObjects:RestoreDeviceObjects()	SOURCE_ONLY	NO_MATCH_FOUND			pinned source;reverse-engineering/binary-analysis/ghidra-function-name-table-2026-08-17.tsv;reverse-engineering/binary-analysis/function-c1-closure-2026-08-11.tsv;promoted semantic tables;bounded owner aliases	Simple inline/header body has no named or promoted semantic target after direct and bounded-owner-alias search; candidate bounded NO_MATCH only, not binary absence. W5 cold recheck preserved an empty VA after current name-table, closure, W008/W009, promoted shell semantics, and bounded method-alias review.	A line/signature-specific pristine body, ABI/vtable placement, caller/xref chain, or controlled runtime witness that resolves this exact definition falsifies the bounded no-match.
d3dapp.h:184:CD3DApplication::FrameMove:FrameMove()	SOURCE_ONLY	NO_MATCH_FOUND			pinned source;reverse-engineering/binary-analysis/ghidra-function-name-table-2026-08-17.tsv;reverse-engineering/binary-analysis/function-c1-closure-2026-08-11.tsv;promoted semantic tables;bounded owner aliases	Simple inline/header body has no named or promoted semantic target after direct and bounded-owner-alias search; candidate bounded NO_MATCH only, not binary absence. W5 cold recheck preserved an empty VA after current name-table, closure, W008/W009, promoted shell semantics, and bounded method-alias review.	A line/signature-specific pristine body, ABI/vtable placement, caller/xref chain, or controlled runtime witness that resolves this exact definition falsifies the bounded no-match.
d3dapp.h:185:CD3DApplication::Render:Render()	SOURCE_ONLY	NO_MATCH_FOUND			pinned source;reverse-engineering/binary-analysis/ghidra-function-name-table-2026-08-17.tsv;reverse-engineering/binary-analysis/function-c1-closure-2026-08-11.tsv;promoted semantic tables;bounded owner aliases	Simple inline/header body has no named or promoted semantic target after direct and bounded-owner-alias search; candidate bounded NO_MATCH only, not binary absence. W5 cold recheck preserved an empty VA after current name-table, closure, W008/W009, promoted shell semantics, and bounded method-alias review.	A line/signature-specific pristine body, ABI/vtable placement, caller/xref chain, or controlled runtime witness that resolves this exact definition falsifies the bounded no-match.
d3dapp.h:186:CD3DApplication::InvalidateDeviceObjects:InvalidateDeviceObjects()	SOURCE_ONLY	NO_MATCH_FOUND			pinned source;reverse-engineering/binary-analysis/ghidra-function-name-table-2026-08-17.tsv;reverse-engineering/binary-analysis/function-c1-closure-2026-08-11.tsv;promoted semantic tables;bounded owner aliases	Simple inline/header body has no named or promoted semantic target after direct and bounded-owner-alias search; candidate bounded NO_MATCH only, not binary absence. W5 cold recheck preserved an empty VA after current name-table, closure, W008/W009, promoted shell semantics, and bounded method-alias review.	A line/signature-specific pristine body, ABI/vtable placement, caller/xref chain, or controlled runtime witness that resolves this exact definition falsifies the bounded no-match.
d3dapp.h:187:CD3DApplication::DeleteDeviceObjects:DeleteDeviceObjects()	SOURCE_ONLY	NO_MATCH_FOUND			pinned source;reverse-engineering/binary-analysis/ghidra-function-name-table-2026-08-17.tsv;reverse-engineering/binary-analysis/function-c1-closure-2026-08-11.tsv;promoted semantic tables;bounded owner aliases	Simple inline/header body has no named or promoted semantic target after direct and bounded-owner-alias search; candidate bounded NO_MATCH only, not binary absence. W5 cold recheck preserved an empty VA after current name-table, closure, W008/W009, promoted shell semantics, and bounded method-alias review.	A line/signature-specific pristine body, ABI/vtable placement, caller/xref chain, or controlled runtime witness that resolves this exact definition falsifies the bounded no-match.
d3dapp.h:188:CD3DApplication::FinalCleanup:FinalCleanup()	SOURCE_ONLY	NO_MATCH_FOUND			pinned source;reverse-engineering/binary-analysis/ghidra-function-name-table-2026-08-17.tsv;reverse-engineering/binary-analysis/function-c1-closure-2026-08-11.tsv;promoted semantic tables;bounded owner aliases	Simple inline/header body has no named or promoted semantic target after direct and bounded-owner-alias search; candidate bounded NO_MATCH only, not binary absence. W5 cold recheck preserved an empty VA after current name-table, closure, W008/W009, promoted shell semantics, and bounded method-alias review.	A line/signature-specific pristine body, ABI/vtable placement, caller/xref chain, or controlled runtime witness that resolves this exact definition falsifies the bounded no-match.
d3dapp.h:200:CD3DApplication::GetHWnd:GetHWnd()	SOURCE_ONLY	NO_MATCH_FOUND			pinned source;reverse-engineering/binary-analysis/ghidra-function-name-table-2026-08-17.tsv;reverse-engineering/binary-analysis/function-c1-closure-2026-08-11.tsv;promoted semantic tables;bounded owner aliases	Simple inline/header body has no named or promoted semantic target after direct and bounded-owner-alias search; candidate bounded NO_MATCH only, not binary absence. W5 cold recheck preserved an empty VA after current name-table, closure, W008/W009, promoted shell semantics, and bounded method-alias review.	A line/signature-specific pristine body, ABI/vtable placement, caller/xref chain, or controlled runtime witness that resolves this exact definition falsifies the bounded no-match.
d3dapp.h:202:CD3DApplication::ForceToWindow:ForceToWindow()	RETAIL_UNRESOLVED	NO_MATCH_FOUND			pinned source;reverse-engineering/binary-analysis/ghidra-function-name-table-2026-08-17.tsv;reverse-engineering/binary-analysis/function-c1-closure-2026-08-11.tsv;promoted semantic tables;bounded owner aliases	Simple inline/header body has no named or promoted semantic target after direct and bounded-owner-alias search; candidate bounded NO_MATCH only, not binary absence. W5 cold recheck preserved an empty VA after current name-table, closure, W008/W009, promoted shell semantics, and bounded method-alias review.	A line/signature-specific pristine body, ABI/vtable placement, caller/xref chain, or controlled runtime witness that resolves this exact definition falsifies the bounded no-match.
DXEngine.cpp:1166:Vert::FVF:FVF()	NOT_SELECTED_TARGET	NOT_IN_RETAIL			references/Onslaught/engine.h;references/Onslaught/ltshell.h;references/Onslaught/DXEngine.cpp;reverse-engineering/source-code/stuart-source-synthesis.md;reverse-engineering/binary-analysis/ghidra-function-name-table-2026-08-17.tsv;reverse-engineering/binary-analysis/function-c1-closure-2026-08-11.tsv	The local Vert::FVF definition is inside the TARGET == XBOX block beginning at DXEngine.cpp:1124.	A retail vtable/source-path/build-flag witness proving this exact alternate definition was selected falsifies the target exclusion.
DXEngine.h:60:CDXEngine::GetScreenTexture:*GetScreenTexture()	SOURCE_ONLY	NO_MATCH_FOUND			pinned source;reverse-engineering/binary-analysis/ghidra-function-name-table-2026-08-17.tsv;reverse-engineering/binary-analysis/function-c1-closure-2026-08-11.tsv;promoted semantic tables;bounded owner aliases	Simple inline/header body has no named or promoted semantic target after direct and bounded-owner-alias search; candidate bounded NO_MATCH only, not binary absence. W5 cold recheck preserved an empty VA after current name-table, closure, W008/W009, promoted shell semantics, and bounded method-alias review.	A line/signature-specific pristine body, ABI/vtable placement, caller/xref chain, or controlled runtime witness that resolves this exact definition falsifies the bounded no-match.
DXEngine.h:61:CDXEngine::TriggerScreenCapture:TriggerScreenCapture()	SOURCE_ONLY	NO_MATCH_FOUND			pinned source;reverse-engineering/binary-analysis/ghidra-function-name-table-2026-08-17.tsv;reverse-engineering/binary-analysis/function-c1-closure-2026-08-11.tsv;promoted semantic tables;bounded owner aliases	Simple inline/header body has no named or promoted semantic target after direct and bounded-owner-alias search; candidate bounded NO_MATCH only, not binary absence. W5 cold recheck preserved an empty VA after current name-table, closure, W008/W009, promoted shell semantics, and bounded method-alias review.	A line/signature-specific pristine body, ABI/vtable placement, caller/xref chain, or controlled runtime witness that resolves this exact definition falsifies the bounded no-match.
DXEngine.h:62:CDXEngine::TriggerPartialScreenCapture:TriggerPartialScreenCapture(int top,int bottom)	SOURCE_ONLY	NO_MATCH_FOUND			pinned source;reverse-engineering/binary-analysis/ghidra-function-name-table-2026-08-17.tsv;reverse-engineering/binary-analysis/function-c1-closure-2026-08-11.tsv;promoted semantic tables;bounded owner aliases	Simple inline/header body has no named or promoted semantic target after direct and bounded-owner-alias search; candidate bounded NO_MATCH only, not binary absence. W5 cold recheck preserved an empty VA after current name-table, closure, W008/W009, promoted shell semantics, and bounded method-alias review.	A line/signature-specific pristine body, ABI/vtable placement, caller/xref chain, or controlled runtime witness that resolves this exact definition falsifies the bounded no-match.
DXEngine.h:69:CDXEngine::GetOutlineTexture:* GetOutlineTexture()	SOURCE_ONLY	NO_MATCH_FOUND			pinned source;reverse-engineering/binary-analysis/ghidra-function-name-table-2026-08-17.tsv;reverse-engineering/binary-analysis/function-c1-closure-2026-08-11.tsv;promoted semantic tables;bounded owner aliases	Simple inline/header body has no named or promoted semantic target after direct and bounded-owner-alias search; candidate bounded NO_MATCH only, not binary absence. W5 cold recheck preserved an empty VA after current name-table, closure, W008/W009, promoted shell semantics, and bounded method-alias review.	A line/signature-specific pristine body, ABI/vtable placement, caller/xref chain, or controlled runtime witness that resolves this exact definition falsifies the bounded no-match.
DXEngine.h:70:CDXEngine::GetOpaqueTexture:* GetOpaqueTexture()	SOURCE_ONLY	NO_MATCH_FOUND			pinned source;reverse-engineering/binary-analysis/ghidra-function-name-table-2026-08-17.tsv;reverse-engineering/binary-analysis/function-c1-closure-2026-08-11.tsv;promoted semantic tables;bounded owner aliases	Simple inline/header body has no named or promoted semantic target after direct and bounded-owner-alias search; candidate bounded NO_MATCH only, not binary absence. W5 cold recheck preserved an empty VA after current name-table, closure, W008/W009, promoted shell semantics, and bounded method-alias review.	A line/signature-specific pristine body, ABI/vtable placement, caller/xref chain, or controlled runtime witness that resolves this exact definition falsifies the bounded no-match.
DXEngine.h:83:CDXEngine::SetDefaultMaterial:SetDefaultMaterial()	SOURCE_ONLY	NO_MATCH_FOUND			pinned source;reverse-engineering/binary-analysis/ghidra-function-name-table-2026-08-17.tsv;reverse-engineering/binary-analysis/function-c1-closure-2026-08-11.tsv;promoted semantic tables;bounded owner aliases	Simple inline/header body has no named or promoted semantic target after direct and bounded-owner-alias search; candidate bounded NO_MATCH only, not binary absence. W5 cold recheck preserved an empty VA after current name-table, closure, W008/W009, promoted shell semantics, and bounded method-alias review.	A line/signature-specific pristine body, ABI/vtable placement, caller/xref chain, or controlled runtime witness that resolves this exact definition falsifies the bounded no-match.
EditorD3DApp.h:178:CEditorD3DApp::ConfirmDevice:ConfirmDevice(D3DCAPS8*,DWORD,D3DFORMAT)	NOT_SELECTED_TARGET	NOT_IN_RETAIL			references/Onslaught/engine.h;references/Onslaught/ltshell.h;references/Onslaught/DXEngine.cpp;reverse-engineering/source-code/stuart-source-synthesis.md;reverse-engineering/binary-analysis/ghidra-function-name-table-2026-08-17.tsv;reverse-engineering/binary-analysis/function-c1-closure-2026-08-11.tsv	PCLTShell chooses CEditorD3DApp only under EDITORBUILD2; the retail player shell selects CD3DApplication.	A retail vtable/source-path/build-flag witness proving this exact alternate definition was selected falsifies the target exclusion.
EditorD3DApp.h:179:CEditorD3DApp::OneTimeSceneInit:OneTimeSceneInit()	NOT_SELECTED_TARGET	NOT_IN_RETAIL			references/Onslaught/engine.h;references/Onslaught/ltshell.h;references/Onslaught/DXEngine.cpp;reverse-engineering/source-code/stuart-source-synthesis.md;reverse-engineering/binary-analysis/ghidra-function-name-table-2026-08-17.tsv;reverse-engineering/binary-analysis/function-c1-closure-2026-08-11.tsv	PCLTShell chooses CEditorD3DApp only under EDITORBUILD2; the retail player shell selects CD3DApplication.	A retail vtable/source-path/build-flag witness proving this exact alternate definition was selected falsifies the target exclusion.
EditorD3DApp.h:180:CEditorD3DApp::InitDeviceObjects:InitDeviceObjects()	NOT_SELECTED_TARGET	NOT_IN_RETAIL			references/Onslaught/engine.h;references/Onslaught/ltshell.h;references/Onslaught/DXEngine.cpp;reverse-engineering/source-code/stuart-source-synthesis.md;reverse-engineering/binary-analysis/ghidra-function-name-table-2026-08-17.tsv;reverse-engineering/binary-analysis/function-c1-closure-2026-08-11.tsv	PCLTShell chooses CEditorD3DApp only under EDITORBUILD2; the retail player shell selects CD3DApplication.	A retail vtable/source-path/build-flag witness proving this exact alternate definition was selected falsifies the target exclusion.
EditorD3DApp.h:181:CEditorD3DApp::RestoreDeviceObjects:RestoreDeviceObjects()	NOT_SELECTED_TARGET	NOT_IN_RETAIL			references/Onslaught/engine.h;references/Onslaught/ltshell.h;references/Onslaught/DXEngine.cpp;reverse-engineering/source-code/stuart-source-synthesis.md;reverse-engineering/binary-analysis/ghidra-function-name-table-2026-08-17.tsv;reverse-engineering/binary-analysis/function-c1-closure-2026-08-11.tsv	PCLTShell chooses CEditorD3DApp only under EDITORBUILD2; the retail player shell selects CD3DApplication.	A retail vtable/source-path/build-flag witness proving this exact alternate definition was selected falsifies the target exclusion.
EditorD3DApp.h:182:CEditorD3DApp::FrameMove:FrameMove()	NOT_SELECTED_TARGET	NOT_IN_RETAIL			references/Onslaught/engine.h;references/Onslaught/ltshell.h;references/Onslaught/DXEngine.cpp;reverse-engineering/source-code/stuart-source-synthesis.md;reverse-engineering/binary-analysis/ghidra-function-name-table-2026-08-17.tsv;reverse-engineering/binary-analysis/function-c1-closure-2026-08-11.tsv	PCLTShell chooses CEditorD3DApp only under EDITORBUILD2; the retail player shell selects CD3DApplication.	A retail vtable/source-path/build-flag witness proving this exact alternate definition was selected falsifies the target exclusion.
EditorD3DApp.h:183:CEditorD3DApp::Render:Render()	NOT_SELECTED_TARGET	NOT_IN_RETAIL			references/Onslaught/engine.h;references/Onslaught/ltshell.h;references/Onslaught/DXEngine.cpp;reverse-engineering/source-code/stuart-source-synthesis.md;reverse-engineering/binary-analysis/ghidra-function-name-table-2026-08-17.tsv;reverse-engineering/binary-analysis/function-c1-closure-2026-08-11.tsv	PCLTShell chooses CEditorD3DApp only under EDITORBUILD2; the retail player shell selects CD3DApplication.	A retail vtable/source-path/build-flag witness proving this exact alternate definition was selected falsifies the target exclusion.
EditorD3DApp.h:184:CEditorD3DApp::InvalidateDeviceObjects:InvalidateDeviceObjects()	NOT_SELECTED_TARGET	NOT_IN_RETAIL			references/Onslaught/engine.h;references/Onslaught/ltshell.h;references/Onslaught/DXEngine.cpp;reverse-engineering/source-code/stuart-source-synthesis.md;reverse-engineering/binary-analysis/ghidra-function-name-table-2026-08-17.tsv;reverse-engineering/binary-analysis/function-c1-closure-2026-08-11.tsv	PCLTShell chooses CEditorD3DApp only under EDITORBUILD2; the retail player shell selects CD3DApplication.	A retail vtable/source-path/build-flag witness proving this exact alternate definition was selected falsifies the target exclusion.
EditorD3DApp.h:185:CEditorD3DApp::DeleteDeviceObjects:DeleteDeviceObjects()	NOT_SELECTED_TARGET	NOT_IN_RETAIL			references/Onslaught/engine.h;references/Onslaught/ltshell.h;references/Onslaught/DXEngine.cpp;reverse-engineering/source-code/stuart-source-synthesis.md;reverse-engineering/binary-analysis/ghidra-function-name-table-2026-08-17.tsv;reverse-engineering/binary-analysis/function-c1-closure-2026-08-11.tsv	PCLTShell chooses CEditorD3DApp only under EDITORBUILD2; the retail player shell selects CD3DApplication.	A retail vtable/source-path/build-flag witness proving this exact alternate definition was selected falsifies the target exclusion.
EditorD3DApp.h:186:CEditorD3DApp::FinalCleanup:FinalCleanup()	NOT_SELECTED_TARGET	NOT_IN_RETAIL			references/Onslaught/engine.h;references/Onslaught/ltshell.h;references/Onslaught/DXEngine.cpp;reverse-engineering/source-code/stuart-source-synthesis.md;reverse-engineering/binary-analysis/ghidra-function-name-table-2026-08-17.tsv;reverse-engineering/binary-analysis/function-c1-closure-2026-08-11.tsv	PCLTShell chooses CEditorD3DApp only under EDITORBUILD2; the retail player shell selects CD3DApplication.	A retail vtable/source-path/build-flag witness proving this exact alternate definition was selected falsifies the target exclusion.
EditorD3DApp.h:198:CEditorD3DApp::GetHWnd:GetHWnd()	NOT_SELECTED_TARGET	NOT_IN_RETAIL			references/Onslaught/engine.h;references/Onslaught/ltshell.h;references/Onslaught/DXEngine.cpp;reverse-engineering/source-code/stuart-source-synthesis.md;reverse-engineering/binary-analysis/ghidra-function-name-table-2026-08-17.tsv;reverse-engineering/binary-analysis/function-c1-closure-2026-08-11.tsv	PCLTShell chooses CEditorD3DApp only under EDITORBUILD2; the retail player shell selects CD3DApplication.	A retail vtable/source-path/build-flag witness proving this exact alternate definition was selected falsifies the target exclusion.
EditorD3DApp.h:199:CEditorD3DApp::SetHWnd:SetHWnd(HWND hwnd)	NOT_SELECTED_TARGET	NOT_IN_RETAIL			references/Onslaught/engine.h;references/Onslaught/ltshell.h;references/Onslaught/DXEngine.cpp;reverse-engineering/source-code/stuart-source-synthesis.md;reverse-engineering/binary-analysis/ghidra-function-name-table-2026-08-17.tsv;reverse-engineering/binary-analysis/function-c1-closure-2026-08-11.tsv	PCLTShell chooses CEditorD3DApp only under EDITORBUILD2; the retail player shell selects CD3DApplication.	A retail vtable/source-path/build-flag witness proving this exact alternate definition was selected falsifies the target exclusion.
engine.h:83:CEngine::ShutdownRestartLoop:ShutdownRestartLoop()	SOURCE_ONLY	NO_MATCH_FOUND			pinned source;reverse-engineering/binary-analysis/ghidra-function-name-table-2026-08-17.tsv;reverse-engineering/binary-analysis/function-c1-closure-2026-08-11.tsv;promoted semantic tables;bounded owner aliases	Simple inline/header body has no named or promoted semantic target after direct and bounded-owner-alias search; candidate bounded NO_MATCH only, not binary absence. W5 cold recheck preserved an empty VA after current name-table, closure, W008/W009, promoted shell semantics, and bounded method-alias review.	A line/signature-specific pristine body, ABI/vtable placement, caller/xref chain, or controlled runtime witness that resolves this exact definition falsifies the bounded no-match.
engine.h:116:CEngine::GetDefaultMesh:*GetDefaultMesh()	SOURCE_ONLY	NO_MATCH_FOUND			pinned source;reverse-engineering/binary-analysis/ghidra-function-name-table-2026-08-17.tsv;reverse-engineering/binary-analysis/function-c1-closure-2026-08-11.tsv;promoted semantic tables;bounded owner aliases	Simple inline/header body has no named or promoted semantic target after direct and bounded-owner-alias search; candidate bounded NO_MATCH only, not binary absence. W5 cold recheck preserved an empty VA after current name-table, closure, W008/W009, promoted shell semantics, and bounded method-alias review.	A line/signature-specific pristine body, ABI/vtable placement, caller/xref chain, or controlled runtime witness that resolves this exact definition falsifies the bounded no-match.
engine.h:117:CEngine::GetGlobalMesh:*GetGlobalMesh(SINT num)	SOURCE_ONLY	NO_MATCH_FOUND			pinned source;reverse-engineering/binary-analysis/ghidra-function-name-table-2026-08-17.tsv;reverse-engineering/binary-analysis/function-c1-closure-2026-08-11.tsv;promoted semantic tables;bounded owner aliases	Simple inline/header body has no named or promoted semantic target after direct and bounded-owner-alias search; candidate bounded NO_MATCH only, not binary absence. W5 cold recheck preserved an empty VA after current name-table, closure, W008/W009, promoted shell semantics, and bounded method-alias review.	A line/signature-specific pristine body, ABI/vtable placement, caller/xref chain, or controlled runtime witness that resolves this exact definition falsifies the bounded no-match.
engine.h:119:CEngine::GetCamera:*GetCamera()	SOURCE_ONLY	NO_MATCH_FOUND			pinned source;reverse-engineering/binary-analysis/ghidra-function-name-table-2026-08-17.tsv;reverse-engineering/binary-analysis/function-c1-closure-2026-08-11.tsv;promoted semantic tables;bounded owner aliases	Simple inline/header body has no named or promoted semantic target after direct and bounded-owner-alias search; candidate bounded NO_MATCH only, not binary absence. W5 cold recheck preserved an empty VA after current name-table, closure, W008/W009, promoted shell semantics, and bounded method-alias review.	A line/signature-specific pristine body, ABI/vtable placement, caller/xref chain, or controlled runtime witness that resolves this exact definition falsifies the bounded no-match.
engine.h:120:CEngine::SetCamera:SetCamera(CCamera *c)	SOURCE_ONLY	NO_MATCH_FOUND			pinned source;reverse-engineering/binary-analysis/ghidra-function-name-table-2026-08-17.tsv;reverse-engineering/binary-analysis/function-c1-closure-2026-08-11.tsv;promoted semantic tables;bounded owner aliases	Simple inline/header body has no named or promoted semantic target after direct and bounded-owner-alias search; candidate bounded NO_MATCH only, not binary absence. W5 cold recheck preserved an empty VA after current name-table, closure, W008/W009, promoted shell semantics, and bounded method-alias review.	A line/signature-specific pristine body, ABI/vtable placement, caller/xref chain, or controlled runtime witness that resolves this exact definition falsifies the bounded no-match.
engine.h:122:CEngine::ToggleDebugDraw:ToggleDebugDraw(ULONG num)	RETAIL_UNRESOLVED	NO_MATCH_FOUND			pinned source;reverse-engineering/binary-analysis/ghidra-function-name-table-2026-08-17.tsv;reverse-engineering/binary-analysis/function-c1-closure-2026-08-11.tsv;promoted semantic tables;bounded owner aliases	Multi-line/header body has no proven tracked target; inspect compiler emission/folding, callers, and ABI before classifying. W5 cold recheck preserved an empty VA after current name-table, closure, W008/W009, promoted shell semantics, and bounded method-alias review.	A line/signature-specific pristine body, ABI/vtable placement, caller/xref chain, or controlled runtime witness that resolves this exact definition falsifies the bounded no-match.
engine.h:125:CEngine::GetHitEffectTexture:*GetHitEffectTexture()	SOURCE_ONLY	NO_MATCH_FOUND			pinned source;reverse-engineering/binary-analysis/ghidra-function-name-table-2026-08-17.tsv;reverse-engineering/binary-analysis/function-c1-closure-2026-08-11.tsv;promoted semantic tables;bounded owner aliases	Simple inline/header body has no named or promoted semantic target after direct and bounded-owner-alias search; candidate bounded NO_MATCH only, not binary absence. W5 cold recheck preserved an empty VA after current name-table, closure, W008/W009, promoted shell semantics, and bounded method-alias review.	A line/signature-specific pristine body, ABI/vtable placement, caller/xref chain, or controlled runtime witness that resolves this exact definition falsifies the bounded no-match.
engine.h:126:CEngine::GetCloakTexture:*GetCloakTexture()	SOURCE_ONLY	NO_MATCH_FOUND			pinned source;reverse-engineering/binary-analysis/ghidra-function-name-table-2026-08-17.tsv;reverse-engineering/binary-analysis/function-c1-closure-2026-08-11.tsv;promoted semantic tables;bounded owner aliases	Simple inline/header body has no named or promoted semantic target after direct and bounded-owner-alias search; candidate bounded NO_MATCH only, not binary absence. W5 cold recheck preserved an empty VA after current name-table, closure, W008/W009, promoted shell semantics, and bounded method-alias review.	A line/signature-specific pristine body, ABI/vtable placement, caller/xref chain, or controlled runtime witness that resolves this exact definition falsifies the bounded no-match.
engine.h:128:CEngine::ToggleParticles:ToggleParticles()	SOURCE_ONLY	NO_MATCH_FOUND			pinned source;reverse-engineering/binary-analysis/ghidra-function-name-table-2026-08-17.tsv;reverse-engineering/binary-analysis/function-c1-closure-2026-08-11.tsv;promoted semantic tables;bounded owner aliases	Simple inline/header body has no named or promoted semantic target after direct and bounded-owner-alias search; candidate bounded NO_MATCH only, not binary absence. W5 cold recheck preserved an empty VA after current name-table, closure, W008/W009, promoted shell semantics, and bounded method-alias review.	A line/signature-specific pristine body, ABI/vtable placement, caller/xref chain, or controlled runtime witness that resolves this exact definition falsifies the bounded no-match.
engine.h:129:CEngine::DebugNoParticles:DebugNoParticles()	SOURCE_ONLY	NO_MATCH_FOUND			pinned source;reverse-engineering/binary-analysis/ghidra-function-name-table-2026-08-17.tsv;reverse-engineering/binary-analysis/function-c1-closure-2026-08-11.tsv;promoted semantic tables;bounded owner aliases	Simple inline/header body has no named or promoted semantic target after direct and bounded-owner-alias search; candidate bounded NO_MATCH only, not binary absence. W5 cold recheck preserved an empty VA after current name-table, closure, W008/W009, promoted shell semantics, and bounded method-alias review.	A line/signature-specific pristine body, ABI/vtable placement, caller/xref chain, or controlled runtime witness that resolves this exact definition falsifies the bounded no-match.
engine.h:131:CEngine::GetDrawDebugStuff:GetDrawDebugStuff()	SOURCE_ONLY	NO_MATCH_FOUND			pinned source;reverse-engineering/binary-analysis/ghidra-function-name-table-2026-08-17.tsv;reverse-engineering/binary-analysis/function-c1-closure-2026-08-11.tsv;promoted semantic tables;bounded owner aliases	Simple inline/header body has no named or promoted semantic target after direct and bounded-owner-alias search; candidate bounded NO_MATCH only, not binary absence. W5 cold recheck preserved an empty VA after current name-table, closure, W008/W009, promoted shell semantics, and bounded method-alias review.	A line/signature-specific pristine body, ABI/vtable placement, caller/xref chain, or controlled runtime witness that resolves this exact definition falsifies the bounded no-match.
engine.h:135:CEngine::GetNearZ:GetNearZ()	SOURCE_ONLY	NO_MATCH_FOUND			pinned source;reverse-engineering/binary-analysis/ghidra-function-name-table-2026-08-17.tsv;reverse-engineering/binary-analysis/function-c1-closure-2026-08-11.tsv;promoted semantic tables;bounded owner aliases	Simple inline/header body has no named or promoted semantic target after direct and bounded-owner-alias search; candidate bounded NO_MATCH only, not binary absence. W5 cold recheck preserved an empty VA after current name-table, closure, W008/W009, promoted shell semantics, and bounded method-alias review.	A line/signature-specific pristine body, ABI/vtable placement, caller/xref chain, or controlled runtime witness that resolves this exact definition falsifies the bounded no-match.
engine.h:136:CEngine::GetFarZ:GetFarZ()	SOURCE_ONLY	NO_MATCH_FOUND			pinned source;reverse-engineering/binary-analysis/ghidra-function-name-table-2026-08-17.tsv;reverse-engineering/binary-analysis/function-c1-closure-2026-08-11.tsv;promoted semantic tables;bounded owner aliases	Simple inline/header body has no named or promoted semantic target after direct and bounded-owner-alias search; candidate bounded NO_MATCH only, not binary absence. W5 cold recheck preserved an empty VA after current name-table, closure, W008/W009, promoted shell semantics, and bounded method-alias review.	A line/signature-specific pristine body, ABI/vtable placement, caller/xref chain, or controlled runtime witness that resolves this exact definition falsifies the bounded no-match.
engine.h:137:CEngine::SetNearZ:SetNearZ( const float aNearZ )	SOURCE_ONLY	NO_MATCH_FOUND			pinned source;reverse-engineering/binary-analysis/ghidra-function-name-table-2026-08-17.tsv;reverse-engineering/binary-analysis/function-c1-closure-2026-08-11.tsv;promoted semantic tables;bounded owner aliases	Simple inline/header body has no named or promoted semantic target after direct and bounded-owner-alias search; candidate bounded NO_MATCH only, not binary absence. W5 cold recheck preserved an empty VA after current name-table, closure, W008/W009, promoted shell semantics, and bounded method-alias review.	A line/signature-specific pristine body, ABI/vtable placement, caller/xref chain, or controlled runtime witness that resolves this exact definition falsifies the bounded no-match.
engine.h:138:CEngine::SetFarZ:SetFarZ( const float aFarZ )	SOURCE_ONLY	NO_MATCH_FOUND			pinned source;reverse-engineering/binary-analysis/ghidra-function-name-table-2026-08-17.tsv;reverse-engineering/binary-analysis/function-c1-closure-2026-08-11.tsv;promoted semantic tables;bounded owner aliases	Simple inline/header body has no named or promoted semantic target after direct and bounded-owner-alias search; candidate bounded NO_MATCH only, not binary absence. W5 cold recheck preserved an empty VA after current name-table, closure, W008/W009, promoted shell semantics, and bounded method-alias review.	A line/signature-specific pristine body, ABI/vtable placement, caller/xref chain, or controlled runtime witness that resolves this exact definition falsifies the bounded no-match.
engine.h:140:CEngine::SetCurrentViewport:SetCurrentViewport(CViewport *vp)	SOURCE_ONLY	NO_MATCH_FOUND			pinned source;reverse-engineering/binary-analysis/ghidra-function-name-table-2026-08-17.tsv;reverse-engineering/binary-analysis/function-c1-closure-2026-08-11.tsv;promoted semantic tables;bounded owner aliases	Simple inline/header body has no named or promoted semantic target after direct and bounded-owner-alias search; candidate bounded NO_MATCH only, not binary absence. W5 cold recheck preserved an empty VA after current name-table, closure, W008/W009, promoted shell semantics, and bounded method-alias review.	A line/signature-specific pristine body, ABI/vtable placement, caller/xref chain, or controlled runtime witness that resolves this exact definition falsifies the bounded no-match.
engine.h:141:CEngine::GetCurrentViewport:GetCurrentViewport()	SOURCE_ONLY	NO_MATCH_FOUND			pinned source;reverse-engineering/binary-analysis/ghidra-function-name-table-2026-08-17.tsv;reverse-engineering/binary-analysis/function-c1-closure-2026-08-11.tsv;promoted semantic tables;bounded owner aliases	Simple inline/header body has no named or promoted semantic target after direct and bounded-owner-alias search; candidate bounded NO_MATCH only, not binary absence. W5 cold recheck preserved an empty VA after current name-table, closure, W008/W009, promoted shell semantics, and bounded method-alias review.	A line/signature-specific pristine body, ABI/vtable placement, caller/xref chain, or controlled runtime witness that resolves this exact definition falsifies the bounded no-match.
engine.h:142:CEngine::GetCurrentViewportWidth:GetCurrentViewportWidth()	SOURCE_ONLY	NO_MATCH_FOUND			pinned source;reverse-engineering/binary-analysis/ghidra-function-name-table-2026-08-17.tsv;reverse-engineering/binary-analysis/function-c1-closure-2026-08-11.tsv;promoted semantic tables;bounded owner aliases	Simple inline/header body has no named or promoted semantic target after direct and bounded-owner-alias search; candidate bounded NO_MATCH only, not binary absence. W5 cold recheck preserved an empty VA after current name-table, closure, W008/W009, promoted shell semantics, and bounded method-alias review.	A line/signature-specific pristine body, ABI/vtable placement, caller/xref chain, or controlled runtime witness that resolves this exact definition falsifies the bounded no-match.
engine.h:143:CEngine::GetCurrentViewportHeight:GetCurrentViewportHeight()	SOURCE_ONLY	NO_MATCH_FOUND			pinned source;reverse-engineering/binary-analysis/ghidra-function-name-table-2026-08-17.tsv;reverse-engineering/binary-analysis/function-c1-closure-2026-08-11.tsv;promoted semantic tables;bounded owner aliases	Simple inline/header body has no named or promoted semantic target after direct and bounded-owner-alias search; candidate bounded NO_MATCH only, not binary absence. W5 cold recheck preserved an empty VA after current name-table, closure, W008/W009, promoted shell semantics, and bounded method-alias review.	A line/signature-specific pristine body, ABI/vtable placement, caller/xref chain, or controlled runtime witness that resolves this exact definition falsifies the bounded no-match.
engine.h:144:CEngine::GetCurrentViewportX:GetCurrentViewportX()	SOURCE_ONLY	NO_MATCH_FOUND			pinned source;reverse-engineering/binary-analysis/ghidra-function-name-table-2026-08-17.tsv;reverse-engineering/binary-analysis/function-c1-closure-2026-08-11.tsv;promoted semantic tables;bounded owner aliases	Simple inline/header body has no named or promoted semantic target after direct and bounded-owner-alias search; candidate bounded NO_MATCH only, not binary absence. W5 cold recheck preserved an empty VA after current name-table, closure, W008/W009, promoted shell semantics, and bounded method-alias review.	A line/signature-specific pristine body, ABI/vtable placement, caller/xref chain, or controlled runtime witness that resolves this exact definition falsifies the bounded no-match.
engine.h:145:CEngine::GetCurrentViewportY:GetCurrentViewportY()	SOURCE_ONLY	NO_MATCH_FOUND			pinned source;reverse-engineering/binary-analysis/ghidra-function-name-table-2026-08-17.tsv;reverse-engineering/binary-analysis/function-c1-closure-2026-08-11.tsv;promoted semantic tables;bounded owner aliases	Simple inline/header body has no named or promoted semantic target after direct and bounded-owner-alias search; candidate bounded NO_MATCH only, not binary absence. W5 cold recheck preserved an empty VA after current name-table, closure, W008/W009, promoted shell semantics, and bounded method-alias review.	A line/signature-specific pristine body, ABI/vtable placement, caller/xref chain, or controlled runtime witness that resolves this exact definition falsifies the bounded no-match.
engine.h:147:CEngine::GetCameraForViewpoint:*GetCameraForViewpoint(int n)	SOURCE_ONLY	NO_MATCH_FOUND			pinned source;reverse-engineering/binary-analysis/ghidra-function-name-table-2026-08-17.tsv;reverse-engineering/binary-analysis/function-c1-closure-2026-08-11.tsv;promoted semantic tables;bounded owner aliases	Simple inline/header body has no named or promoted semantic target after direct and bounded-owner-alias search; candidate bounded NO_MATCH only, not binary absence. W5 cold recheck preserved an empty VA after current name-table, closure, W008/W009, promoted shell semantics, and bounded method-alias review.	A line/signature-specific pristine body, ABI/vtable placement, caller/xref chain, or controlled runtime witness that resolves this exact definition falsifies the bounded no-match.
engine.h:148:CEngine::GetPlayerForViewpoint:*GetPlayerForViewpoint(int n)	SOURCE_ONLY	NO_MATCH_FOUND			pinned source;reverse-engineering/binary-analysis/ghidra-function-name-table-2026-08-17.tsv;reverse-engineering/binary-analysis/function-c1-closure-2026-08-11.tsv;promoted semantic tables;bounded owner aliases	Simple inline/header body has no named or promoted semantic target after direct and bounded-owner-alias search; candidate bounded NO_MATCH only, not binary absence. W5 cold recheck preserved an empty VA after current name-table, closure, W008/W009, promoted shell semantics, and bounded method-alias review.	A line/signature-specific pristine body, ABI/vtable placement, caller/xref chain, or controlled runtime witness that resolves this exact definition falsifies the bounded no-match.
engine.h:149:CEngine::GetViewportForViewpoint:*GetViewportForViewpoint(int n)	SOURCE_ONLY	NO_MATCH_FOUND			pinned source;reverse-engineering/binary-analysis/ghidra-function-name-table-2026-08-17.tsv;reverse-engineering/binary-analysis/function-c1-closure-2026-08-11.tsv;promoted semantic tables;bounded owner aliases	Simple inline/header body has no named or promoted semantic target after direct and bounded-owner-alias search; candidate bounded NO_MATCH only, not binary absence. W5 cold recheck preserved an empty VA after current name-table, closure, W008/W009, promoted shell semantics, and bounded method-alias review.	A line/signature-specific pristine body, ABI/vtable placement, caller/xref chain, or controlled runtime witness that resolves this exact definition falsifies the bounded no-match.
engine.h:150:CEngine::GetNumViewpoints:GetNumViewpoints()	SOURCE_ONLY	NO_MATCH_FOUND			pinned source;reverse-engineering/binary-analysis/ghidra-function-name-table-2026-08-17.tsv;reverse-engineering/binary-analysis/function-c1-closure-2026-08-11.tsv;promoted semantic tables;bounded owner aliases	Simple inline/header body has no named or promoted semantic target after direct and bounded-owner-alias search; candidate bounded NO_MATCH only, not binary absence. W5 cold recheck preserved an empty VA after current name-table, closure, W008/W009, promoted shell semantics, and bounded method-alias review.	A line/signature-specific pristine body, ABI/vtable placement, caller/xref chain, or controlled runtime witness that resolves this exact definition falsifies the bounded no-match.
engine.h:158:CEngine::GetHitEffectFactorR:GetHitEffectFactorR()	SOURCE_ONLY	NO_MATCH_FOUND			pinned source;reverse-engineering/binary-analysis/ghidra-function-name-table-2026-08-17.tsv;reverse-engineering/binary-analysis/function-c1-closure-2026-08-11.tsv;promoted semantic tables;bounded owner aliases	Simple inline/header body has no named or promoted semantic target after direct and bounded-owner-alias search; candidate bounded NO_MATCH only, not binary absence. W5 cold recheck preserved an empty VA after current name-table, closure, W008/W009, promoted shell semantics, and bounded method-alias review.	A line/signature-specific pristine body, ABI/vtable placement, caller/xref chain, or controlled runtime witness that resolves this exact definition falsifies the bounded no-match.
engine.h:159:CEngine::GetHitEffectFactorG:GetHitEffectFactorG()	SOURCE_ONLY	NO_MATCH_FOUND			pinned source;reverse-engineering/binary-analysis/ghidra-function-name-table-2026-08-17.tsv;reverse-engineering/binary-analysis/function-c1-closure-2026-08-11.tsv;promoted semantic tables;bounded owner aliases	Simple inline/header body has no named or promoted semantic target after direct and bounded-owner-alias search; candidate bounded NO_MATCH only, not binary absence. W5 cold recheck preserved an empty VA after current name-table, closure, W008/W009, promoted shell semantics, and bounded method-alias review.	A line/signature-specific pristine body, ABI/vtable placement, caller/xref chain, or controlled runtime witness that resolves this exact definition falsifies the bounded no-match.
engine.h:160:CEngine::GetHitEffectFactorB:GetHitEffectFactorB()	SOURCE_ONLY	NO_MATCH_FOUND			pinned source;reverse-engineering/binary-analysis/ghidra-function-name-table-2026-08-17.tsv;reverse-engineering/binary-analysis/function-c1-closure-2026-08-11.tsv;promoted semantic tables;bounded owner aliases	Simple inline/header body has no named or promoted semantic target after direct and bounded-owner-alias search; candidate bounded NO_MATCH only, not binary absence. W5 cold recheck preserved an empty VA after current name-table, closure, W008/W009, promoted shell semantics, and bounded method-alias review.	A line/signature-specific pristine body, ABI/vtable placement, caller/xref chain, or controlled runtime witness that resolves this exact definition falsifies the bounded no-match.
engine.h:162:CEngine::GetLandscape:*GetLandscape()	SOURCE_ONLY	NO_MATCH_FOUND			pinned source;reverse-engineering/binary-analysis/ghidra-function-name-table-2026-08-17.tsv;reverse-engineering/binary-analysis/function-c1-closure-2026-08-11.tsv;promoted semantic tables;bounded owner aliases	Simple inline/header body has no named or promoted semantic target after direct and bounded-owner-alias search; candidate bounded NO_MATCH only, not binary absence. W5 cold recheck preserved an empty VA after current name-table, closure, W008/W009, promoted shell semantics, and bounded method-alias review.	A line/signature-specific pristine body, ABI/vtable placement, caller/xref chain, or controlled runtime witness that resolves this exact definition falsifies the bounded no-match.
engine.h:171:CEngine::GetMapTex:* GetMapTex()	SOURCE_ONLY	NO_MATCH_FOUND			pinned source;reverse-engineering/binary-analysis/ghidra-function-name-table-2026-08-17.tsv;reverse-engineering/binary-analysis/function-c1-closure-2026-08-11.tsv;promoted semantic tables;bounded owner aliases	Simple inline/header body has no named or promoted semantic target after direct and bounded-owner-alias search; candidate bounded NO_MATCH only, not binary absence. W5 cold recheck preserved an empty VA after current name-table, closure, W008/W009, promoted shell semantics, and bounded method-alias review.	A line/signature-specific pristine body, ABI/vtable placement, caller/xref chain, or controlled runtime witness that resolves this exact definition falsifies the bounded no-match.
engine.h:180:CEngine::AddDamage:AddDamage(float x, float y, int size)	SOURCE_ONLY	NO_MATCH_FOUND			pinned source;reverse-engineering/binary-analysis/ghidra-function-name-table-2026-08-17.tsv;reverse-engineering/binary-analysis/function-c1-closure-2026-08-11.tsv;promoted semantic tables;bounded owner aliases	Simple inline/header body has no named or promoted semantic target after direct and bounded-owner-alias search; candidate bounded NO_MATCH only, not binary absence. W5 cold recheck preserved an empty VA after current name-table, closure, W008/W009, promoted shell semantics, and bounded method-alias review.	A line/signature-specific pristine body, ABI/vtable placement, caller/xref chain, or controlled runtime witness that resolves this exact definition falsifies the bounded no-match.
engine.h:181:CEngine::RemoveDamage:RemoveDamage(float x, float y, int size)	SOURCE_ONLY	NO_MATCH_FOUND			pinned source;reverse-engineering/binary-analysis/ghidra-function-name-table-2026-08-17.tsv;reverse-engineering/binary-analysis/function-c1-closure-2026-08-11.tsv;promoted semantic tables;bounded owner aliases	Simple inline/header body has no named or promoted semantic target after direct and bounded-owner-alias search; candidate bounded NO_MATCH only, not binary absence. W5 cold recheck preserved an empty VA after current name-table, closure, W008/W009, promoted shell semantics, and bounded method-alias review.	A line/signature-specific pristine body, ABI/vtable placement, caller/xref chain, or controlled runtime witness that resolves this exact definition falsifies the bounded no-match.
engine.h:182:CEngine::LockCurrentDamage:LockCurrentDamage()	SOURCE_ONLY	NO_MATCH_FOUND			pinned source;reverse-engineering/binary-analysis/ghidra-function-name-table-2026-08-17.tsv;reverse-engineering/binary-analysis/function-c1-closure-2026-08-11.tsv;promoted semantic tables;bounded owner aliases	Simple inline/header body has no named or promoted semantic target after direct and bounded-owner-alias search; candidate bounded NO_MATCH only, not binary absence. W5 cold recheck preserved an empty VA after current name-table, closure, W008/W009, promoted shell semantics, and bounded method-alias review.	A line/signature-specific pristine body, ABI/vtable placement, caller/xref chain, or controlled runtime witness that resolves this exact definition falsifies the bounded no-match.
engine.h:198:CEngine::ToggleHudAlphaMode:ToggleHudAlphaMode()	SOURCE_ONLY	NO_MATCH_FOUND			pinned source;reverse-engineering/binary-analysis/ghidra-function-name-table-2026-08-17.tsv;reverse-engineering/binary-analysis/function-c1-closure-2026-08-11.tsv;promoted semantic tables;bounded owner aliases	Simple inline/header body has no named or promoted semantic target after direct and bounded-owner-alias search; candidate bounded NO_MATCH only, not binary absence. W5 cold recheck preserved an empty VA after current name-table, closure, W008/W009, promoted shell semantics, and bounded method-alias review.	A line/signature-specific pristine body, ABI/vtable placement, caller/xref chain, or controlled runtime witness that resolves this exact definition falsifies the bounded no-match.
engine.h:199:CEngine::HudAditive:HudAditive()	SOURCE_ONLY	NO_MATCH_FOUND			pinned source;reverse-engineering/binary-analysis/ghidra-function-name-table-2026-08-17.tsv;reverse-engineering/binary-analysis/function-c1-closure-2026-08-11.tsv;promoted semantic tables;bounded owner aliases	Simple inline/header body has no named or promoted semantic target after direct and bounded-owner-alias search; candidate bounded NO_MATCH only, not binary absence. W5 cold recheck preserved an empty VA after current name-table, closure, W008/W009, promoted shell semantics, and bounded method-alias review.	A line/signature-specific pristine body, ABI/vtable placement, caller/xref chain, or controlled runtime witness that resolves this exact definition falsifies the bounded no-match.
engine.h:201:CEngine::GetLights:*GetLights()	SOURCE_ONLY	NO_MATCH_FOUND			pinned source;reverse-engineering/binary-analysis/ghidra-function-name-table-2026-08-17.tsv;reverse-engineering/binary-analysis/function-c1-closure-2026-08-11.tsv;promoted semantic tables;bounded owner aliases	Simple inline/header body has no named or promoted semantic target after direct and bounded-owner-alias search; candidate bounded NO_MATCH only, not binary absence. W5 cold recheck preserved an empty VA after current name-table, closure, W008/W009, promoted shell semantics, and bounded method-alias review.	A line/signature-specific pristine body, ABI/vtable placement, caller/xref chain, or controlled runtime witness that resolves this exact definition falsifies the bounded no-match.
engine.h:205:CEngine::GetHilightTexture:* GetHilightTexture()	SOURCE_ONLY	NO_MATCH_FOUND			pinned source;reverse-engineering/binary-analysis/ghidra-function-name-table-2026-08-17.tsv;reverse-engineering/binary-analysis/function-c1-closure-2026-08-11.tsv;promoted semantic tables;bounded owner aliases	Simple inline/header body has no named or promoted semantic target after direct and bounded-owner-alias search; candidate bounded NO_MATCH only, not binary absence. W5 cold recheck preserved an empty VA after current name-table, closure, W008/W009, promoted shell semantics, and bounded method-alias review.	A line/signature-specific pristine body, ABI/vtable placement, caller/xref chain, or controlled runtime witness that resolves this exact definition falsifies the bounded no-match.
engine.h:213:CEngine::LandscapeNavDisplay:LandscapeNavDisplay(BOOL onoff)	SOURCE_ONLY	NO_MATCH_FOUND			pinned source;reverse-engineering/binary-analysis/ghidra-function-name-table-2026-08-17.tsv;reverse-engineering/binary-analysis/function-c1-closure-2026-08-11.tsv;promoted semantic tables;bounded owner aliases	Simple inline/header body has no named or promoted semantic target after direct and bounded-owner-alias search; candidate bounded NO_MATCH only, not binary absence. W5 cold recheck preserved an empty VA after current name-table, closure, W008/W009, promoted shell semantics, and bounded method-alias review.	A line/signature-specific pristine body, ABI/vtable placement, caller/xref chain, or controlled runtime witness that resolves this exact definition falsifies the bounded no-match.
engine.h:214:CEngine::GetNavDisplayMODE:GetNavDisplayMODE()	SOURCE_ONLY	NO_MATCH_FOUND			pinned source;reverse-engineering/binary-analysis/ghidra-function-name-table-2026-08-17.tsv;reverse-engineering/binary-analysis/function-c1-closure-2026-08-11.tsv;promoted semantic tables;bounded owner aliases	Simple inline/header body has no named or promoted semantic target after direct and bounded-owner-alias search; candidate bounded NO_MATCH only, not binary absence. W5 cold recheck preserved an empty VA after current name-table, closure, W008/W009, promoted shell semantics, and bounded method-alias review.	A line/signature-specific pristine body, ABI/vtable placement, caller/xref chain, or controlled runtime witness that resolves this exact definition falsifies the bounded no-match.
ltshell.cpp:774:PCLTShell::PCLTShell:PCLTShell::PCLTShell()	SOURCE_AGREES	SOURCE_ANALOG	0x00512670	PCLTShell__ctor	reverse-engineering/binary-analysis/ghidra-fullpass-findings/W008/adversarial/B15.md;reverse-engineering/binary-analysis/pcltshell-vtable-semantics-2026-08-11.tsv	The W008 cold read and promoted shell table agree on base initialisation, the PCLTShell vtable, field clears, and the Battle Engine Aquila title copy; source-body byte equality and complete adjacent method recovery remain unclaimed.	A pristine body/ABI readback that contradicts the named bounded role, or a stronger source identity that owns this VA, falsifies this analog.
ltshell.h:125:PCLTShell::GetMouseX:GetMouseX()	SOURCE_ONLY	NO_MATCH_FOUND			pinned source;reverse-engineering/binary-analysis/ghidra-function-name-table-2026-08-17.tsv;reverse-engineering/binary-analysis/function-c1-closure-2026-08-11.tsv;promoted semantic tables;bounded owner aliases	Simple inline/header body has no named or promoted semantic target after direct and bounded-owner-alias search; candidate bounded NO_MATCH only, not binary absence. W5 cold recheck preserved an empty VA after current name-table, closure, W008/W009, promoted shell semantics, and bounded method-alias review.	A line/signature-specific pristine body, ABI/vtable placement, caller/xref chain, or controlled runtime witness that resolves this exact definition falsifies the bounded no-match.
ltshell.h:126:PCLTShell::GetMouseY:GetMouseY()	SOURCE_ONLY	NO_MATCH_FOUND			pinned source;reverse-engineering/binary-analysis/ghidra-function-name-table-2026-08-17.tsv;reverse-engineering/binary-analysis/function-c1-closure-2026-08-11.tsv;promoted semantic tables;bounded owner aliases	Simple inline/header body has no named or promoted semantic target after direct and bounded-owner-alias search; candidate bounded NO_MATCH only, not binary absence. W5 cold recheck preserved an empty VA after current name-table, closure, W008/W009, promoted shell semantics, and bounded method-alias review.	A line/signature-specific pristine body, ABI/vtable placement, caller/xref chain, or controlled runtime witness that resolves this exact definition falsifies the bounded no-match.
ltshell.h:127:PCLTShell::GetMouseLButton:GetMouseLButton()	SOURCE_ONLY	NO_MATCH_FOUND			pinned source;reverse-engineering/binary-analysis/ghidra-function-name-table-2026-08-17.tsv;reverse-engineering/binary-analysis/function-c1-closure-2026-08-11.tsv;promoted semantic tables;bounded owner aliases	Simple inline/header body has no named or promoted semantic target after direct and bounded-owner-alias search; candidate bounded NO_MATCH only, not binary absence. W5 cold recheck preserved an empty VA after current name-table, closure, W008/W009, promoted shell semantics, and bounded method-alias review.	A line/signature-specific pristine body, ABI/vtable placement, caller/xref chain, or controlled runtime witness that resolves this exact definition falsifies the bounded no-match.
ltshell.h:128:PCLTShell::GetMouseMButton:GetMouseMButton()	SOURCE_ONLY	NO_MATCH_FOUND			pinned source;reverse-engineering/binary-analysis/ghidra-function-name-table-2026-08-17.tsv;reverse-engineering/binary-analysis/function-c1-closure-2026-08-11.tsv;promoted semantic tables;bounded owner aliases	Simple inline/header body has no named or promoted semantic target after direct and bounded-owner-alias search; candidate bounded NO_MATCH only, not binary absence. W5 cold recheck preserved an empty VA after current name-table, closure, W008/W009, promoted shell semantics, and bounded method-alias review.	A line/signature-specific pristine body, ABI/vtable placement, caller/xref chain, or controlled runtime witness that resolves this exact definition falsifies the bounded no-match.
ltshell.h:129:PCLTShell::GetMouseRButton:GetMouseRButton()	SOURCE_ONLY	NO_MATCH_FOUND			pinned source;reverse-engineering/binary-analysis/ghidra-function-name-table-2026-08-17.tsv;reverse-engineering/binary-analysis/function-c1-closure-2026-08-11.tsv;promoted semantic tables;bounded owner aliases	Simple inline/header body has no named or promoted semantic target after direct and bounded-owner-alias search; candidate bounded NO_MATCH only, not binary absence. W5 cold recheck preserved an empty VA after current name-table, closure, W008/W009, promoted shell semantics, and bounded method-alias review.	A line/signature-specific pristine body, ABI/vtable placement, caller/xref chain, or controlled runtime witness that resolves this exact definition falsifies the bounded no-match.
ltshell.h:130:PCLTShell::ClearD3DErrorCount:ClearD3DErrorCount()	SOURCE_ONLY	NO_MATCH_FOUND			pinned source;reverse-engineering/binary-analysis/ghidra-function-name-table-2026-08-17.tsv;reverse-engineering/binary-analysis/function-c1-closure-2026-08-11.tsv;promoted semantic tables;bounded owner aliases	Simple inline/header body has no named or promoted semantic target after direct and bounded-owner-alias search; candidate bounded NO_MATCH only, not binary absence. W5 cold recheck preserved an empty VA after current name-table, closure, W008/W009, promoted shell semantics, and bounded method-alias review.	A line/signature-specific pristine body, ABI/vtable placement, caller/xref chain, or controlled runtime witness that resolves this exact definition falsifies the bounded no-match.
ltshell.h:139:PCLTShell::MsgInfo:MsgInfo()	SOURCE_ONLY	NO_MATCH_FOUND			pinned source;reverse-engineering/binary-analysis/ghidra-function-name-table-2026-08-17.tsv;reverse-engineering/binary-analysis/function-c1-closure-2026-08-11.tsv;promoted semantic tables;bounded owner aliases	Simple inline/header body has no named or promoted semantic target after direct and bounded-owner-alias search; candidate bounded NO_MATCH only, not binary absence. W5 cold recheck preserved an empty VA after current name-table, closure, W008/W009, promoted shell semantics, and bounded method-alias review.	A line/signature-specific pristine body, ABI/vtable placement, caller/xref chain, or controlled runtime witness that resolves this exact definition falsifies the bounded no-match.
ltshell.h:140:PCLTShell::WantsToQuit:WantsToQuit()	SOURCE_ONLY	NO_MATCH_FOUND			pinned source;reverse-engineering/binary-analysis/ghidra-function-name-table-2026-08-17.tsv;reverse-engineering/binary-analysis/function-c1-closure-2026-08-11.tsv;promoted semantic tables;bounded owner aliases	Simple inline/header body has no named or promoted semantic target after direct and bounded-owner-alias search; candidate bounded NO_MATCH only, not binary absence. W5 cold recheck preserved an empty VA after current name-table, closure, W008/W009, promoted shell semantics, and bounded method-alias review.	A line/signature-specific pristine body, ABI/vtable placement, caller/xref chain, or controlled runtime witness that resolves this exact definition falsifies the bounded no-match.
ltshell.h:141:PCLTShell::IWantToQuit:IWantToQuit()	SOURCE_ONLY	NO_MATCH_FOUND			pinned source;reverse-engineering/binary-analysis/ghidra-function-name-table-2026-08-17.tsv;reverse-engineering/binary-analysis/function-c1-closure-2026-08-11.tsv;promoted semantic tables;bounded owner aliases	Simple inline/header body has no named or promoted semantic target after direct and bounded-owner-alias search; candidate bounded NO_MATCH only, not binary absence. W5 cold recheck preserved an empty VA after current name-table, closure, W008/W009, promoted shell semantics, and bounded method-alias review.	A line/signature-specific pristine body, ABI/vtable placement, caller/xref chain, or controlled runtime witness that resolves this exact definition falsifies the bounded no-match.
ltshell.h:151:PCLTShell::SmallTexturesDisabled:SmallTexturesDisabled()	SOURCE_ONLY	NO_MATCH_FOUND			pinned source;reverse-engineering/binary-analysis/ghidra-function-name-table-2026-08-17.tsv;reverse-engineering/binary-analysis/function-c1-closure-2026-08-11.tsv;promoted semantic tables;bounded owner aliases	Simple inline/header body has no named or promoted semantic target after direct and bounded-owner-alias search; candidate bounded NO_MATCH only, not binary absence. W5 cold recheck preserved an empty VA after current name-table, closure, W008/W009, promoted shell semantics, and bounded method-alias review.	A line/signature-specific pristine body, ABI/vtable placement, caller/xref chain, or controlled runtime witness that resolves this exact definition falsifies the bounded no-match.
ltshell.h:158:PCLTShell::TextureCompressionDisabled:TextureCompressionDisabled()	SOURCE_ONLY	NO_MATCH_FOUND			pinned source;reverse-engineering/binary-analysis/ghidra-function-name-table-2026-08-17.tsv;reverse-engineering/binary-analysis/function-c1-closure-2026-08-11.tsv;promoted semantic tables;bounded owner aliases	Simple inline/header body has no named or promoted semantic target after direct and bounded-owner-alias search; candidate bounded NO_MATCH only, not binary absence. W5 cold recheck preserved an empty VA after current name-table, closure, W008/W009, promoted shell semantics, and bounded method-alias review.	A line/signature-specific pristine body, ABI/vtable placement, caller/xref chain, or controlled runtime witness that resolves this exact definition falsifies the bounded no-match.
ltshell.h:163:PCLTShell::D3DActive:D3DActive()	SOURCE_ONLY	NO_MATCH_FOUND			pinned source;reverse-engineering/binary-analysis/ghidra-function-name-table-2026-08-17.tsv;reverse-engineering/binary-analysis/function-c1-closure-2026-08-11.tsv;promoted semantic tables;bounded owner aliases	Simple inline/header body has no named or promoted semantic target after direct and bounded-owner-alias search; candidate bounded NO_MATCH only, not binary absence. W5 cold recheck preserved an empty VA after current name-table, closure, W008/W009, promoted shell semantics, and bounded method-alias review.	A line/signature-specific pristine body, ABI/vtable placement, caller/xref chain, or controlled runtime witness that resolves this exact definition falsifies the bounded no-match.
ltshell.h:168:PCLTShell::DeviceForD3DXTextureLoad:DeviceForD3DXTextureLoad()	SOURCE_ONLY	NO_MATCH_FOUND			pinned source;reverse-engineering/binary-analysis/ghidra-function-name-table-2026-08-17.tsv;reverse-engineering/binary-analysis/function-c1-closure-2026-08-11.tsv;promoted semantic tables;bounded owner aliases	Simple inline/header body has no named or promoted semantic target after direct and bounded-owner-alias search; candidate bounded NO_MATCH only, not binary absence. W5 cold recheck preserved an empty VA after current name-table, closure, W008/W009, promoted shell semantics, and bounded method-alias review.	A line/signature-specific pristine body, ABI/vtable placement, caller/xref chain, or controlled runtime witness that resolves this exact definition falsifies the bounded no-match.
ltshell.h:169:PCLTShell::GetDevice:GetDevice()	SOURCE_ONLY	NO_MATCH_FOUND			pinned source;reverse-engineering/binary-analysis/ghidra-function-name-table-2026-08-17.tsv;reverse-engineering/binary-analysis/function-c1-closure-2026-08-11.tsv;promoted semantic tables;bounded owner aliases	Simple inline/header body has no named or promoted semantic target after direct and bounded-owner-alias search; candidate bounded NO_MATCH only, not binary absence. W5 cold recheck preserved an empty VA after current name-table, closure, W008/W009, promoted shell semantics, and bounded method-alias review.	A line/signature-specific pristine body, ABI/vtable placement, caller/xref chain, or controlled runtime witness that resolves this exact definition falsifies the bounded no-match.
ltshell.h:175:PCLTShell::SRS:SRS(D3DRENDERSTATETYPE state, DWORD value)	SOURCE_DIVERGES	SOURCE_ANALOG	0x00513bc0	RenderState_Set	reverse-engineering/binary-analysis/ghidra-fullpass-findings/W009/primary/A01.md;reverse-engineering/ghidra-functions.md	Bounded method alias: both paths compare a cached render-state value before dispatch, but retail uses a D3D9 device slot and a global cache rather than the retained D3D8 member fields.	A pristine body/ABI readback that contradicts the named bounded role, or a stronger source identity that owns this VA, falsifies this analog.
ltshell.h:183:PCLTShell::RI_SRS:RI_SRS(D3DRENDERSTATETYPE state, DWORD value)	RETAIL_UNRESOLVED	NO_MATCH_FOUND			pinned source;reverse-engineering/binary-analysis/ghidra-function-name-table-2026-08-17.tsv;reverse-engineering/binary-analysis/function-c1-closure-2026-08-11.tsv;promoted semantic tables;bounded owner aliases	Multi-line/header body has no proven tracked target; inspect compiler emission/folding, callers, and ABI before classifying. W5 cold recheck preserved an empty VA after current name-table, closure, W008/W009, promoted shell semantics, and bounded method-alias review.	A line/signature-specific pristine body, ABI/vtable placement, caller/xref chain, or controlled runtime witness that resolves this exact definition falsifies the bounded no-match.
ltshell.h:190:PCLTShell::STS:STS(DWORD stage, D3DTEXTURESTAGESTATETYPE type, DWORD val)	SOURCE_DIVERGES	SOURCE_ANALOG	0x00513820	D3DStateCache__SetStateCached	reverse-engineering/binary-analysis/ghidra-fullpass-findings/W009/primary/A01.md;reverse-engineering/ghidra-functions.md	Bounded STS alias: source and retail both cache by stage/state and dispatch only on change; retail's measured D3D9 SetTextureStageState slot and cache layout differ from the D3D8 source.	A pristine body/ABI readback that contradicts the named bounded role, or a stronger source identity that owns this VA, falsifies this analog.
ltshell.h:201:PCLTShell::ForceRS:ForceRS(D3DRENDERSTATETYPE state, DWORD value)	RETAIL_UNRESOLVED	NO_MATCH_FOUND			pinned AST inventory	Same file/function label has multiple line/signature definitions; do not collapse overloads or conditional bodies. W5 cold recheck preserved an empty VA after current name-table, closure, W008/W009, promoted shell semantics, and bounded method-alias review.	A line/signature-specific pristine body, ABI/vtable placement, caller/xref chain, or controlled runtime witness that resolves this exact definition falsifies the bounded no-match.
ltshell.h:202:PCLTShell::ForceTS:ForceTS(DWORD stage, D3DTEXTURESTAGESTATETYPE type, DWORD val)	RETAIL_UNRESOLVED	NO_MATCH_FOUND			pinned AST inventory	Same file/function label has multiple line/signature definitions; do not collapse overloads or conditional bodies. W5 cold recheck preserved an empty VA after current name-table, closure, W008/W009, promoted shell semantics, and bounded method-alias review.	A line/signature-specific pristine body, ABI/vtable placement, caller/xref chain, or controlled runtime witness that resolves this exact definition falsifies the bounded no-match.
ltshell.h:204:PCLTShell::ForceRS:ForceRS(D3DRENDERSTATETYPE state, DWORD value)	SOURCE_DIVERGES	SOURCE_ANALOG	0x00513c20	RenderState_SetRaw	reverse-engineering/binary-analysis/ghidra-fullpass-findings/W009/primary/A01.md;reverse-engineering/binary-analysis/ghidra-function-name-table-2026-08-17.tsv	The selected non-LT_DEBUG source branch unconditionally writes the render-state cache and device; retail has the same raw-setter envelope through its D3D9 slot, without proving source-body equality.	A pristine body/ABI readback that contradicts the named bounded role, or a stronger source identity that owns this VA, falsifies this analog.
ltshell.h:205:PCLTShell::ForceTS:ForceTS(DWORD stage, D3DTEXTURESTAGESTATETYPE type, DWORD val)	SOURCE_DIVERGES	SOURCE_ANALOG	0x00513870	D3DStateCache__SetStateRaw	reverse-engineering/binary-analysis/ghidra-fullpass-findings/W009/primary/A01.md;reverse-engineering/ghidra-functions.md	The selected non-LT_DEBUG ForceTS branch is a raw stage-state write; retail's measured D3D9 SetTextureStageState helper has the same force-write envelope but a different API/cache layout.	A pristine body/ABI readback that contradicts the named bounded role, or a stronger source identity that owns this VA, falsifies this analog.
ltshell.h:208:PCLTShell::SRS_Ret:SRS_Ret(D3DRENDERSTATETYPE state, DWORD value)	RETAIL_UNRESOLVED	NO_MATCH_FOUND			pinned source;reverse-engineering/binary-analysis/ghidra-function-name-table-2026-08-17.tsv;reverse-engineering/binary-analysis/function-c1-closure-2026-08-11.tsv;promoted semantic tables;bounded owner aliases	Multi-line/header body has no proven tracked target; inspect compiler emission/folding, callers, and ABI before classifying. W5 cold recheck preserved an empty VA after current name-table, closure, W008/W009, promoted shell semantics, and bounded method-alias review.	A line/signature-specific pristine body, ABI/vtable placement, caller/xref chain, or controlled runtime witness that resolves this exact definition falsifies the bounded no-match.
ltshell.h:221:PCLTShell::D3D_SetTexture:D3D_SetTexture(  UINT Name, IDirect3DBaseTexture8* pTexture)	SOURCE_DIVERGES	SOURCE_ANALOG	0x00513a50	retail cached SetTexture helper (current false label CEngine__SetRenderStateCached)	reverse-engineering/ghidra-functions.md;reverse-engineering/delta.md;reverse-engineering/binary-analysis/function-c1-closure-2026-08-11.tsv	The source avoids duplicate SetTexture calls with an eight-slot pointer cache. Retail does the same through D3D9 slot +0x104; the tracked current label is explicitly known false, so only the measured cached-SetTexture role is claimed.	A pristine body/ABI readback that contradicts the named bounded role, or a stronger source identity that owns this VA, falsifies this analog.
ltshell.h:222:PCLTShell::D3D_SetVertexShader:D3D_SetVertexShader( DWORD Handle)	SOURCE_DIVERGES	SOURCE_ANALOG	0x00513e90	CEngine__SetVertexShaderHandleCached	reverse-engineering/binary-analysis/ghidra-fullpass-findings/W009/primary/A02.md;reverse-engineering/binary-analysis/ghidra-fullpass-findings/W009/adversarial/B02.md;reverse-engineering/binary-analysis/function-c1-closure-2026-08-11.tsv	Bounded name/body-role alias: both paths suppress duplicate vertex-shader-handle dispatch; the retail D3D9 ABI and cache ownership are not equated to the D3D8 source.	A pristine body/ABI readback that contradicts the named bounded role, or a stronger source identity that owns this VA, falsifies this analog.
ltshell.h:240:PCLTShell::D3D_CreateCubeTexture:D3D_CreateCubeTexture(  UINT EdgeLength, UINT Levels, DWORD Usage, D3DFORMAT Format, D3DPOOL Pool, IDirect3DCubeTexture8** ppCubeTexture)	RETAIL_UNRESOLVED	NO_MATCH_FOUND			pinned source;reverse-engineering/binary-analysis/ghidra-function-name-table-2026-08-17.tsv;reverse-engineering/binary-analysis/function-c1-closure-2026-08-11.tsv;promoted semantic tables;bounded owner aliases	Multi-line/header body has no proven tracked target; inspect compiler emission/folding, callers, and ABI before classifying. W5 cold recheck preserved an empty VA after current name-table, closure, W008/W009, promoted shell semantics, and bounded method-alias review.	A line/signature-specific pristine body, ABI/vtable placement, caller/xref chain, or controlled runtime witness that resolves this exact definition falsifies the bounded no-match.
ltshell.h:243:PCLTShell::D3D_ReleaseTexture:D3D_ReleaseTexture(IDirect3DTexture8* pTexture, void *pData)	SOURCE_ONLY	NO_MATCH_FOUND			pinned source;reverse-engineering/binary-analysis/ghidra-function-name-table-2026-08-17.tsv;reverse-engineering/binary-analysis/function-c1-closure-2026-08-11.tsv;promoted semantic tables;bounded owner aliases	Simple inline/header body has no named or promoted semantic target after direct and bounded-owner-alias search; candidate bounded NO_MATCH only, not binary absence. W5 cold recheck preserved an empty VA after current name-table, closure, W008/W009, promoted shell semantics, and bounded method-alias review.	A line/signature-specific pristine body, ABI/vtable placement, caller/xref chain, or controlled runtime witness that resolves this exact definition falsifies the bounded no-match.
ltshell.h:258:PCLTShell::D3D_SetGammaRamp:D3D_SetGammaRamp(DWORD flags,CONST D3DGAMMARAMP *pRamp)	SOURCE_ONLY	NO_MATCH_FOUND			pinned source;reverse-engineering/binary-analysis/ghidra-function-name-table-2026-08-17.tsv;reverse-engineering/binary-analysis/function-c1-closure-2026-08-11.tsv;promoted semantic tables;bounded owner aliases	Simple inline/header body has no named or promoted semantic target after direct and bounded-owner-alias search; candidate bounded NO_MATCH only, not binary absence. W5 cold recheck preserved an empty VA after current name-table, closure, W008/W009, promoted shell semantics, and bounded method-alias review.	A line/signature-specific pristine body, ABI/vtable placement, caller/xref chain, or controlled runtime witness that resolves this exact definition falsifies the bounded no-match.
ltshell.h:259:PCLTShell::D3D_GetGammaRamp:D3D_GetGammaRamp(D3DGAMMARAMP *pRamp)	SOURCE_ONLY	NO_MATCH_FOUND			pinned source;reverse-engineering/binary-analysis/ghidra-function-name-table-2026-08-17.tsv;reverse-engineering/binary-analysis/function-c1-closure-2026-08-11.tsv;promoted semantic tables;bounded owner aliases	Simple inline/header body has no named or promoted semantic target after direct and bounded-owner-alias search; candidate bounded NO_MATCH only, not binary absence. W5 cold recheck preserved an empty VA after current name-table, closure, W008/W009, promoted shell semantics, and bounded method-alias review.	A line/signature-specific pristine body, ABI/vtable placement, caller/xref chain, or controlled runtime witness that resolves this exact definition falsifies the bounded no-match.
ltshell.h:291:PCLTShell::xKeyOn:xKeyOn(int c)	SOURCE_AGREES	SOURCE_ANALOG	0x00515970	PlatformInput__GetKeyOn	reverse-engineering/binary-analysis/ghidra-fullpass-findings/W009/primary/A04.md;reverse-engineering/binary-analysis/function-c1-closure-2026-08-11.tsv	Source and retail both return the held-key table byte indexed by the requested key; table ownership and runtime repeat policy remain outside the static agreement.	A pristine body/ABI readback that contradicts the named bounded role, or a stronger source identity that owns this VA, falsifies this analog.
ltshell.h:292:PCLTShell::xKeyOnce:xKeyOnce(int c)	SOURCE_AGREES	SOURCE_ANALOG	0x00515980	PlatformInput__ConsumeKeyOnce	reverse-engineering/binary-analysis/ghidra-fullpass-findings/W009/primary/A04.md;reverse-engineering/binary-analysis/function-c1-closure-2026-08-11.tsv	Source and retail both read and clear a one-shot key table entry. Retail queue/repeat behavior beyond that local consume-and-clear shape remains unresolved.	A pristine body/ABI readback that contradicts the named bounded role, or a stronger source identity that owns this VA, falsifies this analog.
ltshell.h:295:PCLTShell::AddDeviceObject:AddDeviceObject(DeviceObject* devob)	SOURCE_ONLY	NO_MATCH_FOUND			pinned source;reverse-engineering/binary-analysis/ghidra-function-name-table-2026-08-17.tsv;reverse-engineering/binary-analysis/function-c1-closure-2026-08-11.tsv;promoted semantic tables;bounded owner aliases	Simple inline/header body has no named or promoted semantic target after direct and bounded-owner-alias search; candidate bounded NO_MATCH only, not binary absence. W5 cold recheck preserved an empty VA after current name-table, closure, W008/W009, promoted shell semantics, and bounded method-alias review.	A line/signature-specific pristine body, ABI/vtable placement, caller/xref chain, or controlled runtime witness that resolves this exact definition falsifies the bounded no-match.
ltshell.h:306:PCLTShell::JoyState:* JoyState(int padnumber)	SOURCE_ONLY	NO_MATCH_FOUND			pinned source;reverse-engineering/binary-analysis/ghidra-function-name-table-2026-08-17.tsv;reverse-engineering/binary-analysis/function-c1-closure-2026-08-11.tsv;promoted semantic tables;bounded owner aliases	Simple inline/header body has no named or promoted semantic target after direct and bounded-owner-alias search; candidate bounded NO_MATCH only, not binary absence. W5 cold recheck preserved an empty VA after current name-table, closure, W008/W009, promoted shell semantics, and bounded method-alias review.	A line/signature-specific pristine body, ABI/vtable placement, caller/xref chain, or controlled runtime witness that resolves this exact definition falsifies the bounded no-match.
ltshell.h:307:PCLTShell::OldJoyState:* OldJoyState(int padnumber)	SOURCE_ONLY	NO_MATCH_FOUND			pinned source;reverse-engineering/binary-analysis/ghidra-function-name-table-2026-08-17.tsv;reverse-engineering/binary-analysis/function-c1-closure-2026-08-11.tsv;promoted semantic tables;bounded owner aliases	Simple inline/header body has no named or promoted semantic target after direct and bounded-owner-alias search; candidate bounded NO_MATCH only, not binary absence. W5 cold recheck preserved an empty VA after current name-table, closure, W008/W009, promoted shell semantics, and bounded method-alias review.	A line/signature-specific pristine body, ABI/vtable placement, caller/xref chain, or controlled runtime witness that resolves this exact definition falsifies the bounded no-match.
ltshell.h:310:PCLTShell::JoyButtonOnce:JoyButtonOnce(int padnumber, int button)	RETAIL_UNRESOLVED	NO_MATCH_FOUND			pinned source;reverse-engineering/binary-analysis/ghidra-function-name-table-2026-08-17.tsv;reverse-engineering/binary-analysis/function-c1-closure-2026-08-11.tsv;promoted semantic tables;bounded owner aliases	Multi-line/header body has no proven tracked target; inspect compiler emission/folding, callers, and ABI before classifying. W5 cold recheck preserved an empty VA after current name-table, closure, W008/W009, promoted shell semantics, and bounded method-alias review.	A line/signature-specific pristine body, ABI/vtable placement, caller/xref chain, or controlled runtime witness that resolves this exact definition falsifies the bounded no-match.
ltshell.h:314:PCLTShell::JoyButtonOn:JoyButtonOn(int padnumber, int button)	RETAIL_UNRESOLVED	NO_MATCH_FOUND			pinned source;reverse-engineering/binary-analysis/ghidra-function-name-table-2026-08-17.tsv;reverse-engineering/binary-analysis/function-c1-closure-2026-08-11.tsv;promoted semantic tables;bounded owner aliases	Multi-line/header body has no proven tracked target; inspect compiler emission/folding, callers, and ABI before classifying. W5 cold recheck preserved an empty VA after current name-table, closure, W008/W009, promoted shell semantics, and bounded method-alias review.	A line/signature-specific pristine body, ABI/vtable placement, caller/xref chain, or controlled runtime witness that resolves this exact definition falsifies the bounded no-match.
ltshell.h:317:PCLTShell::JoyButtonRelease:JoyButtonRelease(int padnumber, int button)	RETAIL_UNRESOLVED	NO_MATCH_FOUND			pinned source;reverse-engineering/binary-analysis/ghidra-function-name-table-2026-08-17.tsv;reverse-engineering/binary-analysis/function-c1-closure-2026-08-11.tsv;promoted semantic tables;bounded owner aliases	Multi-line/header body has no proven tracked target; inspect compiler emission/folding, callers, and ABI before classifying. W5 cold recheck preserved an empty VA after current name-table, closure, W008/W009, promoted shell semantics, and bounded method-alias review.	A line/signature-specific pristine body, ABI/vtable placement, caller/xref chain, or controlled runtime witness that resolves this exact definition falsifies the bounded no-match.
ltshell.h:323:PCLTShell::Running:Running()	SOURCE_ONLY	NO_MATCH_FOUND			pinned source;reverse-engineering/binary-analysis/ghidra-function-name-table-2026-08-17.tsv;reverse-engineering/binary-analysis/function-c1-closure-2026-08-11.tsv;promoted semantic tables;bounded owner aliases	Simple inline/header body has no named or promoted semantic target after direct and bounded-owner-alias search; candidate bounded NO_MATCH only, not binary absence. W5 cold recheck preserved an empty VA after current name-table, closure, W008/W009, promoted shell semantics, and bounded method-alias review.	A line/signature-specific pristine body, ABI/vtable placement, caller/xref chain, or controlled runtime witness that resolves this exact definition falsifies the bounded no-match.
ltshell.h:324:PCLTShell::SetRunning:SetRunning(bool inRunning)	SOURCE_ONLY	NO_MATCH_FOUND			pinned source;reverse-engineering/binary-analysis/ghidra-function-name-table-2026-08-17.tsv;reverse-engineering/binary-analysis/function-c1-closure-2026-08-11.tsv;promoted semantic tables;bounded owner aliases	Simple inline/header body has no named or promoted semantic target after direct and bounded-owner-alias search; candidate bounded NO_MATCH only, not binary absence. W5 cold recheck preserved an empty VA after current name-table, closure, W008/W009, promoted shell semantics, and bounded method-alias review.	A line/signature-specific pristine body, ABI/vtable placement, caller/xref chain, or controlled runtime witness that resolves this exact definition falsifies the bounded no-match.
ltshell.h:326:PCLTShell::GetWindowWidth:GetWindowWidth()	RETAIL_UNRESOLVED	NO_MATCH_FOUND			pinned source;reverse-engineering/binary-analysis/ghidra-function-name-table-2026-08-17.tsv;reverse-engineering/binary-analysis/function-c1-closure-2026-08-11.tsv;promoted semantic tables;bounded owner aliases	Simple inline/header body has no named or promoted semantic target after direct and bounded-owner-alias search; candidate bounded NO_MATCH only, not binary absence. W5 cold recheck preserved an empty VA after current name-table, closure, W008/W009, promoted shell semantics, and bounded method-alias review.	A line/signature-specific pristine body, ABI/vtable placement, caller/xref chain, or controlled runtime witness that resolves this exact definition falsifies the bounded no-match.
ltshell.h:327:PCLTShell::GetWindowHeight:GetWindowHeight()	RETAIL_UNRESOLVED	NO_MATCH_FOUND			pinned source;reverse-engineering/binary-analysis/ghidra-function-name-table-2026-08-17.tsv;reverse-engineering/binary-analysis/function-c1-closure-2026-08-11.tsv;promoted semantic tables;bounded owner aliases	Simple inline/header body has no named or promoted semantic target after direct and bounded-owner-alias search; candidate bounded NO_MATCH only, not binary absence. W5 cold recheck preserved an empty VA after current name-table, closure, W008/W009, promoted shell semantics, and bounded method-alias review.	A line/signature-specific pristine body, ABI/vtable placement, caller/xref chain, or controlled runtime witness that resolves this exact definition falsifies the bounded no-match.
PCEngine.h:48:CPCEngine::GetSky:* GetSky()	NOT_SELECTED_TARGET	NOT_IN_RETAIL			references/Onslaught/engine.h;references/Onslaught/ltshell.h;references/Onslaught/DXEngine.cpp;reverse-engineering/source-code/stuart-source-synthesis.md;reverse-engineering/binary-analysis/ghidra-function-name-table-2026-08-17.tsv;reverse-engineering/binary-analysis/function-c1-closure-2026-08-11.tsv	engine.h:229-232 selects CDXEngine under _DIRECTX; the legacy CPCEngine alternate is not the active retail/source backend.	A retail vtable/source-path/build-flag witness proving this exact alternate definition was selected falsifies the target exclusion.
PCEngine.h:50:CPCEngine::GetSky:* GetSky()	NOT_SELECTED_TARGET	NOT_IN_RETAIL			references/Onslaught/engine.h;references/Onslaught/ltshell.h;references/Onslaught/DXEngine.cpp;reverse-engineering/source-code/stuart-source-synthesis.md;reverse-engineering/binary-analysis/ghidra-function-name-table-2026-08-17.tsv;reverse-engineering/binary-analysis/function-c1-closure-2026-08-11.tsv	engine.h:229-232 selects CDXEngine under _DIRECTX; the legacy CPCEngine alternate is not the active retail/source backend.	A retail vtable/source-path/build-flag witness proving this exact alternate definition was selected falsifies the target exclusion.
PCEngine.h:53:CPCEngine::GetDefaultTexture:*GetDefaultTexture()	NOT_SELECTED_TARGET	NOT_IN_RETAIL			references/Onslaught/engine.h;references/Onslaught/ltshell.h;references/Onslaught/DXEngine.cpp;reverse-engineering/source-code/stuart-source-synthesis.md;reverse-engineering/binary-analysis/ghidra-function-name-table-2026-08-17.tsv;reverse-engineering/binary-analysis/function-c1-closure-2026-08-11.tsv	engine.h:229-232 selects CDXEngine under _DIRECTX; the legacy CPCEngine alternate is not the active retail/source backend.	A retail vtable/source-path/build-flag witness proving this exact alternate definition was selected falsifies the target exclusion.
PCEngine.h:55:CPCEngine::GetScreenTexture:*GetScreenTexture()	NOT_SELECTED_TARGET	NOT_IN_RETAIL			references/Onslaught/engine.h;references/Onslaught/ltshell.h;references/Onslaught/DXEngine.cpp;reverse-engineering/source-code/stuart-source-synthesis.md;reverse-engineering/binary-analysis/ghidra-function-name-table-2026-08-17.tsv;reverse-engineering/binary-analysis/function-c1-closure-2026-08-11.tsv	engine.h:229-232 selects CDXEngine under _DIRECTX; the legacy CPCEngine alternate is not the active retail/source backend.	A retail vtable/source-path/build-flag witness proving this exact alternate definition was selected falsifies the target exclusion.
PCEngine.h:56:CPCEngine::TriggerScreenCapture:TriggerScreenCapture()	NOT_SELECTED_TARGET	NOT_IN_RETAIL			references/Onslaught/engine.h;references/Onslaught/ltshell.h;references/Onslaught/DXEngine.cpp;reverse-engineering/source-code/stuart-source-synthesis.md;reverse-engineering/binary-analysis/ghidra-function-name-table-2026-08-17.tsv;reverse-engineering/binary-analysis/function-c1-closure-2026-08-11.tsv	engine.h:229-232 selects CDXEngine under _DIRECTX; the legacy CPCEngine alternate is not the active retail/source backend.	A retail vtable/source-path/build-flag witness proving this exact alternate definition was selected falsifies the target exclusion.
PCEngine.h:57:CPCEngine::TriggerPartialScreenCapture:TriggerPartialScreenCapture(int top,int bottom)	NOT_SELECTED_TARGET	NOT_IN_RETAIL			references/Onslaught/engine.h;references/Onslaught/ltshell.h;references/Onslaught/DXEngine.cpp;reverse-engineering/source-code/stuart-source-synthesis.md;reverse-engineering/binary-analysis/ghidra-function-name-table-2026-08-17.tsv;reverse-engineering/binary-analysis/function-c1-closure-2026-08-11.tsv	engine.h:229-232 selects CDXEngine under _DIRECTX; the legacy CPCEngine alternate is not the active retail/source backend.	A retail vtable/source-path/build-flag witness proving this exact alternate definition was selected falsifies the target exclusion.
PCEngine.h:64:CPCEngine::ToggleHudAlphaMode:ToggleHudAlphaMode()	NOT_SELECTED_TARGET	NOT_IN_RETAIL			references/Onslaught/engine.h;references/Onslaught/ltshell.h;references/Onslaught/DXEngine.cpp;reverse-engineering/source-code/stuart-source-synthesis.md;reverse-engineering/binary-analysis/ghidra-function-name-table-2026-08-17.tsv;reverse-engineering/binary-analysis/function-c1-closure-2026-08-11.tsv	engine.h:229-232 selects CDXEngine under _DIRECTX; the legacy CPCEngine alternate is not the active retail/source backend.	A retail vtable/source-path/build-flag witness proving this exact alternate definition was selected falsifies the target exclusion.
PCEngine.h:65:CPCEngine::HudAditive:HudAditive()	NOT_SELECTED_TARGET	NOT_IN_RETAIL			references/Onslaught/engine.h;references/Onslaught/ltshell.h;references/Onslaught/DXEngine.cpp;reverse-engineering/source-code/stuart-source-synthesis.md;reverse-engineering/binary-analysis/ghidra-function-name-table-2026-08-17.tsv;reverse-engineering/binary-analysis/function-c1-closure-2026-08-11.tsv	engine.h:229-232 selects CDXEngine under _DIRECTX; the legacy CPCEngine alternate is not the active retail/source backend.	A retail vtable/source-path/build-flag witness proving this exact alternate definition was selected falsifies the target exclusion.
PCEngine.h:67:CPCEngine::GetOutlineTexture:* GetOutlineTexture()	NOT_SELECTED_TARGET	NOT_IN_RETAIL			references/Onslaught/engine.h;references/Onslaught/ltshell.h;references/Onslaught/DXEngine.cpp;reverse-engineering/source-code/stuart-source-synthesis.md;reverse-engineering/binary-analysis/ghidra-function-name-table-2026-08-17.tsv;reverse-engineering/binary-analysis/function-c1-closure-2026-08-11.tsv	engine.h:229-232 selects CDXEngine under _DIRECTX; the legacy CPCEngine alternate is not the active retail/source backend.	A retail vtable/source-path/build-flag witness proving this exact alternate definition was selected falsifies the target exclusion.
PCEngine.h:68:CPCEngine::GetOpaqueTexture:* GetOpaqueTexture()	NOT_SELECTED_TARGET	NOT_IN_RETAIL			references/Onslaught/engine.h;references/Onslaught/ltshell.h;references/Onslaught/DXEngine.cpp;reverse-engineering/source-code/stuart-source-synthesis.md;reverse-engineering/binary-analysis/ghidra-function-name-table-2026-08-17.tsv;reverse-engineering/binary-analysis/function-c1-closure-2026-08-11.tsv	engine.h:229-232 selects CDXEngine under _DIRECTX; the legacy CPCEngine alternate is not the active retail/source backend.	A retail vtable/source-path/build-flag witness proving this exact alternate definition was selected falsifies the target exclusion.
PCEngine.h:97:CPCEngine::GetWaterTexture:* GetWaterTexture()	NOT_SELECTED_TARGET	NOT_IN_RETAIL			references/Onslaught/engine.h;references/Onslaught/ltshell.h;references/Onslaught/DXEngine.cpp;reverse-engineering/source-code/stuart-source-synthesis.md;reverse-engineering/binary-analysis/ghidra-function-name-table-2026-08-17.tsv;reverse-engineering/binary-analysis/function-c1-closure-2026-08-11.tsv	engine.h:229-232 selects CDXEngine under _DIRECTX; the legacy CPCEngine alternate is not the active retail/source backend.	A retail vtable/source-path/build-flag witness proving this exact alternate definition was selected falsifies the target exclusion.
PCPlatform.h:103:CPCPlatform::SetGeforce3:SetGeforce3(BOOL f)	SOURCE_ONLY	NO_MATCH_FOUND			pinned source;reverse-engineering/binary-analysis/ghidra-function-name-table-2026-08-17.tsv;reverse-engineering/binary-analysis/function-c1-closure-2026-08-11.tsv;promoted semantic tables;bounded owner aliases	Simple inline/header body has no named or promoted semantic target after direct and bounded-owner-alias search; candidate bounded NO_MATCH only, not binary absence. W5 cold recheck preserved an empty VA after current name-table, closure, W008/W009, promoted shell semantics, and bounded method-alias review.	A line/signature-specific pristine body, ABI/vtable placement, caller/xref chain, or controlled runtime witness that resolves this exact definition falsifies the bounded no-match.
PCPlatform.h:104:CPCPlatform::IsGeforce3:IsGeforce3()	SOURCE_ONLY	NO_MATCH_FOUND			pinned source;reverse-engineering/binary-analysis/ghidra-function-name-table-2026-08-17.tsv;reverse-engineering/binary-analysis/function-c1-closure-2026-08-11.tsv;promoted semantic tables;bounded owner aliases	Simple inline/header body has no named or promoted semantic target after direct and bounded-owner-alias search; candidate bounded NO_MATCH only, not binary absence. W5 cold recheck preserved an empty VA after current name-table, closure, W008/W009, promoted shell semantics, and bounded method-alias review.	A line/signature-specific pristine body, ABI/vtable placement, caller/xref chain, or controlled runtime witness that resolves this exact definition falsifies the bounded no-match.
PCPlatform.h:106:CPCPlatform::SetMemorySize:SetMemorySize(long size)	SOURCE_ONLY	NO_MATCH_FOUND			pinned source;reverse-engineering/binary-analysis/ghidra-function-name-table-2026-08-17.tsv;reverse-engineering/binary-analysis/function-c1-closure-2026-08-11.tsv;promoted semantic tables;bounded owner aliases	Simple inline/header body has no named or promoted semantic target after direct and bounded-owner-alias search; candidate bounded NO_MATCH only, not binary absence. W5 cold recheck preserved an empty VA after current name-table, closure, W008/W009, promoted shell semantics, and bounded method-alias review.	A line/signature-specific pristine body, ABI/vtable placement, caller/xref chain, or controlled runtime witness that resolves this exact definition falsifies the bounded no-match.
PCPlatform.h:107:CPCPlatform::GetMemorySize:GetMemorySize()	SOURCE_ONLY	NO_MATCH_FOUND			pinned source;reverse-engineering/binary-analysis/ghidra-function-name-table-2026-08-17.tsv;reverse-engineering/binary-analysis/function-c1-closure-2026-08-11.tsv;promoted semantic tables;bounded owner aliases	Simple inline/header body has no named or promoted semantic target after direct and bounded-owner-alias search; candidate bounded NO_MATCH only, not binary absence. W5 cold recheck preserved an empty VA after current name-table, closure, W008/W009, promoted shell semantics, and bounded method-alias review.	A line/signature-specific pristine body, ABI/vtable placement, caller/xref chain, or controlled runtime witness that resolves this exact definition falsifies the bounded no-match.
PCPlatform.h:119:CPCPlatform::Font:* Font()	RETAIL_UNRESOLVED	NO_MATCH_FOUND			pinned AST inventory + current crosswalk	Same qualified source function is defined at another file/line (typically a selected preprocessor branch); determine build membership first. W5 cold recheck preserved an empty VA after current name-table, closure, W008/W009, promoted shell semantics, and bounded method-alias review.	A line/signature-specific pristine body, ABI/vtable placement, caller/xref chain, or controlled runtime witness that resolves this exact definition falsifies the bounded no-match.
PCPlatform.h:120:CPCPlatform::DebugFont:* DebugFont()	SOURCE_ONLY	NO_MATCH_FOUND			pinned source;reverse-engineering/binary-analysis/ghidra-function-name-table-2026-08-17.tsv;reverse-engineering/binary-analysis/function-c1-closure-2026-08-11.tsv;promoted semantic tables;bounded owner aliases	Simple inline/header body has no named or promoted semantic target after direct and bounded-owner-alias search; candidate bounded NO_MATCH only, not binary absence. W5 cold recheck preserved an empty VA after current name-table, closure, W008/W009, promoted shell semantics, and bounded method-alias review.	A line/signature-specific pristine body, ABI/vtable placement, caller/xref chain, or controlled runtime witness that resolves this exact definition falsifies the bounded no-match.
PCPlatform.h:121:CPCPlatform::SmallFont:* SmallFont()	SOURCE_ONLY	NO_MATCH_FOUND			pinned source;reverse-engineering/binary-analysis/ghidra-function-name-table-2026-08-17.tsv;reverse-engineering/binary-analysis/function-c1-closure-2026-08-11.tsv;promoted semantic tables;bounded owner aliases	Simple inline/header body has no named or promoted semantic target after direct and bounded-owner-alias search; candidate bounded NO_MATCH only, not binary absence. W5 cold recheck preserved an empty VA after current name-table, closure, W008/W009, promoted shell semantics, and bounded method-alias review.	A line/signature-specific pristine body, ABI/vtable placement, caller/xref chain, or controlled runtime witness that resolves this exact definition falsifies the bounded no-match.
PCPlatform.h:122:CPCPlatform::TitleFont:* TitleFont()	SOURCE_ONLY	NO_MATCH_FOUND			pinned source;reverse-engineering/binary-analysis/ghidra-function-name-table-2026-08-17.tsv;reverse-engineering/binary-analysis/function-c1-closure-2026-08-11.tsv;promoted semantic tables;bounded owner aliases	Simple inline/header body has no named or promoted semantic target after direct and bounded-owner-alias search; candidate bounded NO_MATCH only, not binary absence. W5 cold recheck preserved an empty VA after current name-table, closure, W008/W009, promoted shell semantics, and bounded method-alias review.	A line/signature-specific pristine body, ABI/vtable placement, caller/xref chain, or controlled runtime witness that resolves this exact definition falsifies the bounded no-match.
ResourceAccumulator.h:77:CResourceAccumulator::GetResourceID:GetResourceID()	SOURCE_ONLY	NO_MATCH_FOUND			pinned source;reverse-engineering/binary-analysis/ghidra-function-name-table-2026-08-17.tsv;reverse-engineering/binary-analysis/function-c1-closure-2026-08-11.tsv;promoted semantic tables;bounded owner aliases	Simple inline/header body has no named or promoted semantic target after direct and bounded-owner-alias search; candidate bounded NO_MATCH only, not binary absence. W5 cold recheck preserved an empty VA after current name-table, closure, W008/W009, promoted shell semantics, and bounded method-alias review.	A line/signature-specific pristine body, ABI/vtable placement, caller/xref chain, or controlled runtime witness that resolves this exact definition falsifies the bounded no-match.
ResourceAccumulator.h:79:CResourceAccumulator::GetTargetPlatform:GetTargetPlatform()	SOURCE_ONLY	NO_MATCH_FOUND			pinned source;reverse-engineering/binary-analysis/ghidra-function-name-table-2026-08-17.tsv;reverse-engineering/binary-analysis/function-c1-closure-2026-08-11.tsv;promoted semantic tables;bounded owner aliases	Simple inline/header body has no named or promoted semantic target after direct and bounded-owner-alias search; candidate bounded NO_MATCH only, not binary absence. W5 cold recheck preserved an empty VA after current name-table, closure, W008/W009, promoted shell semantics, and bounded method-alias review.	A line/signature-specific pristine body, ABI/vtable placement, caller/xref chain, or controlled runtime witness that resolves this exact definition falsifies the bounded no-match.
ResourceAccumulator.h:81:CResourceAccumulator::GetTargetLevel:GetTargetLevel()	SOURCE_ONLY	NO_MATCH_FOUND			pinned source;reverse-engineering/binary-analysis/ghidra-function-name-table-2026-08-17.tsv;reverse-engineering/binary-analysis/function-c1-closure-2026-08-11.tsv;promoted semantic tables;bounded owner aliases	Simple inline/header body has no named or promoted semantic target after direct and bounded-owner-alias search; candidate bounded NO_MATCH only, not binary absence. W5 cold recheck preserved an empty VA after current name-table, closure, W008/W009, promoted shell semantics, and bounded method-alias review.	A line/signature-specific pristine body, ABI/vtable placement, caller/xref chain, or controlled runtime witness that resolves this exact definition falsifies the bounded no-match.
ResourceAccumulator.h:85:CResourceAccumulator::GetResourceFileHandle:GetResourceFileHandle()	SOURCE_ONLY	NO_MATCH_FOUND			pinned source;reverse-engineering/binary-analysis/ghidra-function-name-table-2026-08-17.tsv;reverse-engineering/binary-analysis/function-c1-closure-2026-08-11.tsv;promoted semantic tables;bounded owner aliases	Simple inline/header body has no named or promoted semantic target after direct and bounded-owner-alias search; candidate bounded NO_MATCH only, not binary absence. W5 cold recheck preserved an empty VA after current name-table, closure, W008/W009, promoted shell semantics, and bounded method-alias review.	A line/signature-specific pristine body, ABI/vtable placement, caller/xref chain, or controlled runtime witness that resolves this exact definition falsifies the bounded no-match.
ResourceAccumulator.h:86:CResourceAccumulator::GetMasterPageFileHandle:GetMasterPageFileHandle()	SOURCE_ONLY	NO_MATCH_FOUND			pinned source;reverse-engineering/binary-analysis/ghidra-function-name-table-2026-08-17.tsv;reverse-engineering/binary-analysis/function-c1-closure-2026-08-11.tsv;promoted semantic tables;bounded owner aliases	Simple inline/header body has no named or promoted semantic target after direct and bounded-owner-alias search; candidate bounded NO_MATCH only, not binary absence. W5 cold recheck preserved an empty VA after current name-table, closure, W008/W009, promoted shell semantics, and bounded method-alias review.	A line/signature-specific pristine body, ABI/vtable placement, caller/xref chain, or controlled runtime witness that resolves this exact definition falsifies the bounded no-match.
ResourceAccumulator.h:87:CResourceAccumulator::GetResourceFileName:*GetResourceFileName()	RETAIL_UNRESOLVED	NO_MATCH_FOUND		0x004d6f70:CResourceAccumulator__GetResourceFilename	reverse-engineering/binary-analysis/ghidra-fullpass-findings/W006/adversarial/B15.md	Current 0x004d6f70 CResourceAccumulator__GetResourceFilename is a cdecl three-argument path builder per W006/adversarial/B15, not the inline member-pointer accessor; keep a bounded no-match candidate. W5 cold recheck preserved an empty VA after current name-table, closure, W008/W009, promoted shell semantics, and bounded method-alias review.	A line/signature-specific pristine body, ABI/vtable placement, caller/xref chain, or controlled runtime witness that resolves this exact definition falsifies the bounded no-match.
ResourceAccumulator.h:89:CResourceAccumulator::GetLastGameLevelLoaded:GetLastGameLevelLoaded()	SOURCE_ONLY	NO_MATCH_FOUND			pinned source;reverse-engineering/binary-analysis/ghidra-function-name-table-2026-08-17.tsv;reverse-engineering/binary-analysis/function-c1-closure-2026-08-11.tsv;promoted semantic tables;bounded owner aliases	Simple inline/header body has no named or promoted semantic target after direct and bounded-owner-alias search; candidate bounded NO_MATCH only, not binary absence. W5 cold recheck preserved an empty VA after current name-table, closure, W008/W009, promoted shell semantics, and bounded method-alias review.	A line/signature-specific pristine body, ABI/vtable placement, caller/xref chain, or controlled runtime witness that resolves this exact definition falsifies the bounded no-match.
ResourceAccumulator.h:91:CResourceAccumulator::GetOutputPageFile:*GetOutputPageFile()	SOURCE_ONLY	NO_MATCH_FOUND			pinned source;reverse-engineering/binary-analysis/ghidra-function-name-table-2026-08-17.tsv;reverse-engineering/binary-analysis/function-c1-closure-2026-08-11.tsv;promoted semantic tables;bounded owner aliases	Simple inline/header body has no named or promoted semantic target after direct and bounded-owner-alias search; candidate bounded NO_MATCH only, not binary absence. W5 cold recheck preserved an empty VA after current name-table, closure, W008/W009, promoted shell semantics, and bounded method-alias review.	A line/signature-specific pristine body, ABI/vtable placement, caller/xref chain, or controlled runtime witness that resolves this exact definition falsifies the bounded no-match.
